[{"_uid": 35060764, "id": 35060764, "inningNumber": 2, "ballsActual": null, "ballsUnique": null, "oversUnique": 0.01, "oversActual": 0.1, "overNumber": 1, "ballNumber": 1, "totalRuns": 1, "batsmanRuns": 0, "isFour": false, "isSix": false, "isWicket": false, "dismissalType": null, "byes": 0, "legbyes": 1, "wides": 0, "noballs": 0, "penalties": 0, "wagonX": 0, "wagonY": 0, "wagonZone": 0, "pitchLine": "ON_THE_STUMPS", "pitchLength": "SHORT_OF_A_GOOD_LENGTH", "shotType": "FLICK", "shotControl": 2, "timestamp": "2021-10-22T15:21:42.000Z", "modified": "2021-10-22T15:21:46.000Z", "batsmanPlayerId": 93033, "bowlerPlayerId": 97878, "outPlayerId": null, "totalInningRuns": 1, "totalInningWickets": 0, "predictions": {"score": 157, "winProbability": 99.47}, "title": "Klaassen to Nissanka", "dismissalText": null, "commentPreTextItems": [{"type": "HTML", "html": "<b>7.19pm:</b> Right, we're set for the chase. Netherlands team have taken the field, some of them looking understandably glum in the huddle. Sri Lanka will aim to knock the 45 runs they need without too much fuss. Pathum Nissanka and Kusal Perera the openers. The impressive Fred Klaasen has the ball. One slip, slightly wide."}, {"type": "HTML", "html": "Seamus: \"Been a while since Sri Lanka displayed this kind of ruthless annihilation in a match, let alone three times on the trot and counting.\""}, {"type": "HTML", "html": "This is also the <a href=\"https://stats.espncricinfo.com/ci/engine/records/team/lowest_innings_totals.html?id=89;type=trophy\">second-lowest total in T20 World Cup history</a>. The first one was also Netherlands vs Sri Lanka, but back in 2014."}, {"type": "HTML", "html": "This is the fourth-shortest completed innings in a T20 International (by balls bowled). Here is <a href=\"https://stats.espncricinfo.com/ci/content/records/283159.html\">the full list</a>."}], "commentTextItems": [{"type": "HTML", "html": "length ball on leg stump, can't connect with his flick but it rolls to short fine leg off the pad"}], "commentPostTextItems": null, "commentVideos": [], "commentImages": [], "events": [], "over": null, "batsmanStatText": null, "bowlerStatText": null, "smartStats": []}, {"_uid": 35060769, "id": 35060769, "inningNumber": 2, "ballsActual": null, "ballsUnique": null, "oversUnique": 0.02, "oversActual": 0.2, "overNumber": 1, "ballNumber": 2, "totalRuns": 4, "batsmanRuns": 4, "isFour": true, "isSix": false, "isWicket": false, "dismissalType": null, "byes": 0, "legbyes": 0, "wides": 0, "noballs": 0, "penalties": 0, "wagonX": 280, "wagonY": 37, "wagonZone": 1, "pitchLine": "OUTSIDE_OFFSTUMP", "pitchLength": "GOOD_LENGTH", "shotType": "CUT_SHOT", "shotControl": 1, "timestamp": "2021-10-22T15:22:28.000Z", "modified": "2021-10-22T15:22:32.000Z", "batsmanPlayerId": 52373, "bowlerPlayerId": 97878, "outPlayerId": null, "totalInningRuns": 5, "totalInningWickets": 0, "predictions": {"score": 160, "winProbability": 99.56}, "title": "Klaassen to Perera", "dismissalText": null, "commentPreTextItems": null, "commentTextItems": [{"type": "HTML", "html": "full outside off on a fifth stump line, he was looking to drive through cover, gets it off the toe end through a vacant third slip region. Even luck not going Netherlands' way"}], "commentPostTextItems": null, "commentVideos": [], "commentImages": [], "events": [], "over": null, "batsmanStatText": null, "bowlerStatText": null, "smartStats": []}, {"_uid": 35060772, "id": 35060772, "inningNumber": 2, "ballsActual": null, "ballsUnique": null, "oversUnique": 0.03, "oversActual": 0.3, "overNumber": 1, "ballNumber": 3, "totalRuns": 1, "batsmanRuns": 1, "isFour": false, "isSix": false, "isWicket": false, "dismissalType": null, "byes": 0, "legbyes": 0, "wides": 0, "noballs": 0, "penalties": 0, "wagonX": 272, "wagonY": 187, "wagonZone": 3, "pitchLine": "ON_THE_STUMPS", "pitchLength": "GOOD_LENGTH", "shotType": "FLICK", "shotControl": 2, "timestamp": "2021-10-22T15:22:53.000Z", "modified": "2021-10-22T15:22:56.000Z", "batsmanPlayerId": 52373, "bowlerPlayerId": 97878, "outPlayerId": null, "totalInningRuns": 6, "totalInningWickets": 0, "predictions": {"score": 159, "winProbability": 99.57}, "title": "Klaassen to Perera", "dismissalText": null, "commentPreTextItems": null, "commentTextItems": [{"type": "HTML", "html": "and now a leading edge - but it falls safe. Good bowling, angling into him and straightens, he's looking to flick through midwicket, gets a leading edge that pops between cover and point"}], "commentPostTextItems": null, "commentVideos": [], "commentImages": [], "events": [], "over": null, "batsmanStatText": null, "bowlerStatText": null, "smartStats": []}, {"_uid": 35060775, "id": 35060775, "inningNumber": 2, "ballsActual": null, "ballsUnique": null, "oversUnique": 0.04, "oversActual": 0.4, "overNumber": 1, "ballNumber": 4, "totalRuns": 0, "batsmanRuns": 0, "isFour": false, "isSix": false, "isWicket": false, "dismissalType": null, "byes": 0, "legbyes": 0, "wides": 0, "noballs": 0, "penalties": 0, "wagonX": 183, "wagonY": 178, "wagonZone": 4, "pitchLine": "ON_THE_STUMPS", "pitchLength": "YORKER", "shotType": "FLICK", "shotControl": 2, "timestamp": "2021-10-22T15:23:26.000Z", "modified": "2021-10-22T15:23:30.000Z", "batsmanPlayerId": 93033, "bowlerPlayerId": 97878, "outPlayerId": null, "totalInningRuns": 6, "totalInningWickets": 0, "predictions": {"score": 158, "winProbability": 99.57}, "title": "Klaassen to Nissanka", "dismissalText": null, "commentPreTextItems": null, "commentTextItems": [{"type": "HTML", "html": "and swing again, into the right-hander this time, who plays all all over it and inside edges onto pad"}], "commentPostTextItems": null, "commentVideos": [], "commentImages": [], "events": [], "over": null, "batsmanStatText": null, "bowlerStatText": null, "smartStats": []}, {"_uid": 35060778, "id": 35060778, "inningNumber": 2, "ballsActual": null, "ballsUnique": null, "oversUnique": 0.05, "oversActual": 0.5, "overNumber": 1, "ballNumber": 5, "totalRuns": 0, "batsmanRuns": 0, "isFour": false, "isSix": false, "isWicket": false, "dismissalType": null, "byes": 0, "legbyes": 0, "wides": 0, "noballs": 0, "penalties": 0, "wagonX": 149, "wagonY": 145, "wagonZone": 7, "pitchLine": "OUTSIDE_OFFSTUMP", "pitchLength": "SHORT_OF_A_GOOD_LENGTH", "shotType": "DEFENDED", "shotControl": 1, "timestamp": "2021-10-22T15:23:53.000Z", "modified": "2021-10-22T15:23:56.000Z", "batsmanPlayerId": 93033, "bowlerPlayerId": 97878, "outPlayerId": null, "totalInningRuns": 6, "totalInningWickets": 0, "predictions": {"score": 156, "winProbability": 99.57}, "title": "Klaassen to Nissanka", "dismissalText": null, "commentPreTextItems": null, "commentTextItems": [{"type": "HTML", "html": "length ball on off, steered to backward point"}], "commentPostTextItems": null, "commentVideos": [], "commentImages": [], "events": [], "over": null, "batsmanStatText": null, "bowlerStatText": null, "smartStats": []}, {"_uid": 35060779, "id": 35060779, "inningNumber": 2, "ballsActual": null, "ballsUnique": null, "oversUnique": 0.06, "oversActual": 0.6, "overNumber": 1, "ballNumber": 6, "totalRuns": 0, "batsmanRuns": 0, "isFour": false, "isSix": false, "isWicket": false, "dismissalType": null, "byes": 0, "legbyes": 0, "wides": 0, "noballs": 0, "penalties": 0, "wagonX": 0, "wagonY": 0, "wagonZone": 0, "pitchLine": "OUTSIDE_OFFSTUMP", "pitchLength": "GOOD_LENGTH", "shotType": "COVER_DRIVE", "shotControl": 2, "timestamp": "2021-10-22T15:24:22.000Z", "modified": "2021-10-22T15:24:25.000Z", "batsmanPlayerId": 93033, "bowlerPlayerId": 97878, "outPlayerId": null, "totalInningRuns": 6, "totalInningWickets": 0, "predictions": {"score": 155, "winProbability": 99.53}, "title": "Klaassen to Nissanka", "dismissalText": null, "commentPreTextItems": null, "commentTextItems": [{"type": "HTML", "html": "beaten outside off. Nice angle away from him in the channel and on a length, he ends up feeling for it and can't lay bat on ball"}], "commentPostTextItems": null, "commentVideos": [], "commentImages": [], "events": [], "over": {"team": {"id": 8, "objectId": 8, "scribeId": 8, "slug": "sri-lanka", "name": "Sri Lanka", "longName": "Sri Lanka", "abbreviation": "SL", "unofficialName": "", "imageUrl": "/db/PICTURES/CMS/340000/340047.png", "isCountry": true, "primaryColor": "#203d89", "image": {"id": 340047, "objectId": 1316921, "slug": "sri-lanka-team-flag", "url": "/db/PICTURES/CMS/340000/340047.png", "width": 500, "height": 500, "caption": "Sri Lanka team flag", "longCaption": "Sri Lanka team flag", "credit": "Google", "photographer": null, "peerUrls": null}, "country": {"id": 8, "objectId": 8, "name": "Sri Lanka", "shortName": "Sri Lanka", "abbreviation": "SL", "slug": "sri-lanka"}}, "inningNumber": 2, "overNumber": 1, "overRuns": 6, "overWickets": 0, "totalRuns": 6, "totalWickets": 0, "target": 45, "overLimit": 20, "ballLimit": 120, "isMaiden": false, "isComplete": true, "isSuperOver": false, "overEndBatsmen": [{"player": {"id": 93033, "objectId": 1028655, "name": "P Nissanka", "longName": "Pathum Nissanka", "mobileName": "Nissanka", "indexName": "Nissanka, P", "battingName": "P Nissanka", "fieldingName": "Nissanka", "slug": "pathum-nissanka", "imageUrl": "/db/PICTURES/CMS/318400/318435.jpg", "headshotImageUrl": "/db/PICTURES/CMS/323000/323070.png", "dateOfBirth": {"year": 1998, "month": 5, "date": 18}, "dateOfDeath": null, "gender": "M", "battingStyles": ["rhb"], "bowlingStyles": [], "longBattingStyles": ["right-hand bat"], "longBowlingStyles": [], "image": {"id": 318435, "objectId": 1256641, "slug": "pathum-nissanka-portrait", "url": "/db/PICTURES/CMS/318400/318435.jpg", "width": 160, "height": 200, "caption": "Pathum Nissanka portrait", "longCaption": "Pathum Nissanka portrait, Antigua and Barbuda, March 12, 2021", "credit": "Getty Images", "photographer": null, "peerUrls": null}, "countryTeamId": 8, "playerRoleTypeIds": [2], "playingRoles": ["top-order batter"], "headshotImage": {"id": 323070, "objectId": 1266243, "slug": "pathum-nissaka-player-page-headshot-cutout-2021", "url": "/db/PICTURES/CMS/323000/323070.png", "width": 600, "height": 436, "caption": "Pathum Nissaka player page headshot cutout, 2021", "longCaption": "Pathum Nissaka player page headshot cutout, 2021", "credit": null, "photographer": null, "peerUrls": {"FILM": null, "WIDE": null, "SQUARE": "/db/PICTURES/CMS/323000/323070.square.png"}}}, "runs": 0, "balls": 4, "fours": 0, "sixes": 0}, {"player": {"id": 52373, "objectId": 300631, "name": "MDKJ Perera", "longName": "Kusal Perera", "mobileName": "Perera", "indexName": "Perera, MDKJ", "battingName": "MDKJ Perera", "fieldingName": "Perera", "slug": "kusal-perera", "imageUrl": "/db/PICTURES/CMS/263600/263669.1.png", "headshotImageUrl": "/db/PICTURES/CMS/329700/329750.png", "dateOfBirth": {"year": 1990, "month": 8, "date": 17}, "dateOfDeath": null, "gender": "M", "battingStyles": ["lhb"], "bowlingStyles": [], "longBattingStyles": ["left-hand bat"], "longBowlingStyles": [], "image": {"id": 263669, "objectId": 1099826, "slug": "kusal-perera-portrait", "url": "/db/PICTURES/CMS/263600/263669.1.png", "width": 160, "height": 200, "caption": "Kusal Perera portrait", "longCaption": null, "credit": "Getty Images", "photographer": null, "peerUrls": null}, "countryTeamId": 8, "playerRoleTypeIds": [7], "playingRoles": ["wicketkeeper batter"], "headshotImage": {"id": 329750, "objectId": 1286744, "slug": "kusal-perera-player-page-headshot-cutout-2021", "url": "/db/PICTURES/CMS/329700/329750.png", "width": 600, "height": 436, "caption": "Kusal Perera player page headshot cutout 2021", "longCaption": "Kusal Perera player page headshot cutout 2021", "credit": null, "photographer": null, "peerUrls": {"FILM": null, "WIDE": null, "SQUARE": "/db/PICTURES/CMS/329700/329750.square.png"}}}, "runs": 5, "balls": 2, "fours": 1, "sixes": 0}], "overEndBowlers": [{"player": {"id": 97878, "objectId": 1104703, "name": "FJ Klaassen", "longName": "Fred Klaassen", "mobileName": "Klaassen", "indexName": "Klaassen, FJ", "battingName": "FJ Klaassen", "fieldingName": "Klaassen", "slug": "fred-klaassen", "imageUrl": "/db/PICTURES/CMS/279800/279855.1.jpg", "headshotImageUrl": "/db/PICTURES/CMS/324200/324241.png", "dateOfBirth": {"year": 1992, "month": 11, "date": 13}, "dateOfDeath": null, "gender": "M", "battingStyles": ["rhb"], "bowlingStyles": ["lfm"], "longBattingStyles": ["right-hand bat"], "longBowlingStyles": ["left-arm fast-medium"], "image": {"id": 279855, "objectId": 1158288, "slug": "fred-klaasen-player-portrait", "url": "/db/PICTURES/CMS/279800/279855.1.jpg", "width": 160, "height": 221, "caption": "Fred Klaasen player portrait", "longCaption": "Fred Klaasen player portrait", "credit": "Fred Klaasen", "photographer": null, "peerUrls": null}, "countryTeamId": 15, "playerRoleTypeIds": [4], "playingRoles": ["bowler"], "headshotImage": {"id": 324241, "objectId": 1269047, "slug": "fred-klaassen-player-page-headshot-cutout-2021", "url": "/db/PICTURES/CMS/324200/324241.png", "width": 600, "height": 436, "caption": "Fred Klaassen player page headshot cutout, 2021", "longCaption": "Fred Klaassen player page headshot cutout, 2021", "credit": null, "photographer": null, "peerUrls": {"FILM": null, "WIDE": null, "SQUARE": "/db/PICTURES/CMS/324200/324241.square.png"}}}, "overs": 1, "balls": 6, "maidens": 0, "conceded": 5, "wickets": 0, "currentType": 1}], "rollover": null}, "batsmanStatText": null, "bowlerStatText": null, "smartStats": []}]