[{"_uid": 35038428, "id": 35038428, "inningNumber": 2, "ballsActual": null, "ballsUnique": null, "oversUnique": 1.01, "oversActual": 1.1, "overNumber": 2, "ballNumber": 1, "totalRuns": 0, "batsmanRuns": 0, "isFour": false, "isSix": false, "isWicket": false, "dismissalType": null, "byes": 0, "legbyes": 0, "wides": 0, "noballs": 0, "penalties": 0, "wagonX": 0, "wagonY": 0, "wagonZone": 0, "pitchLine": "OUTSIDE_OFFSTUMP", "pitchLength": "GOOD_LENGTH", "shotType": "DEFENDED", "shotControl": 2, "timestamp": "2021-10-17T16:05:00.000Z", "modified": "2021-10-17T16:05:05.000Z", "batsmanPlayerId": 66691, "bowlerPlayerId": 59951, "outPlayerId": null, "totalInningRuns": 7, "totalInningWickets": 0, "predictions": {"score": 156, "winProbability": 72.87}, "title": "Davey to Litton Das", "dismissalText": null, "commentPreTextItems": [{"type": "HTML", "html": "Here's Josh Davey."}], "commentTextItems": [{"type": "HTML", "html": "ooh, big away movement from an off-stump line. Liton looks to get forward to defend, and it zips away past his outside edge. Movement off the deck rather than in the air"}], "commentPostTextItems": null, "commentVideos": [], "commentImages": [], "events": [], "over": null, "batsmanStatText": null, "bowlerStatText": null, "smartStats": []}, {"_uid": 35038430, "id": 35038430, "inningNumber": 2, "ballsActual": null, "ballsUnique": null, "oversUnique": 1.02, "oversActual": 1.2, "overNumber": 2, "ballNumber": 2, "totalRuns": 1, "batsmanRuns": 1, "isFour": false, "isSix": false, "isWicket": false, "dismissalType": null, "byes": 0, "legbyes": 0, "wides": 0, "noballs": 0, "penalties": 0, "wagonX": 300, "wagonY": 197, "wagonZone": 3, "pitchLine": "ON_THE_STUMPS", "pitchLength": "FULL", "shotType": "FLICK", "shotControl": 1, "timestamp": "2021-10-17T16:05:37.000Z", "modified": "2021-10-17T16:05:38.000Z", "batsmanPlayerId": 66691, "bowlerPlayerId": 59951, "outPlayerId": null, "totalInningRuns": 8, "totalInningWickets": 0, "predictions": {"score": 155, "winProbability": 72.57}, "title": "Davey to Litton Das", "dismissalText": null, "commentPreTextItems": null, "commentTextItems": [{"type": "HTML", "html": "full, angling into middle and leg, clipped to deep square leg"}], "commentPostTextItems": null, "commentVideos": [], "commentImages": [], "events": [], "over": null, "batsmanStatText": null, "bowlerStatText": null, "smartStats": []}, {"_uid": 35038431, "id": 35038431, "inningNumber": 2, "ballsActual": null, "ballsUnique": null, "oversUnique": 1.03, "oversActual": 1.3, "overNumber": 2, "ballNumber": 3, "totalRuns": 0, "batsmanRuns": 0, "isFour": false, "isSix": false, "isWicket": true, "dismissalType": 1, "byes": 0, "legbyes": 0, "wides": 0, "noballs": 0, "penalties": 0, "wagonX": 39, "wagonY": 219, "wagonZone": 6, "pitchLine": "OUTSIDE_OFFSTUMP", "pitchLength": "GOOD_LENGTH", "shotType": "SLOG_SHOT", "shotControl": 2, "timestamp": "2021-10-17T16:06:51.000Z", "modified": "2021-10-17T16:06:56.000Z", "batsmanPlayerId": 61619, "bowlerPlayerId": 59951, "outPlayerId": 61619, "totalInningRuns": 8, "totalInningWickets": 1, "predictions": {"score": 154, "winProbability": 67.38}, "title": "Davey to Soumya", "dismissalText": {"short": "caught", "long": "c Munsey b Davey", "commentary": "Soumya Sarkar c Munsey b Davey 5 (5b 1x4 0x6 7m) SR: 100"}, "commentPreTextItems": [{"type": "HTML", "html": "Davey goes around the wicket to Soumya."}, {"type": "HTML", "html": "Nabil Ahmed Kha: \"Irrespective of what happens, BD was poor in the last 4 overs. Too many boundary balls. Hope the batsmen can shine\""}], "commentTextItems": [{"type": "HTML", "html": "he found the boundary with this shot in the previous over, but now he tries the same shot with deep midwicket back. Not the greatest shot from Soumya, you'd have to say. Fullish, angling into off stump, and he looks to whip it away in the air. Not sure why he'd play that shot with the man back for it"}], "commentPostTextItems": null, "commentVideos": [], "commentImages": [], "events": [], "over": null, "batsmanStatText": null, "bowlerStatText": null, "smartStats": []}, {"_uid": 35038435, "id": 35038435, "inningNumber": 2, "ballsActual": null, "ballsUnique": null, "oversUnique": 1.04, "oversActual": 1.4, "overNumber": 2, "ballNumber": 4, "totalRuns": 1, "batsmanRuns": 1, "isFour": false, "isSix": false, "isWicket": false, "dismissalType": null, "byes": 0, "legbyes": 0, "wides": 0, "noballs": 0, "penalties": 0, "wagonX": 131, "wagonY": 152, "wagonZone": 7, "pitchLine": "OUTSIDE_OFFSTUMP", "pitchLength": "FULL", "shotType": "DEFENDED", "shotControl": 1, "timestamp": "2021-10-17T16:08:53.000Z", "modified": "2021-10-17T16:09:08.000Z", "batsmanPlayerId": 66691, "bowlerPlayerId": 59951, "outPlayerId": null, "totalInningRuns": 9, "totalInningWickets": 1, "predictions": {"score": 152, "winProbability": 66}, "title": "Davey to Litton Das", "dismissalText": null, "commentPreTextItems": null, "commentTextItems": [{"type": "HTML", "html": "back of a length on off stump, stays leg side of the ball and dabs to the right of backward point"}], "commentPostTextItems": null, "commentVideos": [], "commentImages": [], "events": [], "over": null, "batsmanStatText": null, "bowlerStatText": null, "smartStats": []}, {"_uid": 35038437, "id": 35038437, "inningNumber": 2, "ballsActual": null, "ballsUnique": null, "oversUnique": 1.05, "oversActual": 1.5, "overNumber": 2, "ballNumber": 5, "totalRuns": 0, "batsmanRuns": 0, "isFour": false, "isSix": false, "isWicket": false, "dismissalType": null, "byes": 0, "legbyes": 0, "wides": 0, "noballs": 0, "penalties": 0, "wagonX": 163, "wagonY": 197, "wagonZone": 5, "pitchLine": "ON_THE_STUMPS", "pitchLength": "FULL", "shotType": "DEFENDED", "shotControl": 1, "timestamp": "2021-10-17T16:09:03.000Z", "modified": "2021-10-17T16:09:10.000Z", "batsmanPlayerId": 48277, "bowlerPlayerId": 59951, "outPlayerId": null, "totalInningRuns": 9, "totalInningWickets": 1, "predictions": {"score": 151, "winProbability": 65.66}, "title": "Davey to Shakib", "dismissalText": null, "commentPreTextItems": [{"type": "HTML", "html": "On strike for the first time, Shakib Al Hasan. Davey goes around the wicket to him. Slip in place."}], "commentTextItems": [{"type": "HTML", "html": "length ball angling in towards off stump, clipped towards short midwicket"}], "commentPostTextItems": null, "commentVideos": [], "commentImages": [], "events": [], "over": null, "batsmanStatText": null, "bowlerStatText": null, "smartStats": []}, {"_uid": 35038438, "id": 35038438, "inningNumber": 2, "ballsActual": null, "ballsUnique": null, "oversUnique": 1.06, "oversActual": 1.6, "overNumber": 2, "ballNumber": 6, "totalRuns": 1, "batsmanRuns": 1, "isFour": false, "isSix": false, "isWicket": false, "dismissalType": null, "byes": 0, "legbyes": 0, "wides": 0, "noballs": 0, "penalties": 0, "wagonX": 248, "wagonY": 220, "wagonZone": 3, "pitchLine": "OUTSIDE_OFFSTUMP", "pitchLength": "FULL", "shotType": "COVER_DRIVE", "shotControl": 1, "timestamp": "2021-10-17T16:09:28.000Z", "modified": "2021-10-17T16:09:31.000Z", "batsmanPlayerId": 48277, "bowlerPlayerId": 59951, "outPlayerId": null, "totalInningRuns": 10, "totalInningWickets": 1, "predictions": {"score": 151, "winProbability": 65.67}, "title": "Davey to Shakib", "dismissalText": null, "commentPreTextItems": null, "commentTextItems": [{"type": "HTML", "html": "fullish, angling in towards off stump, gets forward for a push to the right of mid-off"}], "commentPostTextItems": null, "commentVideos": [], "commentImages": [], "events": [], "over": {"team": {"id": 25, "objectId": 25, "scribeId": 25, "slug": "bangladesh", "name": "Bangladesh", "longName": "Bangladesh", "abbreviation": "BAN", "unofficialName": "", "imageUrl": "/db/PICTURES/CMS/341400/341456.png", "isCountry": true, "primaryColor": "#ed3507", "image": {"id": 341456, "objectId": 1321180, "slug": "bangladesh-latest-team-flag", "url": "/db/PICTURES/CMS/341400/341456.png", "width": 500, "height": 500, "caption": "Bangladesh latest-team flag", "longCaption": "Bangladesh latest-team flag", "credit": "Getty Images", "photographer": null, "peerUrls": null}, "country": {"id": 25, "objectId": 25, "name": "Bangladesh", "shortName": "Bangladesh", "abbreviation": "BAN", "slug": "bangladesh"}}, "inningNumber": 2, "overNumber": 2, "overRuns": 3, "overWickets": 1, "totalRuns": 10, "totalWickets": 1, "target": 141, "overLimit": 20, "ballLimit": 120, "isMaiden": false, "isComplete": true, "isSuperOver": false, "overEndBatsmen": [{"player": {"id": 48277, "objectId": 56143, "name": "Shakib Al Hasan", "longName": "Shakib Al Hasan", "mobileName": "Shakib", "indexName": "Shakib Al Hasan", "battingName": "Shakib Al Hasan", "fieldingName": "Shakib Al Hasan", "slug": "shakib-al-hasan", "imageUrl": "/db/PICTURES/CMS/303100/303157.jpg", "headshotImageUrl": "/db/PICTURES/CMS/316500/316581.png", "dateOfBirth": {"year": 1987, "month": 3, "date": 24}, "dateOfDeath": null, "gender": "M", "battingStyles": ["lhb"], "bowlingStyles": ["sla"], "longBattingStyles": ["left-hand bat"], "longBowlingStyles": ["slow left-arm orthodox"], "image": {"id": 303157, "objectId": 1221590, "slug": "shakib-al-hasan-portrait", "url": "/db/PICTURES/CMS/303100/303157.jpg", "width": 160, "height": 202, "caption": "Shakib Al Hasan portrait", "longCaption": "Shakib Al Hasan portrait, April 2020", "credit": "Getty Images", "photographer": null, "peerUrls": null}, "countryTeamId": 25, "playerRoleTypeIds": [5], "playingRoles": ["allrounder"], "headshotImage": {"id": 316581, "objectId": 1251210, "slug": "shakib-al-hasan-headshot", "url": "/db/PICTURES/CMS/316500/316581.png", "width": 600, "height": 436, "caption": "Shakib Al Hasan headshot", "longCaption": "Shakib Al Hasan headshot", "credit": null, "photographer": null, "peerUrls": {"FILM": null, "WIDE": null, "SQUARE": null}}}, "runs": 1, "balls": 2, "fours": 0, "sixes": 0}, {"player": {"id": 66691, "objectId": 536936, "name": "Liton Das", "longName": "Litton Das", "mobileName": "Litton Das", "indexName": "Litton Das", "battingName": "Liton Das", "fieldingName": "Liton Das", "slug": "litton-das", "imageUrl": "/db/PICTURES/CMS/302900/302995.jpg", "headshotImageUrl": "/db/PICTURES/CMS/319700/319727.png", "dateOfBirth": {"year": 1994, "month": 10, "date": 13}, "dateOfDeath": null, "gender": "M", "battingStyles": ["rhb"], "bowlingStyles": ["ob"], "longBattingStyles": ["right-hand bat"], "longBowlingStyles": ["right-arm offbreak"], "image": {"id": 302995, "objectId": 1221378, "slug": "liton-das-portrait", "url": "/db/PICTURES/CMS/302900/302995.jpg", "width": 160, "height": 199, "caption": "Liton Das portrait", "longCaption": "Liton Das portrait, April 2020", "credit": "Getty Images", "photographer": null, "peerUrls": null}, "countryTeamId": 25, "playerRoleTypeIds": [7], "playingRoles": ["wicketkeeper batter"], "headshotImage": {"id": 319727, "objectId": 1259727, "slug": "liton-das-player-page-headshot-cutout-2021", "url": "/db/PICTURES/CMS/319700/319727.png", "width": 600, "height": 436, "caption": "Liton Das player page headshot cutout, 2021", "longCaption": "Liton Das player page headshot cutout, 2021", "credit": null, "photographer": null, "peerUrls": {"FILM": null, "WIDE": null, "SQUARE": "/db/PICTURES/CMS/319700/319727.square.png"}}}, "runs": 4, "balls": 5, "fours": 0, "sixes": 0}], "overEndBowlers": [{"player": {"id": 59951, "objectId": 407265, "name": "JH Davey", "longName": "Josh Davey", "mobileName": "Davey", "indexName": "Davey, JH", "battingName": "JH Davey", "fieldingName": "Davey", "slug": "josh-davey", "imageUrl": "/db/PICTURES/CMS/206000/206007.1.jpg", "headshotImageUrl": "/db/PICTURES/CMS/316600/316676.png", "dateOfBirth": {"year": 1990, "month": 8, "date": 3}, "dateOfDeath": null, "gender": "M", "battingStyles": ["rhb"], "bowlingStyles": ["rmf"], "longBattingStyles": ["right-hand bat"], "longBowlingStyles": ["right-arm medium-fast"], "image": {"id": 206007, "objectId": 833185, "slug": "josh-davey", "url": "/db/PICTURES/CMS/206000/206007.1.jpg", "width": 160, "height": 192, "caption": "Josh Davey", "longCaption": "Josh Davey", "credit": "Rob Jefferies-IDI", "photographer": null, "peerUrls": null}, "countryTeamId": 30, "playerRoleTypeIds": [4], "playingRoles": ["bowler"], "headshotImage": {"id": 316676, "objectId": 1251309, "slug": "jh-davey-headshot", "url": "/db/PICTURES/CMS/316600/316676.png", "width": 600, "height": 436, "caption": "JH Davey headshot", "longCaption": "JH Davey headshot", "credit": null, "photographer": null, "peerUrls": {"FILM": null, "WIDE": null, "SQUARE": null}}}, "overs": 1, "balls": 6, "maidens": 0, "conceded": 3, "wickets": 1, "currentType": 1}, {"player": {"id": 79841, "objectId": 807535, "name": "BTJ Wheal", "longName": "Brad Wheal", "mobileName": "Wheal", "indexName": "Wheal, BTJ", "battingName": "BTJ Wheal", "fieldingName": "Wheal", "slug": "brad-wheal", "imageUrl": "/db/PICTURES/CMS/322400/322436.png", "headshotImageUrl": "/db/PICTURES/CMS/322400/322436.png", "dateOfBirth": {"year": 1996, "month": 8, "date": 28}, "dateOfDeath": null, "gender": "M", "battingStyles": ["rhb"], "bowlingStyles": ["rfm"], "longBattingStyles": ["right-hand bat"], "longBowlingStyles": ["right-arm fast-medium"], "image": {"id": 322436, "objectId": 1265117, "slug": "bradley-wheal-player-page-headshot-cutout-2021", "url": "/db/PICTURES/CMS/322400/322436.png", "width": 600, "height": 436, "caption": "Bradley Wheal player page headshot cutout, 2021", "longCaption": "Bradley Wheal player page headshot cutout, 2021", "credit": null, "photographer": null, "peerUrls": null}, "countryTeamId": 30, "playerRoleTypeIds": [4], "playingRoles": ["bowler"], "headshotImage": {"id": 322436, "objectId": 1265117, "slug": "bradley-wheal-player-page-headshot-cutout-2021", "url": "/db/PICTURES/CMS/322400/322436.png", "width": 600, "height": 436, "caption": "Bradley Wheal player page headshot cutout, 2021", "longCaption": "Bradley Wheal player page headshot cutout, 2021", "credit": null, "photographer": null, "peerUrls": {"FILM": null, "WIDE": null, "SQUARE": "/db/PICTURES/CMS/322400/322436.square.png"}}}, "overs": 1, "balls": 6, "maidens": 0, "conceded": 7, "wickets": 0, "currentType": 2}], "rollover": null}, "batsmanStatText": null, "bowlerStatText": null, "smartStats": []}, {"_uid": 35038439, "id": 35038439, "inningNumber": 2, "ballsActual": null, "ballsUnique": null, "oversUnique": 2.01, "oversActual": 2.1, "overNumber": 3, "ballNumber": 1, "totalRuns": 1, "batsmanRuns": 0, "isFour": false, "isSix": false, "isWicket": false, "dismissalType": null, "byes": 0, "legbyes": 1, "wides": 0, "noballs": 0, "penalties": 0, "wagonX": 0, "wagonY": 0, "wagonZone": 0, "pitchLine": "DOWN_LEG", "pitchLength": "FULL", "shotType": "FLICK", "shotControl": 2, "timestamp": "2021-10-17T16:10:44.000Z", "modified": "2021-10-17T16:10:46.000Z", "batsmanPlayerId": 48277, "bowlerPlayerId": 60201, "outPlayerId": null, "totalInningRuns": 11, "totalInningWickets": 1, "predictions": {"score": 150, "winProbability": 65.26}, "title": "Sharif to Shakib", "dismissalText": null, "commentPreTextItems": [{"type": "HTML", "html": "Safyaan Sharif, over the wicket to Shakib."}, {"type": "HTML", "html": "Rayun: \"@Sumant: Your problem is looking for an exciting game every match. Even in a football world cup, or Premier League or La Liga, you can get a lot of dull matches and a few exciting matches. That's what makes you appreciate the close matches and the associate upsets even more. The important thing is to spread the game globally to make it more even. And as others have already stated, the missing piece is more bilateral matches with the bigger teams.\""}, {"type": "HTML", "html": "Raftar: \"BD let Sri lanka get away too in the practice match after theu were 6 down. They need to be better at finishing sides off. \""}], "commentTextItems": [{"type": "HTML", "html": "length ball finishing around leg stump, misses the flick and he gets a bit of pad on it into the backward square leg region"}], "commentPostTextItems": null, "commentVideos": [], "commentImages": [], "events": [], "over": null, "batsmanStatText": null, "bowlerStatText": null, "smartStats": []}, {"_uid": 35038442, "id": 35038442, "inningNumber": 2, "ballsActual": null, "ballsUnique": null, "oversUnique": 2.02, "oversActual": 2.2, "overNumber": 3, "ballNumber": 2, "totalRuns": 1, "batsmanRuns": 1, "isFour": false, "isSix": false, "isWicket": false, "dismissalType": null, "byes": 0, "legbyes": 0, "wides": 0, "noballs": 0, "penalties": 0, "wagonX": 118, "wagonY": 117, "wagonZone": 7, "pitchLine": "OUTSIDE_OFFSTUMP", "pitchLength": "FULL", "shotType": "STEERED", "shotControl": 1, "timestamp": "2021-10-17T16:11:29.000Z", "modified": "2021-10-17T16:11:31.000Z", "batsmanPlayerId": 66691, "bowlerPlayerId": 60201, "outPlayerId": null, "totalInningRuns": 12, "totalInningWickets": 1, "predictions": {"score": 150, "winProbability": 65.48}, "title": "Sharif to Litton Das", "dismissalText": null, "commentPreTextItems": null, "commentTextItems": [{"type": "HTML", "html": "back of a length outside off, chopped down to deep third"}], "commentPostTextItems": null, "commentVideos": [], "commentImages": [], "events": [], "over": null, "batsmanStatText": null, "bowlerStatText": null, "smartStats": []}, {"_uid": 35038445, "id": 35038445, "inningNumber": 2, "ballsActual": null, "ballsUnique": null, "oversUnique": 2.03, "oversActual": 2.3, "overNumber": 3, "ballNumber": 3, "totalRuns": 0, "batsmanRuns": 0, "isFour": false, "isSix": false, "isWicket": false, "dismissalType": null, "byes": 0, "legbyes": 0, "wides": 0, "noballs": 0, "penalties": 0, "wagonX": 234, "wagonY": 133, "wagonZone": 2, "pitchLine": "ON_THE_STUMPS", "pitchLength": "GOOD_LENGTH", "shotType": "STEERED", "shotControl": 1, "timestamp": "2021-10-17T16:11:59.000Z", "modified": "2021-10-17T16:12:00.000Z", "batsmanPlayerId": 48277, "bowlerPlayerId": 60201, "outPlayerId": null, "totalInningRuns": 12, "totalInningWickets": 1, "predictions": {"score": 148, "winProbability": 63.87}, "title": "Sharif to Shakib", "dismissalText": null, "commentPreTextItems": null, "commentTextItems": [{"type": "HTML", "html": "length ball angling across to off stump, stays on the back foot and dabs to backward point"}], "commentPostTextItems": null, "commentVideos": [], "commentImages": [], "events": [], "over": null, "batsmanStatText": null, "bowlerStatText": null, "smartStats": []}, {"_uid": 35038446, "id": 35038446, "inningNumber": 2, "ballsActual": null, "ballsUnique": null, "oversUnique": 2.04, "oversActual": 2.4, "overNumber": 3, "ballNumber": 4, "totalRuns": 4, "batsmanRuns": 4, "isFour": true, "isSix": false, "isWicket": false, "dismissalType": null, "byes": 0, "legbyes": 0, "wides": 0, "noballs": 0, "penalties": 0, "wagonX": 40, "wagonY": 60, "wagonZone": 7, "pitchLine": "DOWN_LEG", "pitchLength": "SHORT_OF_A_GOOD_LENGTH", "shotType": "PULL", "shotControl": 1, "timestamp": "2021-10-17T16:12:38.000Z", "modified": "2021-10-17T16:12:56.000Z", "batsmanPlayerId": 48277, "bowlerPlayerId": 60201, "outPlayerId": null, "totalInningRuns": 16, "totalInningWickets": 1, "predictions": {"score": 151, "winProbability": 67.54}, "title": "Sharif to Shakib", "dismissalText": null, "commentPreTextItems": null, "commentTextItems": [{"type": "HTML", "html": "back of a length on leg stump, and that's cleverly done. Big gap between short fine leg and deep square leg, and Shakib shuffles across to help it away into that gap"}], "commentPostTextItems": null, "commentVideos": [], "commentImages": [], "events": [], "over": null, "batsmanStatText": null, "bowlerStatText": null, "smartStats": []}, {"_uid": 35038449, "id": 35038449, "inningNumber": 2, "ballsActual": null, "ballsUnique": null, "oversUnique": 2.05, "oversActual": 2.5, "overNumber": 3, "ballNumber": 5, "totalRuns": 0, "batsmanRuns": 0, "isFour": false, "isSix": false, "isWicket": false, "dismissalType": null, "byes": 0, "legbyes": 0, "wides": 0, "noballs": 0, "penalties": 0, "wagonX": 0, "wagonY": 0, "wagonZone": 0, "pitchLine": "ON_THE_STUMPS", "pitchLength": "SHORT_OF_A_GOOD_LENGTH", "shotType": "PULL", "shotControl": 2, "timestamp": "2021-10-17T16:13:18.000Z", "modified": "2021-10-17T16:13:20.000Z", "batsmanPlayerId": 48277, "bowlerPlayerId": 60201, "outPlayerId": null, "totalInningRuns": 16, "totalInningWickets": 1, "predictions": {"score": 150, "winProbability": 66.63}, "title": "Sharif to Shakib", "dismissalText": null, "commentPreTextItems": null, "commentTextItems": [{"type": "HTML", "html": "down the track now, stepping away from the stumps to make room, and Sharif follows him with a back-of-a-length ball that skids under the attempted pull and doesn't miss leg stump by much"}], "commentPostTextItems": null, "commentVideos": [], "commentImages": [], "events": [], "over": null, "batsmanStatText": null, "bowlerStatText": null, "smartStats": []}, {"_uid": 35038451, "id": 35038451, "inningNumber": 2, "ballsActual": null, "ballsUnique": null, "oversUnique": 2.06, "oversActual": 2.6, "overNumber": 3, "ballNumber": 6, "totalRuns": 1, "batsmanRuns": 1, "isFour": false, "isSix": false, "isWicket": false, "dismissalType": null, "byes": 0, "legbyes": 0, "wides": 0, "noballs": 0, "penalties": 0, "wagonX": 132, "wagonY": 157, "wagonZone": 7, "pitchLine": "ON_THE_STUMPS", "pitchLength": "SHORT_OF_A_GOOD_LENGTH", "shotType": "CUT_SHOT", "shotControl": 2, "timestamp": "2021-10-17T16:13:53.000Z", "modified": "2021-10-17T16:13:55.000Z", "batsmanPlayerId": 48277, "bowlerPlayerId": 60201, "outPlayerId": null, "totalInningRuns": 17, "totalInningWickets": 1, "predictions": {"score": 150, "winProbability": 66.89}, "title": "Sharif to Shakib", "dismissalText": null, "commentPreTextItems": null, "commentTextItems": [{"type": "HTML", "html": "back of a length, straightens late into Shakib to cramp him as he tries to make room to cut. Ends up bottom-edging into the square leg region"}], "commentPostTextItems": null, "commentVideos": [], "commentImages": [], "events": [], "over": {"team": {"id": 25, "objectId": 25, "scribeId": 25, "slug": "bangladesh", "name": "Bangladesh", "longName": "Bangladesh", "abbreviation": "BAN", "unofficialName": "", "imageUrl": "/db/PICTURES/CMS/341400/341456.png", "isCountry": true, "primaryColor": "#ed3507", "image": {"id": 341456, "objectId": 1321180, "slug": "bangladesh-latest-team-flag", "url": "/db/PICTURES/CMS/341400/341456.png", "width": 500, "height": 500, "caption": "Bangladesh latest-team flag", "longCaption": "Bangladesh latest-team flag", "credit": "Getty Images", "photographer": null, "peerUrls": null}, "country": {"id": 25, "objectId": 25, "name": "Bangladesh", "shortName": "Bangladesh", "abbreviation": "BAN", "slug": "bangladesh"}}, "inningNumber": 2, "overNumber": 3, "overRuns": 7, "overWickets": 0, "totalRuns": 17, "totalWickets": 1, "target": 141, "overLimit": 20, "ballLimit": 120, "isMaiden": false, "isComplete": true, "isSuperOver": false, "overEndBatsmen": [{"player": {"id": 48277, "objectId": 56143, "name": "Shakib Al Hasan", "longName": "Shakib Al Hasan", "mobileName": "Shakib", "indexName": "Shakib Al Hasan", "battingName": "Shakib Al Hasan", "fieldingName": "Shakib Al Hasan", "slug": "shakib-al-hasan", "imageUrl": "/db/PICTURES/CMS/303100/303157.jpg", "headshotImageUrl": "/db/PICTURES/CMS/316500/316581.png", "dateOfBirth": {"year": 1987, "month": 3, "date": 24}, "dateOfDeath": null, "gender": "M", "battingStyles": ["lhb"], "bowlingStyles": ["sla"], "longBattingStyles": ["left-hand bat"], "longBowlingStyles": ["slow left-arm orthodox"], "image": {"id": 303157, "objectId": 1221590, "slug": "shakib-al-hasan-portrait", "url": "/db/PICTURES/CMS/303100/303157.jpg", "width": 160, "height": 202, "caption": "Shakib Al Hasan portrait", "longCaption": "Shakib Al Hasan portrait, April 2020", "credit": "Getty Images", "photographer": null, "peerUrls": null}, "countryTeamId": 25, "playerRoleTypeIds": [5], "playingRoles": ["allrounder"], "headshotImage": {"id": 316581, "objectId": 1251210, "slug": "shakib-al-hasan-headshot", "url": "/db/PICTURES/CMS/316500/316581.png", "width": 600, "height": 436, "caption": "Shakib Al Hasan headshot", "longCaption": "Shakib Al Hasan headshot", "credit": null, "photographer": null, "peerUrls": {"FILM": null, "WIDE": null, "SQUARE": null}}}, "runs": 6, "balls": 7, "fours": 1, "sixes": 0}, {"player": {"id": 66691, "objectId": 536936, "name": "Liton Das", "longName": "Litton Das", "mobileName": "Litton Das", "indexName": "Litton Das", "battingName": "Liton Das", "fieldingName": "Liton Das", "slug": "litton-das", "imageUrl": "/db/PICTURES/CMS/302900/302995.jpg", "headshotImageUrl": "/db/PICTURES/CMS/319700/319727.png", "dateOfBirth": {"year": 1994, "month": 10, "date": 13}, "dateOfDeath": null, "gender": "M", "battingStyles": ["rhb"], "bowlingStyles": ["ob"], "longBattingStyles": ["right-hand bat"], "longBowlingStyles": ["right-arm offbreak"], "image": {"id": 302995, "objectId": 1221378, "slug": "liton-das-portrait", "url": "/db/PICTURES/CMS/302900/302995.jpg", "width": 160, "height": 199, "caption": "Liton Das portrait", "longCaption": "Liton Das portrait, April 2020", "credit": "Getty Images", "photographer": null, "peerUrls": null}, "countryTeamId": 25, "playerRoleTypeIds": [7], "playingRoles": ["wicketkeeper batter"], "headshotImage": {"id": 319727, "objectId": 1259727, "slug": "liton-das-player-page-headshot-cutout-2021", "url": "/db/PICTURES/CMS/319700/319727.png", "width": 600, "height": 436, "caption": "Liton Das player page headshot cutout, 2021", "longCaption": "Liton Das player page headshot cutout, 2021", "credit": null, "photographer": null, "peerUrls": {"FILM": null, "WIDE": null, "SQUARE": "/db/PICTURES/CMS/319700/319727.square.png"}}}, "runs": 5, "balls": 6, "fours": 0, "sixes": 0}], "overEndBowlers": [{"player": {"id": 60201, "objectId": 414970, "name": "SM Sharif", "longName": "Safyaan Sharif", "mobileName": "Sharif", "indexName": "Sharif, SM", "battingName": "SM Sharif", "fieldingName": "Sharif", "slug": "safyaan-sharif", "imageUrl": "/db/PICTURES/CMS/172800/172867.1.jpg", "headshotImageUrl": "/db/PICTURES/CMS/316600/316679.png", "dateOfBirth": {"year": 1991, "month": 5, "date": 24}, "dateOfDeath": null, "gender": "M", "battingStyles": ["rhb"], "bowlingStyles": ["rmf"], "longBattingStyles": ["right-hand bat"], "longBowlingStyles": ["right-arm medium-fast"], "image": {"id": 172867, "objectId": 694511, "slug": "safyaan-sharif", "url": "/db/PICTURES/CMS/172800/172867.1.jpg", "width": 160, "height": 192, "caption": "Safyaan Sharif", "longCaption": "Safyaan Sharif", "credit": "International Cricket Council", "photographer": null, "peerUrls": null}, "countryTeamId": 30, "playerRoleTypeIds": [4], "playingRoles": ["bowler"], "headshotImage": {"id": 316679, "objectId": 1251312, "slug": "sm-sharif-headshot", "url": "/db/PICTURES/CMS/316600/316679.png", "width": 600, "height": 436, "caption": "SM Sharif headshot", "longCaption": "SM Sharif headshot", "credit": null, "photographer": null, "peerUrls": {"FILM": null, "WIDE": null, "SQUARE": null}}}, "overs": 1, "balls": 6, "maidens": 0, "conceded": 6, "wickets": 0, "currentType": 1}, {"player": {"id": 59951, "objectId": 407265, "name": "JH Davey", "longName": "Josh Davey", "mobileName": "Davey", "indexName": "Davey, JH", "battingName": "JH Davey", "fieldingName": "Davey", "slug": "josh-davey", "imageUrl": "/db/PICTURES/CMS/206000/206007.1.jpg", "headshotImageUrl": "/db/PICTURES/CMS/316600/316676.png", "dateOfBirth": {"year": 1990, "month": 8, "date": 3}, "dateOfDeath": null, "gender": "M", "battingStyles": ["rhb"], "bowlingStyles": ["rmf"], "longBattingStyles": ["right-hand bat"], "longBowlingStyles": ["right-arm medium-fast"], "image": {"id": 206007, "objectId": 833185, "slug": "josh-davey", "url": "/db/PICTURES/CMS/206000/206007.1.jpg", "width": 160, "height": 192, "caption": "Josh Davey", "longCaption": "Josh Davey", "credit": "Rob Jefferies-IDI", "photographer": null, "peerUrls": null}, "countryTeamId": 30, "playerRoleTypeIds": [4], "playingRoles": ["bowler"], "headshotImage": {"id": 316676, "objectId": 1251309, "slug": "jh-davey-headshot", "url": "/db/PICTURES/CMS/316600/316676.png", "width": 600, "height": 436, "caption": "JH Davey headshot", "longCaption": "JH Davey headshot", "credit": null, "photographer": null, "peerUrls": {"FILM": null, "WIDE": null, "SQUARE": null}}}, "overs": 1, "balls": 6, "maidens": 0, "conceded": 3, "wickets": 1, "currentType": 2}], "rollover": null}, "batsmanStatText": null, "bowlerStatText": null, "smartStats": []}]