[{"_uid": 35066497, "id": 35066497, "inningNumber": 1, "ballsActual": null, "ballsUnique": null, "oversUnique": 11.01, "oversActual": 11.1, "overNumber": 12, "ballNumber": 1, "totalRuns": 1, "batsmanRuns": 1, "isFour": false, "isSix": false, "isWicket": false, "dismissalType": null, "byes": 0, "legbyes": 0, "wides": 0, "noballs": 0, "penalties": 0, "wagonX": 115, "wagonY": 184, "wagonZone": 6, "pitchLine": "OUTSIDE_OFFSTUMP", "pitchLength": "SHORT_OF_A_GOOD_LENGTH", "shotType": "PUSH", "shotControl": 1, "timestamp": "2021-10-23T14:58:36.000Z", "modified": "2021-10-23T14:58:40.000Z", "batsmanPlayerId": 66259, "bowlerPlayerId": 62490, "outPlayerId": null, "totalInningRuns": 46, "totalInningWickets": 7, "predictions": {"score": 73, "winProbability": 1.65}, "title": "Mills to Hosein", "dismissalText": null, "commentPreTextItems": [{"type": "HTML", "html": "Mills continues with a slip in"}], "commentTextItems": [{"type": "HTML", "html": "short ball into the ribcage, nudged leg side for one"}], "commentPostTextItems": [{"type": "HTML", "html": "\"Can they play out 20 overs ???\" They <i>can</i>, Sarat. But will they? Not looking great for them"}], "commentVideos": [], "commentImages": [], "events": [], "over": null, "batsmanStatText": null, "bowlerStatText": null, "smartStats": []}, {"_uid": 35066499, "id": 35066499, "inningNumber": 1, "ballsActual": null, "ballsUnique": null, "oversUnique": 11.02, "oversActual": 11.2, "overNumber": 12, "ballNumber": 2, "totalRuns": 1, "batsmanRuns": 1, "isFour": false, "isSix": false, "isWicket": false, "dismissalType": null, "byes": 0, "legbyes": 0, "wides": 0, "noballs": 0, "penalties": 0, "wagonX": 151, "wagonY": 183, "wagonZone": 6, "pitchLine": "ON_THE_STUMPS", "pitchLength": "GOOD_LENGTH", "shotType": "PUSH", "shotControl": 1, "timestamp": "2021-10-23T14:59:22.000Z", "modified": "2021-10-23T14:59:26.000Z", "batsmanPlayerId": 49040, "bowlerPlayerId": 62490, "outPlayerId": null, "totalInningRuns": 47, "totalInningWickets": 7, "predictions": {"score": 75, "winProbability": 1.8}, "title": "Mills to Pollard", "dismissalText": null, "commentPreTextItems": [{"type": "HTML", "html": "Pollard... can he pull West Indies chestnuts out of the fire?"}], "commentTextItems": [{"type": "HTML", "html": "pace off and Pollard steps across, dabs into the off side for one"}], "commentPostTextItems": null, "commentVideos": [], "commentImages": [], "events": [], "over": null, "batsmanStatText": null, "bowlerStatText": null, "smartStats": []}, {"_uid": 35066503, "id": 35066503, "inningNumber": 1, "ballsActual": null, "ballsUnique": null, "oversUnique": 11.03, "oversActual": 11.3, "overNumber": 12, "ballNumber": 3, "totalRuns": 1, "batsmanRuns": 1, "isFour": false, "isSix": false, "isWicket": false, "dismissalType": null, "byes": 0, "legbyes": 0, "wides": 0, "noballs": 0, "penalties": 0, "wagonX": 302, "wagonY": 216, "wagonZone": 3, "pitchLine": "OUTSIDE_OFFSTUMP", "pitchLength": "SHORT_OF_A_GOOD_LENGTH", "shotType": "PUSH", "shotControl": 1, "timestamp": "2021-10-23T15:00:02.000Z", "modified": "2021-10-23T15:00:06.000Z", "batsmanPlayerId": 66259, "bowlerPlayerId": 62490, "outPlayerId": null, "totalInningRuns": 48, "totalInningWickets": 7, "predictions": {"score": 76, "winProbability": 1.87}, "title": "Mills to Hosein", "dismissalText": null, "commentPreTextItems": null, "commentTextItems": [{"type": "HTML", "html": "back of a length, Hosein pushes into the covers and they scamper another quick single"}], "commentPostTextItems": null, "commentVideos": [], "commentImages": [], "events": [], "over": null, "batsmanStatText": null, "bowlerStatText": null, "smartStats": []}, {"_uid": 35066506, "id": 35066506, "inningNumber": 1, "ballsActual": null, "ballsUnique": null, "oversUnique": 11.04, "oversActual": 11.4, "overNumber": 12, "ballNumber": 4, "totalRuns": 1, "batsmanRuns": 1, "isFour": false, "isSix": false, "isWicket": false, "dismissalType": null, "byes": 0, "legbyes": 0, "wides": 0, "noballs": 0, "penalties": 0, "wagonX": 309, "wagonY": 94, "wagonZone": 2, "pitchLine": "DOWN_LEG", "pitchLength": "FULL", "shotType": "FLICK", "shotControl": 1, "timestamp": "2021-10-23T15:00:40.000Z", "modified": "2021-10-23T15:00:43.000Z", "batsmanPlayerId": 49040, "bowlerPlayerId": 62490, "outPlayerId": null, "totalInningRuns": 49, "totalInningWickets": 7, "predictions": {"score": 77, "winProbability": 1.95}, "title": "Mills to Pollard", "dismissalText": null, "commentPreTextItems": null, "commentTextItems": [{"type": "HTML", "html": "fullish length, 140kph/87mph on leg stump, clipped through backward square"}], "commentPostTextItems": null, "commentVideos": [], "commentImages": [], "events": [], "over": null, "batsmanStatText": null, "bowlerStatText": null, "smartStats": []}, {"_uid": 35066507, "id": 35066507, "inningNumber": 1, "ballsActual": null, "ballsUnique": null, "oversUnique": 11.05, "oversActual": 11.5, "overNumber": 12, "ballNumber": 5, "totalRuns": 0, "batsmanRuns": 0, "isFour": false, "isSix": false, "isWicket": false, "dismissalType": null, "byes": 0, "legbyes": 0, "wides": 0, "noballs": 0, "penalties": 0, "wagonX": 184, "wagonY": 131, "wagonZone": 1, "pitchLine": "OUTSIDE_OFFSTUMP", "pitchLength": "SHORT_OF_A_GOOD_LENGTH", "shotType": "CUT_SHOT", "shotControl": 2, "timestamp": "2021-10-23T15:01:23.000Z", "modified": "2021-10-23T15:01:26.000Z", "batsmanPlayerId": 66259, "bowlerPlayerId": 62490, "outPlayerId": null, "totalInningRuns": 49, "totalInningWickets": 7, "predictions": {"score": 77, "winProbability": 1.95}, "title": "Mills to Hosein", "dismissalText": null, "commentPreTextItems": null, "commentTextItems": [{"type": "HTML", "html": "slower ball outside off, Hosein reaches for it tentatively and gets a bottom edge through to the keeper"}], "commentPostTextItems": null, "commentVideos": [], "commentImages": [], "events": [], "over": null, "batsmanStatText": null, "bowlerStatText": null, "smartStats": []}, {"_uid": 35066509, "id": 35066509, "inningNumber": 1, "ballsActual": null, "ballsUnique": null, "oversUnique": 11.06, "oversActual": 11.6, "overNumber": 12, "ballNumber": 6, "totalRuns": 0, "batsmanRuns": 0, "isFour": false, "isSix": false, "isWicket": false, "dismissalType": null, "byes": 0, "legbyes": 0, "wides": 0, "noballs": 0, "penalties": 0, "wagonX": 211, "wagonY": 174, "wagonZone": 3, "pitchLine": "OUTSIDE_OFFSTUMP", "pitchLength": "GOOD_LENGTH", "shotType": "PUSH", "shotControl": 2, "timestamp": "2021-10-23T15:02:07.000Z", "modified": "2021-10-23T15:02:09.000Z", "batsmanPlayerId": 66259, "bowlerPlayerId": 62490, "outPlayerId": null, "totalInningRuns": 49, "totalInningWickets": 7, "predictions": {"score": 77, "winProbability": 1.95}, "title": "Mills to Hosein", "dismissalText": null, "commentPreTextItems": null, "commentTextItems": [{"type": "HTML", "html": "angling in at pace, thuds into the pads and Mills goes up... think maybe some inside edge on that"}], "commentPostTextItems": null, "commentVideos": [], "commentImages": [], "events": [], "over": {"team": {"id": 4, "objectId": 4, "scribeId": 4, "slug": "west-indies", "name": "West Indies", "longName": "West Indies", "abbreviation": "WI", "unofficialName": "", "imageUrl": "/db/PICTURES/CMS/317600/317615.png", "isCountry": true, "primaryColor": "#790d1a", "image": {"id": 317615, "objectId": 1254181, "slug": "west-indies-team-logo", "url": "/db/PICTURES/CMS/317600/317615.png", "width": 500, "height": 500, "caption": "West Indies team logo", "longCaption": "West Indies team logo", "credit": "West Indies Cricket", "photographer": null, "peerUrls": null}, "country": {"id": 4, "objectId": 4, "name": "West Indies", "shortName": "West Indies", "abbreviation": "WI", "slug": "west-indies"}}, "inningNumber": 1, "overNumber": 12, "overRuns": 4, "overWickets": 0, "totalRuns": 49, "totalWickets": 7, "target": 0, "overLimit": 20, "ballLimit": 120, "isMaiden": false, "isComplete": true, "isSuperOver": false, "overEndBatsmen": [{"player": {"id": 66259, "objectId": 530812, "name": "AJ Hosein", "longName": "Akeal Hosein", "mobileName": "Hosein", "indexName": "Hosein, AJ", "battingName": "AJ Hosein", "fieldingName": "Hosein", "slug": "akeal-hosein", "imageUrl": "/db/PICTURES/CMS/326100/326139.4.jpg", "headshotImageUrl": "/db/PICTURES/CMS/321900/321939.png", "dateOfBirth": {"year": 1993, "month": 4, "date": 25}, "dateOfDeath": null, "gender": "M", "battingStyles": ["lhb"], "bowlingStyles": ["sla"], "longBattingStyles": ["left-hand bat"], "longBowlingStyles": ["slow left-arm orthodox"], "image": {"id": 326139, "objectId": 1274398, "slug": "akeal-hosein-player-portrait", "url": "/db/PICTURES/CMS/326100/326139.4.jpg", "width": 160, "height": 292, "caption": "Akeal Hosein, player portrait", "longCaption": "Akeal Hosein, player portrait", "credit": "AFP/Getty Images", "photographer": "Randy Brooks", "peerUrls": null}, "countryTeamId": 4, "playerRoleTypeIds": [4], "playingRoles": ["bowler"], "headshotImage": {"id": 321939, "objectId": 1264222, "slug": "akeal-hosein-player-page-headshot-cutout-2021", "url": "/db/PICTURES/CMS/321900/321939.png", "width": 600, "height": 436, "caption": "Akeal Hosein player page headshot cutout, 2021", "longCaption": "Akeal Hosein player page headshot cutout, 2021", "credit": null, "photographer": null, "peerUrls": {"FILM": null, "WIDE": null, "SQUARE": "/db/PICTURES/CMS/321900/321939.square.png"}}}, "runs": 3, "balls": 9, "fours": 0, "sixes": 0}, {"player": {"id": 49040, "objectId": 230559, "name": "KA Pollard", "longName": "Kieron Pollard", "mobileName": "Pollard", "indexName": "Pollard, KA", "battingName": "KA Pollard", "fieldingName": "Pollard", "slug": "kieron-pollard", "imageUrl": "/db/PICTURES/CMS/203300/203305.1.jpg", "headshotImageUrl": "/db/PICTURES/CMS/320100/320107.png", "dateOfBirth": {"year": 1987, "month": 5, "date": 12}, "dateOfDeath": null, "gender": "M", "battingStyles": ["rhb"], "bowlingStyles": ["rm"], "longBattingStyles": ["right-hand bat"], "longBowlingStyles": ["right-arm medium"], "image": {"id": 203305, "objectId": 818707, "slug": "kieron-pollard", "url": "/db/PICTURES/CMS/203300/203305.1.jpg", "width": 160, "height": 192, "caption": "Kieron Pollard", "longCaption": "Kieron Pollard", "credit": "Getty Images", "photographer": null, "peerUrls": null}, "countryTeamId": 4, "playerRoleTypeIds": [10], "playingRoles": ["batting allrounder"], "headshotImage": {"id": 320107, "objectId": 1260562, "slug": "kieron-pollard-player-page-headshot-cutout-2021", "url": "/db/PICTURES/CMS/320100/320107.png", "width": 600, "height": 436, "caption": "Kieron Pollard player page headshot cutout, 2021", "longCaption": "Kieron Pollard player page headshot cutout, 2021", "credit": null, "photographer": null, "peerUrls": {"FILM": null, "WIDE": null, "SQUARE": "/db/PICTURES/CMS/320100/320107.square.png"}}}, "runs": 6, "balls": 13, "fours": 0, "sixes": 0}], "overEndBowlers": [{"player": {"id": 62490, "objectId": 459257, "name": "TS Mills", "longName": "Tymal Mills", "mobileName": "Mills", "indexName": "Mills, TS", "battingName": "TS Mills", "fieldingName": "Mills", "slug": "tymal-mills", "imageUrl": "/db/PICTURES/CMS/305000/305042.jpg", "headshotImageUrl": "/db/PICTURES/CMS/323100/323104.png", "dateOfBirth": {"year": 1992, "month": 8, "date": 12}, "dateOfDeath": null, "gender": "M", "battingStyles": ["rhb"], "bowlingStyles": ["lf"], "longBattingStyles": ["right-hand bat"], "longBowlingStyles": ["left-arm fast"], "image": {"id": 305042, "objectId": 1224557, "slug": "tymal-mills-portrait", "url": "/db/PICTURES/CMS/305000/305042.jpg", "width": 160, "height": 200, "caption": "Tymal Mills portrait", "longCaption": "Tymal Mills, June 2020", "credit": "Getty Images", "photographer": null, "peerUrls": null}, "countryTeamId": 1, "playerRoleTypeIds": [4], "playingRoles": ["bowler"], "headshotImage": {"id": 323104, "objectId": 1266298, "slug": "tymal-mills-player-page-headshot-cutout-2021", "url": "/db/PICTURES/CMS/323100/323104.png", "width": 600, "height": 436, "caption": "Tymal Mills player page headshot cutout, 2021", "longCaption": "Tymal Mills player page headshot cutout, 2021", "credit": null, "photographer": null, "peerUrls": {"FILM": null, "WIDE": null, "SQUARE": "/db/PICTURES/CMS/323100/323104.square.png"}}}, "overs": 3, "balls": 18, "maidens": 0, "conceded": 12, "wickets": 2, "currentType": 1}, {"player": {"id": 49427, "objectId": 244497, "name": "AU Rashid", "longName": "Adil Rashid", "mobileName": "Rashid", "indexName": "Rashid, AU", "battingName": "AU Rashid", "fieldingName": "Rashid", "slug": "adil-rashid", "imageUrl": "/db/PICTURES/CMS/289600/289662.1.jpg", "headshotImageUrl": "/db/PICTURES/CMS/319700/319741.png", "dateOfBirth": {"year": 1988, "month": 2, "date": 17}, "dateOfDeath": null, "gender": "M", "battingStyles": ["rhb"], "bowlingStyles": ["lb"], "longBattingStyles": ["right-hand bat"], "longBowlingStyles": ["legbreak"], "image": {"id": 289662, "objectId": 1185618, "slug": "rashid-player-portrait", "url": "/db/PICTURES/CMS/289600/289662.1.jpg", "width": 160, "height": 209, "caption": "Rashid player portrait", "longCaption": "Rashid player portrait", "credit": "Getty Images", "photographer": null, "peerUrls": null}, "countryTeamId": 1, "playerRoleTypeIds": [4], "playingRoles": ["bowler"], "headshotImage": {"id": 319741, "objectId": 1259747, "slug": "adil-rashid-player-page-headshot-cutout-2021", "url": "/db/PICTURES/CMS/319700/319741.png", "width": 600, "height": 436, "caption": "Adil Rashid player page headshot cutout, 2021", "longCaption": "Adil Rashid player page headshot cutout, 2021", "credit": null, "photographer": null, "peerUrls": {"FILM": null, "WIDE": null, "SQUARE": "/db/PICTURES/CMS/319700/319741.square.png"}}}, "overs": 1, "balls": 6, "maidens": 0, "conceded": 1, "wickets": 1, "currentType": 2}], "rollover": null}, "batsmanStatText": null, "bowlerStatText": null, "smartStats": []}, {"_uid": 35066512, "id": 35066512, "inningNumber": 1, "ballsActual": null, "ballsUnique": null, "oversUnique": 12.01, "oversActual": 12.1, "overNumber": 13, "ballNumber": 1, "totalRuns": 0, "batsmanRuns": 0, "isFour": false, "isSix": false, "isWicket": true, "dismissalType": 1, "byes": 0, "legbyes": 0, "wides": 0, "noballs": 0, "penalties": 0, "wagonX": 273, "wagonY": 296, "wagonZone": 4, "pitchLine": "OUTSIDE_OFFSTUMP", "pitchLength": "FULL", "shotType": "SLOG_SHOT", "shotControl": 2, "timestamp": "2021-10-23T15:03:22.000Z", "modified": "2021-10-23T15:03:57.000Z", "batsmanPlayerId": 49040, "bowlerPlayerId": 49427, "outPlayerId": 49040, "totalInningRuns": 49, "totalInningWickets": 8, "predictions": {"score": 63, "winProbability": 1.08}, "title": "Rashid to Pollard", "dismissalText": {"short": "caught", "long": "c Bairstow b Rashid", "commentary": "Kieron Pollard c Bairstow b Rashid 6 (14b 0x4 0x6 29m) SR: 42.85"}, "commentPreTextItems": [{"type": "HTML", "html": "Rashid stays on against Pollard"}], "commentTextItems": [{"type": "HTML", "html": "<b>oh my, another one holes out!</b> Polly wants a crack here but he's picked the wrong ball, and he sends it hard and flat into the grateful gullet of Bairstow at long-on! Rashid again strikes with the first delivery of his over, West Indies threatening to blow themselves out with plenty unbowled"}], "commentPostTextItems": null, "commentVideos": [], "commentImages": [], "events": [], "over": null, "batsmanStatText": null, "bowlerStatText": null, "smartStats": []}, {"_uid": 35066517, "id": 35066517, "inningNumber": 1, "ballsActual": null, "ballsUnique": null, "oversUnique": 12.02, "oversActual": 12.2, "overNumber": 13, "ballNumber": 2, "totalRuns": 0, "batsmanRuns": 0, "isFour": false, "isSix": false, "isWicket": true, "dismissalType": 1, "byes": 0, "legbyes": 0, "wides": 0, "noballs": 0, "penalties": 0, "wagonX": 90, "wagonY": 312, "wagonZone": 5, "pitchLine": "OUTSIDE_OFFSTUMP", "pitchLength": "GOOD_LENGTH", "shotType": "SLOG_SHOT", "shotControl": 2, "timestamp": "2021-10-23T15:05:29.000Z", "modified": "2021-10-23T15:05:33.000Z", "batsmanPlayerId": 83915, "bowlerPlayerId": 49427, "outPlayerId": 83915, "totalInningRuns": 49, "totalInningWickets": 9, "predictions": {"score": 56, "winProbability": 0.81}, "title": "Rashid to McCoy", "dismissalText": {"short": "caught", "long": "c Roy b Rashid", "commentary": "Obed McCoy c Roy b Rashid 0 (1b 0x4 0x6 2m) SR: 0"}, "commentPreTextItems": [{"type": "HTML", "html": "Obed McCoy is in at No. 10"}], "commentTextItems": [{"type": "HTML", "html": "<b>tossed up, and tossed away! Picks out long-on first ball!</b> West Indies are swinging like a rusty gate, McCoy gone for a golden duck. Absolutely disastrous shot choice, with his team right in the mire. Rashid simply strolling up and accepting candy"}], "commentPostTextItems": [{"type": "HTML", "html": "Ravi Rampaul heads out, <b>Rashid on a hat-trick</b>"}], "commentVideos": [], "commentImages": [], "events": [], "over": null, "batsmanStatText": null, "bowlerStatText": null, "smartStats": []}, {"_uid": 35066521, "id": 35066521, "inningNumber": 1, "ballsActual": null, "ballsUnique": null, "oversUnique": 12.03, "oversActual": 12.3, "overNumber": 13, "ballNumber": 3, "totalRuns": 0, "batsmanRuns": 0, "isFour": false, "isSix": false, "isWicket": false, "dismissalType": null, "byes": 0, "legbyes": 0, "wides": 0, "noballs": 0, "penalties": 0, "wagonX": 0, "wagonY": 0, "wagonZone": 0, "pitchLine": "OUTSIDE_OFFSTUMP", "pitchLength": "GOOD_LENGTH", "shotType": "DEFENDED", "shotControl": 2, "timestamp": "2021-10-23T15:06:46.000Z", "modified": "2021-10-23T15:06:48.000Z", "batsmanPlayerId": 45258, "bowlerPlayerId": 49427, "outPlayerId": null, "totalInningRuns": 49, "totalInningWickets": 9, "predictions": {"score": 56, "winProbability": 0.81}, "title": "Rashid to Rampaul", "dismissalText": null, "commentPreTextItems": null, "commentTextItems": [{"type": "HTML", "html": "beats the outside edge! Flights the legbreak and Rampaul plays <i>just</i> inside it"}], "commentPostTextItems": null, "commentVideos": [], "commentImages": [], "events": [], "over": null, "batsmanStatText": null, "bowlerStatText": null, "smartStats": []}, {"_uid": 35066523, "id": 35066523, "inningNumber": 1, "ballsActual": null, "ballsUnique": null, "oversUnique": 12.04, "oversActual": 12.4, "overNumber": 13, "ballNumber": 4, "totalRuns": 0, "batsmanRuns": 0, "isFour": false, "isSix": false, "isWicket": false, "dismissalType": null, "byes": 0, "legbyes": 0, "wides": 0, "noballs": 0, "penalties": 0, "wagonX": 0, "wagonY": 0, "wagonZone": 0, "pitchLine": "OUTSIDE_OFFSTUMP", "pitchLength": "GOOD_LENGTH", "shotType": "LEFT_ALONE", "shotControl": 1, "timestamp": "2021-10-23T15:07:06.000Z", "modified": "2021-10-23T15:07:09.000Z", "batsmanPlayerId": 45258, "bowlerPlayerId": 49427, "outPlayerId": null, "totalInningRuns": 49, "totalInningWickets": 9, "predictions": {"score": 56, "winProbability": 0.81}, "title": "Rashid to Rampaul", "dismissalText": null, "commentPreTextItems": null, "commentTextItems": [{"type": "HTML", "html": "floated up on the stumps, blocked"}], "commentPostTextItems": null, "commentVideos": [], "commentImages": [], "events": [], "over": null, "batsmanStatText": null, "bowlerStatText": null, "smartStats": []}, {"_uid": 35066528, "id": 35066528, "inningNumber": 1, "ballsActual": null, "ballsUnique": null, "oversUnique": 12.05, "oversActual": 12.5, "overNumber": 13, "ballNumber": 5, "totalRuns": 1, "batsmanRuns": 1, "isFour": false, "isSix": false, "isWicket": false, "dismissalType": null, "byes": 0, "legbyes": 0, "wides": 0, "noballs": 0, "penalties": 0, "wagonX": 119, "wagonY": 132, "wagonZone": 7, "pitchLine": "ON_THE_STUMPS", "pitchLength": "GOOD_LENGTH", "shotType": "FLICK", "shotControl": 1, "timestamp": "2021-10-23T15:07:29.000Z", "modified": "2021-10-23T15:07:32.000Z", "batsmanPlayerId": 45258, "bowlerPlayerId": 49427, "outPlayerId": null, "totalInningRuns": 50, "totalInningWickets": 9, "predictions": {"score": 57, "winProbability": 0.84}, "title": "Rashid to Rampaul", "dismissalText": null, "commentPreTextItems": null, "commentTextItems": [{"type": "HTML", "html": "nudged off the pads for one to square leg, <b>ironic cheers for the Windies 50</b>"}], "commentPostTextItems": null, "commentVideos": [], "commentImages": [], "events": [], "over": null, "batsmanStatText": null, "bowlerStatText": null, "smartStats": []}, {"_uid": 35066529, "id": 35066529, "inningNumber": 1, "ballsActual": null, "ballsUnique": null, "oversUnique": 12.06, "oversActual": 12.6, "overNumber": 13, "ballNumber": 6, "totalRuns": 0, "batsmanRuns": 0, "isFour": false, "isSix": false, "isWicket": false, "dismissalType": null, "byes": 0, "legbyes": 0, "wides": 0, "noballs": 0, "penalties": 0, "wagonX": 173, "wagonY": 192, "wagonZone": 5, "pitchLine": "ON_THE_STUMPS", "pitchLength": "SHORT_OF_A_GOOD_LENGTH", "shotType": "PUSH", "shotControl": 1, "timestamp": "2021-10-23T15:07:58.000Z", "modified": "2021-10-23T15:08:01.000Z", "batsmanPlayerId": 66259, "bowlerPlayerId": 49427, "outPlayerId": null, "totalInningRuns": 50, "totalInningWickets": 9, "predictions": {"score": 57, "winProbability": 0.84}, "title": "Rashid to Hosein", "dismissalText": null, "commentPreTextItems": null, "commentTextItems": [{"type": "HTML", "html": "this kicks up from a length, possible a googly, jabbed down from the crease"}], "commentPostTextItems": [{"type": "HTML", "html": "Silver Linings Dept, with Paras: \"Hossien and Rampaul have a chance to make their personal best scores today.\""}], "commentVideos": [], "commentImages": [], "events": [], "over": {"team": {"id": 4, "objectId": 4, "scribeId": 4, "slug": "west-indies", "name": "West Indies", "longName": "West Indies", "abbreviation": "WI", "unofficialName": "", "imageUrl": "/db/PICTURES/CMS/317600/317615.png", "isCountry": true, "primaryColor": "#790d1a", "image": {"id": 317615, "objectId": 1254181, "slug": "west-indies-team-logo", "url": "/db/PICTURES/CMS/317600/317615.png", "width": 500, "height": 500, "caption": "West Indies team logo", "longCaption": "West Indies team logo", "credit": "West Indies Cricket", "photographer": null, "peerUrls": null}, "country": {"id": 4, "objectId": 4, "name": "West Indies", "shortName": "West Indies", "abbreviation": "WI", "slug": "west-indies"}}, "inningNumber": 1, "overNumber": 13, "overRuns": 1, "overWickets": 2, "totalRuns": 50, "totalWickets": 9, "target": 0, "overLimit": 20, "ballLimit": 120, "isMaiden": false, "isComplete": true, "isSuperOver": false, "overEndBatsmen": [{"player": {"id": 66259, "objectId": 530812, "name": "AJ Hosein", "longName": "Akeal Hosein", "mobileName": "Hosein", "indexName": "Hosein, AJ", "battingName": "AJ Hosein", "fieldingName": "Hosein", "slug": "akeal-hosein", "imageUrl": "/db/PICTURES/CMS/326100/326139.4.jpg", "headshotImageUrl": "/db/PICTURES/CMS/321900/321939.png", "dateOfBirth": {"year": 1993, "month": 4, "date": 25}, "dateOfDeath": null, "gender": "M", "battingStyles": ["lhb"], "bowlingStyles": ["sla"], "longBattingStyles": ["left-hand bat"], "longBowlingStyles": ["slow left-arm orthodox"], "image": {"id": 326139, "objectId": 1274398, "slug": "akeal-hosein-player-portrait", "url": "/db/PICTURES/CMS/326100/326139.4.jpg", "width": 160, "height": 292, "caption": "Akeal Hosein, player portrait", "longCaption": "Akeal Hosein, player portrait", "credit": "AFP/Getty Images", "photographer": "Randy Brooks", "peerUrls": null}, "countryTeamId": 4, "playerRoleTypeIds": [4], "playingRoles": ["bowler"], "headshotImage": {"id": 321939, "objectId": 1264222, "slug": "akeal-hosein-player-page-headshot-cutout-2021", "url": "/db/PICTURES/CMS/321900/321939.png", "width": 600, "height": 436, "caption": "Akeal Hosein player page headshot cutout, 2021", "longCaption": "Akeal Hosein player page headshot cutout, 2021", "credit": null, "photographer": null, "peerUrls": {"FILM": null, "WIDE": null, "SQUARE": "/db/PICTURES/CMS/321900/321939.square.png"}}}, "runs": 3, "balls": 10, "fours": 0, "sixes": 0}, {"player": {"id": 45258, "objectId": 52912, "name": "R Rampaul", "longName": "Ravi Rampaul", "mobileName": "Rampaul", "indexName": "Rampaul, R", "battingName": "R Rampaul", "fieldingName": "Rampaul", "slug": "ravi-rampaul", "imageUrl": "/db/PICTURES/CMS/203200/203291.1.jpg", "headshotImageUrl": "/db/PICTURES/CMS/320100/320111.png", "dateOfBirth": {"year": 1984, "month": 10, "date": 15}, "dateOfDeath": null, "gender": "M", "battingStyles": ["lhb"], "bowlingStyles": ["rfm"], "longBattingStyles": ["left-hand bat"], "longBowlingStyles": ["right-arm fast-medium"], "image": {"id": 203291, "objectId": 818693, "slug": "ravi-rampaul", "url": "/db/PICTURES/CMS/203200/203291.1.jpg", "width": 160, "height": 192, "caption": "Ravi Rampaul", "longCaption": "Ravi Rampaul", "credit": "Getty Images", "photographer": null, "peerUrls": null}, "countryTeamId": 4, "playerRoleTypeIds": [4], "playingRoles": ["bowler"], "headshotImage": {"id": 320111, "objectId": 1260566, "slug": "ravi-rampaul-player-page-headshot-cutout-2021", "url": "/db/PICTURES/CMS/320100/320111.png", "width": 600, "height": 436, "caption": "Ravi Rampaul player page headshot cutout, 2021", "longCaption": "Ravi Rampaul player page headshot cutout, 2021", "credit": null, "photographer": null, "peerUrls": {"FILM": null, "WIDE": null, "SQUARE": "/db/PICTURES/CMS/320100/320111.square.png"}}}, "runs": 1, "balls": 3, "fours": 0, "sixes": 0}], "overEndBowlers": [{"player": {"id": 49427, "objectId": 244497, "name": "AU Rashid", "longName": "Adil Rashid", "mobileName": "Rashid", "indexName": "Rashid, AU", "battingName": "AU Rashid", "fieldingName": "Rashid", "slug": "adil-rashid", "imageUrl": "/db/PICTURES/CMS/289600/289662.1.jpg", "headshotImageUrl": "/db/PICTURES/CMS/319700/319741.png", "dateOfBirth": {"year": 1988, "month": 2, "date": 17}, "dateOfDeath": null, "gender": "M", "battingStyles": ["rhb"], "bowlingStyles": ["lb"], "longBattingStyles": ["right-hand bat"], "longBowlingStyles": ["legbreak"], "image": {"id": 289662, "objectId": 1185618, "slug": "rashid-player-portrait", "url": "/db/PICTURES/CMS/289600/289662.1.jpg", "width": 160, "height": 209, "caption": "Rashid player portrait", "longCaption": "Rashid player portrait", "credit": "Getty Images", "photographer": null, "peerUrls": null}, "countryTeamId": 1, "playerRoleTypeIds": [4], "playingRoles": ["bowler"], "headshotImage": {"id": 319741, "objectId": 1259747, "slug": "adil-rashid-player-page-headshot-cutout-2021", "url": "/db/PICTURES/CMS/319700/319741.png", "width": 600, "height": 436, "caption": "Adil Rashid player page headshot cutout, 2021", "longCaption": "Adil Rashid player page headshot cutout, 2021", "credit": null, "photographer": null, "peerUrls": {"FILM": null, "WIDE": null, "SQUARE": "/db/PICTURES/CMS/319700/319741.square.png"}}}, "overs": 2, "balls": 12, "maidens": 0, "conceded": 2, "wickets": 3, "currentType": 1}, {"player": {"id": 62490, "objectId": 459257, "name": "TS Mills", "longName": "Tymal Mills", "mobileName": "Mills", "indexName": "Mills, TS", "battingName": "TS Mills", "fieldingName": "Mills", "slug": "tymal-mills", "imageUrl": "/db/PICTURES/CMS/305000/305042.jpg", "headshotImageUrl": "/db/PICTURES/CMS/323100/323104.png", "dateOfBirth": {"year": 1992, "month": 8, "date": 12}, "dateOfDeath": null, "gender": "M", "battingStyles": ["rhb"], "bowlingStyles": ["lf"], "longBattingStyles": ["right-hand bat"], "longBowlingStyles": ["left-arm fast"], "image": {"id": 305042, "objectId": 1224557, "slug": "tymal-mills-portrait", "url": "/db/PICTURES/CMS/305000/305042.jpg", "width": 160, "height": 200, "caption": "Tymal Mills portrait", "longCaption": "Tymal Mills, June 2020", "credit": "Getty Images", "photographer": null, "peerUrls": null}, "countryTeamId": 1, "playerRoleTypeIds": [4], "playingRoles": ["bowler"], "headshotImage": {"id": 323104, "objectId": 1266298, "slug": "tymal-mills-player-page-headshot-cutout-2021", "url": "/db/PICTURES/CMS/323100/323104.png", "width": 600, "height": 436, "caption": "Tymal Mills player page headshot cutout, 2021", "longCaption": "Tymal Mills player page headshot cutout, 2021", "credit": null, "photographer": null, "peerUrls": {"FILM": null, "WIDE": null, "SQUARE": "/db/PICTURES/CMS/323100/323104.square.png"}}}, "overs": 3, "balls": 18, "maidens": 0, "conceded": 12, "wickets": 2, "currentType": 2}], "rollover": null}, "batsmanStatText": null, "bowlerStatText": null, "smartStats": []}]