[{"_uid": 35100492, "id": 35100492, "inningNumber": 1, "ballsActual": null, "ballsUnique": null, "oversUnique": 3.01, "oversActual": 3.1, "overNumber": 4, "ballNumber": 1, "totalRuns": 0, "batsmanRuns": 0, "isFour": false, "isSix": false, "isWicket": false, "dismissalType": null, "byes": 0, "legbyes": 0, "wides": 0, "noballs": 0, "penalties": 0, "wagonX": 0, "wagonY": 0, "wagonZone": 0, "pitchLine": "OUTSIDE_OFFSTUMP", "pitchLength": "SHORT_OF_A_GOOD_LENGTH", "shotType": "LEFT_ALONE", "shotControl": 1, "timestamp": "2021-10-27T14:18:57.000Z", "modified": "2021-10-27T14:18:59.000Z", "batsmanPlayerId": 60303, "bowlerPlayerId": 67403, "outPlayerId": null, "totalInningRuns": 6, "totalInningWickets": 3, "predictions": {"score": 114, "winProbability": 10.72}, "title": "Smit to Cross", "dismissalText": null, "commentPreTextItems": [{"type": "HTML", "html": "JJ Smit replaces Frylinck. Another in the left-arm pace battery over the stumps."}], "commentTextItems": [{"type": "HTML", "html": "good length ball angled across sixth stump, left alone."}], "commentPostTextItems": null, "commentVideos": [], "commentImages": [], "events": [], "over": null, "batsmanStatText": null, "bowlerStatText": null, "smartStats": []}, {"_uid": 35100495, "id": 35100495, "inningNumber": 1, "ballsActual": null, "ballsUnique": null, "oversUnique": 3.02, "oversActual": 3.2, "overNumber": 4, "ballNumber": 2, "totalRuns": 1, "batsmanRuns": 1, "isFour": false, "isSix": false, "isWicket": false, "dismissalType": null, "byes": 0, "legbyes": 0, "wides": 0, "noballs": 0, "penalties": 0, "wagonX": 222, "wagonY": 183, "wagonZone": 3, "pitchLine": "ON_THE_STUMPS", "pitchLength": "SHORT_OF_A_GOOD_LENGTH", "shotType": "DEFENDED", "shotControl": 2, "timestamp": "2021-10-27T14:19:49.000Z", "modified": "2021-10-27T14:19:52.000Z", "batsmanPlayerId": 60303, "bowlerPlayerId": 67403, "outPlayerId": null, "totalInningRuns": 7, "totalInningWickets": 3, "predictions": {"score": 113, "winProbability": 10.29}, "title": "Smit to Cross", "dismissalText": null, "commentPreTextItems": null, "commentTextItems": [{"type": "HTML", "html": "good length ball on off, defends and an inside edge goes off the pads and dribbles into midwicket for one."}], "commentPostTextItems": null, "commentVideos": [], "commentImages": [], "events": [], "over": null, "batsmanStatText": null, "bowlerStatText": null, "smartStats": []}, {"_uid": 35100497, "id": 35100497, "inningNumber": 1, "ballsActual": null, "ballsUnique": null, "oversUnique": 3.03, "oversActual": 3.3, "overNumber": 4, "ballNumber": 3, "totalRuns": 1, "batsmanRuns": 1, "isFour": false, "isSix": false, "isWicket": false, "dismissalType": null, "byes": 0, "legbyes": 0, "wides": 0, "noballs": 0, "penalties": 0, "wagonX": 156, "wagonY": 247, "wagonZone": 5, "pitchLine": "OUTSIDE_OFFSTUMP", "pitchLength": "FULL", "shotType": "ON_DRIVE", "shotControl": 1, "timestamp": "2021-10-27T14:20:16.000Z", "modified": "2021-10-27T14:20:17.000Z", "batsmanPlayerId": 60202, "bowlerPlayerId": 67403, "outPlayerId": null, "totalInningRuns": 8, "totalInningWickets": 3, "predictions": {"score": 114, "winProbability": 10.72}, "title": "Smit to Wallace", "dismissalText": null, "commentPreTextItems": null, "commentTextItems": [{"type": "HTML", "html": "fullish length on fourth stump, pushes this softly into mid-off for another tight run."}], "commentPostTextItems": null, "commentVideos": [], "commentImages": [], "events": [], "over": null, "batsmanStatText": null, "bowlerStatText": null, "smartStats": []}, {"_uid": 35100498, "id": 35100498, "inningNumber": 1, "ballsActual": null, "ballsUnique": null, "oversUnique": 3.04, "oversActual": 3.4, "overNumber": 4, "ballNumber": 4, "totalRuns": 0, "batsmanRuns": 0, "isFour": false, "isSix": false, "isWicket": false, "dismissalType": null, "byes": 0, "legbyes": 0, "wides": 0, "noballs": 0, "penalties": 0, "wagonX": 0, "wagonY": 0, "wagonZone": 0, "pitchLine": "OUTSIDE_OFFSTUMP", "pitchLength": "SHORT_OF_A_GOOD_LENGTH", "shotType": "CUT_SHOT", "shotControl": 2, "timestamp": "2021-10-27T14:20:46.000Z", "modified": "2021-10-27T14:20:48.000Z", "batsmanPlayerId": 60303, "bowlerPlayerId": 67403, "outPlayerId": null, "totalInningRuns": 8, "totalInningWickets": 3, "predictions": {"score": 113, "winProbability": 10.29}, "title": "Smit to Cross", "dismissalText": null, "commentPreTextItems": null, "commentTextItems": [{"type": "HTML", "html": "good length ball on fifth stump, continues going on with the angle, goes to cut and is beaten."}], "commentPostTextItems": null, "commentVideos": [], "commentImages": [], "events": [], "over": null, "batsmanStatText": null, "bowlerStatText": null, "smartStats": []}, {"_uid": 35100500, "id": 35100500, "inningNumber": 1, "ballsActual": null, "ballsUnique": null, "oversUnique": 3.05, "oversActual": 3.5, "overNumber": 4, "ballNumber": 5, "totalRuns": 0, "batsmanRuns": 0, "isFour": false, "isSix": false, "isWicket": false, "dismissalType": null, "byes": 0, "legbyes": 0, "wides": 0, "noballs": 0, "penalties": 0, "wagonX": 0, "wagonY": 0, "wagonZone": 0, "pitchLine": "OUTSIDE_OFFSTUMP", "pitchLength": "SHORT_OF_A_GOOD_LENGTH", "shotType": "CUT_SHOT", "shotControl": 2, "timestamp": "2021-10-27T14:21:18.000Z", "modified": "2021-10-27T14:21:19.000Z", "batsmanPlayerId": 60303, "bowlerPlayerId": 67403, "outPlayerId": null, "totalInningRuns": 8, "totalInningWickets": 3, "predictions": {"score": 112, "winProbability": 9.89}, "title": "Smit to Cross", "dismissalText": null, "commentPreTextItems": null, "commentTextItems": [{"type": "HTML", "html": "another good length ball seams well across Cross at 127 kph, goes to poke at this and beaten by the movement."}], "commentPostTextItems": null, "commentVideos": [], "commentImages": [], "events": [], "over": null, "batsmanStatText": null, "bowlerStatText": null, "smartStats": []}, {"_uid": 35100505, "id": 35100505, "inningNumber": 1, "ballsActual": null, "ballsUnique": null, "oversUnique": 3.06, "oversActual": 3.6, "overNumber": 4, "ballNumber": 6, "totalRuns": 0, "batsmanRuns": 0, "isFour": false, "isSix": false, "isWicket": false, "dismissalType": null, "byes": 0, "legbyes": 0, "wides": 0, "noballs": 0, "penalties": 0, "wagonX": 0, "wagonY": 0, "wagonZone": 0, "pitchLine": "DOWN_LEG", "pitchLength": "FULL", "shotType": "FLICK", "shotControl": 2, "timestamp": "2021-10-27T14:21:47.000Z", "modified": "2021-10-27T14:21:48.000Z", "batsmanPlayerId": 60303, "bowlerPlayerId": 67403, "outPlayerId": null, "totalInningRuns": 8, "totalInningWickets": 3, "predictions": {"score": 111, "winProbability": 9.49}, "title": "Smit to Cross", "dismissalText": null, "commentPreTextItems": null, "commentTextItems": [{"type": "HTML", "html": "full outside leg stump, Cross misses a flick, no lbw shout as the ball caroms into the off side."}], "commentPostTextItems": null, "commentVideos": [], "commentImages": [], "events": [], "over": {"team": {"id": 30, "objectId": 30, "scribeId": 30, "slug": "scotland", "name": "Scotland", "longName": "Scotland", "abbreviation": "SCOT", "unofficialName": "", "imageUrl": "/db/PICTURES/CMS/313100/313150.logo.png", "isCountry": true, "primaryColor": null, "image": {"id": 313150, "objectId": 1241609, "slug": "scotland-logo", "url": "/db/PICTURES/CMS/313100/313150.logo.png", "width": 500, "height": 500, "caption": "Scotland logo", "longCaption": "Scotland logo", "credit": null, "photographer": null, "peerUrls": null}, "country": {"id": 30, "objectId": 30, "name": "Scotland", "shortName": "Scotland", "abbreviation": "SCOT", "slug": "scotland"}}, "inningNumber": 1, "overNumber": 4, "overRuns": 2, "overWickets": 0, "totalRuns": 8, "totalWickets": 3, "target": 0, "overLimit": 20, "ballLimit": 120, "isMaiden": false, "isComplete": true, "isSuperOver": false, "overEndBatsmen": [{"player": {"id": 60303, "objectId": 417268, "name": "MH Cross", "longName": "Matthew Cross", "mobileName": "Cross", "indexName": "Cross, MH", "battingName": "MH Cross", "fieldingName": "Cross", "slug": "matthew-cross", "imageUrl": "/db/PICTURES/CMS/172800/172881.1.jpg", "headshotImageUrl": "/db/PICTURES/CMS/316600/316680.png", "dateOfBirth": {"year": 1992, "month": 10, "date": 15}, "dateOfDeath": null, "gender": "M", "battingStyles": ["rhb"], "bowlingStyles": [], "longBattingStyles": ["right-hand bat"], "longBowlingStyles": [], "image": {"id": 172881, "objectId": 694525, "slug": "matty-cross", "url": "/db/PICTURES/CMS/172800/172881.1.jpg", "width": 160, "height": 192, "caption": "Matty Cross", "longCaption": "Matty Cross", "credit": "International Cricket Council", "photographer": null, "peerUrls": null}, "countryTeamId": 30, "playerRoleTypeIds": [7], "playingRoles": ["wicketkeeper batter"], "headshotImage": {"id": 316680, "objectId": 1251313, "slug": "mh-cross-headshot", "url": "/db/PICTURES/CMS/316600/316680.png", "width": 600, "height": 436, "caption": "MH Cross headshot", "longCaption": "MH Cross headshot", "credit": null, "photographer": null, "peerUrls": {"FILM": null, "WIDE": null, "SQUARE": null}}}, "runs": 2, "balls": 10, "fours": 0, "sixes": 0}, {"player": {"id": 60202, "objectId": 414971, "name": "CD Wallace", "longName": "Craig Wallace", "mobileName": "Wallace", "indexName": "Wallace, CD", "battingName": "CD Wallace", "fieldingName": "Wallace", "slug": "craig-wallace", "imageUrl": "/db/PICTURES/CMS/172800/172863.1.jpg", "headshotImageUrl": "/db/PICTURES/CMS/320300/320357.png", "dateOfBirth": {"year": 1990, "month": 6, "date": 27}, "dateOfDeath": null, "gender": "M", "battingStyles": ["rhb"], "bowlingStyles": [], "longBattingStyles": ["right-hand bat"], "longBowlingStyles": [], "image": {"id": 172863, "objectId": 694507, "slug": "craig-wallace", "url": "/db/PICTURES/CMS/172800/172863.1.jpg", "width": 160, "height": 192, "caption": "Craig Wallace", "longCaption": "Craig Wallace", "credit": "International Cricket Council", "photographer": null, "peerUrls": null}, "countryTeamId": 30, "playerRoleTypeIds": [7], "playingRoles": ["wicketkeeper batter"], "headshotImage": {"id": 320357, "objectId": 1261151, "slug": "craig-wallace-page-headshot-cutout-2021", "url": "/db/PICTURES/CMS/320300/320357.png", "width": 600, "height": 436, "caption": "Craig Wallace page headshot cutout, 2021", "longCaption": "Craig Wallace page headshot cutout, 2021", "credit": null, "photographer": null, "peerUrls": {"FILM": null, "WIDE": null, "SQUARE": "/db/PICTURES/CMS/320300/320357.square.png"}}}, "runs": 3, "balls": 10, "fours": 0, "sixes": 0}], "overEndBowlers": [{"player": {"id": 67403, "objectId": 553821, "name": "JJ Smit", "longName": "JJ Smit", "mobileName": "Smit", "indexName": "Smit, JJ", "battingName": "JJ Smit", "fieldingName": "Smit", "slug": "jj-smit", "imageUrl": "/db/PICTURES/CMS/179600/179653.1.jpg", "headshotImageUrl": "/db/PICTURES/CMS/329700/329762.png", "dateOfBirth": {"year": 1995, "month": 11, "date": 10}, "dateOfDeath": null, "gender": "M", "battingStyles": ["rhb"], "bowlingStyles": ["lmf"], "longBattingStyles": ["right-hand bat"], "longBowlingStyles": ["left-arm medium-fast"], "image": {"id": 179653, "objectId": 721499, "slug": "jj-smit", "url": "/db/PICTURES/CMS/179600/179653.1.jpg", "width": 160, "height": 192, "caption": "JJ Smit", "longCaption": "JJ Smit", "credit": "International Cricket Council", "photographer": null, "peerUrls": null}, "countryTeamId": 28, "playerRoleTypeIds": [11], "playingRoles": ["bowling allrounder"], "headshotImage": {"id": 329762, "objectId": 1286763, "slug": "jj-smit-player-page-headshot-cutout-2021", "url": "/db/PICTURES/CMS/329700/329762.png", "width": 600, "height": 436, "caption": "JJ Smit player page headshot cutout 2021", "longCaption": "JJ Smit player page headshot cutout 2021", "credit": null, "photographer": null, "peerUrls": {"FILM": null, "WIDE": null, "SQUARE": "/db/PICTURES/CMS/329700/329762.square.png"}}}, "overs": 1, "balls": 6, "maidens": 0, "conceded": 2, "wickets": 0, "currentType": 1}, {"player": {"id": 74479, "objectId": 698317, "name": "R Trumpelmann", "longName": "Ruben Trumpelmann", "mobileName": "Trumpelmann", "indexName": "Trumpelmann,R", "battingName": "R Trumpelmann", "fieldingName": "Trumpelmann", "slug": "ruben-trumpelmann", "imageUrl": "/db/PICTURES/CMS/347800/347845.4.jpg", "headshotImageUrl": "/db/PICTURES/CMS/348600/348607.png", "dateOfBirth": {"year": 1998, "month": 2, "date": 1}, "dateOfDeath": null, "gender": "M", "battingStyles": ["rhb"], "bowlingStyles": ["lf"], "longBattingStyles": ["right-hand bat"], "longBowlingStyles": ["left-arm fast"], "image": {"id": 347845, "objectId": 1340684, "slug": "ruben-trumpelmann-player-portrait", "url": "/db/PICTURES/CMS/347800/347845.4.jpg", "width": 160, "height": 244, "caption": "Ruben Trumpelmann, player portrait", "longCaption": "Ruben Trumpelmann, player portrait", "credit": "ICC/Getty Images", "photographer": "Matt King", "peerUrls": null}, "countryTeamId": 28, "playerRoleTypeIds": [4], "playingRoles": ["bowler"], "headshotImage": {"id": 348607, "objectId": 1342901, "slug": "ruben-trumpelmann-player-page-headshot-cutout-2022", "url": "/db/PICTURES/CMS/348600/348607.png", "width": 600, "height": 436, "caption": "Ruben Trumpelmann, player page headshot cutout 2022", "longCaption": "Ruben Trumpelmann, player page headshot cutout 2022", "credit": null, "photographer": null, "peerUrls": {"FILM": null, "WIDE": null, "SQUARE": "/db/PICTURES/CMS/348600/348607.square.png"}}}, "overs": 2, "balls": 12, "maidens": 0, "conceded": 3, "wickets": 3, "currentType": 2}], "rollover": null}, "batsmanStatText": null, "bowlerStatText": null, "smartStats": []}, {"_uid": 35100509, "id": 35100509, "inningNumber": 1, "ballsActual": null, "ballsUnique": null, "oversUnique": 4.01, "oversActual": 4.1, "overNumber": 5, "ballNumber": 1, "totalRuns": 1, "batsmanRuns": 1, "isFour": false, "isSix": false, "isWicket": false, "dismissalType": null, "byes": 0, "legbyes": 0, "wides": 0, "noballs": 0, "penalties": 0, "wagonX": 64, "wagonY": 110, "wagonZone": 7, "pitchLine": "OUTSIDE_OFFSTUMP", "pitchLength": "GOOD_LENGTH", "shotType": "COVER_DRIVE", "shotControl": 1, "timestamp": "2021-10-27T14:22:35.000Z", "modified": "2021-10-27T14:22:37.000Z", "batsmanPlayerId": 60202, "bowlerPlayerId": 74479, "outPlayerId": null, "totalInningRuns": 9, "totalInningWickets": 3, "predictions": {"score": 111, "winProbability": 9.49}, "title": "Trumpelmann to Wallace", "dismissalText": null, "commentPreTextItems": [{"type": "HTML", "html": "Slip is still in place for Trumpelmann going for a third over in the Powerplay with his red hot start."}], "commentTextItems": [{"type": "HTML", "html": "fullish length on fourth stump, drives hard and a thick edge goes to third man for one."}], "commentPostTextItems": [{"type": "HTML", "html": "Martin Jones: \"Craig Wallace is by any measure the wrong batter to have come to the crease in this situation. Will instantly commit to being a lifelong fan of his if he can dig his team out of this situation.\" He's definitely not an anchor! But he'll need to be at this stage."}], "commentVideos": [], "commentImages": [], "events": [], "over": null, "batsmanStatText": null, "bowlerStatText": null, "smartStats": []}, {"_uid": 35100511, "id": 35100511, "inningNumber": 1, "ballsActual": null, "ballsUnique": null, "oversUnique": 4.02, "oversActual": 4.2, "overNumber": 5, "ballNumber": 2, "totalRuns": 0, "batsmanRuns": 0, "isFour": false, "isSix": false, "isWicket": false, "dismissalType": null, "byes": 0, "legbyes": 0, "wides": 0, "noballs": 0, "penalties": 0, "wagonX": 157, "wagonY": 242, "wagonZone": 5, "pitchLine": "ON_THE_STUMPS", "pitchLength": "FULL", "shotType": "ON_DRIVE", "shotControl": 1, "timestamp": "2021-10-27T14:23:04.000Z", "modified": "2021-10-27T14:23:07.000Z", "batsmanPlayerId": 60303, "bowlerPlayerId": 74479, "outPlayerId": null, "totalInningRuns": 9, "totalInningWickets": 3, "predictions": {"score": 111, "winProbability": 9.49}, "title": "Trumpelmann to Cross", "dismissalText": null, "commentPreTextItems": null, "commentTextItems": [{"type": "HTML", "html": "135 kph full on middle, driven straight to mid-off."}], "commentPostTextItems": null, "commentVideos": [], "commentImages": [], "events": [], "over": null, "batsmanStatText": null, "bowlerStatText": null, "smartStats": []}, {"_uid": 35100512, "id": 35100512, "inningNumber": 1, "ballsActual": null, "ballsUnique": null, "oversUnique": 4.03, "oversActual": 4.3, "overNumber": 5, "ballNumber": 3, "totalRuns": 0, "batsmanRuns": 0, "isFour": false, "isSix": false, "isWicket": false, "dismissalType": null, "byes": 0, "legbyes": 0, "wides": 0, "noballs": 0, "penalties": 0, "wagonX": 147, "wagonY": 188, "wagonZone": 6, "pitchLine": "ON_THE_STUMPS", "pitchLength": "GOOD_LENGTH", "shotType": "DEFENDED", "shotControl": 1, "timestamp": "2021-10-27T14:23:34.000Z", "modified": "2021-10-27T14:23:37.000Z", "batsmanPlayerId": 60303, "bowlerPlayerId": 74479, "outPlayerId": null, "totalInningRuns": 9, "totalInningWickets": 3, "predictions": {"score": 110, "winProbability": 9.11}, "title": "Trumpelmann to Cross", "dismissalText": null, "commentPreTextItems": null, "commentTextItems": [{"type": "HTML", "html": "inswinger full on middle again, defended again to mid-off."}], "commentPostTextItems": null, "commentVideos": [], "commentImages": [], "events": [], "over": null, "batsmanStatText": null, "bowlerStatText": null, "smartStats": []}, {"_uid": 35100513, "id": 35100513, "inningNumber": 1, "ballsActual": null, "ballsUnique": null, "oversUnique": 4.04, "oversActual": 4.4, "overNumber": 5, "ballNumber": 4, "totalRuns": 0, "batsmanRuns": 0, "isFour": false, "isSix": false, "isWicket": false, "dismissalType": null, "byes": 0, "legbyes": 0, "wides": 0, "noballs": 0, "penalties": 0, "wagonX": 228, "wagonY": 190, "wagonZone": 3, "pitchLine": "ON_THE_STUMPS", "pitchLength": "GOOD_LENGTH", "shotType": "DEFENDED", "shotControl": 1, "timestamp": "2021-10-27T14:24:08.000Z", "modified": "2021-10-27T14:24:10.000Z", "batsmanPlayerId": 60303, "bowlerPlayerId": 74479, "outPlayerId": null, "totalInningRuns": 9, "totalInningWickets": 3, "predictions": {"score": 109, "winProbability": 8.75}, "title": "Trumpelmann to Cross", "dismissalText": null, "commentPreTextItems": null, "commentTextItems": [{"type": "HTML", "html": "full inswinger on middle again, Cross goes to drive, inside edge off the pads into the leg side."}], "commentPostTextItems": null, "commentVideos": [], "commentImages": [], "events": [], "over": null, "batsmanStatText": null, "bowlerStatText": null, "smartStats": []}, {"_uid": 35100514, "id": 35100514, "inningNumber": 1, "ballsActual": null, "ballsUnique": null, "oversUnique": 4.05, "oversActual": 4.5, "overNumber": 5, "ballNumber": 5, "totalRuns": 4, "batsmanRuns": 4, "isFour": true, "isSix": false, "isWicket": false, "dismissalType": null, "byes": 0, "legbyes": 0, "wides": 0, "noballs": 0, "penalties": 0, "wagonX": 71, "wagonY": 45, "wagonZone": 8, "pitchLine": "OUTSIDE_OFFSTUMP", "pitchLength": "GOOD_LENGTH", "shotType": "COVER_DRIVE", "shotControl": 2, "timestamp": "2021-10-27T14:24:42.000Z", "modified": "2021-10-27T14:24:44.000Z", "batsmanPlayerId": 60303, "bowlerPlayerId": 74479, "outPlayerId": null, "totalInningRuns": 13, "totalInningWickets": 3, "predictions": {"score": 112, "winProbability": 9.89}, "title": "Trumpelmann to Cross", "dismissalText": null, "commentPreTextItems": null, "commentTextItems": [{"type": "HTML", "html": "fullish length on fifth stump at 138 kph, Cross prods forward with soft hands, thick edge goes to ground short of Smit at slip and eludes him to go to the rope. He tried to snatch at it with his hands, didn't get any body behind it and went underneath."}], "commentPostTextItems": null, "commentVideos": [], "commentImages": [], "events": [], "over": null, "batsmanStatText": null, "bowlerStatText": null, "smartStats": []}, {"_uid": 35100517, "id": 35100517, "inningNumber": 1, "ballsActual": null, "ballsUnique": null, "oversUnique": 4.06, "oversActual": 4.6, "overNumber": 5, "ballNumber": 6, "totalRuns": 3, "batsmanRuns": 3, "isFour": false, "isSix": false, "isWicket": false, "dismissalType": null, "byes": 0, "legbyes": 0, "wides": 0, "noballs": 0, "penalties": 0, "wagonX": 38, "wagonY": 155, "wagonZone": 7, "pitchLine": "OUTSIDE_OFFSTUMP", "pitchLength": "SHORT_OF_A_GOOD_LENGTH", "shotType": "SQUARE_DRIVE", "shotControl": 1, "timestamp": "2021-10-27T14:25:30.000Z", "modified": "2021-10-27T14:25:31.000Z", "batsmanPlayerId": 60303, "bowlerPlayerId": 74479, "outPlayerId": null, "totalInningRuns": 16, "totalInningWickets": 3, "predictions": {"score": 117, "winProbability": 12.08}, "title": "Trumpelmann to Cross", "dismissalText": null, "commentPreTextItems": null, "commentTextItems": [{"type": "HTML", "html": "fullish length outside off, more of a controlled stroke by Cross this time through point pushing forward and it goes to the widest boundary at the ground for a well-run three before being relayed in."}], "commentPostTextItems": null, "commentVideos": [], "commentImages": [], "events": [], "over": {"team": {"id": 30, "objectId": 30, "scribeId": 30, "slug": "scotland", "name": "Scotland", "longName": "Scotland", "abbreviation": "SCOT", "unofficialName": "", "imageUrl": "/db/PICTURES/CMS/313100/313150.logo.png", "isCountry": true, "primaryColor": null, "image": {"id": 313150, "objectId": 1241609, "slug": "scotland-logo", "url": "/db/PICTURES/CMS/313100/313150.logo.png", "width": 500, "height": 500, "caption": "Scotland logo", "longCaption": "Scotland logo", "credit": null, "photographer": null, "peerUrls": null}, "country": {"id": 30, "objectId": 30, "name": "Scotland", "shortName": "Scotland", "abbreviation": "SCOT", "slug": "scotland"}}, "inningNumber": 1, "overNumber": 5, "overRuns": 8, "overWickets": 0, "totalRuns": 16, "totalWickets": 3, "target": 0, "overLimit": 20, "ballLimit": 120, "isMaiden": false, "isComplete": true, "isSuperOver": false, "overEndBatsmen": [{"player": {"id": 60303, "objectId": 417268, "name": "MH Cross", "longName": "Matthew Cross", "mobileName": "Cross", "indexName": "Cross, MH", "battingName": "MH Cross", "fieldingName": "Cross", "slug": "matthew-cross", "imageUrl": "/db/PICTURES/CMS/172800/172881.1.jpg", "headshotImageUrl": "/db/PICTURES/CMS/316600/316680.png", "dateOfBirth": {"year": 1992, "month": 10, "date": 15}, "dateOfDeath": null, "gender": "M", "battingStyles": ["rhb"], "bowlingStyles": [], "longBattingStyles": ["right-hand bat"], "longBowlingStyles": [], "image": {"id": 172881, "objectId": 694525, "slug": "matty-cross", "url": "/db/PICTURES/CMS/172800/172881.1.jpg", "width": 160, "height": 192, "caption": "Matty Cross", "longCaption": "Matty Cross", "credit": "International Cricket Council", "photographer": null, "peerUrls": null}, "countryTeamId": 30, "playerRoleTypeIds": [7], "playingRoles": ["wicketkeeper batter"], "headshotImage": {"id": 316680, "objectId": 1251313, "slug": "mh-cross-headshot", "url": "/db/PICTURES/CMS/316600/316680.png", "width": 600, "height": 436, "caption": "MH Cross headshot", "longCaption": "MH Cross headshot", "credit": null, "photographer": null, "peerUrls": {"FILM": null, "WIDE": null, "SQUARE": null}}}, "runs": 9, "balls": 15, "fours": 1, "sixes": 0}, {"player": {"id": 60202, "objectId": 414971, "name": "CD Wallace", "longName": "Craig Wallace", "mobileName": "Wallace", "indexName": "Wallace, CD", "battingName": "CD Wallace", "fieldingName": "Wallace", "slug": "craig-wallace", "imageUrl": "/db/PICTURES/CMS/172800/172863.1.jpg", "headshotImageUrl": "/db/PICTURES/CMS/320300/320357.png", "dateOfBirth": {"year": 1990, "month": 6, "date": 27}, "dateOfDeath": null, "gender": "M", "battingStyles": ["rhb"], "bowlingStyles": [], "longBattingStyles": ["right-hand bat"], "longBowlingStyles": [], "image": {"id": 172863, "objectId": 694507, "slug": "craig-wallace", "url": "/db/PICTURES/CMS/172800/172863.1.jpg", "width": 160, "height": 192, "caption": "Craig Wallace", "longCaption": "Craig Wallace", "credit": "International Cricket Council", "photographer": null, "peerUrls": null}, "countryTeamId": 30, "playerRoleTypeIds": [7], "playingRoles": ["wicketkeeper batter"], "headshotImage": {"id": 320357, "objectId": 1261151, "slug": "craig-wallace-page-headshot-cutout-2021", "url": "/db/PICTURES/CMS/320300/320357.png", "width": 600, "height": 436, "caption": "Craig Wallace page headshot cutout, 2021", "longCaption": "Craig Wallace page headshot cutout, 2021", "credit": null, "photographer": null, "peerUrls": {"FILM": null, "WIDE": null, "SQUARE": "/db/PICTURES/CMS/320300/320357.square.png"}}}, "runs": 4, "balls": 11, "fours": 0, "sixes": 0}], "overEndBowlers": [{"player": {"id": 74479, "objectId": 698317, "name": "R Trumpelmann", "longName": "Ruben Trumpelmann", "mobileName": "Trumpelmann", "indexName": "Trumpelmann,R", "battingName": "R Trumpelmann", "fieldingName": "Trumpelmann", "slug": "ruben-trumpelmann", "imageUrl": "/db/PICTURES/CMS/347800/347845.4.jpg", "headshotImageUrl": "/db/PICTURES/CMS/348600/348607.png", "dateOfBirth": {"year": 1998, "month": 2, "date": 1}, "dateOfDeath": null, "gender": "M", "battingStyles": ["rhb"], "bowlingStyles": ["lf"], "longBattingStyles": ["right-hand bat"], "longBowlingStyles": ["left-arm fast"], "image": {"id": 347845, "objectId": 1340684, "slug": "ruben-trumpelmann-player-portrait", "url": "/db/PICTURES/CMS/347800/347845.4.jpg", "width": 160, "height": 244, "caption": "Ruben Trumpelmann, player portrait", "longCaption": "Ruben Trumpelmann, player portrait", "credit": "ICC/Getty Images", "photographer": "Matt King", "peerUrls": null}, "countryTeamId": 28, "playerRoleTypeIds": [4], "playingRoles": ["bowler"], "headshotImage": {"id": 348607, "objectId": 1342901, "slug": "ruben-trumpelmann-player-page-headshot-cutout-2022", "url": "/db/PICTURES/CMS/348600/348607.png", "width": 600, "height": 436, "caption": "Ruben Trumpelmann, player page headshot cutout 2022", "longCaption": "Ruben Trumpelmann, player page headshot cutout 2022", "credit": null, "photographer": null, "peerUrls": {"FILM": null, "WIDE": null, "SQUARE": "/db/PICTURES/CMS/348600/348607.square.png"}}}, "overs": 3, "balls": 18, "maidens": 0, "conceded": 11, "wickets": 3, "currentType": 1}, {"player": {"id": 67403, "objectId": 553821, "name": "JJ Smit", "longName": "JJ Smit", "mobileName": "Smit", "indexName": "Smit, JJ", "battingName": "JJ Smit", "fieldingName": "Smit", "slug": "jj-smit", "imageUrl": "/db/PICTURES/CMS/179600/179653.1.jpg", "headshotImageUrl": "/db/PICTURES/CMS/329700/329762.png", "dateOfBirth": {"year": 1995, "month": 11, "date": 10}, "dateOfDeath": null, "gender": "M", "battingStyles": ["rhb"], "bowlingStyles": ["lmf"], "longBattingStyles": ["right-hand bat"], "longBowlingStyles": ["left-arm medium-fast"], "image": {"id": 179653, "objectId": 721499, "slug": "jj-smit", "url": "/db/PICTURES/CMS/179600/179653.1.jpg", "width": 160, "height": 192, "caption": "JJ Smit", "longCaption": "JJ Smit", "credit": "International Cricket Council", "photographer": null, "peerUrls": null}, "countryTeamId": 28, "playerRoleTypeIds": [11], "playingRoles": ["bowling allrounder"], "headshotImage": {"id": 329762, "objectId": 1286763, "slug": "jj-smit-player-page-headshot-cutout-2021", "url": "/db/PICTURES/CMS/329700/329762.png", "width": 600, "height": 436, "caption": "JJ Smit player page headshot cutout 2021", "longCaption": "JJ Smit player page headshot cutout 2021", "credit": null, "photographer": null, "peerUrls": {"FILM": null, "WIDE": null, "SQUARE": "/db/PICTURES/CMS/329700/329762.square.png"}}}, "overs": 1, "balls": 6, "maidens": 0, "conceded": 2, "wickets": 0, "currentType": 2}], "rollover": null}, "batsmanStatText": null, "bowlerStatText": null, "smartStats": []}]