[{"_uid": 35055009, "id": 35055009, "inningNumber": 2, "ballsActual": null, "ballsUnique": null, "oversUnique": 11.01, "oversActual": 11.1, "overNumber": 12, "ballNumber": 1, "totalRuns": 1, "batsmanRuns": 1, "isFour": false, "isSix": false, "isWicket": false, "dismissalType": null, "byes": 0, "legbyes": 0, "wides": 0, "noballs": 0, "penalties": 0, "wagonX": 231, "wagonY": 174, "wagonZone": 3, "pitchLine": "ON_THE_STUMPS", "pitchLength": "GOOD_LENGTH", "shotType": "FLICK", "shotControl": 1, "timestamp": "2021-10-21T12:49:53.000Z", "modified": "2021-10-21T12:49:56.000Z", "batsmanPlayerId": 71459, "bowlerPlayerId": 80875, "outPlayerId": null, "totalInningRuns": 31, "totalInningWickets": 7, "predictions": {"score": 55, "winProbability": 0.05}, "title": "Mahedi Hasan to Doriga", "dismissalText": null, "commentPreTextItems": [{"type": "HTML", "html": "lakpj: \"This is going to put lot of pressure on Scotland tonight. looks like Bangaldesh is going to win this by huge margin and end up with a good NRR. may even top the group if Scotland loose\""}], "commentTextItems": [{"type": "HTML", "html": "good length just outside off, pushed into the covers with soft hands"}], "commentPostTextItems": null, "commentVideos": [], "commentImages": [], "events": [], "over": null, "batsmanStatText": null, "bowlerStatText": null, "smartStats": []}, {"_uid": 35055011, "id": 35055011, "inningNumber": 2, "ballsActual": null, "ballsUnique": null, "oversUnique": 11.02, "oversActual": 11.2, "overNumber": 12, "ballNumber": 2, "totalRuns": 1, "batsmanRuns": 1, "isFour": false, "isSix": false, "isWicket": false, "dismissalType": null, "byes": 0, "legbyes": 0, "wides": 0, "noballs": 0, "penalties": 0, "wagonX": 176, "wagonY": 259, "wagonZone": 5, "pitchLine": "OUTSIDE_OFFSTUMP", "pitchLength": "GOOD_LENGTH", "shotType": "ON_DRIVE", "shotControl": 1, "timestamp": "2021-10-21T12:50:24.000Z", "modified": "2021-10-21T12:50:27.000Z", "batsmanPlayerId": 68066, "bowlerPlayerId": 80875, "outPlayerId": null, "totalInningRuns": 32, "totalInningWickets": 7, "predictions": {"score": 56, "winProbability": 0.04}, "title": "Mahedi Hasan to Soper", "dismissalText": null, "commentPreTextItems": null, "commentTextItems": [{"type": "HTML", "html": "full on middle stump, driven towards the non-striker and the bowler can't stop cleanly"}], "commentPostTextItems": null, "commentVideos": [], "commentImages": [], "events": [], "over": null, "batsmanStatText": null, "bowlerStatText": null, "smartStats": []}, {"_uid": 35055013, "id": 35055013, "inningNumber": 2, "ballsActual": null, "ballsUnique": null, "oversUnique": 11.03, "oversActual": 11.3, "overNumber": 12, "ballNumber": 3, "totalRuns": 2, "batsmanRuns": 2, "isFour": false, "isSix": false, "isWicket": false, "dismissalType": null, "byes": 0, "legbyes": 0, "wides": 0, "noballs": 0, "penalties": 0, "wagonX": 231, "wagonY": 352, "wagonZone": 4, "pitchLine": "ON_THE_STUMPS", "pitchLength": "GOOD_LENGTH", "shotType": "ON_DRIVE", "shotControl": 1, "timestamp": "2021-10-21T12:50:46.000Z", "modified": "2021-10-21T12:50:50.000Z", "batsmanPlayerId": 71459, "bowlerPlayerId": 80875, "outPlayerId": null, "totalInningRuns": 34, "totalInningWickets": 7, "predictions": {"score": 58, "winProbability": 0.04}, "title": "Mahedi Hasan to Doriga", "dismissalText": null, "commentPreTextItems": null, "commentTextItems": [{"type": "HTML", "html": "full at middle stump, steps out and drills it past the bowler's face. Rahim at long-off cleans up to his right"}], "commentPostTextItems": null, "commentVideos": [], "commentImages": [], "events": [], "over": null, "batsmanStatText": null, "bowlerStatText": null, "smartStats": []}, {"_uid": 35055014, "id": 35055014, "inningNumber": 2, "ballsActual": null, "ballsUnique": null, "oversUnique": 11.04, "oversActual": 11.4, "overNumber": 12, "ballNumber": 4, "totalRuns": 1, "batsmanRuns": 1, "isFour": false, "isSix": false, "isWicket": false, "dismissalType": null, "byes": 0, "legbyes": 0, "wides": 0, "noballs": 0, "penalties": 0, "wagonX": 68, "wagonY": 126, "wagonZone": 7, "pitchLine": "OUTSIDE_OFFSTUMP", "pitchLength": "GOOD_LENGTH", "shotType": "CUT_SHOT", "shotControl": 1, "timestamp": "2021-10-21T12:51:12.000Z", "modified": "2021-10-21T12:51:16.000Z", "batsmanPlayerId": 71459, "bowlerPlayerId": 80875, "outPlayerId": null, "totalInningRuns": 35, "totalInningWickets": 7, "predictions": {"score": 61, "winProbability": 0.04}, "title": "Mahedi Hasan to Doriga", "dismissalText": null, "commentPreTextItems": null, "commentTextItems": [{"type": "HTML", "html": "short of a length and jut outside off, backs away and cuts to sweeper"}], "commentPostTextItems": [{"type": "HTML", "html": "james: \"A win against PNG should hardly boost BD's confidence. No disrespect to PNG, but they have been comfortably bottom of the group from their first game.\""}], "commentVideos": [], "commentImages": [], "events": [], "over": null, "batsmanStatText": null, "bowlerStatText": null, "smartStats": []}, {"_uid": 35055015, "id": 35055015, "inningNumber": 2, "ballsActual": null, "ballsUnique": null, "oversUnique": 11.05, "oversActual": 11.5, "overNumber": 12, "ballNumber": 5, "totalRuns": 0, "batsmanRuns": 0, "isFour": false, "isSix": false, "isWicket": false, "dismissalType": null, "byes": 0, "legbyes": 0, "wides": 0, "noballs": 0, "penalties": 0, "wagonX": 0, "wagonY": 0, "wagonZone": 0, "pitchLine": "OUTSIDE_OFFSTUMP", "pitchLength": "GOOD_LENGTH", "shotType": "DEFENDED", "shotControl": 2, "timestamp": "2021-10-21T12:51:27.000Z", "modified": "2021-10-21T12:51:31.000Z", "batsmanPlayerId": 68066, "bowlerPlayerId": 80875, "outPlayerId": null, "totalInningRuns": 35, "totalInningWickets": 7, "predictions": {"score": 61, "winProbability": 0.03}, "title": "Mahedi Hasan to Soper", "dismissalText": null, "commentPreTextItems": null, "commentTextItems": [{"type": "HTML", "html": "short of a length and skidding through, beaten on the late cut"}], "commentPostTextItems": null, "commentVideos": [], "commentImages": [], "events": [], "over": null, "batsmanStatText": null, "bowlerStatText": null, "smartStats": []}, {"_uid": 35055017, "id": 35055017, "inningNumber": 2, "ballsActual": null, "ballsUnique": null, "oversUnique": 11.06, "oversActual": 11.6, "overNumber": 12, "ballNumber": 6, "totalRuns": 0, "batsmanRuns": 0, "isFour": false, "isSix": false, "isWicket": false, "dismissalType": null, "byes": 0, "legbyes": 0, "wides": 0, "noballs": 0, "penalties": 0, "wagonX": 109, "wagonY": 188, "wagonZone": 6, "pitchLine": "OUTSIDE_OFFSTUMP", "pitchLength": "GOOD_LENGTH", "shotType": "COVER_DRIVE", "shotControl": 1, "timestamp": "2021-10-21T12:51:48.000Z", "modified": "2021-10-21T12:51:51.000Z", "batsmanPlayerId": 68066, "bowlerPlayerId": 80875, "outPlayerId": null, "totalInningRuns": 35, "totalInningWickets": 7, "predictions": {"score": 59, "winProbability": 0.03}, "title": "Mahedi Hasan to Soper", "dismissalText": null, "commentPreTextItems": null, "commentTextItems": [{"type": "HTML", "html": "short of a length and just outside off, punched to extra cover off the back foot"}], "commentPostTextItems": [{"type": "HTML", "html": "Skip_NC: \"lakpj, the solution is simple. Scotland beats Oman and we go through as group winners. Mind you, as a long-time follower of Scotland's football team, I know how good we are at snatching defeat from the jaws of victory.\""}], "commentVideos": [], "commentImages": [], "events": [], "over": {"team": {"id": 20, "objectId": 20, "scribeId": 20, "slug": "papua-new-guinea", "name": "P.N.G.", "longName": "Papua New Guinea", "abbreviation": "PNG", "unofficialName": null, "imageUrl": "/db/PICTURES/CMS/346100/346147.png", "isCountry": true, "primaryColor": null, "image": {"id": 346147, "objectId": 1335335, "slug": "png-team-flag", "url": "/db/PICTURES/CMS/346100/346147.png", "width": 500, "height": 500, "caption": "PNG Team flag", "longCaption": "PNG Team flag", "credit": "Getty Images", "photographer": null, "peerUrls": null}, "country": {"id": 20, "objectId": 20, "name": "Papua New Guinea", "shortName": "P.N.G.", "abbreviation": "PNG", "slug": "papua-new-guinea"}}, "inningNumber": 2, "overNumber": 12, "overRuns": 5, "overWickets": 0, "totalRuns": 35, "totalWickets": 7, "target": 182, "overLimit": 20, "ballLimit": 120, "isMaiden": false, "isComplete": true, "isSuperOver": false, "overEndBatsmen": [{"player": {"id": 68066, "objectId": 574287, "name": "CA Soper", "longName": "Chad Soper", "mobileName": "Soper", "indexName": "Soper, CA", "battingName": "CA Soper", "fieldingName": "Soper", "slug": "chad-soper", "imageUrl": "/db/PICTURES/CMS/148200/148220.jpg", "headshotImageUrl": "/db/PICTURES/CMS/321100/321137.png", "dateOfBirth": {"year": 1991, "month": 11, "date": 19}, "dateOfDeath": null, "gender": "M", "battingStyles": ["rhb"], "bowlingStyles": ["rmf"], "longBattingStyles": ["right-hand bat"], "longBowlingStyles": ["right-arm medium-fast"], "image": {"id": 148220, "objectId": 575907, "slug": "chad-soper", "url": "/db/PICTURES/CMS/148200/148220.jpg", "width": 160, "height": 206, "caption": "Chad Soper", "longCaption": "Chad Soper, player portrait, August 6, 2012", "credit": "Getty Images", "photographer": null, "peerUrls": null}, "countryTeamId": 20, "playerRoleTypeIds": [4], "playingRoles": ["bowler"], "headshotImage": {"id": 321137, "objectId": 1262665, "slug": "chad-aiwati-soper-player-page-headshot-cutout-2021", "url": "/db/PICTURES/CMS/321100/321137.png", "width": 600, "height": 436, "caption": "Chad Aiwati Soper player page headshot cutout, 2021", "longCaption": "Chad Aiwati Soper player page headshot cutout, 2021", "credit": null, "photographer": null, "peerUrls": {"FILM": null, "WIDE": null, "SQUARE": "/db/PICTURES/CMS/321100/321137.square.png"}}}, "runs": 1, "balls": 3, "fours": 0, "sixes": 0}, {"player": {"id": 71459, "objectId": 646173, "name": "K Doriga", "longName": "Kiplin Doriga", "mobileName": "Doriga", "indexName": "Doriga, K", "battingName": "K Doriga", "fieldingName": "Doriga", "slug": "kiplin-doriga", "imageUrl": "/db/PICTURES/CMS/179800/179883.1.jpg", "headshotImageUrl": "/db/PICTURES/CMS/321100/321149.png", "dateOfBirth": {"year": 1995, "month": 10, "date": 18}, "dateOfDeath": null, "gender": "M", "battingStyles": ["rhb"], "bowlingStyles": [], "longBattingStyles": ["right-hand bat"], "longBowlingStyles": [], "image": {"id": 179883, "objectId": 721953, "slug": "kiplin-doriga", "url": "/db/PICTURES/CMS/179800/179883.1.jpg", "width": 160, "height": 192, "caption": "Kiplin Doriga", "longCaption": "Kiplin Doriga", "credit": "International Cricket Council", "photographer": null, "peerUrls": null}, "countryTeamId": 20, "playerRoleTypeIds": [7], "playingRoles": ["wicketkeeper batter"], "headshotImage": {"id": 321149, "objectId": 1262677, "slug": "kiplin-doriga-player-page-headshot-cutout-2021", "url": "/db/PICTURES/CMS/321100/321149.png", "width": 600, "height": 436, "caption": "Kiplin Doriga player page headshot cutout, 2021", "longCaption": "Kiplin Doriga player page headshot cutout, 2021", "credit": null, "photographer": null, "peerUrls": {"FILM": null, "WIDE": null, "SQUARE": "/db/PICTURES/CMS/321100/321149.square.png"}}}, "runs": 6, "balls": 8, "fours": 0, "sixes": 0}], "overEndBowlers": [{"player": {"id": 80875, "objectId": 833087, "name": "Mahedi Hasan", "longName": "Mahedi Hasan", "mobileName": "Mahedi Hasan", "indexName": "Mahedi Hasan", "battingName": "Mahedi Hasan", "fieldingName": "Mahedi Hasan", "slug": "mahedi-hasan", "imageUrl": "/db/PICTURES/CMS/377500/377581.4.jpg", "headshotImageUrl": "/db/PICTURES/CMS/380200/380237.png", "dateOfBirth": {"year": 1994, "month": 12, "date": 12}, "dateOfDeath": null, "gender": "M", "battingStyles": ["rhb"], "bowlingStyles": ["ob"], "longBattingStyles": ["right-hand bat"], "longBowlingStyles": ["right-arm offbreak"], "image": {"id": 377581, "objectId": 1424432, "slug": "mahedi-hasan-player-portrait", "url": "/db/PICTURES/CMS/377500/377581.4.jpg", "width": 160, "height": 265, "caption": "Mahedi Hasan, player portrait", "longCaption": "Mahedi Hasan, player portrait", "credit": "Bangladesh Cricket Board", "photographer": null, "peerUrls": null}, "countryTeamId": 25, "playerRoleTypeIds": [5], "playingRoles": ["allrounder"], "headshotImage": {"id": 380237, "objectId": 1432041, "slug": "mahedi-hasan-player-page-headshot-cutout-2024", "url": "/db/PICTURES/CMS/380200/380237.png", "width": 600, "height": 436, "caption": "Mahedi Hasan, player page headshot cutout, 2024", "longCaption": "Mahedi Hasan, player page headshot cutout, 2024", "credit": null, "photographer": null, "peerUrls": {"FILM": null, "WIDE": null, "SQUARE": "/db/PICTURES/CMS/380200/380237.square.png"}}}, "overs": 3, "balls": 18, "maidens": 0, "conceded": 11, "wickets": 1, "currentType": 1}, {"player": {"id": 48277, "objectId": 56143, "name": "Shakib Al Hasan", "longName": "Shakib Al Hasan", "mobileName": "Shakib", "indexName": "Shakib Al Hasan", "battingName": "Shakib Al Hasan", "fieldingName": "Shakib Al Hasan", "slug": "shakib-al-hasan", "imageUrl": "/db/PICTURES/CMS/303100/303157.jpg", "headshotImageUrl": "/db/PICTURES/CMS/316500/316581.png", "dateOfBirth": {"year": 1987, "month": 3, "date": 24}, "dateOfDeath": null, "gender": "M", "battingStyles": ["lhb"], "bowlingStyles": ["sla"], "longBattingStyles": ["left-hand bat"], "longBowlingStyles": ["slow left-arm orthodox"], "image": {"id": 303157, "objectId": 1221590, "slug": "shakib-al-hasan-portrait", "url": "/db/PICTURES/CMS/303100/303157.jpg", "width": 160, "height": 202, "caption": "Shakib Al Hasan portrait", "longCaption": "Shakib Al Hasan portrait, April 2020", "credit": "Getty Images", "photographer": null, "peerUrls": null}, "countryTeamId": 25, "playerRoleTypeIds": [5], "playingRoles": ["allrounder"], "headshotImage": {"id": 316581, "objectId": 1251210, "slug": "shakib-al-hasan-headshot", "url": "/db/PICTURES/CMS/316500/316581.png", "width": 600, "height": 436, "caption": "Shakib Al Hasan headshot", "longCaption": "Shakib Al Hasan headshot", "credit": null, "photographer": null, "peerUrls": {"FILM": null, "WIDE": null, "SQUARE": null}}}, "overs": 4, "balls": 24, "maidens": 0, "conceded": 9, "wickets": 4, "currentType": 2}], "rollover": null}, "batsmanStatText": null, "bowlerStatText": null, "smartStats": []}, {"_uid": 35055019, "id": 35055019, "inningNumber": 2, "ballsActual": null, "ballsUnique": null, "oversUnique": 12.01, "oversActual": 12.1, "overNumber": 13, "ballNumber": 1, "totalRuns": 1, "batsmanRuns": 1, "isFour": false, "isSix": false, "isWicket": false, "dismissalType": null, "byes": 0, "legbyes": 0, "wides": 0, "noballs": 0, "penalties": 0, "wagonX": 86, "wagonY": 154, "wagonZone": 7, "pitchLine": "OUTSIDE_OFFSTUMP", "pitchLength": "SHORT_OF_A_GOOD_LENGTH", "shotType": "CUT_SHOT", "shotControl": 1, "timestamp": "2021-10-21T12:52:52.000Z", "modified": "2021-10-21T12:52:56.000Z", "batsmanPlayerId": 71459, "bowlerPlayerId": 54674, "outPlayerId": null, "totalInningRuns": 36, "totalInningWickets": 7, "predictions": {"score": 60, "winProbability": 0.02}, "title": "Mustafizur to Doriga", "dismissalText": null, "commentPreTextItems": null, "commentTextItems": [{"type": "HTML", "html": "full and wide outside off, driven out to sweeper cover"}], "commentPostTextItems": null, "commentVideos": [], "commentImages": [], "events": [], "over": null, "batsmanStatText": null, "bowlerStatText": null, "smartStats": []}, {"_uid": 35055021, "id": 35055021, "inningNumber": 2, "ballsActual": null, "ballsUnique": null, "oversUnique": 12.02, "oversActual": 12.2, "overNumber": 13, "ballNumber": 2, "totalRuns": 1, "batsmanRuns": 1, "isFour": false, "isSix": false, "isWicket": false, "dismissalType": null, "byes": 0, "legbyes": 0, "wides": 0, "noballs": 0, "penalties": 0, "wagonX": 128, "wagonY": 199, "wagonZone": 6, "pitchLine": "OUTSIDE_OFFSTUMP", "pitchLength": "GOOD_LENGTH", "shotType": "COVER_DRIVE", "shotControl": 1, "timestamp": "2021-10-21T12:53:24.000Z", "modified": "2021-10-21T12:53:27.000Z", "batsmanPlayerId": 68066, "bowlerPlayerId": 54674, "outPlayerId": null, "totalInningRuns": 37, "totalInningWickets": 7, "predictions": {"score": 61, "winProbability": 0.02}, "title": "Mustafizur to Soper", "dismissalText": null, "commentPreTextItems": null, "commentTextItems": [{"type": "HTML", "html": "full and just outside off, opens the face and pats it to extra cover's left"}], "commentPostTextItems": null, "commentVideos": [], "commentImages": [], "events": [], "over": null, "batsmanStatText": null, "bowlerStatText": null, "smartStats": []}, {"_uid": 35055023, "id": 35055023, "inningNumber": 2, "ballsActual": null, "ballsUnique": null, "oversUnique": 12.03, "oversActual": 12.3, "overNumber": 13, "ballNumber": 3, "totalRuns": 2, "batsmanRuns": 2, "isFour": false, "isSix": false, "isWicket": false, "dismissalType": null, "byes": 0, "legbyes": 0, "wides": 0, "noballs": 0, "penalties": 0, "wagonX": 114, "wagonY": 43, "wagonZone": 8, "pitchLine": "OUTSIDE_OFFSTUMP", "pitchLength": "GOOD_LENGTH", "shotType": "COVER_DRIVE", "shotControl": 2, "timestamp": "2021-10-21T12:54:03.000Z", "modified": "2021-10-21T12:54:06.000Z", "batsmanPlayerId": 71459, "bowlerPlayerId": 54674, "outPlayerId": null, "totalInningRuns": 39, "totalInningWickets": 7, "predictions": {"score": 63, "winProbability": 0.02}, "title": "Mustafizur to Doriga", "dismissalText": null, "commentPreTextItems": null, "commentTextItems": [{"type": "HTML", "html": "full cutter at off stump, looks to drive firmly and gets a thick outside edge to third man's right"}], "commentPostTextItems": null, "commentVideos": [], "commentImages": [], "events": [], "over": null, "batsmanStatText": null, "bowlerStatText": null, "smartStats": []}, {"_uid": 35055024, "id": 35055024, "inningNumber": 2, "ballsActual": null, "ballsUnique": null, "oversUnique": 12.04, "oversActual": 12.4, "overNumber": 13, "ballNumber": 4, "totalRuns": 2, "batsmanRuns": 2, "isFour": false, "isSix": false, "isWicket": false, "dismissalType": null, "byes": 0, "legbyes": 0, "wides": 0, "noballs": 0, "penalties": 0, "wagonX": 47, "wagonY": 221, "wagonZone": 6, "pitchLine": "OUTSIDE_OFFSTUMP", "pitchLength": "GOOD_LENGTH", "shotType": "COVER_DRIVE", "shotControl": 1, "timestamp": "2021-10-21T12:54:46.000Z", "modified": "2021-10-21T12:54:49.000Z", "batsmanPlayerId": 71459, "bowlerPlayerId": 54674, "outPlayerId": null, "totalInningRuns": 41, "totalInningWickets": 7, "predictions": {"score": 65, "winProbability": 0.02}, "title": "Mustafizur to Doriga", "dismissalText": null, "commentPreTextItems": null, "commentTextItems": [{"type": "HTML", "html": "good length cutter at middle and off, stays leg side of that and swings it to long-on's right"}], "commentPostTextItems": null, "commentVideos": [], "commentImages": [], "events": [], "over": null, "batsmanStatText": null, "bowlerStatText": null, "smartStats": []}, {"_uid": 35055027, "id": 35055027, "inningNumber": 2, "ballsActual": null, "ballsUnique": null, "oversUnique": 12.05, "oversActual": 12.5, "overNumber": 13, "ballNumber": 5, "totalRuns": 1, "batsmanRuns": 1, "isFour": false, "isSix": false, "isWicket": false, "dismissalType": null, "byes": 0, "legbyes": 0, "wides": 0, "noballs": 0, "penalties": 0, "wagonX": 307, "wagonY": 133, "wagonZone": 2, "pitchLine": "ON_THE_STUMPS", "pitchLength": "GOOD_LENGTH", "shotType": "FLICK", "shotControl": 1, "timestamp": "2021-10-21T12:55:19.000Z", "modified": "2021-10-21T12:55:22.000Z", "batsmanPlayerId": 71459, "bowlerPlayerId": 54674, "outPlayerId": null, "totalInningRuns": 42, "totalInningWickets": 7, "predictions": {"score": 67, "winProbability": 0.02}, "title": "Mustafizur to Doriga", "dismissalText": null, "commentPreTextItems": null, "commentTextItems": [{"type": "HTML", "html": "short and up at the ribs, hurriedly pulled to fine leg's left"}], "commentPostTextItems": null, "commentVideos": [], "commentImages": [], "events": [], "over": null, "batsmanStatText": null, "bowlerStatText": null, "smartStats": []}, {"_uid": 35055028, "id": 35055028, "inningNumber": 2, "ballsActual": null, "ballsUnique": null, "oversUnique": 12.06, "oversActual": 12.6, "overNumber": 13, "ballNumber": 6, "totalRuns": 0, "batsmanRuns": 0, "isFour": false, "isSix": false, "isWicket": false, "dismissalType": null, "byes": 0, "legbyes": 0, "wides": 0, "noballs": 0, "penalties": 0, "wagonX": 0, "wagonY": 0, "wagonZone": 0, "pitchLine": "ON_THE_STUMPS", "pitchLength": "SHORT", "shotType": "LEFT_ALONE", "shotControl": 1, "timestamp": "2021-10-21T12:55:52.000Z", "modified": "2021-10-21T12:55:56.000Z", "batsmanPlayerId": 68066, "bowlerPlayerId": 54674, "outPlayerId": null, "totalInningRuns": 42, "totalInningWickets": 7, "predictions": {"score": 67, "winProbability": 0.01}, "title": "Mustafizur to Soper", "dismissalText": null, "commentPreTextItems": null, "commentTextItems": [{"type": "HTML", "html": "bouncer at a leg stump line, ducks it hurriedly"}], "commentPostTextItems": [{"type": "HTML", "html": "Bilal: \"@Lakpj: This BD win will not put extra pressure on Scotland as they already need to win against Oman tonight to qualify. If they lose, Oman's NRR will probably be higher than theirs. So, to me, whosoever wins the next match, will go to the super 12s.\""}], "commentVideos": [], "commentImages": [], "events": [], "over": {"team": {"id": 20, "objectId": 20, "scribeId": 20, "slug": "papua-new-guinea", "name": "P.N.G.", "longName": "Papua New Guinea", "abbreviation": "PNG", "unofficialName": null, "imageUrl": "/db/PICTURES/CMS/346100/346147.png", "isCountry": true, "primaryColor": null, "image": {"id": 346147, "objectId": 1335335, "slug": "png-team-flag", "url": "/db/PICTURES/CMS/346100/346147.png", "width": 500, "height": 500, "caption": "PNG Team flag", "longCaption": "PNG Team flag", "credit": "Getty Images", "photographer": null, "peerUrls": null}, "country": {"id": 20, "objectId": 20, "name": "Papua New Guinea", "shortName": "P.N.G.", "abbreviation": "PNG", "slug": "papua-new-guinea"}}, "inningNumber": 2, "overNumber": 13, "overRuns": 7, "overWickets": 0, "totalRuns": 42, "totalWickets": 7, "target": 182, "overLimit": 20, "ballLimit": 120, "isMaiden": false, "isComplete": true, "isSuperOver": false, "overEndBatsmen": [{"player": {"id": 68066, "objectId": 574287, "name": "CA Soper", "longName": "Chad Soper", "mobileName": "Soper", "indexName": "Soper, CA", "battingName": "CA Soper", "fieldingName": "Soper", "slug": "chad-soper", "imageUrl": "/db/PICTURES/CMS/148200/148220.jpg", "headshotImageUrl": "/db/PICTURES/CMS/321100/321137.png", "dateOfBirth": {"year": 1991, "month": 11, "date": 19}, "dateOfDeath": null, "gender": "M", "battingStyles": ["rhb"], "bowlingStyles": ["rmf"], "longBattingStyles": ["right-hand bat"], "longBowlingStyles": ["right-arm medium-fast"], "image": {"id": 148220, "objectId": 575907, "slug": "chad-soper", "url": "/db/PICTURES/CMS/148200/148220.jpg", "width": 160, "height": 206, "caption": "Chad Soper", "longCaption": "Chad Soper, player portrait, August 6, 2012", "credit": "Getty Images", "photographer": null, "peerUrls": null}, "countryTeamId": 20, "playerRoleTypeIds": [4], "playingRoles": ["bowler"], "headshotImage": {"id": 321137, "objectId": 1262665, "slug": "chad-aiwati-soper-player-page-headshot-cutout-2021", "url": "/db/PICTURES/CMS/321100/321137.png", "width": 600, "height": 436, "caption": "Chad Aiwati Soper player page headshot cutout, 2021", "longCaption": "Chad Aiwati Soper player page headshot cutout, 2021", "credit": null, "photographer": null, "peerUrls": {"FILM": null, "WIDE": null, "SQUARE": "/db/PICTURES/CMS/321100/321137.square.png"}}}, "runs": 2, "balls": 5, "fours": 0, "sixes": 0}, {"player": {"id": 71459, "objectId": 646173, "name": "K Doriga", "longName": "Kiplin Doriga", "mobileName": "Doriga", "indexName": "Doriga, K", "battingName": "K Doriga", "fieldingName": "Doriga", "slug": "kiplin-doriga", "imageUrl": "/db/PICTURES/CMS/179800/179883.1.jpg", "headshotImageUrl": "/db/PICTURES/CMS/321100/321149.png", "dateOfBirth": {"year": 1995, "month": 10, "date": 18}, "dateOfDeath": null, "gender": "M", "battingStyles": ["rhb"], "bowlingStyles": [], "longBattingStyles": ["right-hand bat"], "longBowlingStyles": [], "image": {"id": 179883, "objectId": 721953, "slug": "kiplin-doriga", "url": "/db/PICTURES/CMS/179800/179883.1.jpg", "width": 160, "height": 192, "caption": "Kiplin Doriga", "longCaption": "Kiplin Doriga", "credit": "International Cricket Council", "photographer": null, "peerUrls": null}, "countryTeamId": 20, "playerRoleTypeIds": [7], "playingRoles": ["wicketkeeper batter"], "headshotImage": {"id": 321149, "objectId": 1262677, "slug": "kiplin-doriga-player-page-headshot-cutout-2021", "url": "/db/PICTURES/CMS/321100/321149.png", "width": 600, "height": 436, "caption": "Kiplin Doriga player page headshot cutout, 2021", "longCaption": "Kiplin Doriga player page headshot cutout, 2021", "credit": null, "photographer": null, "peerUrls": {"FILM": null, "WIDE": null, "SQUARE": "/db/PICTURES/CMS/321100/321149.square.png"}}}, "runs": 12, "balls": 12, "fours": 0, "sixes": 0}], "overEndBowlers": [{"player": {"id": 54674, "objectId": 330902, "name": "Mustafizur Rahman", "longName": "Mustafizur Rahman", "mobileName": "Mustafizur", "indexName": "Mustafizur Rahman", "battingName": "Mustafizur Rahman", "fieldingName": "Mustafizur Rahman", "slug": "mustafizur-rahman", "imageUrl": "/db/PICTURES/CMS/263500/263578.jpg", "headshotImageUrl": "/db/PICTURES/CMS/319700/319734.png", "dateOfBirth": {"year": 1995, "month": 9, "date": 6}, "dateOfDeath": null, "gender": "M", "battingStyles": ["lhb"], "bowlingStyles": ["lfm"], "longBattingStyles": ["left-hand bat"], "longBowlingStyles": ["left-arm fast-medium"], "image": {"id": 263578, "objectId": 1099647, "slug": "mustafizur-rahman", "url": "/db/PICTURES/CMS/263500/263578.jpg", "width": 160, "height": 200, "caption": "Mustafizur Rahman", "longCaption": null, "credit": "Getty Images", "photographer": null, "peerUrls": null}, "countryTeamId": 25, "playerRoleTypeIds": [4], "playingRoles": ["bowler"], "headshotImage": {"id": 319734, "objectId": 1259735, "slug": "mustafizur-rahman-player-page-headshot-cutout-2021", "url": "/db/PICTURES/CMS/319700/319734.png", "width": 600, "height": 436, "caption": "Mustafizur Rahman player page headshot cutout, 2021", "longCaption": "Mustafizur Rahman player page headshot cutout, 2021", "credit": null, "photographer": null, "peerUrls": {"FILM": null, "WIDE": null, "SQUARE": "/db/PICTURES/CMS/319700/319734.square.png"}}}, "overs": 2, "balls": 12, "maidens": 0, "conceded": 10, "wickets": 0, "currentType": 1}, {"player": {"id": 80875, "objectId": 833087, "name": "Mahedi Hasan", "longName": "Mahedi Hasan", "mobileName": "Mahedi Hasan", "indexName": "Mahedi Hasan", "battingName": "Mahedi Hasan", "fieldingName": "Mahedi Hasan", "slug": "mahedi-hasan", "imageUrl": "/db/PICTURES/CMS/377500/377581.4.jpg", "headshotImageUrl": "/db/PICTURES/CMS/380200/380237.png", "dateOfBirth": {"year": 1994, "month": 12, "date": 12}, "dateOfDeath": null, "gender": "M", "battingStyles": ["rhb"], "bowlingStyles": ["ob"], "longBattingStyles": ["right-hand bat"], "longBowlingStyles": ["right-arm offbreak"], "image": {"id": 377581, "objectId": 1424432, "slug": "mahedi-hasan-player-portrait", "url": "/db/PICTURES/CMS/377500/377581.4.jpg", "width": 160, "height": 265, "caption": "Mahedi Hasan, player portrait", "longCaption": "Mahedi Hasan, player portrait", "credit": "Bangladesh Cricket Board", "photographer": null, "peerUrls": null}, "countryTeamId": 25, "playerRoleTypeIds": [5], "playingRoles": ["allrounder"], "headshotImage": {"id": 380237, "objectId": 1432041, "slug": "mahedi-hasan-player-page-headshot-cutout-2024", "url": "/db/PICTURES/CMS/380200/380237.png", "width": 600, "height": 436, "caption": "Mahedi Hasan, player page headshot cutout, 2024", "longCaption": "Mahedi Hasan, player page headshot cutout, 2024", "credit": null, "photographer": null, "peerUrls": {"FILM": null, "WIDE": null, "SQUARE": "/db/PICTURES/CMS/380200/380237.square.png"}}}, "overs": 3, "balls": 18, "maidens": 0, "conceded": 11, "wickets": 1, "currentType": 2}], "rollover": null}, "batsmanStatText": null, "bowlerStatText": null, "smartStats": []}]