[{"_uid": 35058550, "id": 35058550, "inningNumber": 1, "ballsActual": null, "ballsUnique": null, "oversUnique": 13.01, "oversActual": 13.1, "overNumber": 14, "ballNumber": 1, "totalRuns": 4, "batsmanRuns": 4, "isFour": true, "isSix": false, "isWicket": false, "dismissalType": null, "byes": 0, "legbyes": 0, "wides": 0, "noballs": 0, "penalties": 0, "wagonX": 323, "wagonY": 62, "wagonZone": 2, "pitchLine": "ON_THE_STUMPS", "pitchLength": "GOOD_LENGTH", "shotType": "SWEEP_SHOT", "shotControl": 1, "timestamp": "2021-10-22T11:00:30.000Z", "modified": "2021-10-22T11:00:34.000Z", "batsmanPlayerId": 52628, "bowlerPlayerId": 54563, "outPlayerId": null, "totalInningRuns": 92, "totalInningWickets": 2, "predictions": {"score": 153, "winProbability": 38.1}, "title": "Scholtz to Balbirnie", "dismissalText": null, "commentPreTextItems": [{"type": "HTML", "html": "Scholtz back into the attack."}], "commentTextItems": [{"type": "HTML", "html": "flighted full on the legs, Balbirnie breaks out his trademark sweep and clocks this high over backward square."}], "commentPostTextItems": null, "commentVideos": [], "commentImages": [], "events": [], "over": null, "batsmanStatText": null, "bowlerStatText": null, "smartStats": []}, {"_uid": 35058553, "id": 35058553, "inningNumber": 1, "ballsActual": null, "ballsUnique": null, "oversUnique": 13.02, "oversActual": 13.2, "overNumber": 14, "ballNumber": 2, "totalRuns": 1, "batsmanRuns": 1, "isFour": false, "isSix": false, "isWicket": false, "dismissalType": null, "byes": 0, "legbyes": 0, "wides": 0, "noballs": 0, "penalties": 0, "wagonX": 315, "wagonY": 200, "wagonZone": 3, "pitchLine": "DOWN_LEG", "pitchLength": "GOOD_LENGTH", "shotType": "FLICK", "shotControl": 1, "timestamp": "2021-10-22T11:00:57.000Z", "modified": "2021-10-22T11:01:00.000Z", "batsmanPlayerId": 52628, "bowlerPlayerId": 54563, "outPlayerId": null, "totalInningRuns": 93, "totalInningWickets": 2, "predictions": {"score": 154, "winProbability": 39.17}, "title": "Scholtz to Balbirnie", "dismissalText": null, "commentPreTextItems": null, "commentTextItems": [{"type": "HTML", "html": "good length ball on the legs, flicked through square leg for one."}], "commentPostTextItems": null, "commentVideos": [], "commentImages": [], "events": [], "over": null, "batsmanStatText": null, "bowlerStatText": null, "smartStats": []}, {"_uid": 35058555, "id": 35058555, "inningNumber": 1, "ballsActual": null, "ballsUnique": null, "oversUnique": 13.03, "oversActual": 13.3, "overNumber": 14, "ballNumber": 3, "totalRuns": 0, "batsmanRuns": 0, "isFour": false, "isSix": false, "isWicket": false, "dismissalType": null, "byes": 0, "legbyes": 0, "wides": 0, "noballs": 0, "penalties": 0, "wagonX": 151, "wagonY": 186, "wagonZone": 6, "pitchLine": "OUTSIDE_OFFSTUMP", "pitchLength": "FULL", "shotType": "DEFENDED", "shotControl": 1, "timestamp": "2021-10-22T11:01:17.000Z", "modified": "2021-10-22T11:01:21.000Z", "batsmanPlayerId": 97447, "bowlerPlayerId": 54563, "outPlayerId": null, "totalInningRuns": 93, "totalInningWickets": 2, "predictions": {"score": 152, "winProbability": 37.05}, "title": "Scholtz to Delany", "dismissalText": null, "commentPreTextItems": null, "commentTextItems": [{"type": "HTML", "html": "darted in on a good length on off, defended."}], "commentPostTextItems": null, "commentVideos": [], "commentImages": [], "events": [], "over": null, "batsmanStatText": null, "bowlerStatText": null, "smartStats": []}, {"_uid": 35058556, "id": 35058556, "inningNumber": 1, "ballsActual": null, "ballsUnique": null, "oversUnique": 13.04, "oversActual": 13.4, "overNumber": 14, "ballNumber": 4, "totalRuns": 0, "batsmanRuns": 0, "isFour": false, "isSix": false, "isWicket": false, "dismissalType": null, "byes": 0, "legbyes": 0, "wides": 0, "noballs": 0, "penalties": 0, "wagonX": 130, "wagonY": 186, "wagonZone": 6, "pitchLine": "ON_THE_STUMPS", "pitchLength": "GOOD_LENGTH", "shotType": "CUT_SHOT", "shotControl": 1, "timestamp": "2021-10-22T11:01:32.000Z", "modified": "2021-10-22T11:01:35.000Z", "batsmanPlayerId": 97447, "bowlerPlayerId": 54563, "outPlayerId": null, "totalInningRuns": 93, "totalInningWickets": 2, "predictions": {"score": 151, "winProbability": 36}, "title": "Scholtz to Delany", "dismissalText": null, "commentPreTextItems": null, "commentTextItems": [{"type": "HTML", "html": "good length ball on leg stump, Delany backs away to access the off side but picks out cover."}], "commentPostTextItems": null, "commentVideos": [], "commentImages": [], "events": [], "over": null, "batsmanStatText": null, "bowlerStatText": null, "smartStats": []}, {"_uid": 35058560, "id": 35058560, "inningNumber": 1, "ballsActual": null, "ballsUnique": null, "oversUnique": 13.05, "oversActual": 13.5, "overNumber": 14, "ballNumber": 5, "totalRuns": 1, "batsmanRuns": 1, "isFour": false, "isSix": false, "isWicket": false, "dismissalType": null, "byes": 0, "legbyes": 0, "wides": 0, "noballs": 0, "penalties": 0, "wagonX": 327, "wagonY": 158, "wagonZone": 2, "pitchLine": "ON_THE_STUMPS", "pitchLength": "GOOD_LENGTH", "shotType": "FLICK", "shotControl": 1, "timestamp": "2021-10-22T11:01:49.000Z", "modified": "2021-10-22T11:01:52.000Z", "batsmanPlayerId": 97447, "bowlerPlayerId": 54563, "outPlayerId": null, "totalInningRuns": 94, "totalInningWickets": 2, "predictions": {"score": 150, "winProbability": 34.97}, "title": "Scholtz to Delany", "dismissalText": null, "commentPreTextItems": null, "commentTextItems": [{"type": "HTML", "html": "good length ball on the legs, stays stationary this time to pull behind square."}], "commentPostTextItems": null, "commentVideos": [], "commentImages": [], "events": [], "over": null, "batsmanStatText": null, "bowlerStatText": null, "smartStats": []}, {"_uid": 35058564, "id": 35058564, "inningNumber": 1, "ballsActual": null, "ballsUnique": null, "oversUnique": 13.06, "oversActual": 13.6, "overNumber": 14, "ballNumber": 6, "totalRuns": 0, "batsmanRuns": 0, "isFour": false, "isSix": false, "isWicket": false, "dismissalType": null, "byes": 0, "legbyes": 0, "wides": 0, "noballs": 0, "penalties": 0, "wagonX": 105, "wagonY": 201, "wagonZone": 6, "pitchLine": "ON_THE_STUMPS", "pitchLength": "FULL", "shotType": "COVER_DRIVE", "shotControl": 1, "timestamp": "2021-10-22T11:02:16.000Z", "modified": "2021-10-22T11:02:20.000Z", "batsmanPlayerId": 52628, "bowlerPlayerId": 54563, "outPlayerId": null, "totalInningRuns": 94, "totalInningWickets": 2, "predictions": {"score": 149, "winProbability": 33.95}, "title": "Scholtz to Balbirnie", "dismissalText": null, "commentPreTextItems": null, "commentTextItems": [{"type": "HTML", "html": "fullish length on off, backs away and drives straight to cover."}], "commentPostTextItems": null, "commentVideos": [], "commentImages": [], "events": [], "over": {"team": {"id": 29, "objectId": 29, "scribeId": 29, "slug": "ireland", "name": "Ireland", "longName": "Ireland", "abbreviation": "IRE", "unofficialName": "", "imageUrl": "/db/PICTURES/CMS/313100/313149.logo.png", "isCountry": true, "primaryColor": null, "image": {"id": 313149, "objectId": 1241608, "slug": "ireland-logo", "url": "/db/PICTURES/CMS/313100/313149.logo.png", "width": 500, "height": 500, "caption": "Ireland logo", "longCaption": "Ireland logo", "credit": null, "photographer": null, "peerUrls": null}, "country": {"id": 29, "objectId": 29, "name": "Ireland", "shortName": "Ireland", "abbreviation": "IRE", "slug": "ireland"}}, "inningNumber": 1, "overNumber": 14, "overRuns": 6, "overWickets": 0, "totalRuns": 94, "totalWickets": 2, "target": 0, "overLimit": 20, "ballLimit": 120, "isMaiden": false, "isComplete": true, "isSuperOver": false, "overEndBatsmen": [{"player": {"id": 52628, "objectId": 303423, "name": "A Balbirnie", "longName": "Andy Balbirnie", "mobileName": "Balbirnie", "indexName": "Balbirnie, A", "battingName": "A Balbirnie", "fieldingName": "Balbirnie", "slug": "andy-balbirnie", "imageUrl": "/db/PICTURES/CMS/305200/305250.jpg", "headshotImageUrl": "/db/PICTURES/CMS/316600/316637.png", "dateOfBirth": {"year": 1990, "month": 12, "date": 28}, "dateOfDeath": null, "gender": "M", "battingStyles": ["rhb"], "bowlingStyles": ["ob"], "longBattingStyles": ["right-hand bat"], "longBowlingStyles": ["right-arm offbreak"], "image": {"id": 305250, "objectId": 1224824, "slug": "andy-balbirnie-portrait", "url": "/db/PICTURES/CMS/305200/305250.jpg", "width": 160, "height": 200, "caption": "Andy Balbirnie portrait", "longCaption": "Andy Balbirnie, June 2020", "credit": "Getty Images", "photographer": null, "peerUrls": null}, "countryTeamId": 29, "playerRoleTypeIds": [8], "playingRoles": ["batter"], "headshotImage": {"id": 316637, "objectId": 1251270, "slug": "a-balbirnie-headshot", "url": "/db/PICTURES/CMS/316600/316637.png", "width": 600, "height": 436, "caption": "A Balbirnie headshot", "longCaption": "A Balbirnie headshot", "credit": null, "photographer": null, "peerUrls": {"FILM": null, "WIDE": null, "SQUARE": null}}}, "runs": 18, "balls": 20, "fours": 2, "sixes": 0}, {"player": {"id": 97447, "objectId": 1099379, "name": "GJ Delany", "longName": "Gareth Delany", "mobileName": "Delany", "indexName": "Delany, GJ", "battingName": "GJ Delany", "fieldingName": "Delany", "slug": "gareth-delany", "imageUrl": "/db/PICTURES/CMS/306900/306932.1.jpg", "headshotImageUrl": "/db/PICTURES/CMS/319800/319872.png", "dateOfBirth": {"year": 1997, "month": 4, "date": 28}, "dateOfDeath": null, "gender": "M", "battingStyles": ["rhb"], "bowlingStyles": ["lbg"], "longBattingStyles": ["right-hand bat"], "longBowlingStyles": ["legbreak googly"], "image": {"id": 306932, "objectId": 1228025, "slug": "gareth-delany-player-portrait", "url": "/db/PICTURES/CMS/306900/306932.1.jpg", "width": 160, "height": 200, "caption": "Gareth Delany player portrait", "longCaption": "Gareth Delany player portrait", "credit": "Getty Images", "photographer": null, "peerUrls": null}, "countryTeamId": 29, "playerRoleTypeIds": [10], "playingRoles": ["batting allrounder"], "headshotImage": {"id": 319872, "objectId": 1259945, "slug": "gareth-delany-player-page-headshot-cutout-2021", "url": "/db/PICTURES/CMS/319800/319872.png", "width": 600, "height": 436, "caption": "Gareth Delany player page headshot cutout, 2021", "longCaption": "Gareth Delany player page headshot cutout, 2021", "credit": null, "photographer": null, "peerUrls": {"FILM": null, "WIDE": null, "SQUARE": "/db/PICTURES/CMS/319800/319872.square.png"}}}, "runs": 9, "balls": 16, "fours": 0, "sixes": 0}], "overEndBowlers": [{"player": {"id": 54563, "objectId": 330223, "name": "BM Scholtz", "longName": "Bernard Scholtz", "mobileName": "Scholtz", "indexName": "Scholtz, BM", "battingName": "BM Scholtz", "fieldingName": "Scholtz", "slug": "bernard-scholtz", "imageUrl": "/db/PICTURES/CMS/173100/173105.1.jpg", "headshotImageUrl": "/db/PICTURES/CMS/329700/329759.png", "dateOfBirth": {"year": 1990, "month": 10, "date": 3}, "dateOfDeath": null, "gender": "M", "battingStyles": ["rhb"], "bowlingStyles": ["sla"], "longBattingStyles": ["right-hand bat"], "longBowlingStyles": ["slow left-arm orthodox"], "image": {"id": 173105, "objectId": 694977, "slug": "bernard-scholtz", "url": "/db/PICTURES/CMS/173100/173105.1.jpg", "width": 160, "height": 192, "caption": "Bernard Scholtz", "longCaption": "Bernard Scholtz", "credit": "International Cricket Council", "photographer": null, "peerUrls": null}, "countryTeamId": 28, "playerRoleTypeIds": [4], "playingRoles": ["bowler"], "headshotImage": {"id": 329759, "objectId": 1286759, "slug": "bernard-scholtz-player-page-headshot-cutout-2021", "url": "/db/PICTURES/CMS/329700/329759.png", "width": 600, "height": 436, "caption": "Bernard Scholtz player page headshot cutout 2021", "longCaption": "Bernard Scholtz player page headshot cutout 2021", "credit": null, "photographer": null, "peerUrls": {"FILM": null, "WIDE": null, "SQUARE": "/db/PICTURES/CMS/329700/329759.square.png"}}}, "overs": 3, "balls": 18, "maidens": 0, "conceded": 25, "wickets": 1, "currentType": 1}, {"player": {"id": 67403, "objectId": 553821, "name": "JJ Smit", "longName": "JJ Smit", "mobileName": "Smit", "indexName": "Smit, JJ", "battingName": "JJ Smit", "fieldingName": "Smit", "slug": "jj-smit", "imageUrl": "/db/PICTURES/CMS/179600/179653.1.jpg", "headshotImageUrl": "/db/PICTURES/CMS/329700/329762.png", "dateOfBirth": {"year": 1995, "month": 11, "date": 10}, "dateOfDeath": null, "gender": "M", "battingStyles": ["rhb"], "bowlingStyles": ["lmf"], "longBattingStyles": ["right-hand bat"], "longBowlingStyles": ["left-arm medium-fast"], "image": {"id": 179653, "objectId": 721499, "slug": "jj-smit", "url": "/db/PICTURES/CMS/179600/179653.1.jpg", "width": 160, "height": 192, "caption": "JJ Smit", "longCaption": "JJ Smit", "credit": "International Cricket Council", "photographer": null, "peerUrls": null}, "countryTeamId": 28, "playerRoleTypeIds": [11], "playingRoles": ["bowling allrounder"], "headshotImage": {"id": 329762, "objectId": 1286763, "slug": "jj-smit-player-page-headshot-cutout-2021", "url": "/db/PICTURES/CMS/329700/329762.png", "width": 600, "height": 436, "caption": "JJ Smit player page headshot cutout 2021", "longCaption": "JJ Smit player page headshot cutout 2021", "credit": null, "photographer": null, "peerUrls": {"FILM": null, "WIDE": null, "SQUARE": "/db/PICTURES/CMS/329700/329762.square.png"}}}, "overs": 3, "balls": 18, "maidens": 0, "conceded": 21, "wickets": 0, "currentType": 2}], "rollover": null}, "batsmanStatText": null, "bowlerStatText": null, "smartStats": []}, {"_uid": 35058570, "id": 35058570, "inningNumber": 1, "ballsActual": null, "ballsUnique": null, "oversUnique": 14.01, "oversActual": 14.1, "overNumber": 15, "ballNumber": 1, "totalRuns": 0, "batsmanRuns": 0, "isFour": false, "isSix": false, "isWicket": false, "dismissalType": null, "byes": 0, "legbyes": 0, "wides": 0, "noballs": 0, "penalties": 0, "wagonX": 210, "wagonY": 194, "wagonZone": 3, "pitchLine": "OUTSIDE_OFFSTUMP", "pitchLength": "GOOD_LENGTH", "shotType": "PUSH", "shotControl": 1, "timestamp": "2021-10-22T11:03:28.000Z", "modified": "2021-10-22T11:03:33.000Z", "batsmanPlayerId": 97447, "bowlerPlayerId": 48777, "outPlayerId": null, "totalInningRuns": 94, "totalInningWickets": 2, "predictions": {"score": 147, "winProbability": 31.96}, "title": "Wiese to Delany", "dismissalText": null, "commentPreTextItems": [{"type": "HTML", "html": "Wiese returns. He's got three overs left to bowl at the death."}], "commentTextItems": [{"type": "HTML", "html": "good length ball on off, defended into midwicket."}], "commentPostTextItems": null, "commentVideos": [], "commentImages": [], "events": [], "over": null, "batsmanStatText": null, "bowlerStatText": null, "smartStats": []}, {"_uid": 35058574, "id": 35058574, "inningNumber": 1, "ballsActual": null, "ballsUnique": null, "oversUnique": 14.02, "oversActual": 14.2, "overNumber": 15, "ballNumber": 2, "totalRuns": 0, "batsmanRuns": 0, "isFour": false, "isSix": false, "isWicket": true, "dismissalType": 2, "byes": 0, "legbyes": 0, "wides": 0, "noballs": 0, "penalties": 0, "wagonX": 0, "wagonY": 0, "wagonZone": 0, "pitchLine": "OUTSIDE_OFFSTUMP", "pitchLength": "GOOD_LENGTH", "shotType": "SLOG_SHOT", "shotControl": 2, "timestamp": "2021-10-22T11:04:04.000Z", "modified": "2021-10-22T11:04:07.000Z", "batsmanPlayerId": 97447, "bowlerPlayerId": 48777, "outPlayerId": 97447, "totalInningRuns": 94, "totalInningWickets": 3, "predictions": {"score": 148, "winProbability": 32.95}, "title": "Wiese to Delany", "dismissalText": {"short": "bowled", "long": " b Wiese", "commentary": "Gareth Delany b Wiese 9 (18b 0x4 0x6 23m) SR: 50"}, "commentPreTextItems": null, "commentTextItems": [{"type": "HTML", "html": "<b>what movement off the pitch!</b> Wiese bowls a length ball on fifth stump that jags back sharply as an offcutter and pierces the gap between bat and pad on Delany's ill-fated slog and clangs into leg stump."}], "commentPostTextItems": null, "commentVideos": [], "commentImages": [], "events": [], "over": null, "batsmanStatText": null, "bowlerStatText": null, "smartStats": []}, {"_uid": 35058583, "id": 35058583, "inningNumber": 1, "ballsActual": null, "ballsUnique": null, "oversUnique": 14.03, "oversActual": 14.3, "overNumber": 15, "ballNumber": 3, "totalRuns": 1, "batsmanRuns": 1, "isFour": false, "isSix": false, "isWicket": false, "dismissalType": null, "byes": 0, "legbyes": 0, "wides": 0, "noballs": 0, "penalties": 0, "wagonX": 218, "wagonY": 318, "wagonZone": 4, "pitchLine": "OUTSIDE_OFFSTUMP", "pitchLength": "FULL", "shotType": "ON_DRIVE", "shotControl": 1, "timestamp": "2021-10-22T11:05:49.000Z", "modified": "2021-10-22T11:05:54.000Z", "batsmanPlayerId": 69644, "bowlerPlayerId": 48777, "outPlayerId": null, "totalInningRuns": 95, "totalInningWickets": 3, "predictions": {"score": 146, "winProbability": 30.99}, "title": "Wiese to Campher", "dismissalText": null, "commentPreTextItems": [{"type": "HTML", "html": "Curtis Campher in."}], "commentTextItems": [{"type": "HTML", "html": "full on off stump, driven to long-on."}], "commentPostTextItems": null, "commentVideos": [], "commentImages": [], "events": [], "over": null, "batsmanStatText": null, "bowlerStatText": null, "smartStats": []}, {"_uid": 35058587, "id": 35058587, "inningNumber": 1, "ballsActual": null, "ballsUnique": null, "oversUnique": 14.04, "oversActual": 14.4, "overNumber": 15, "ballNumber": 4, "totalRuns": 0, "batsmanRuns": 0, "isFour": false, "isSix": false, "isWicket": false, "dismissalType": null, "byes": 0, "legbyes": 0, "wides": 0, "noballs": 0, "penalties": 0, "wagonX": 137, "wagonY": 195, "wagonZone": 6, "pitchLine": "OUTSIDE_OFFSTUMP", "pitchLength": "FULL", "shotType": "COVER_DRIVE", "shotControl": 1, "timestamp": "2021-10-22T11:06:23.000Z", "modified": "2021-10-22T11:06:28.000Z", "batsmanPlayerId": 52628, "bowlerPlayerId": 48777, "outPlayerId": null, "totalInningRuns": 95, "totalInningWickets": 3, "predictions": {"score": 145, "winProbability": 30.04}, "title": "Wiese to Balbirnie", "dismissalText": null, "commentPreTextItems": null, "commentTextItems": [{"type": "HTML", "html": "good length ball punched to extra cover."}], "commentPostTextItems": null, "commentVideos": [], "commentImages": [], "events": [], "over": null, "batsmanStatText": null, "bowlerStatText": null, "smartStats": []}, {"_uid": 35058590, "id": 35058590, "inningNumber": 1, "ballsActual": null, "ballsUnique": null, "oversUnique": 14.05, "oversActual": 14.5, "overNumber": 15, "ballNumber": 5, "totalRuns": 0, "batsmanRuns": 0, "isFour": false, "isSix": false, "isWicket": false, "dismissalType": null, "byes": 0, "legbyes": 0, "wides": 0, "noballs": 0, "penalties": 0, "wagonX": 111, "wagonY": 190, "wagonZone": 6, "pitchLine": "OUTSIDE_OFFSTUMP", "pitchLength": "SHORT_OF_A_GOOD_LENGTH", "shotType": "COVER_DRIVE", "shotControl": 2, "timestamp": "2021-10-22T11:06:48.000Z", "modified": "2021-10-22T11:06:51.000Z", "batsmanPlayerId": 52628, "bowlerPlayerId": 48777, "outPlayerId": null, "totalInningRuns": 95, "totalInningWickets": 3, "predictions": {"score": 143, "winProbability": 28.18}, "title": "Wiese to Balbirnie", "dismissalText": null, "commentPreTextItems": null, "commentTextItems": [{"type": "HTML", "html": "good length ball on fourth stump, punches it to extra cover again."}], "commentPostTextItems": null, "commentVideos": [], "commentImages": [], "events": [], "over": null, "batsmanStatText": null, "bowlerStatText": null, "smartStats": []}, {"_uid": 35058595, "id": 35058595, "inningNumber": 1, "ballsActual": null, "ballsUnique": null, "oversUnique": 14.06, "oversActual": 14.6, "overNumber": 15, "ballNumber": 6, "totalRuns": 0, "batsmanRuns": 0, "isFour": false, "isSix": false, "isWicket": false, "dismissalType": null, "byes": 0, "legbyes": 0, "wides": 0, "noballs": 0, "penalties": 0, "wagonX": 123, "wagonY": 189, "wagonZone": 6, "pitchLine": "OUTSIDE_OFFSTUMP", "pitchLength": "GOOD_LENGTH", "shotType": "COVER_DRIVE", "shotControl": 1, "timestamp": "2021-10-22T11:07:23.000Z", "modified": "2021-10-22T11:07:27.000Z", "batsmanPlayerId": 52628, "bowlerPlayerId": 48777, "outPlayerId": null, "totalInningRuns": 95, "totalInningWickets": 3, "predictions": {"score": 142, "winProbability": 27.28}, "title": "Wiese to Balbirnie", "dismissalText": null, "commentPreTextItems": null, "commentTextItems": [{"type": "HTML", "html": "offcutter on fifth stump, punches it to extra cover again."}], "commentPostTextItems": [{"type": "HTML", "html": "Shahrukh Fazli: \"What you think about the performance of David Wiese in Namibia?\" What's not to like about one run and a wicket in a 15th over if you're a Namibia fan?"}], "commentVideos": [], "commentImages": [], "events": [], "over": {"team": {"id": 29, "objectId": 29, "scribeId": 29, "slug": "ireland", "name": "Ireland", "longName": "Ireland", "abbreviation": "IRE", "unofficialName": "", "imageUrl": "/db/PICTURES/CMS/313100/313149.logo.png", "isCountry": true, "primaryColor": null, "image": {"id": 313149, "objectId": 1241608, "slug": "ireland-logo", "url": "/db/PICTURES/CMS/313100/313149.logo.png", "width": 500, "height": 500, "caption": "Ireland logo", "longCaption": "Ireland logo", "credit": null, "photographer": null, "peerUrls": null}, "country": {"id": 29, "objectId": 29, "name": "Ireland", "shortName": "Ireland", "abbreviation": "IRE", "slug": "ireland"}}, "inningNumber": 1, "overNumber": 15, "overRuns": 1, "overWickets": 1, "totalRuns": 95, "totalWickets": 3, "target": 0, "overLimit": 20, "ballLimit": 120, "isMaiden": false, "isComplete": true, "isSuperOver": false, "overEndBatsmen": [{"player": {"id": 52628, "objectId": 303423, "name": "A Balbirnie", "longName": "Andy Balbirnie", "mobileName": "Balbirnie", "indexName": "Balbirnie, A", "battingName": "A Balbirnie", "fieldingName": "Balbirnie", "slug": "andy-balbirnie", "imageUrl": "/db/PICTURES/CMS/305200/305250.jpg", "headshotImageUrl": "/db/PICTURES/CMS/316600/316637.png", "dateOfBirth": {"year": 1990, "month": 12, "date": 28}, "dateOfDeath": null, "gender": "M", "battingStyles": ["rhb"], "bowlingStyles": ["ob"], "longBattingStyles": ["right-hand bat"], "longBowlingStyles": ["right-arm offbreak"], "image": {"id": 305250, "objectId": 1224824, "slug": "andy-balbirnie-portrait", "url": "/db/PICTURES/CMS/305200/305250.jpg", "width": 160, "height": 200, "caption": "Andy Balbirnie portrait", "longCaption": "Andy Balbirnie, June 2020", "credit": "Getty Images", "photographer": null, "peerUrls": null}, "countryTeamId": 29, "playerRoleTypeIds": [8], "playingRoles": ["batter"], "headshotImage": {"id": 316637, "objectId": 1251270, "slug": "a-balbirnie-headshot", "url": "/db/PICTURES/CMS/316600/316637.png", "width": 600, "height": 436, "caption": "A Balbirnie headshot", "longCaption": "A Balbirnie headshot", "credit": null, "photographer": null, "peerUrls": {"FILM": null, "WIDE": null, "SQUARE": null}}}, "runs": 18, "balls": 23, "fours": 2, "sixes": 0}, {"player": {"id": 69644, "objectId": 595921, "name": "C Campher", "longName": "Curtis Campher", "mobileName": "Campher", "indexName": "Campher. C", "battingName": "C Campher", "fieldingName": "Campher", "slug": "curtis-campher", "imageUrl": "/db/PICTURES/CMS/306900/306931.1.jpg", "headshotImageUrl": "/db/PICTURES/CMS/321300/321343.png", "dateOfBirth": {"year": 1999, "month": 4, "date": 20}, "dateOfDeath": null, "gender": "M", "battingStyles": ["rhb"], "bowlingStyles": ["rmf"], "longBattingStyles": ["right-hand bat"], "longBowlingStyles": ["right-arm medium-fast"], "image": {"id": 306931, "objectId": 1228023, "slug": "curtis-campher-player-portrait", "url": "/db/PICTURES/CMS/306900/306931.1.jpg", "width": 160, "height": 200, "caption": "Curtis Campher player portrait", "longCaption": "Curtis Campher player portrait", "credit": "Getty Images", "photographer": null, "peerUrls": null}, "countryTeamId": 29, "playerRoleTypeIds": [5], "playingRoles": ["allrounder"], "headshotImage": {"id": 321343, "objectId": 1262935, "slug": "curtis-campher-player-page-headshot-cutout-2021", "url": "/db/PICTURES/CMS/321300/321343.png", "width": 600, "height": 436, "caption": "Curtis Campher player page headshot cutout, 2021", "longCaption": "Curtis Campher player page headshot cutout, 2021", "credit": null, "photographer": null, "peerUrls": {"FILM": null, "WIDE": null, "SQUARE": "/db/PICTURES/CMS/321300/321343.square.png"}}}, "runs": 1, "balls": 1, "fours": 0, "sixes": 0}], "overEndBowlers": [{"player": {"id": 48777, "objectId": 221140, "name": "D Wiese", "longName": "David Wiese", "mobileName": "Wiese", "indexName": "Wiese, D", "battingName": "D Wiese", "fieldingName": "Wiese", "slug": "david-wiese", "imageUrl": "/db/PICTURES/CMS/312100/312185.png", "headshotImageUrl": "/db/PICTURES/CMS/322000/322079.png", "dateOfBirth": {"year": 1985, "month": 5, "date": 18}, "dateOfDeath": null, "gender": "M", "battingStyles": ["rhb"], "bowlingStyles": ["rmf"], "longBattingStyles": ["right-hand bat"], "longBowlingStyles": ["right-arm medium-fast"], "image": {"id": 312185, "objectId": 1239252, "slug": "david-wiese-portrait", "url": "/db/PICTURES/CMS/312100/312185.png", "width": 160, "height": 200, "caption": "David Wiese portrait", "longCaption": "David Wiese portrait, November 2020", "credit": "Getty Images", "photographer": null, "peerUrls": null}, "countryTeamId": 28, "playerRoleTypeIds": [5], "playingRoles": ["allrounder"], "headshotImage": {"id": 322079, "objectId": 1264453, "slug": "david-wiese-player-page-headshot-cutout-2021", "url": "/db/PICTURES/CMS/322000/322079.png", "width": 600, "height": 436, "caption": "David Wiese player page headshot cutout, 2021", "longCaption": "David Wiese player page headshot cutout, 2021", "credit": null, "photographer": null, "peerUrls": {"FILM": null, "WIDE": null, "SQUARE": "/db/PICTURES/CMS/322000/322079.square.png"}}}, "overs": 2, "balls": 12, "maidens": 0, "conceded": 7, "wickets": 1, "currentType": 1}, {"player": {"id": 54563, "objectId": 330223, "name": "BM Scholtz", "longName": "Bernard Scholtz", "mobileName": "Scholtz", "indexName": "Scholtz, BM", "battingName": "BM Scholtz", "fieldingName": "Scholtz", "slug": "bernard-scholtz", "imageUrl": "/db/PICTURES/CMS/173100/173105.1.jpg", "headshotImageUrl": "/db/PICTURES/CMS/329700/329759.png", "dateOfBirth": {"year": 1990, "month": 10, "date": 3}, "dateOfDeath": null, "gender": "M", "battingStyles": ["rhb"], "bowlingStyles": ["sla"], "longBattingStyles": ["right-hand bat"], "longBowlingStyles": ["slow left-arm orthodox"], "image": {"id": 173105, "objectId": 694977, "slug": "bernard-scholtz", "url": "/db/PICTURES/CMS/173100/173105.1.jpg", "width": 160, "height": 192, "caption": "Bernard Scholtz", "longCaption": "Bernard Scholtz", "credit": "International Cricket Council", "photographer": null, "peerUrls": null}, "countryTeamId": 28, "playerRoleTypeIds": [4], "playingRoles": ["bowler"], "headshotImage": {"id": 329759, "objectId": 1286759, "slug": "bernard-scholtz-player-page-headshot-cutout-2021", "url": "/db/PICTURES/CMS/329700/329759.png", "width": 600, "height": 436, "caption": "Bernard Scholtz player page headshot cutout 2021", "longCaption": "Bernard Scholtz player page headshot cutout 2021", "credit": null, "photographer": null, "peerUrls": {"FILM": null, "WIDE": null, "SQUARE": "/db/PICTURES/CMS/329700/329759.square.png"}}}, "overs": 3, "balls": 18, "maidens": 0, "conceded": 25, "wickets": 1, "currentType": 2}], "rollover": null}, "batsmanStatText": null, "bowlerStatText": null, "smartStats": []}]