[{"_uid": 35078560, "id": 35078560, "inningNumber": 1, "ballsActual": null, "ballsUnique": null, "oversUnique": 7.01, "oversActual": 7.1, "overNumber": 8, "ballNumber": 1, "totalRuns": 0, "batsmanRuns": 0, "isFour": false, "isSix": false, "isWicket": false, "dismissalType": null, "byes": 0, "legbyes": 0, "wides": 0, "noballs": 0, "penalties": 0, "wagonX": 216, "wagonY": 191, "wagonZone": 3, "pitchLine": "OUTSIDE_OFFSTUMP", "pitchLength": "SHORT_OF_A_GOOD_LENGTH", "shotType": "FLICK", "shotControl": 1, "timestamp": "2021-10-26T10:29:47.000Z", "modified": "2021-10-26T10:29:50.000Z", "batsmanPlayerId": 45256, "bowlerPlayerId": 63651, "outPlayerId": null, "totalInningRuns": 46, "totalInningWickets": 0, "predictions": {"score": 152, "winProbability": 39.47}, "title": "Nortje to Simmons", "dismissalText": null, "commentPreTextItems": null, "commentTextItems": [{"type": "HTML", "html": "back of a length, 146kph, he's back and working this to midwicket"}], "commentPostTextItems": [{"type": "HTML", "html": "Andrew Brooks: \"Superb tactical drop from Klaasen, keep Simmons out there taking up deliveries....\""}], "commentVideos": [], "commentImages": [], "events": [], "over": null, "batsmanStatText": null, "bowlerStatText": null, "smartStats": []}, {"_uid": 35078562, "id": 35078562, "inningNumber": 1, "ballsActual": null, "ballsUnique": null, "oversUnique": 7.02, "oversActual": 7.2, "overNumber": 8, "ballNumber": 2, "totalRuns": 0, "batsmanRuns": 0, "isFour": false, "isSix": false, "isWicket": false, "dismissalType": null, "byes": 0, "legbyes": 0, "wides": 0, "noballs": 0, "penalties": 0, "wagonX": 171, "wagonY": 167, "wagonZone": 6, "pitchLine": "ON_THE_STUMPS", "pitchLength": "YORKER", "shotType": "PUSH", "shotControl": 2, "timestamp": "2021-10-26T10:30:27.000Z", "modified": "2021-10-26T10:30:39.000Z", "batsmanPlayerId": 45256, "bowlerPlayerId": 63651, "outPlayerId": null, "totalInningRuns": 46, "totalInningWickets": 0, "predictions": {"score": 150, "winProbability": 37.33}, "title": "Nortje to Simmons", "dismissalText": null, "commentPreTextItems": null, "commentTextItems": [{"type": "HTML", "html": "yorker, speared into the toes, 145kph, he can't turn this to the leg side."}], "commentPostTextItems": null, "commentVideos": [], "commentImages": [], "events": [], "over": null, "batsmanStatText": null, "bowlerStatText": null, "smartStats": []}, {"_uid": 35078564, "id": 35078564, "inningNumber": 1, "ballsActual": null, "ballsUnique": null, "oversUnique": 7.03, "oversActual": 7.3, "overNumber": 8, "ballNumber": 3, "totalRuns": 0, "batsmanRuns": 0, "isFour": false, "isSix": false, "isWicket": false, "dismissalType": null, "byes": 0, "legbyes": 0, "wides": 0, "noballs": 0, "penalties": 0, "wagonX": 0, "wagonY": 0, "wagonZone": 0, "pitchLine": "OUTSIDE_OFFSTUMP", "pitchLength": "SHORT_OF_A_GOOD_LENGTH", "shotType": "CUT_SHOT", "shotControl": 2, "timestamp": "2021-10-26T10:30:59.000Z", "modified": "2021-10-26T10:31:02.000Z", "batsmanPlayerId": 45256, "bowlerPlayerId": 63651, "outPlayerId": null, "totalInningRuns": 46, "totalInningWickets": 0, "predictions": {"score": 149, "winProbability": 36.28}, "title": "Nortje to Simmons", "dismissalText": null, "commentPreTextItems": [{"type": "HTML", "html": "Universe Boss: \"It's time to hit-out or get out for Simmons - Universe Boss is waiting to unleash carnage \""}], "commentTextItems": [{"type": "HTML", "html": "he backs away at a 142kph, back of a length ball outside off, tries to cut but misses"}], "commentPostTextItems": null, "commentVideos": [], "commentImages": [], "events": [], "over": null, "batsmanStatText": null, "bowlerStatText": null, "smartStats": []}, {"_uid": 35078565, "id": 35078565, "inningNumber": 1, "ballsActual": null, "ballsUnique": null, "oversUnique": 7.04, "oversActual": 7.4, "overNumber": 8, "ballNumber": 4, "totalRuns": 1, "batsmanRuns": 1, "isFour": false, "isSix": false, "isWicket": false, "dismissalType": null, "byes": 0, "legbyes": 0, "wides": 0, "noballs": 0, "penalties": 0, "wagonX": 119, "wagonY": 166, "wagonZone": 6, "pitchLine": "OUTSIDE_OFFSTUMP", "pitchLength": "SHORT_OF_A_GOOD_LENGTH", "shotType": "PUSH", "shotControl": 1, "timestamp": "2021-10-26T10:31:38.000Z", "modified": "2021-10-26T10:32:15.000Z", "batsmanPlayerId": 45256, "bowlerPlayerId": 63651, "outPlayerId": null, "totalInningRuns": 47, "totalInningWickets": 0, "predictions": {"score": 148, "winProbability": 35.25}, "title": "Nortje to Simmons", "dismissalText": null, "commentPreTextItems": null, "commentTextItems": [{"type": "HTML", "html": "back of a length, fourth stump, he's back and pushing to the gap at point for a single"}], "commentPostTextItems": null, "commentVideos": [], "commentImages": [], "events": [], "over": null, "batsmanStatText": null, "bowlerStatText": null, "smartStats": []}, {"_uid": 35078568, "id": 35078568, "inningNumber": 1, "ballsActual": null, "ballsUnique": null, "oversUnique": 7.05, "oversActual": 7.5, "overNumber": 8, "ballNumber": 5, "totalRuns": 0, "batsmanRuns": 0, "isFour": false, "isSix": false, "isWicket": false, "dismissalType": null, "byes": 0, "legbyes": 0, "wides": 0, "noballs": 0, "penalties": 0, "wagonX": 0, "wagonY": 0, "wagonZone": 0, "pitchLine": "OUTSIDE_OFFSTUMP", "pitchLength": "YORKER", "shotType": "PUSH", "shotControl": 2, "timestamp": "2021-10-26T10:32:32.000Z", "modified": "2021-10-26T10:32:36.000Z", "batsmanPlayerId": 61413, "bowlerPlayerId": 63651, "outPlayerId": null, "totalInningRuns": 47, "totalInningWickets": 0, "predictions": {"score": 147, "winProbability": 34.22}, "title": "Nortje to Lewis", "dismissalText": null, "commentPreTextItems": null, "commentTextItems": [{"type": "HTML", "html": "full wide yorker, 152kph, beats Lewis for pace"}], "commentPostTextItems": null, "commentVideos": [], "commentImages": [], "events": [], "over": null, "batsmanStatText": null, "bowlerStatText": null, "smartStats": []}, {"_uid": 35078570, "id": 35078570, "inningNumber": 1, "ballsActual": null, "ballsUnique": null, "oversUnique": 7.06, "oversActual": 7.6, "overNumber": 8, "ballNumber": 6, "totalRuns": 0, "batsmanRuns": 0, "isFour": false, "isSix": false, "isWicket": false, "dismissalType": null, "byes": 0, "legbyes": 0, "wides": 0, "noballs": 0, "penalties": 0, "wagonX": 0, "wagonY": 0, "wagonZone": 0, "pitchLine": "DOWN_LEG", "pitchLength": "SHORT_OF_A_GOOD_LENGTH", "shotType": "PULL", "shotControl": 2, "timestamp": "2021-10-26T10:33:10.000Z", "modified": "2021-10-26T10:33:14.000Z", "batsmanPlayerId": 61413, "bowlerPlayerId": 63651, "outPlayerId": null, "totalInningRuns": 47, "totalInningWickets": 0, "predictions": {"score": 146, "winProbability": 33.22}, "title": "Nortje to Lewis", "dismissalText": null, "commentPreTextItems": null, "commentTextItems": [{"type": "HTML", "html": "145kph, back of a length into the thigh pad, it bounces off the thigh high up in the air and lands just away from the stumps"}], "commentPostTextItems": [{"type": "HTML", "html": "Good over from Nortje."}], "commentVideos": [], "commentImages": [], "events": [], "over": {"team": {"id": 4, "objectId": 4, "scribeId": 4, "slug": "west-indies", "name": "West Indies", "longName": "West Indies", "abbreviation": "WI", "unofficialName": "", "imageUrl": "/db/PICTURES/CMS/317600/317615.png", "isCountry": true, "primaryColor": "#790d1a", "image": {"id": 317615, "objectId": 1254181, "slug": "west-indies-team-logo", "url": "/db/PICTURES/CMS/317600/317615.png", "width": 500, "height": 500, "caption": "West Indies team logo", "longCaption": "West Indies team logo", "credit": "West Indies Cricket", "photographer": null, "peerUrls": null}, "country": {"id": 4, "objectId": 4, "name": "West Indies", "shortName": "West Indies", "abbreviation": "WI", "slug": "west-indies"}}, "inningNumber": 1, "overNumber": 8, "overRuns": 1, "overWickets": 0, "totalRuns": 47, "totalWickets": 0, "target": 0, "overLimit": 20, "ballLimit": 120, "isMaiden": false, "isComplete": true, "isSuperOver": false, "overEndBatsmen": [{"player": {"id": 61413, "objectId": 431901, "name": "E Lewis", "longName": "Evin Lewis", "mobileName": "Lewis", "indexName": "Lewis, E", "battingName": "E Lewis", "fieldingName": "Lewis", "slug": "evin-lewis", "imageUrl": "/db/PICTURES/CMS/232700/232753.jpg", "headshotImageUrl": "/db/PICTURES/CMS/320000/320093.png", "dateOfBirth": {"year": 1991, "month": 12, "date": 27}, "dateOfDeath": null, "gender": "M", "battingStyles": ["lhb"], "bowlingStyles": [], "longBattingStyles": ["left-hand bat"], "longBowlingStyles": [], "image": {"id": 232753, "objectId": 966389, "slug": "evin-lewis-profile-photo", "url": "/db/PICTURES/CMS/232700/232753.jpg", "width": 160, "height": 200, "caption": "Evin Lewis profile photo", "longCaption": "Evin Lewis profile photo", "credit": "Craig Cozier", "photographer": null, "peerUrls": null}, "countryTeamId": 4, "playerRoleTypeIds": [1], "playingRoles": ["opening batter"], "headshotImage": {"id": 320093, "objectId": 1260548, "slug": "evin-lewis-player-page-headshot-cutout-2021", "url": "/db/PICTURES/CMS/320000/320093.png", "width": 600, "height": 436, "caption": "Evin Lewis player page headshot cutout, 2021", "longCaption": "Evin Lewis player page headshot cutout, 2021", "credit": null, "photographer": null, "peerUrls": {"FILM": null, "WIDE": null, "SQUARE": "/db/PICTURES/CMS/320000/320093.square.png"}}}, "runs": 36, "balls": 27, "fours": 3, "sixes": 3}, {"player": {"id": 45256, "objectId": 53116, "name": "LMP Simmons", "longName": "Lendl Simmons", "mobileName": "Simmons", "indexName": "Simmons, LMP", "battingName": "LMP Simmons", "fieldingName": "Simmons", "slug": "lendl-simmons", "imageUrl": "/db/PICTURES/CMS/203200/203285.1.jpg", "headshotImageUrl": "/db/PICTURES/CMS/316500/316545.png", "dateOfBirth": {"year": 1985, "month": 1, "date": 25}, "dateOfDeath": null, "gender": "M", "battingStyles": ["rhb"], "bowlingStyles": ["rmf"], "longBattingStyles": ["right-hand bat"], "longBowlingStyles": ["right-arm medium-fast"], "image": {"id": 203285, "objectId": 818687, "slug": "lendl-simmons", "url": "/db/PICTURES/CMS/203200/203285.1.jpg", "width": 160, "height": 192, "caption": "Lendl Simmons", "longCaption": "Lendl Simmons", "credit": "Getty Images", "photographer": null, "peerUrls": null}, "countryTeamId": 4, "playerRoleTypeIds": [2], "playingRoles": ["top-order batter"], "headshotImage": {"id": 316545, "objectId": 1251174, "slug": "lmp-simmons-headshot", "url": "/db/PICTURES/CMS/316500/316545.png", "width": 600, "height": 436, "caption": "LMP Simmons headshot", "longCaption": "LMP Simmons headshot", "credit": null, "photographer": null, "peerUrls": {"FILM": null, "WIDE": null, "SQUARE": null}}}, "runs": 8, "balls": 21, "fours": 0, "sixes": 0}], "overEndBowlers": [{"player": {"id": 63651, "objectId": 481979, "name": "A Nortje", "longName": "Anrich Nortje", "mobileName": "Nortje", "indexName": "Nortje, A", "battingName": "A Nortje", "fieldingName": "Nortje", "slug": "anrich-nortje", "imageUrl": "/db/PICTURES/CMS/317900/317968.jpg", "headshotImageUrl": "/db/PICTURES/CMS/322000/322080.png", "dateOfBirth": {"year": 1993, "month": 11, "date": 16}, "dateOfDeath": null, "gender": "M", "battingStyles": ["rhb"], "bowlingStyles": ["rf"], "longBattingStyles": ["right-hand bat"], "longBowlingStyles": ["right-arm fast"], "image": {"id": 317968, "objectId": 1254936, "slug": "anrich-nortje-portrait", "url": "/db/PICTURES/CMS/317900/317968.jpg", "width": 160, "height": 200, "caption": "Anrich Nortje portrait", "longCaption": "Anrich Nortje portrait, November 19, 2020", "credit": "Cricket South Africa", "photographer": null, "peerUrls": null}, "countryTeamId": 3, "playerRoleTypeIds": [4], "playingRoles": ["bowler"], "headshotImage": {"id": 322080, "objectId": 1264454, "slug": "anrich-nortje-player-page-headshot-cutout-2021", "url": "/db/PICTURES/CMS/322000/322080.png", "width": 600, "height": 436, "caption": "Anrich Nortje player page headshot cutout, 2021", "longCaption": "Anrich Nortje player page headshot cutout, 2021", "credit": null, "photographer": null, "peerUrls": {"FILM": null, "WIDE": null, "SQUARE": "/db/PICTURES/CMS/322000/322080.square.png"}}}, "overs": 2, "balls": 12, "maidens": 0, "conceded": 7, "wickets": 0, "currentType": 1}, {"player": {"id": 50309, "objectId": 267724, "name": "KA Maharaj", "longName": "Keshav Maharaj", "mobileName": "Maharaj", "indexName": "Maharaj, KA", "battingName": "KA Maharaj", "fieldingName": "Maharaj", "slug": "keshav-maharaj", "imageUrl": "/db/PICTURES/CMS/317900/317953.jpg", "headshotImageUrl": "/db/PICTURES/CMS/322000/322072.png", "dateOfBirth": {"year": 1990, "month": 2, "date": 7}, "dateOfDeath": null, "gender": "M", "battingStyles": ["rhb"], "bowlingStyles": ["sla"], "longBattingStyles": ["right-hand bat"], "longBowlingStyles": ["slow left-arm orthodox"], "image": {"id": 317953, "objectId": 1254921, "slug": "keshav-maharaj-portrait", "url": "/db/PICTURES/CMS/317900/317953.jpg", "width": 160, "height": 200, "caption": "Keshav Maharaj portrait", "longCaption": "Keshav Maharaj portrait, November 19, 2020", "credit": "Cricket South Africa", "photographer": null, "peerUrls": null}, "countryTeamId": 3, "playerRoleTypeIds": [4], "playingRoles": ["bowler"], "headshotImage": {"id": 322072, "objectId": 1264443, "slug": "keshav-maharaj-player-page-headshot-cutout-2021", "url": "/db/PICTURES/CMS/322000/322072.png", "width": 600, "height": 436, "caption": "Keshav Maharaj player page headshot cutout, 2021", "longCaption": "Keshav Maharaj player page headshot cutout, 2021", "credit": null, "photographer": null, "peerUrls": {"FILM": null, "WIDE": null, "SQUARE": "/db/PICTURES/CMS/322000/322072.square.png"}}}, "overs": 1, "balls": 6, "maidens": 0, "conceded": 3, "wickets": 0, "currentType": 2}], "rollover": null}, "batsmanStatText": null, "bowlerStatText": null, "smartStats": []}, {"_uid": 35078572, "id": 35078572, "inningNumber": 1, "ballsActual": null, "ballsUnique": null, "oversUnique": 8.01, "oversActual": 8.1, "overNumber": 9, "ballNumber": 1, "totalRuns": 0, "batsmanRuns": 0, "isFour": false, "isSix": false, "isWicket": false, "dismissalType": null, "byes": 0, "legbyes": 0, "wides": 0, "noballs": 0, "penalties": 0, "wagonX": 181, "wagonY": 196, "wagonZone": 4, "pitchLine": "ON_THE_STUMPS", "pitchLength": "SHORT_OF_A_GOOD_LENGTH", "shotType": "PUSH", "shotControl": 1, "timestamp": "2021-10-26T10:34:08.000Z", "modified": "2021-10-26T10:34:11.000Z", "batsmanPlayerId": 45256, "bowlerPlayerId": 50309, "outPlayerId": null, "totalInningRuns": 47, "totalInningWickets": 0, "predictions": {"score": 145, "winProbability": 32.22}, "title": "Maharaj to Simmons", "dismissalText": null, "commentPreTextItems": null, "commentTextItems": [{"type": "HTML", "html": "advances early, Maharaj drags the length, back, Simmons stands up and defends"}], "commentPostTextItems": null, "commentVideos": [], "commentImages": [], "events": [], "over": null, "batsmanStatText": null, "bowlerStatText": null, "smartStats": []}, {"_uid": 35078574, "id": 35078574, "inningNumber": 1, "ballsActual": null, "ballsUnique": null, "oversUnique": 8.02, "oversActual": 8.2, "overNumber": 9, "ballNumber": 2, "totalRuns": 1, "batsmanRuns": 1, "isFour": false, "isSix": false, "isWicket": false, "dismissalType": null, "byes": 0, "legbyes": 0, "wides": 0, "noballs": 0, "penalties": 0, "wagonX": 131, "wagonY": 202, "wagonZone": 6, "pitchLine": "ON_THE_STUMPS", "pitchLength": "SHORT_OF_A_GOOD_LENGTH", "shotType": "COVER_DRIVE", "shotControl": 1, "timestamp": "2021-10-26T10:34:19.000Z", "modified": "2021-10-26T10:34:21.000Z", "batsmanPlayerId": 45256, "bowlerPlayerId": 50309, "outPlayerId": null, "totalInningRuns": 48, "totalInningWickets": 0, "predictions": {"score": 145, "winProbability": 32.22}, "title": "Maharaj to Simmons", "dismissalText": null, "commentPreTextItems": null, "commentTextItems": [{"type": "HTML", "html": "shorter on leg, he backs away and mistimes a back foot drive to cover-point"}], "commentPostTextItems": null, "commentVideos": [], "commentImages": [], "events": [], "over": null, "batsmanStatText": null, "bowlerStatText": null, "smartStats": []}, {"_uid": 35078575, "id": 35078575, "inningNumber": 1, "ballsActual": null, "ballsUnique": null, "oversUnique": 8.03, "oversActual": 8.3, "overNumber": 9, "ballNumber": 3, "totalRuns": 1, "batsmanRuns": 1, "isFour": false, "isSix": false, "isWicket": false, "dismissalType": null, "byes": 0, "legbyes": 0, "wides": 0, "noballs": 0, "penalties": 0, "wagonX": 66, "wagonY": 90, "wagonZone": 7, "pitchLine": "OUTSIDE_OFFSTUMP", "pitchLength": "GOOD_LENGTH", "shotType": "SLOG_SWEEP", "shotControl": 2, "timestamp": "2021-10-26T10:34:47.000Z", "modified": "2021-10-26T10:34:49.000Z", "batsmanPlayerId": 61413, "bowlerPlayerId": 50309, "outPlayerId": null, "totalInningRuns": 49, "totalInningWickets": 0, "predictions": {"score": 145, "winProbability": 32.22}, "title": "Maharaj to Lewis", "dismissalText": null, "commentPreTextItems": null, "commentTextItems": [{"type": "HTML", "html": "tossed up on off, he tries to slog sweep but drags it along the ground behind square"}], "commentPostTextItems": null, "commentVideos": [], "commentImages": [], "events": [], "over": null, "batsmanStatText": null, "bowlerStatText": null, "smartStats": []}, {"_uid": 35078577, "id": 35078577, "inningNumber": 1, "ballsActual": null, "ballsUnique": null, "oversUnique": 8.04, "oversActual": 8.4, "overNumber": 9, "ballNumber": 4, "totalRuns": 1, "batsmanRuns": 1, "isFour": false, "isSix": false, "isWicket": false, "dismissalType": null, "byes": 0, "legbyes": 0, "wides": 0, "noballs": 0, "penalties": 0, "wagonX": 207, "wagonY": 200, "wagonZone": 4, "pitchLine": "ON_THE_STUMPS", "pitchLength": "GOOD_LENGTH", "shotType": "PUSH", "shotControl": 1, "timestamp": "2021-10-26T10:35:09.000Z", "modified": "2021-10-26T10:35:13.000Z", "batsmanPlayerId": 45256, "bowlerPlayerId": 50309, "outPlayerId": null, "totalInningRuns": 50, "totalInningWickets": 0, "predictions": {"score": 145, "winProbability": 32.22}, "title": "Maharaj to Simmons", "dismissalText": null, "commentPreTextItems": null, "commentTextItems": [{"type": "HTML", "html": "drifting into leg, he pushes this down the on side of the pitch, Maharaj misfields"}], "commentPostTextItems": [{"type": "HTML", "html": "<strong>50 is up for WI</strong>"}], "commentVideos": [], "commentImages": [], "events": [], "over": null, "batsmanStatText": null, "bowlerStatText": null, "smartStats": []}, {"_uid": 35078578, "id": 35078578, "inningNumber": 1, "ballsActual": null, "ballsUnique": null, "oversUnique": 8.05, "oversActual": 8.5, "overNumber": 9, "ballNumber": 5, "totalRuns": 6, "batsmanRuns": 6, "isFour": false, "isSix": true, "isWicket": false, "dismissalType": null, "byes": 0, "legbyes": 0, "wides": 0, "noballs": 0, "penalties": 0, "wagonX": 102, "wagonY": 344, "wagonZone": 5, "pitchLine": "ON_THE_STUMPS", "pitchLength": "FULL", "shotType": "ON_DRIVE", "shotControl": 1, "timestamp": "2021-10-26T10:35:45.000Z", "modified": "2021-10-26T10:35:49.000Z", "batsmanPlayerId": 61413, "bowlerPlayerId": 50309, "outPlayerId": null, "totalInningRuns": 56, "totalInningWickets": 0, "predictions": {"score": 151, "winProbability": 38.39}, "title": "Maharaj to Lewis", "dismissalText": null, "commentPreTextItems": null, "commentTextItems": [{"type": "HTML", "html": "<strong>lofted beautifully over long on!</strong> Too full. He gave it some flight and Lewis didn't need to be asked twice, striding out to launch it high into the stands"}], "commentPostTextItems": null, "commentVideos": [], "commentImages": [], "events": [], "over": null, "batsmanStatText": null, "bowlerStatText": null, "smartStats": []}, {"_uid": 35078579, "id": 35078579, "inningNumber": 1, "ballsActual": null, "ballsUnique": null, "oversUnique": 8.06, "oversActual": 8.6, "overNumber": 9, "ballNumber": 6, "totalRuns": 0, "batsmanRuns": 0, "isFour": false, "isSix": false, "isWicket": false, "dismissalType": null, "byes": 0, "legbyes": 0, "wides": 0, "noballs": 0, "penalties": 0, "wagonX": 187, "wagonY": 191, "wagonZone": 4, "pitchLine": "OUTSIDE_OFFSTUMP", "pitchLength": "SHORT_OF_A_GOOD_LENGTH", "shotType": "STRAIGHT_DRIVE", "shotControl": 1, "timestamp": "2021-10-26T10:36:10.000Z", "modified": "2021-10-26T10:36:14.000Z", "batsmanPlayerId": 61413, "bowlerPlayerId": 50309, "outPlayerId": null, "totalInningRuns": 56, "totalInningWickets": 0, "predictions": {"score": 151, "winProbability": 38.39}, "title": "Maharaj to Lewis", "dismissalText": null, "commentPreTextItems": null, "commentTextItems": [{"type": "HTML", "html": "flatter on off, he's back and punching back to the bowler"}], "commentPostTextItems": null, "commentVideos": [], "commentImages": [], "events": [], "over": {"team": {"id": 4, "objectId": 4, "scribeId": 4, "slug": "west-indies", "name": "West Indies", "longName": "West Indies", "abbreviation": "WI", "unofficialName": "", "imageUrl": "/db/PICTURES/CMS/317600/317615.png", "isCountry": true, "primaryColor": "#790d1a", "image": {"id": 317615, "objectId": 1254181, "slug": "west-indies-team-logo", "url": "/db/PICTURES/CMS/317600/317615.png", "width": 500, "height": 500, "caption": "West Indies team logo", "longCaption": "West Indies team logo", "credit": "West Indies Cricket", "photographer": null, "peerUrls": null}, "country": {"id": 4, "objectId": 4, "name": "West Indies", "shortName": "West Indies", "abbreviation": "WI", "slug": "west-indies"}}, "inningNumber": 1, "overNumber": 9, "overRuns": 9, "overWickets": 0, "totalRuns": 56, "totalWickets": 0, "target": 0, "overLimit": 20, "ballLimit": 120, "isMaiden": false, "isComplete": true, "isSuperOver": false, "overEndBatsmen": [{"player": {"id": 61413, "objectId": 431901, "name": "E Lewis", "longName": "Evin Lewis", "mobileName": "Lewis", "indexName": "Lewis, E", "battingName": "E Lewis", "fieldingName": "Lewis", "slug": "evin-lewis", "imageUrl": "/db/PICTURES/CMS/232700/232753.jpg", "headshotImageUrl": "/db/PICTURES/CMS/320000/320093.png", "dateOfBirth": {"year": 1991, "month": 12, "date": 27}, "dateOfDeath": null, "gender": "M", "battingStyles": ["lhb"], "bowlingStyles": [], "longBattingStyles": ["left-hand bat"], "longBowlingStyles": [], "image": {"id": 232753, "objectId": 966389, "slug": "evin-lewis-profile-photo", "url": "/db/PICTURES/CMS/232700/232753.jpg", "width": 160, "height": 200, "caption": "Evin Lewis profile photo", "longCaption": "Evin Lewis profile photo", "credit": "Craig Cozier", "photographer": null, "peerUrls": null}, "countryTeamId": 4, "playerRoleTypeIds": [1], "playingRoles": ["opening batter"], "headshotImage": {"id": 320093, "objectId": 1260548, "slug": "evin-lewis-player-page-headshot-cutout-2021", "url": "/db/PICTURES/CMS/320000/320093.png", "width": 600, "height": 436, "caption": "Evin Lewis player page headshot cutout, 2021", "longCaption": "Evin Lewis player page headshot cutout, 2021", "credit": null, "photographer": null, "peerUrls": {"FILM": null, "WIDE": null, "SQUARE": "/db/PICTURES/CMS/320000/320093.square.png"}}}, "runs": 43, "balls": 30, "fours": 3, "sixes": 4}, {"player": {"id": 45256, "objectId": 53116, "name": "LMP Simmons", "longName": "Lendl Simmons", "mobileName": "Simmons", "indexName": "Simmons, LMP", "battingName": "LMP Simmons", "fieldingName": "Simmons", "slug": "lendl-simmons", "imageUrl": "/db/PICTURES/CMS/203200/203285.1.jpg", "headshotImageUrl": "/db/PICTURES/CMS/316500/316545.png", "dateOfBirth": {"year": 1985, "month": 1, "date": 25}, "dateOfDeath": null, "gender": "M", "battingStyles": ["rhb"], "bowlingStyles": ["rmf"], "longBattingStyles": ["right-hand bat"], "longBowlingStyles": ["right-arm medium-fast"], "image": {"id": 203285, "objectId": 818687, "slug": "lendl-simmons", "url": "/db/PICTURES/CMS/203200/203285.1.jpg", "width": 160, "height": 192, "caption": "Lendl Simmons", "longCaption": "Lendl Simmons", "credit": "Getty Images", "photographer": null, "peerUrls": null}, "countryTeamId": 4, "playerRoleTypeIds": [2], "playingRoles": ["top-order batter"], "headshotImage": {"id": 316545, "objectId": 1251174, "slug": "lmp-simmons-headshot", "url": "/db/PICTURES/CMS/316500/316545.png", "width": 600, "height": 436, "caption": "LMP Simmons headshot", "longCaption": "LMP Simmons headshot", "credit": null, "photographer": null, "peerUrls": {"FILM": null, "WIDE": null, "SQUARE": null}}}, "runs": 10, "balls": 24, "fours": 0, "sixes": 0}], "overEndBowlers": [{"player": {"id": 50309, "objectId": 267724, "name": "KA Maharaj", "longName": "Keshav Maharaj", "mobileName": "Maharaj", "indexName": "Maharaj, KA", "battingName": "KA Maharaj", "fieldingName": "Maharaj", "slug": "keshav-maharaj", "imageUrl": "/db/PICTURES/CMS/317900/317953.jpg", "headshotImageUrl": "/db/PICTURES/CMS/322000/322072.png", "dateOfBirth": {"year": 1990, "month": 2, "date": 7}, "dateOfDeath": null, "gender": "M", "battingStyles": ["rhb"], "bowlingStyles": ["sla"], "longBattingStyles": ["right-hand bat"], "longBowlingStyles": ["slow left-arm orthodox"], "image": {"id": 317953, "objectId": 1254921, "slug": "keshav-maharaj-portrait", "url": "/db/PICTURES/CMS/317900/317953.jpg", "width": 160, "height": 200, "caption": "Keshav Maharaj portrait", "longCaption": "Keshav Maharaj portrait, November 19, 2020", "credit": "Cricket South Africa", "photographer": null, "peerUrls": null}, "countryTeamId": 3, "playerRoleTypeIds": [4], "playingRoles": ["bowler"], "headshotImage": {"id": 322072, "objectId": 1264443, "slug": "keshav-maharaj-player-page-headshot-cutout-2021", "url": "/db/PICTURES/CMS/322000/322072.png", "width": 600, "height": 436, "caption": "Keshav Maharaj player page headshot cutout, 2021", "longCaption": "Keshav Maharaj player page headshot cutout, 2021", "credit": null, "photographer": null, "peerUrls": {"FILM": null, "WIDE": null, "SQUARE": "/db/PICTURES/CMS/322000/322072.square.png"}}}, "overs": 2, "balls": 12, "maidens": 0, "conceded": 12, "wickets": 0, "currentType": 1}, {"player": {"id": 63651, "objectId": 481979, "name": "A Nortje", "longName": "Anrich Nortje", "mobileName": "Nortje", "indexName": "Nortje, A", "battingName": "A Nortje", "fieldingName": "Nortje", "slug": "anrich-nortje", "imageUrl": "/db/PICTURES/CMS/317900/317968.jpg", "headshotImageUrl": "/db/PICTURES/CMS/322000/322080.png", "dateOfBirth": {"year": 1993, "month": 11, "date": 16}, "dateOfDeath": null, "gender": "M", "battingStyles": ["rhb"], "bowlingStyles": ["rf"], "longBattingStyles": ["right-hand bat"], "longBowlingStyles": ["right-arm fast"], "image": {"id": 317968, "objectId": 1254936, "slug": "anrich-nortje-portrait", "url": "/db/PICTURES/CMS/317900/317968.jpg", "width": 160, "height": 200, "caption": "Anrich Nortje portrait", "longCaption": "Anrich Nortje portrait, November 19, 2020", "credit": "Cricket South Africa", "photographer": null, "peerUrls": null}, "countryTeamId": 3, "playerRoleTypeIds": [4], "playingRoles": ["bowler"], "headshotImage": {"id": 322080, "objectId": 1264454, "slug": "anrich-nortje-player-page-headshot-cutout-2021", "url": "/db/PICTURES/CMS/322000/322080.png", "width": 600, "height": 436, "caption": "Anrich Nortje player page headshot cutout, 2021", "longCaption": "Anrich Nortje player page headshot cutout, 2021", "credit": null, "photographer": null, "peerUrls": {"FILM": null, "WIDE": null, "SQUARE": "/db/PICTURES/CMS/322000/322080.square.png"}}}, "overs": 2, "balls": 12, "maidens": 0, "conceded": 7, "wickets": 0, "currentType": 2}], "rollover": null}, "batsmanStatText": null, "bowlerStatText": null, "smartStats": []}]