[{"_uid": 35100577, "id": 35100577, "inningNumber": 1, "ballsActual": null, "ballsUnique": null, "oversUnique": 11.01, "oversActual": 11.1, "overNumber": 12, "ballNumber": 1, "totalRuns": 0, "batsmanRuns": 0, "isFour": false, "isSix": false, "isWicket": true, "dismissalType": 2, "byes": 0, "legbyes": 0, "wides": 0, "noballs": 0, "penalties": 0, "wagonX": 0, "wagonY": 0, "wagonZone": 0, "pitchLine": "OUTSIDE_OFFSTUMP", "pitchLength": "SHORT_OF_A_GOOD_LENGTH", "shotType": "CUT_SHOT", "shotControl": 2, "timestamp": "2021-10-27T14:54:29.000Z", "modified": "2021-10-27T14:54:33.000Z", "batsmanPlayerId": 60303, "bowlerPlayerId": 63683, "outPlayerId": 60303, "totalInningRuns": 57, "totalInningWickets": 5, "predictions": {"score": 121, "winProbability": 14.13}, "title": "Frylinck to Cross", "dismissalText": {"short": "bowled", "long": " b Frylinck", "commentary": "Matthew Cross b Frylinck 19 (33b 1x4 0x6 55m) SR: 57.57"}, "commentPreTextItems": [{"type": "HTML", "html": "Frylinck returns for his third, around the wicket"}, {"type": "HTML", "html": "David: \"Comeon Namibia don't mess this up. Just try simple and finish with the 5 main bowlers.\""}], "commentTextItems": [{"type": "HTML", "html": "<b>knocks over off stump</b>! Looked like a cutter at 123kmh from outside off, jagged back in towards off and it beat Cross' attacking cut"}], "commentPostTextItems": null, "commentVideos": [], "commentImages": [], "events": [], "over": null, "batsmanStatText": null, "bowlerStatText": null, "smartStats": []}, {"_uid": 35100578, "id": 35100578, "inningNumber": 1, "ballsActual": null, "ballsUnique": null, "oversUnique": 11.02, "oversActual": 11.2, "overNumber": 12, "ballNumber": 2, "totalRuns": 0, "batsmanRuns": 0, "isFour": false, "isSix": false, "isWicket": false, "dismissalType": null, "byes": 0, "legbyes": 0, "wides": 0, "noballs": 0, "penalties": 0, "wagonX": 129, "wagonY": 146, "wagonZone": 7, "pitchLine": "OUTSIDE_OFFSTUMP", "pitchLength": "SHORT_OF_A_GOOD_LENGTH", "shotType": "DEFENDED", "shotControl": 1, "timestamp": "2021-10-27T14:56:14.000Z", "modified": "2021-10-27T14:56:18.000Z", "batsmanPlayerId": 81813, "bowlerPlayerId": 63683, "outPlayerId": null, "totalInningRuns": 57, "totalInningWickets": 5, "predictions": {"score": 121, "winProbability": 14.13}, "title": "Frylinck to Greaves", "dismissalText": null, "commentPreTextItems": [{"type": "HTML", "html": "Chris Greaves is here"}], "commentTextItems": [{"type": "HTML", "html": "length ball just outside off, he taps it to point"}], "commentPostTextItems": null, "commentVideos": [], "commentImages": [], "events": [], "over": null, "batsmanStatText": null, "bowlerStatText": null, "smartStats": []}, {"_uid": 35100579, "id": 35100579, "inningNumber": 1, "ballsActual": null, "ballsUnique": null, "oversUnique": 11.03, "oversActual": 11.3, "overNumber": 12, "ballNumber": 3, "totalRuns": 0, "batsmanRuns": 0, "isFour": false, "isSix": false, "isWicket": false, "dismissalType": null, "byes": 0, "legbyes": 0, "wides": 0, "noballs": 0, "penalties": 0, "wagonX": 0, "wagonY": 0, "wagonZone": 0, "pitchLine": "OUTSIDE_OFFSTUMP", "pitchLength": "SHORT_OF_A_GOOD_LENGTH", "shotType": "DEFENDED", "shotControl": 2, "timestamp": "2021-10-27T14:56:45.000Z", "modified": "2021-10-27T14:56:48.000Z", "batsmanPlayerId": 81813, "bowlerPlayerId": 63683, "outPlayerId": null, "totalInningRuns": 57, "totalInningWickets": 5, "predictions": {"score": 119, "winProbability": 13.07}, "title": "Frylinck to Greaves", "dismissalText": null, "commentPreTextItems": null, "commentTextItems": [{"type": "HTML", "html": "cuts this one in sharply from wide of the crease and it surprises Greaves to force him into a defence"}], "commentPostTextItems": null, "commentVideos": [], "commentImages": [], "events": [], "over": null, "batsmanStatText": null, "bowlerStatText": null, "smartStats": []}, {"_uid": 35100583, "id": 35100583, "inningNumber": 1, "ballsActual": null, "ballsUnique": null, "oversUnique": 11.04, "oversActual": 11.4, "overNumber": 12, "ballNumber": 4, "totalRuns": 0, "batsmanRuns": 0, "isFour": false, "isSix": false, "isWicket": false, "dismissalType": null, "byes": 0, "legbyes": 0, "wides": 0, "noballs": 0, "penalties": 0, "wagonX": 118, "wagonY": 148, "wagonZone": 7, "pitchLine": "OUTSIDE_OFFSTUMP", "pitchLength": "SHORT_OF_A_GOOD_LENGTH", "shotType": "DEFENDED", "shotControl": 1, "timestamp": "2021-10-27T14:57:15.000Z", "modified": "2021-10-27T14:57:18.000Z", "batsmanPlayerId": 81813, "bowlerPlayerId": 63683, "outPlayerId": null, "totalInningRuns": 57, "totalInningWickets": 5, "predictions": {"score": 118, "winProbability": 12.57}, "title": "Frylinck to Greaves", "dismissalText": null, "commentPreTextItems": null, "commentTextItems": [{"type": "HTML", "html": "too much width outside off, no movement this time and Greaves will be disappointed to not beat point with that push"}], "commentPostTextItems": null, "commentVideos": [], "commentImages": [], "events": [], "over": null, "batsmanStatText": null, "bowlerStatText": null, "smartStats": []}, {"_uid": 35100585, "id": 35100585, "inningNumber": 1, "ballsActual": null, "ballsUnique": null, "oversUnique": 11.05, "oversActual": 11.5, "overNumber": 12, "ballNumber": 5, "totalRuns": 0, "batsmanRuns": 0, "isFour": false, "isSix": false, "isWicket": false, "dismissalType": null, "byes": 0, "legbyes": 0, "wides": 0, "noballs": 0, "penalties": 0, "wagonX": 150, "wagonY": 189, "wagonZone": 6, "pitchLine": "OUTSIDE_OFFSTUMP", "pitchLength": "SHORT_OF_A_GOOD_LENGTH", "shotType": "DEFENDED", "shotControl": 1, "timestamp": "2021-10-27T14:57:46.000Z", "modified": "2021-10-27T14:57:49.000Z", "batsmanPlayerId": 81813, "bowlerPlayerId": 63683, "outPlayerId": null, "totalInningRuns": 57, "totalInningWickets": 5, "predictions": {"score": 118, "winProbability": 12.57}, "title": "Frylinck to Greaves", "dismissalText": null, "commentPreTextItems": null, "commentTextItems": [{"type": "HTML", "html": "much closer and tighter towards off, he defends it to off"}], "commentPostTextItems": null, "commentVideos": [], "commentImages": [], "events": [], "over": null, "batsmanStatText": null, "bowlerStatText": null, "smartStats": []}, {"_uid": 35100587, "id": 35100587, "inningNumber": 1, "ballsActual": null, "ballsUnique": null, "oversUnique": 11.06, "oversActual": 11.6, "overNumber": 12, "ballNumber": 6, "totalRuns": 1, "batsmanRuns": 1, "isFour": false, "isSix": false, "isWicket": false, "dismissalType": null, "byes": 0, "legbyes": 0, "wides": 0, "noballs": 0, "penalties": 0, "wagonX": 160, "wagonY": 120, "wagonZone": 8, "pitchLine": "OUTSIDE_OFFSTUMP", "pitchLength": "SHORT_OF_A_GOOD_LENGTH", "shotType": "DEFENDED", "shotControl": 2, "timestamp": "2021-10-27T14:58:34.000Z", "modified": "2021-10-27T14:58:38.000Z", "batsmanPlayerId": 81813, "bowlerPlayerId": 63683, "outPlayerId": null, "totalInningRuns": 58, "totalInningWickets": 5, "predictions": {"score": 117, "winProbability": 12.08}, "title": "Frylinck to Greaves", "dismissalText": null, "commentPreTextItems": null, "commentTextItems": [{"type": "HTML", "html": "<strong>put down by the keeper</strong>, although a tough one! Greaves poked at that one just outside off, it took a thick edge and flew wide of Green's right hand even as he put in a full length dive. Gets more than fingertips and he can't hold on"}], "commentPostTextItems": null, "commentVideos": [], "commentImages": [], "events": [{"type": "DROPPED_CATCH", "inningNumber": 1, "oversUnique": 11.06, "batsman": null, "fielders": [{"id": 70085, "objectId": 596664, "name": "ZE Green", "longName": "Zane Green", "mobileName": "Green", "indexName": "Green, ZE", "battingName": "ZE Green", "fieldingName": "Green", "slug": "zane-green", "imageUrl": "/db/PICTURES/CMS/347800/347850.4.jpg", "headshotImageUrl": "/db/PICTURES/CMS/350300/350307.png"}]}], "over": {"team": {"id": 30, "objectId": 30, "scribeId": 30, "slug": "scotland", "name": "Scotland", "longName": "Scotland", "abbreviation": "SCOT", "unofficialName": "", "imageUrl": "/db/PICTURES/CMS/313100/313150.logo.png", "isCountry": true, "primaryColor": null, "image": {"id": 313150, "objectId": 1241609, "slug": "scotland-logo", "url": "/db/PICTURES/CMS/313100/313150.logo.png", "width": 500, "height": 500, "caption": "Scotland logo", "longCaption": "Scotland logo", "credit": null, "photographer": null, "peerUrls": null}, "country": {"id": 30, "objectId": 30, "name": "Scotland", "shortName": "Scotland", "abbreviation": "SCOT", "slug": "scotland"}}, "inningNumber": 1, "overNumber": 12, "overRuns": 1, "overWickets": 1, "totalRuns": 58, "totalWickets": 5, "target": 0, "overLimit": 20, "ballLimit": 120, "isMaiden": false, "isComplete": true, "isSuperOver": false, "overEndBatsmen": [{"player": {"id": 81813, "objectId": 873199, "name": "CN Greaves", "longName": "Chris Greaves", "mobileName": "Greaves", "indexName": "Greaves, CN", "battingName": "CN Greaves", "fieldingName": "Greaves", "slug": "chris-greaves", "imageUrl": "/db/PICTURES/CMS/286300/286357.1.jpg", "headshotImageUrl": "/db/PICTURES/CMS/329700/329745.png", "dateOfBirth": {"year": 1990, "month": 10, "date": 12}, "dateOfDeath": null, "gender": "M", "battingStyles": ["rhb"], "bowlingStyles": ["lb"], "longBattingStyles": ["right-hand bat"], "longBowlingStyles": ["legbreak"], "image": {"id": 286357, "objectId": 1176647, "slug": "chris-greaves-portrait", "url": "/db/PICTURES/CMS/286300/286357.1.jpg", "width": 160, "height": 200, "caption": "Chris Greaves portrait", "longCaption": "Chris Greaves portrait, February 2019", "credit": "Peter Della Penna", "photographer": null, "peerUrls": null}, "countryTeamId": 30, "playerRoleTypeIds": [4], "playingRoles": ["bowler"], "headshotImage": {"id": 329745, "objectId": 1286738, "slug": "chris-greaves-player-page-headshot-cutout-2021", "url": "/db/PICTURES/CMS/329700/329745.png", "width": 600, "height": 436, "caption": "Chris Greaves player page headshot cutout 2021", "longCaption": "Chris Greaves player page headshot cutout 2021", "credit": null, "photographer": null, "peerUrls": {"FILM": null, "WIDE": null, "SQUARE": "/db/PICTURES/CMS/329700/329745.square.png"}}}, "runs": 1, "balls": 5, "fours": 0, "sixes": 0}, {"player": {"id": 60198, "objectId": 414966, "name": "MA Leask", "longName": "Michael Leask", "mobileName": "Leask", "indexName": "Leask, MA", "battingName": "MA Leask", "fieldingName": "Leask", "slug": "michael-leask", "imageUrl": "/db/PICTURES/CMS/172800/172875.1.jpg", "headshotImageUrl": "/db/PICTURES/CMS/316600/316678.png", "dateOfBirth": {"year": 1990, "month": 10, "date": 29}, "dateOfDeath": null, "gender": "M", "battingStyles": ["rhb"], "bowlingStyles": ["ob"], "longBattingStyles": ["right-hand bat"], "longBowlingStyles": ["right-arm offbreak"], "image": {"id": 172875, "objectId": 694519, "slug": "michael-leask", "url": "/db/PICTURES/CMS/172800/172875.1.jpg", "width": 160, "height": 192, "caption": "Michael Leask", "longCaption": "Michael Leask", "credit": "International Cricket Council", "photographer": null, "peerUrls": null}, "countryTeamId": 30, "playerRoleTypeIds": [5], "playingRoles": ["allrounder"], "headshotImage": {"id": 316678, "objectId": 1251311, "slug": "ma-leask-headshot", "url": "/db/PICTURES/CMS/316600/316678.png", "width": 600, "height": 436, "caption": "MA Leask headshot", "longCaption": "MA Leask headshot", "credit": null, "photographer": null, "peerUrls": {"FILM": null, "WIDE": null, "SQUARE": null}}}, "runs": 27, "balls": 17, "fours": 3, "sixes": 1}], "overEndBowlers": [{"player": {"id": 63683, "objectId": 482478, "name": "JN Frylinck", "longName": "Jan Frylinck", "mobileName": "Frylinck", "indexName": "Frylinck, JN", "battingName": "JN Frylinck", "fieldingName": "Frylinck", "slug": "jan-frylinck", "imageUrl": "/db/PICTURES/CMS/347800/347843.4.jpg", "headshotImageUrl": "/db/PICTURES/CMS/348600/348605.png", "dateOfBirth": {"year": 1994, "month": 4, "date": 6}, "dateOfDeath": null, "gender": "M", "battingStyles": ["lhb"], "bowlingStyles": ["lfm"], "longBattingStyles": ["left-hand bat"], "longBowlingStyles": ["left-arm fast-medium"], "image": {"id": 347843, "objectId": 1340682, "slug": "jan-frylinck-player-portrait", "url": "/db/PICTURES/CMS/347800/347843.4.jpg", "width": 160, "height": 233, "caption": "Jan Frylinck, player portrait", "longCaption": "Jan Frylinck, player portrait", "credit": "ICC/Getty Images", "photographer": "Matt King", "peerUrls": null}, "countryTeamId": 28, "playerRoleTypeIds": [5], "playingRoles": ["allrounder"], "headshotImage": {"id": 348605, "objectId": 1342899, "slug": "jan-frylinck-player-page-headshot-cutout-2022", "url": "/db/PICTURES/CMS/348600/348605.png", "width": 600, "height": 436, "caption": "Jan Frylinck, player page headshot cutout 2022", "longCaption": "Jan Frylinck, player page headshot cutout 2022", "credit": null, "photographer": null, "peerUrls": {"FILM": null, "WIDE": null, "SQUARE": "/db/PICTURES/CMS/348600/348605.square.png"}}}, "overs": 3, "balls": 18, "maidens": 0, "conceded": 7, "wickets": 1, "currentType": 1}, {"player": {"id": 80905, "objectId": 833777, "name": "M van Lingen", "longName": "Michael van Lingen", "mobileName": "van Lingen", "indexName": "van Lingen, M", "battingName": "M van Lingen", "fieldingName": "van Lingen", "slug": "michael-van-lingen", "imageUrl": "/db/PICTURES/CMS/347800/347844.4.jpg", "headshotImageUrl": "/db/PICTURES/CMS/350300/350305.png", "dateOfBirth": {"year": 1997, "month": 10, "date": 24}, "dateOfDeath": null, "gender": "M", "battingStyles": ["lhb"], "bowlingStyles": ["lm", "sla"], "longBattingStyles": ["left-hand bat"], "longBowlingStyles": ["left-arm medium", "slow left-arm orthodox"], "image": {"id": 347844, "objectId": 1340683, "slug": "michael-van-lingen-player-portrait", "url": "/db/PICTURES/CMS/347800/347844.4.jpg", "width": 160, "height": 221, "caption": "Michael van Lingen, player portrait", "longCaption": "Michael van Lingen, player portrait", "credit": "ICC/Getty Images", "photographer": "Matt King", "peerUrls": null}, "countryTeamId": 28, "playerRoleTypeIds": [11], "playingRoles": ["bowling allrounder"], "headshotImage": {"id": 350305, "objectId": 1348250, "slug": "michael-van-lingen-player-page-headshot-cutout-2022", "url": "/db/PICTURES/CMS/350300/350305.png", "width": 600, "height": 436, "caption": "Michael van Lingen, player page headshot cutout 2022", "longCaption": "Michael van Lingen, player page headshot cutout 2022", "credit": null, "photographer": null, "peerUrls": {"FILM": null, "WIDE": null, "SQUARE": "/db/PICTURES/CMS/350300/350305.square.png"}}}, "overs": 1, "balls": 6, "maidens": 0, "conceded": 12, "wickets": 0, "currentType": 2}], "rollover": null}, "batsmanStatText": null, "bowlerStatText": null, "smartStats": []}, {"_uid": 35100590, "id": 35100590, "inningNumber": 1, "ballsActual": null, "ballsUnique": null, "oversUnique": 12.01, "oversActual": 12.1, "overNumber": 13, "ballNumber": 1, "totalRuns": 0, "batsmanRuns": 0, "isFour": false, "isSix": false, "isWicket": false, "dismissalType": null, "byes": 0, "legbyes": 0, "wides": 0, "noballs": 0, "penalties": 0, "wagonX": 226, "wagonY": 186, "wagonZone": 3, "pitchLine": "ON_THE_STUMPS", "pitchLength": "SHORT_OF_A_GOOD_LENGTH", "shotType": "DEFENDED", "shotControl": 1, "timestamp": "2021-10-27T14:59:27.000Z", "modified": "2021-10-27T14:59:31.000Z", "batsmanPlayerId": 81813, "bowlerPlayerId": 67403, "outPlayerId": null, "totalInningRuns": 58, "totalInningWickets": 5, "predictions": {"score": 120, "winProbability": 13.59}, "title": "Smit to Greaves", "dismissalText": null, "commentPreTextItems": [{"type": "HTML", "html": "Smit replaces van Lingen"}], "commentTextItems": [{"type": "HTML", "html": "short of length on the pads, tucked to midwicket"}], "commentPostTextItems": null, "commentVideos": [], "commentImages": [], "events": [], "over": null, "batsmanStatText": null, "bowlerStatText": null, "smartStats": []}, {"_uid": 35100593, "id": 35100593, "inningNumber": 1, "ballsActual": null, "ballsUnique": null, "oversUnique": 12.02, "oversActual": 12.2, "overNumber": 13, "ballNumber": 2, "totalRuns": 2, "batsmanRuns": 2, "isFour": false, "isSix": false, "isWicket": false, "dismissalType": null, "byes": 0, "legbyes": 0, "wides": 0, "noballs": 0, "penalties": 0, "wagonX": 310, "wagonY": 205, "wagonZone": 3, "pitchLine": "OUTSIDE_OFFSTUMP", "pitchLength": "SHORT_OF_A_GOOD_LENGTH", "shotType": "PULL", "shotControl": 1, "timestamp": "2021-10-27T15:00:13.000Z", "modified": "2021-10-27T15:00:16.000Z", "batsmanPlayerId": 81813, "bowlerPlayerId": 67403, "outPlayerId": null, "totalInningRuns": 60, "totalInningWickets": 5, "predictions": {"score": 121, "winProbability": 14.13}, "title": "Smit to Greaves", "dismissalText": null, "commentPreTextItems": null, "commentTextItems": [{"type": "HTML", "html": "bit too short and he pulls it away to deep midwicket for two"}], "commentPostTextItems": null, "commentVideos": [], "commentImages": [], "events": [], "over": null, "batsmanStatText": null, "bowlerStatText": null, "smartStats": []}, {"_uid": 35100594, "id": 35100594, "inningNumber": 1, "ballsActual": null, "ballsUnique": null, "oversUnique": 12.03, "oversActual": 12.3, "overNumber": 13, "ballNumber": 3, "totalRuns": 1, "batsmanRuns": 1, "isFour": false, "isSix": false, "isWicket": false, "dismissalType": null, "byes": 0, "legbyes": 0, "wides": 0, "noballs": 0, "penalties": 0, "wagonX": 299, "wagonY": 210, "wagonZone": 3, "pitchLine": "ON_THE_STUMPS", "pitchLength": "SHORT_OF_A_GOOD_LENGTH", "shotType": "PULL", "shotControl": 1, "timestamp": "2021-10-27T15:00:40.000Z", "modified": "2021-10-27T15:00:43.000Z", "batsmanPlayerId": 81813, "bowlerPlayerId": 67403, "outPlayerId": null, "totalInningRuns": 61, "totalInningWickets": 5, "predictions": {"score": 122, "winProbability": 14.69}, "title": "Smit to Greaves", "dismissalText": null, "commentPreTextItems": null, "commentTextItems": [{"type": "HTML", "html": "short again, pulled again, but only for one this time"}], "commentPostTextItems": null, "commentVideos": [], "commentImages": [], "events": [], "over": null, "batsmanStatText": null, "bowlerStatText": null, "smartStats": []}, {"_uid": 35100596, "id": 35100596, "inningNumber": 1, "ballsActual": null, "ballsUnique": null, "oversUnique": 12.04, "oversActual": 12.4, "overNumber": 13, "ballNumber": 4, "totalRuns": 0, "batsmanRuns": 0, "isFour": false, "isSix": false, "isWicket": false, "dismissalType": null, "byes": 0, "legbyes": 0, "wides": 0, "noballs": 0, "penalties": 0, "wagonX": 0, "wagonY": 0, "wagonZone": 0, "pitchLine": "OUTSIDE_OFFSTUMP", "pitchLength": "SHORT_OF_A_GOOD_LENGTH", "shotType": "CUT_SHOT", "shotControl": 2, "timestamp": "2021-10-27T15:01:09.000Z", "modified": "2021-10-27T15:01:13.000Z", "batsmanPlayerId": 60198, "bowlerPlayerId": 67403, "outPlayerId": null, "totalInningRuns": 61, "totalInningWickets": 5, "predictions": {"score": 122, "winProbability": 14.69}, "title": "Smit to Leask", "dismissalText": null, "commentPreTextItems": null, "commentTextItems": [{"type": "HTML", "html": "slower ball this time at 117kmh, uses the angle for the cutter outside off and Leask swings on off and misses"}], "commentPostTextItems": null, "commentVideos": [], "commentImages": [], "events": [], "over": null, "batsmanStatText": null, "bowlerStatText": null, "smartStats": []}, {"_uid": 35100599, "id": 35100599, "inningNumber": 1, "ballsActual": null, "ballsUnique": null, "oversUnique": 12.05, "oversActual": 12.5, "overNumber": 13, "ballNumber": 5, "totalRuns": 6, "batsmanRuns": 6, "isFour": false, "isSix": true, "isWicket": false, "dismissalType": null, "byes": 0, "legbyes": 0, "wides": 0, "noballs": 0, "penalties": 0, "wagonX": 331, "wagonY": 295, "wagonZone": 3, "pitchLine": "OUTSIDE_OFFSTUMP", "pitchLength": "SHORT_OF_A_GOOD_LENGTH", "shotType": "PULL", "shotControl": 1, "timestamp": "2021-10-27T15:01:47.000Z", "modified": "2021-10-27T15:01:51.000Z", "batsmanPlayerId": 60198, "bowlerPlayerId": 67403, "outPlayerId": null, "totalInningRuns": 67, "totalInningWickets": 5, "predictions": {"score": 127, "winProbability": 17.76}, "title": "Smit to Leask", "dismissalText": null, "commentPreTextItems": null, "commentTextItems": [{"type": "HTML", "html": "<strong>smoked over deep midwicket</strong>! Excellent position, great timing and perfect execution. He moved across early for the short ball and absolutely hammered that flat six to the left of deep midwicket fielder"}], "commentPostTextItems": null, "commentVideos": [], "commentImages": [], "events": [], "over": null, "batsmanStatText": null, "bowlerStatText": null, "smartStats": []}, {"_uid": 35100603, "id": 35100603, "inningNumber": 1, "ballsActual": null, "ballsUnique": null, "oversUnique": 12.06, "oversActual": 12.6, "overNumber": 13, "ballNumber": 6, "totalRuns": 1, "batsmanRuns": 1, "isFour": false, "isSix": false, "isWicket": false, "dismissalType": null, "byes": 0, "legbyes": 0, "wides": 0, "noballs": 0, "penalties": 0, "wagonX": 110, "wagonY": 215, "wagonZone": 6, "pitchLine": "OUTSIDE_OFFSTUMP", "pitchLength": "FULL", "shotType": "COVER_DRIVE", "shotControl": 1, "timestamp": "2021-10-27T15:02:31.000Z", "modified": "2021-10-27T15:02:35.000Z", "batsmanPlayerId": 60198, "bowlerPlayerId": 67403, "outPlayerId": null, "totalInningRuns": 68, "totalInningWickets": 5, "predictions": {"score": 127, "winProbability": 17.76}, "title": "Smit to Leask", "dismissalText": null, "commentPreTextItems": null, "commentTextItems": [{"type": "HTML", "html": "middles this drive into the covers for one and keeps strike"}], "commentPostTextItems": null, "commentVideos": [], "commentImages": [], "events": [], "over": {"team": {"id": 30, "objectId": 30, "scribeId": 30, "slug": "scotland", "name": "Scotland", "longName": "Scotland", "abbreviation": "SCOT", "unofficialName": "", "imageUrl": "/db/PICTURES/CMS/313100/313150.logo.png", "isCountry": true, "primaryColor": null, "image": {"id": 313150, "objectId": 1241609, "slug": "scotland-logo", "url": "/db/PICTURES/CMS/313100/313150.logo.png", "width": 500, "height": 500, "caption": "Scotland logo", "longCaption": "Scotland logo", "credit": null, "photographer": null, "peerUrls": null}, "country": {"id": 30, "objectId": 30, "name": "Scotland", "shortName": "Scotland", "abbreviation": "SCOT", "slug": "scotland"}}, "inningNumber": 1, "overNumber": 13, "overRuns": 10, "overWickets": 0, "totalRuns": 68, "totalWickets": 5, "target": 0, "overLimit": 20, "ballLimit": 120, "isMaiden": false, "isComplete": true, "isSuperOver": false, "overEndBatsmen": [{"player": {"id": 60198, "objectId": 414966, "name": "MA Leask", "longName": "Michael Leask", "mobileName": "Leask", "indexName": "Leask, MA", "battingName": "MA Leask", "fieldingName": "Leask", "slug": "michael-leask", "imageUrl": "/db/PICTURES/CMS/172800/172875.1.jpg", "headshotImageUrl": "/db/PICTURES/CMS/316600/316678.png", "dateOfBirth": {"year": 1990, "month": 10, "date": 29}, "dateOfDeath": null, "gender": "M", "battingStyles": ["rhb"], "bowlingStyles": ["ob"], "longBattingStyles": ["right-hand bat"], "longBowlingStyles": ["right-arm offbreak"], "image": {"id": 172875, "objectId": 694519, "slug": "michael-leask", "url": "/db/PICTURES/CMS/172800/172875.1.jpg", "width": 160, "height": 192, "caption": "Michael Leask", "longCaption": "Michael Leask", "credit": "International Cricket Council", "photographer": null, "peerUrls": null}, "countryTeamId": 30, "playerRoleTypeIds": [5], "playingRoles": ["allrounder"], "headshotImage": {"id": 316678, "objectId": 1251311, "slug": "ma-leask-headshot", "url": "/db/PICTURES/CMS/316600/316678.png", "width": 600, "height": 436, "caption": "MA Leask headshot", "longCaption": "MA Leask headshot", "credit": null, "photographer": null, "peerUrls": {"FILM": null, "WIDE": null, "SQUARE": null}}}, "runs": 34, "balls": 20, "fours": 3, "sixes": 2}, {"player": {"id": 81813, "objectId": 873199, "name": "CN Greaves", "longName": "Chris Greaves", "mobileName": "Greaves", "indexName": "Greaves, CN", "battingName": "CN Greaves", "fieldingName": "Greaves", "slug": "chris-greaves", "imageUrl": "/db/PICTURES/CMS/286300/286357.1.jpg", "headshotImageUrl": "/db/PICTURES/CMS/329700/329745.png", "dateOfBirth": {"year": 1990, "month": 10, "date": 12}, "dateOfDeath": null, "gender": "M", "battingStyles": ["rhb"], "bowlingStyles": ["lb"], "longBattingStyles": ["right-hand bat"], "longBowlingStyles": ["legbreak"], "image": {"id": 286357, "objectId": 1176647, "slug": "chris-greaves-portrait", "url": "/db/PICTURES/CMS/286300/286357.1.jpg", "width": 160, "height": 200, "caption": "Chris Greaves portrait", "longCaption": "Chris Greaves portrait, February 2019", "credit": "Peter Della Penna", "photographer": null, "peerUrls": null}, "countryTeamId": 30, "playerRoleTypeIds": [4], "playingRoles": ["bowler"], "headshotImage": {"id": 329745, "objectId": 1286738, "slug": "chris-greaves-player-page-headshot-cutout-2021", "url": "/db/PICTURES/CMS/329700/329745.png", "width": 600, "height": 436, "caption": "Chris Greaves player page headshot cutout 2021", "longCaption": "Chris Greaves player page headshot cutout 2021", "credit": null, "photographer": null, "peerUrls": {"FILM": null, "WIDE": null, "SQUARE": "/db/PICTURES/CMS/329700/329745.square.png"}}}, "runs": 4, "balls": 8, "fours": 0, "sixes": 0}], "overEndBowlers": [{"player": {"id": 67403, "objectId": 553821, "name": "JJ Smit", "longName": "JJ Smit", "mobileName": "Smit", "indexName": "Smit, JJ", "battingName": "JJ Smit", "fieldingName": "Smit", "slug": "jj-smit", "imageUrl": "/db/PICTURES/CMS/179600/179653.1.jpg", "headshotImageUrl": "/db/PICTURES/CMS/329700/329762.png", "dateOfBirth": {"year": 1995, "month": 11, "date": 10}, "dateOfDeath": null, "gender": "M", "battingStyles": ["rhb"], "bowlingStyles": ["lmf"], "longBattingStyles": ["right-hand bat"], "longBowlingStyles": ["left-arm medium-fast"], "image": {"id": 179653, "objectId": 721499, "slug": "jj-smit", "url": "/db/PICTURES/CMS/179600/179653.1.jpg", "width": 160, "height": 192, "caption": "JJ Smit", "longCaption": "JJ Smit", "credit": "International Cricket Council", "photographer": null, "peerUrls": null}, "countryTeamId": 28, "playerRoleTypeIds": [11], "playingRoles": ["bowling allrounder"], "headshotImage": {"id": 329762, "objectId": 1286763, "slug": "jj-smit-player-page-headshot-cutout-2021", "url": "/db/PICTURES/CMS/329700/329762.png", "width": 600, "height": 436, "caption": "JJ Smit player page headshot cutout 2021", "longCaption": "JJ Smit player page headshot cutout 2021", "credit": null, "photographer": null, "peerUrls": {"FILM": null, "WIDE": null, "SQUARE": "/db/PICTURES/CMS/329700/329762.square.png"}}}, "overs": 3, "balls": 18, "maidens": 0, "conceded": 16, "wickets": 0, "currentType": 1}, {"player": {"id": 63683, "objectId": 482478, "name": "JN Frylinck", "longName": "Jan Frylinck", "mobileName": "Frylinck", "indexName": "Frylinck, JN", "battingName": "JN Frylinck", "fieldingName": "Frylinck", "slug": "jan-frylinck", "imageUrl": "/db/PICTURES/CMS/347800/347843.4.jpg", "headshotImageUrl": "/db/PICTURES/CMS/348600/348605.png", "dateOfBirth": {"year": 1994, "month": 4, "date": 6}, "dateOfDeath": null, "gender": "M", "battingStyles": ["lhb"], "bowlingStyles": ["lfm"], "longBattingStyles": ["left-hand bat"], "longBowlingStyles": ["left-arm fast-medium"], "image": {"id": 347843, "objectId": 1340682, "slug": "jan-frylinck-player-portrait", "url": "/db/PICTURES/CMS/347800/347843.4.jpg", "width": 160, "height": 233, "caption": "Jan Frylinck, player portrait", "longCaption": "Jan Frylinck, player portrait", "credit": "ICC/Getty Images", "photographer": "Matt King", "peerUrls": null}, "countryTeamId": 28, "playerRoleTypeIds": [5], "playingRoles": ["allrounder"], "headshotImage": {"id": 348605, "objectId": 1342899, "slug": "jan-frylinck-player-page-headshot-cutout-2022", "url": "/db/PICTURES/CMS/348600/348605.png", "width": 600, "height": 436, "caption": "Jan Frylinck, player page headshot cutout 2022", "longCaption": "Jan Frylinck, player page headshot cutout 2022", "credit": null, "photographer": null, "peerUrls": {"FILM": null, "WIDE": null, "SQUARE": "/db/PICTURES/CMS/348600/348605.square.png"}}}, "overs": 3, "balls": 18, "maidens": 0, "conceded": 7, "wickets": 1, "currentType": 2}], "rollover": null}, "batsmanStatText": null, "bowlerStatText": null, "smartStats": []}]