[{"_uid": 35071631, "id": 35071631, "inningNumber": 1, "ballsActual": null, "ballsUnique": null, "oversUnique": 17.01, "oversActual": 17.1, "overNumber": 18, "ballNumber": 1, "totalRuns": 1, "batsmanRuns": 1, "isFour": false, "isSix": false, "isWicket": false, "dismissalType": null, "byes": 0, "legbyes": 0, "wides": 0, "noballs": 0, "penalties": 0, "wagonX": 58, "wagonY": 88, "wagonZone": 7, "pitchLine": "OUTSIDE_OFFSTUMP", "pitchLength": "SHORT_OF_A_GOOD_LENGTH", "shotType": "CUT_SHOT", "shotControl": 1, "timestamp": "2021-10-24T11:30:21.000Z", "modified": "2021-10-24T11:30:24.000Z", "batsmanPlayerId": 47986, "bowlerPlayerId": 67342, "outPlayerId": null, "totalInningRuns": 141, "totalInningWickets": 3, "predictions": {"score": 166, "winProbability": 61.61}, "title": "Chameera to Mushfiqur", "dismissalText": null, "commentPreTextItems": [{"type": "HTML", "html": "Adarsh: \"A bit surprised that Mahmudullah didn't come out at the fall of the wicket.\""}, {"type": "HTML", "html": "Chameera"}], "commentTextItems": [{"type": "HTML", "html": "length outside off, cuts it towards sweeper cover. Only a single"}], "commentPostTextItems": null, "commentVideos": [], "commentImages": [], "events": [], "over": null, "batsmanStatText": null, "bowlerStatText": null, "smartStats": []}, {"_uid": 35071637, "id": 35071637, "inningNumber": 1, "ballsActual": null, "ballsUnique": null, "oversUnique": 17.02, "oversActual": 17.2, "overNumber": 18, "ballNumber": 2, "totalRuns": 1, "batsmanRuns": 1, "isFour": false, "isSix": false, "isWicket": false, "dismissalType": null, "byes": 0, "legbyes": 0, "wides": 0, "noballs": 0, "penalties": 0, "wagonX": 328, "wagonY": 197, "wagonZone": 3, "pitchLine": "OUTSIDE_OFFSTUMP", "pitchLength": "FULL", "shotType": "COVER_DRIVE", "shotControl": 1, "timestamp": "2021-10-24T11:31:11.000Z", "modified": "2021-10-24T11:31:15.000Z", "batsmanPlayerId": 87075, "bowlerPlayerId": 67342, "outPlayerId": null, "totalInningRuns": 142, "totalInningWickets": 3, "predictions": {"score": 166, "winProbability": 61.61}, "title": "Chameera to Afif", "dismissalText": null, "commentPreTextItems": null, "commentTextItems": [{"type": "HTML", "html": "fuller outside off, hits it towards sweeper cover"}], "commentPostTextItems": null, "commentVideos": [], "commentImages": [], "events": [], "over": null, "batsmanStatText": null, "bowlerStatText": null, "smartStats": []}, {"_uid": 35071643, "id": 35071643, "inningNumber": 1, "ballsActual": null, "ballsUnique": null, "oversUnique": 17.03, "oversActual": 17.3, "overNumber": 18, "ballNumber": 3, "totalRuns": 4, "batsmanRuns": 4, "isFour": true, "isSix": false, "isWicket": false, "dismissalType": null, "byes": 0, "legbyes": 0, "wides": 0, "noballs": 0, "penalties": 0, "wagonX": 51, "wagonY": 47, "wagonZone": 7, "pitchLine": "OUTSIDE_OFFSTUMP", "pitchLength": "SHORT", "shotType": "CUT_SHOT", "shotControl": 1, "timestamp": "2021-10-24T11:32:08.000Z", "modified": "2021-10-24T11:32:22.000Z", "batsmanPlayerId": 47986, "bowlerPlayerId": 67342, "outPlayerId": null, "totalInningRuns": 146, "totalInningWickets": 3, "predictions": {"score": 168, "winProbability": 63.57}, "title": "Chameera to Mushfiqur", "dismissalText": null, "commentPreTextItems": [{"type": "HTML", "html": "Amir Ali: \"Last 4 overs 44 runs and 1 wicket, Bangladesh looks good for 180 with wicket in hand..\""}, {"type": "HTML", "html": "Joynul : \"Bangladesh scored 11 runs in 4 consecutive overs!\""}], "commentTextItems": [{"type": "HTML", "html": "this is turning out to be a brilliant knock from Mushfiqur. Short of length outside off, Mushfiqur gets on his toes and on the top of the ball and cuts it over the point region"}], "commentPostTextItems": null, "commentVideos": [], "commentImages": [], "events": [], "over": null, "batsmanStatText": null, "bowlerStatText": null, "smartStats": []}, {"_uid": 35071654, "id": 35071654, "inningNumber": 1, "ballsActual": null, "ballsUnique": null, "oversUnique": 17.04, "oversActual": 17.4, "overNumber": 18, "ballNumber": 4, "totalRuns": 1, "batsmanRuns": 0, "isFour": false, "isSix": false, "isWicket": false, "dismissalType": null, "byes": 0, "legbyes": 1, "wides": 0, "noballs": 0, "penalties": 0, "wagonX": 0, "wagonY": 0, "wagonZone": 0, "pitchLine": "OUTSIDE_OFFSTUMP", "pitchLength": "GOOD_LENGTH", "shotType": null, "shotControl": 2, "timestamp": "2021-10-24T11:32:51.000Z", "modified": "2021-10-24T11:32:54.000Z", "batsmanPlayerId": 47986, "bowlerPlayerId": 67342, "outPlayerId": null, "totalInningRuns": 147, "totalInningWickets": 3, "predictions": {"score": 168, "winProbability": 63.57}, "title": "Chameera to Mushfiqur", "dismissalText": null, "commentPreTextItems": [{"type": "HTML", "html": "Nafis: \"@Adarsh, Mahmudullah didn't come out because left-right combination is very helpful at the death as the boundaries are lopsided.\""}], "commentTextItems": [{"type": "HTML", "html": "fuller outside off, attempts the scoop but cannot get underneath the ball. It hits him on the left leg and rolls towards covers"}], "commentPostTextItems": null, "commentVideos": [], "commentImages": [], "events": [], "over": null, "batsmanStatText": null, "bowlerStatText": null, "smartStats": []}, {"_uid": 35071659, "id": 35071659, "inningNumber": 1, "ballsActual": null, "ballsUnique": null, "oversUnique": 17.05, "oversActual": 17.5, "overNumber": 18, "ballNumber": 5, "totalRuns": 1, "batsmanRuns": 1, "isFour": false, "isSix": false, "isWicket": false, "dismissalType": null, "byes": 0, "legbyes": 0, "wides": 0, "noballs": 0, "penalties": 0, "wagonX": 186, "wagonY": 162, "wagonZone": 2, "pitchLine": "ON_THE_STUMPS", "pitchLength": "YORKER", "shotType": "FLICK", "shotControl": 2, "timestamp": "2021-10-24T11:33:24.000Z", "modified": "2021-10-24T11:33:28.000Z", "batsmanPlayerId": 87075, "bowlerPlayerId": 67342, "outPlayerId": null, "totalInningRuns": 148, "totalInningWickets": 3, "predictions": {"score": 168, "winProbability": 63.57}, "title": "Chameera to Afif", "dismissalText": null, "commentPreTextItems": null, "commentTextItems": [{"type": "HTML", "html": "a yorker. Jams his bat at it and manages to dig it out towards short third man"}], "commentPostTextItems": null, "commentVideos": [], "commentImages": [], "events": [], "over": null, "batsmanStatText": null, "bowlerStatText": null, "smartStats": []}, {"_uid": 35071665, "id": 35071665, "inningNumber": 1, "ballsActual": null, "ballsUnique": null, "oversUnique": 17.06, "oversActual": 17.6, "overNumber": 18, "ballNumber": 6, "totalRuns": 1, "batsmanRuns": 1, "isFour": false, "isSix": false, "isWicket": false, "dismissalType": null, "byes": 0, "legbyes": 0, "wides": 0, "noballs": 0, "penalties": 0, "wagonX": 63, "wagonY": 74, "wagonZone": 7, "pitchLine": "OUTSIDE_OFFSTUMP", "pitchLength": "FULL", "shotType": "SQUARE_DRIVE", "shotControl": 1, "timestamp": "2021-10-24T11:34:04.000Z", "modified": "2021-10-24T11:34:08.000Z", "batsmanPlayerId": 47986, "bowlerPlayerId": 67342, "outPlayerId": null, "totalInningRuns": 149, "totalInningWickets": 3, "predictions": {"score": 167, "winProbability": 62.6}, "title": "Chameera to Mushfiqur", "dismissalText": null, "commentPreTextItems": null, "commentTextItems": [{"type": "HTML", "html": "fuller outside off, slices it towards deep point"}], "commentPostTextItems": [{"type": "HTML", "html": "Nabeel Siddiqui: \"Why isn't Theeksana playing? He bowled so well in the group stage for Sri Lanka. Hard to see why he wouldn't play on a pitch like this. \" --- He injured himself in the last game"}], "commentVideos": [], "commentImages": [], "events": [], "over": {"team": {"id": 25, "objectId": 25, "scribeId": 25, "slug": "bangladesh", "name": "Bangladesh", "longName": "Bangladesh", "abbreviation": "BAN", "unofficialName": "", "imageUrl": "/db/PICTURES/CMS/341400/341456.png", "isCountry": true, "primaryColor": "#ed3507", "image": {"id": 341456, "objectId": 1321180, "slug": "bangladesh-latest-team-flag", "url": "/db/PICTURES/CMS/341400/341456.png", "width": 500, "height": 500, "caption": "Bangladesh latest-team flag", "longCaption": "Bangladesh latest-team flag", "credit": "Getty Images", "photographer": null, "peerUrls": null}, "country": {"id": 25, "objectId": 25, "name": "Bangladesh", "shortName": "Bangladesh", "abbreviation": "BAN", "slug": "bangladesh"}}, "inningNumber": 1, "overNumber": 18, "overRuns": 9, "overWickets": 0, "totalRuns": 149, "totalWickets": 3, "target": 0, "overLimit": 20, "ballLimit": 120, "isMaiden": false, "isComplete": true, "isSuperOver": false, "overEndBatsmen": [{"player": {"id": 47986, "objectId": 56029, "name": "Mushfiqur Rahim", "longName": "Mushfiqur Rahim", "mobileName": "Mushfiqur", "indexName": "Mushfiqur Rahim", "battingName": "Mushfiqur Rahim", "fieldingName": "Mushfiqur Rahim", "slug": "mushfiqur-rahim", "imageUrl": "/db/PICTURES/CMS/303100/303148.jpg", "headshotImageUrl": "/db/PICTURES/CMS/316500/316578.png", "dateOfBirth": {"year": 1987, "month": 5, "date": 9}, "dateOfDeath": null, "gender": "M", "battingStyles": ["rhb"], "bowlingStyles": [], "longBattingStyles": ["right-hand bat"], "longBowlingStyles": [], "image": {"id": 303148, "objectId": 1221580, "slug": "mushfiqur-rahim-portrait", "url": "/db/PICTURES/CMS/303100/303148.jpg", "width": 160, "height": 202, "caption": "Mushfiqur Rahim portrait", "longCaption": "Mushfiqur Rahim portrait, April 2020", "credit": "Getty Images", "photographer": null, "peerUrls": null}, "countryTeamId": 25, "playerRoleTypeIds": [7], "playingRoles": ["wicketkeeper batter"], "headshotImage": {"id": 316578, "objectId": 1251207, "slug": "mushfiqur-rahim-headshot", "url": "/db/PICTURES/CMS/316500/316578.png", "width": 600, "height": 436, "caption": "Mushfiqur Rahim headshot", "longCaption": "Mushfiqur Rahim headshot", "credit": null, "photographer": null, "peerUrls": {"FILM": null, "WIDE": null, "SQUARE": null}}}, "runs": 49, "balls": 31, "fours": 4, "sixes": 2}, {"player": {"id": 87075, "objectId": 935995, "name": "Afif Hossain", "longName": "Afif Hossain", "mobileName": "Afif", "indexName": "Afif Hossain", "battingName": "Afif Hossain", "fieldingName": "Afif Hossain", "slug": "afif-hossain", "imageUrl": "/db/PICTURES/CMS/306000/306068.1.jpg", "headshotImageUrl": "/db/PICTURES/CMS/323100/323159.png", "dateOfBirth": {"year": 1999, "month": 9, "date": 22}, "dateOfDeath": null, "gender": "M", "battingStyles": ["lhb"], "bowlingStyles": ["ob"], "longBattingStyles": ["left-hand bat"], "longBowlingStyles": ["right-arm offbreak"], "image": {"id": 306068, "objectId": 1226197, "slug": "afif-hossain-player-portrait", "url": "/db/PICTURES/CMS/306000/306068.1.jpg", "width": 160, "height": 203, "caption": "Afif Hossain player portrait", "longCaption": "Afif Hossain player portrait", "credit": "Unknown", "photographer": null, "peerUrls": null}, "countryTeamId": 25, "playerRoleTypeIds": [5], "playingRoles": ["allrounder"], "headshotImage": {"id": 323159, "objectId": 1266407, "slug": "afif-hossain-player-page-headshot-cutout-2021", "url": "/db/PICTURES/CMS/323100/323159.png", "width": 600, "height": 436, "caption": "Afif Hossain player page headshot cutout, 2021", "longCaption": "Afif Hossain player page headshot cutout, 2021", "credit": null, "photographer": null, "peerUrls": {"FILM": null, "WIDE": null, "SQUARE": "/db/PICTURES/CMS/323100/323159.square.png"}}}, "runs": 7, "balls": 4, "fours": 1, "sixes": 0}], "overEndBowlers": [{"player": {"id": 67342, "objectId": 552152, "name": "PVD Chameera", "longName": "Dushmantha Chameera", "mobileName": "Chameera", "indexName": "Chameera, PVD", "battingName": "PVD Chameera", "fieldingName": "Chameera", "slug": "dushmantha-chameera", "imageUrl": "/db/PICTURES/CMS/305100/305114.jpg", "headshotImageUrl": "/db/PICTURES/CMS/319800/319862.png", "dateOfBirth": {"year": 1992, "month": 1, "date": 11}, "dateOfDeath": null, "gender": "M", "battingStyles": ["rhb"], "bowlingStyles": ["rf"], "longBattingStyles": ["right-hand bat"], "longBowlingStyles": ["right-arm fast"], "image": {"id": 305114, "objectId": 1224649, "slug": "dushmantha-chameera-portrait", "url": "/db/PICTURES/CMS/305100/305114.jpg", "width": 160, "height": 200, "caption": "Dushmantha Chameera portrait", "longCaption": "Dushmantha Chameera, June 2020", "credit": "Getty Images", "photographer": null, "peerUrls": null}, "countryTeamId": 8, "playerRoleTypeIds": [4], "playingRoles": ["bowler"], "headshotImage": {"id": 319862, "objectId": 1259934, "slug": "dushmantha-chameera-player-page-headshot-cutout-2021", "url": "/db/PICTURES/CMS/319800/319862.png", "width": 600, "height": 436, "caption": "Dushmantha Chameera player page headshot cutout, 2021", "longCaption": "Dushmantha Chameera player page headshot cutout, 2021", "credit": null, "photographer": null, "peerUrls": {"FILM": null, "WIDE": null, "SQUARE": "/db/PICTURES/CMS/319800/319862.square.png"}}}, "overs": 3, "balls": 18, "maidens": 0, "conceded": 29, "wickets": 0, "currentType": 1}, {"player": {"id": 70894, "objectId": 629080, "name": "B Fernando", "longName": "Binura Fernando", "mobileName": "Fernando", "indexName": "Fernando, B", "battingName": "B Fernando", "fieldingName": "Fernando", "slug": "binura-fernando", "imageUrl": "/db/PICTURES/CMS/317600/317696.jpg", "headshotImageUrl": "/db/PICTURES/CMS/329900/329936.png", "dateOfBirth": {"year": 1995, "month": 7, "date": 12}, "dateOfDeath": null, "gender": "M", "battingStyles": ["rhb"], "bowlingStyles": ["lmf"], "longBattingStyles": ["right-hand bat"], "longBowlingStyles": ["left-arm medium-fast"], "image": {"id": 317696, "objectId": 1254384, "slug": "binura-fernando", "url": "/db/PICTURES/CMS/317600/317696.jpg", "width": 160, "height": 210, "caption": "Binura Fernando", "longCaption": null, "credit": "Chaminda de Silva", "photographer": null, "peerUrls": null}, "countryTeamId": 8, "playerRoleTypeIds": [4], "playingRoles": ["bowler"], "headshotImage": {"id": 329936, "objectId": 1287353, "slug": "binura-fernando-player-page-headshot-cutout-2021", "url": "/db/PICTURES/CMS/329900/329936.png", "width": 600, "height": 436, "caption": "Binura Fernando player page headshot cutout 2021", "longCaption": "Binura Fernando player page headshot cutout 2021", "credit": null, "photographer": null, "peerUrls": {"FILM": null, "WIDE": null, "SQUARE": "/db/PICTURES/CMS/329900/329936.square.png"}}}, "overs": 3, "balls": 18, "maidens": 0, "conceded": 27, "wickets": 1, "currentType": 2}], "rollover": null}, "batsmanStatText": null, "bowlerStatText": null, "smartStats": []}, {"_uid": 35071932, "id": 35071932, "inningNumber": 1, "ballsActual": null, "ballsUnique": null, "oversUnique": 18.01, "oversActual": 18.1, "overNumber": 19, "ballNumber": 1, "totalRuns": 1, "batsmanRuns": 1, "isFour": false, "isSix": false, "isWicket": false, "dismissalType": null, "byes": 0, "legbyes": 0, "wides": 0, "noballs": 0, "penalties": 0, "wagonX": 303, "wagonY": 271, "wagonZone": 3, "pitchLine": "ON_THE_STUMPS", "pitchLength": "FULL", "shotType": "FLICK", "shotControl": 1, "timestamp": "2021-10-24T11:35:34.000Z", "modified": "2021-10-24T11:35:38.000Z", "batsmanPlayerId": 47986, "bowlerPlayerId": 78235, "outPlayerId": null, "totalInningRuns": 150, "totalInningWickets": 3, "predictions": {"score": 168, "winProbability": 63.57}, "title": "Lahiru Kumara to Mushfiqur", "dismissalText": null, "commentPreTextItems": [{"type": "HTML", "html": "Chinmoy: \"It was a matter of time for Mushy, good to see him back in form.\""}], "commentTextItems": [{"type": "HTML", "html": "<b>fifty for Mushfiqur, off just 32 balls</b>. Fuller at the stumps from Kumara. Mushfiqur gets his front leg out of the way and hits it towards long-on. Along the ground only"}], "commentPostTextItems": null, "commentVideos": [], "commentImages": [], "events": [], "over": null, "batsmanStatText": null, "bowlerStatText": null, "smartStats": []}, {"_uid": 35071940, "id": 35071940, "inningNumber": 1, "ballsActual": null, "ballsUnique": null, "oversUnique": 18.02, "oversActual": 18.2, "overNumber": 19, "ballNumber": 2, "totalRuns": 0, "batsmanRuns": 0, "isFour": false, "isSix": false, "isWicket": false, "dismissalType": null, "byes": 0, "legbyes": 0, "wides": 0, "noballs": 0, "penalties": 0, "wagonX": 0, "wagonY": 0, "wagonZone": 0, "pitchLine": "DOWN_LEG", "pitchLength": "SHORT_OF_A_GOOD_LENGTH", "shotType": "DEFENDED", "shotControl": 2, "timestamp": "2021-10-24T11:36:19.000Z", "modified": "2021-10-24T11:36:21.000Z", "batsmanPlayerId": 87075, "bowlerPlayerId": 78235, "outPlayerId": null, "totalInningRuns": 150, "totalInningWickets": 3, "predictions": {"score": 166, "winProbability": 61.61}, "title": "Lahiru Kumara to Afif", "dismissalText": null, "commentPreTextItems": null, "commentTextItems": [{"type": "HTML", "html": "follows Afif with a length ball as the batter was moving towards the leg side. Fails to connect in the end as the ball goes between him and the stumps"}], "commentPostTextItems": null, "commentVideos": [], "commentImages": [], "events": [], "over": null, "batsmanStatText": null, "bowlerStatText": null, "smartStats": []}, {"_uid": 35071951, "id": 35071951, "inningNumber": 1, "ballsActual": null, "ballsUnique": null, "oversUnique": 18.03, "oversActual": 18.3, "overNumber": 19, "ballNumber": 3, "totalRuns": 0, "batsmanRuns": 0, "isFour": false, "isSix": false, "isWicket": true, "dismissalType": 4, "byes": 0, "legbyes": 0, "wides": 0, "noballs": 0, "penalties": 0, "wagonX": 0, "wagonY": 0, "wagonZone": 0, "pitchLine": "DOWN_LEG", "pitchLength": "YORKER", "shotType": "FLICK", "shotControl": 2, "timestamp": "2021-10-24T11:37:20.000Z", "modified": "2021-10-24T11:37:24.000Z", "batsmanPlayerId": 87075, "bowlerPlayerId": 78235, "outPlayerId": 87075, "totalInningRuns": 150, "totalInningWickets": 4, "predictions": {"score": 165, "winProbability": 60.61}, "title": "Lahiru Kumara to Afif", "dismissalText": {"short": "run out", "long": "run out (Kumara)", "commentary": "Afif Hossain run out (Kumara) 7 (6b 1x4 0x6 14m) SR: 116.66"}, "commentPreTextItems": null, "commentTextItems": [{"type": "HTML", "html": "<b>that looks out</b>. Good work from Kumara to field it in his follow-through and hit the stumps direct to find the batter short. They are checking upstairs and yes, Afif was way short of his crease. A yorker this time on the leg stump, Afif look to jam his bat at it but think it hit his pads and rolled towards the bowler who charged towards it and nailed the direct hit"}], "commentPostTextItems": null, "commentVideos": [], "commentImages": [], "events": [], "over": null, "batsmanStatText": null, "bowlerStatText": null, "smartStats": []}, {"_uid": 35071964, "id": 35071964, "inningNumber": 1, "ballsActual": null, "ballsUnique": null, "oversUnique": 18.04, "oversActual": 18.4, "overNumber": 19, "ballNumber": 4, "totalRuns": 1, "batsmanRuns": 1, "isFour": false, "isSix": false, "isWicket": false, "dismissalType": null, "byes": 0, "legbyes": 0, "wides": 0, "noballs": 0, "penalties": 0, "wagonX": 166, "wagonY": 156, "wagonZone": 7, "pitchLine": "OUTSIDE_OFFSTUMP", "pitchLength": "FULL", "shotType": "SLOG_SHOT", "shotControl": 2, "timestamp": "2021-10-24T11:39:22.000Z", "modified": "2021-10-24T11:39:26.000Z", "batsmanPlayerId": 47352, "bowlerPlayerId": 78235, "outPlayerId": null, "totalInningRuns": 151, "totalInningWickets": 4, "predictions": {"score": 164, "winProbability": 59.6}, "title": "Lahiru Kumara to Mahmudullah", "dismissalText": null, "commentPreTextItems": [{"type": "HTML", "html": "Mahmudullah"}], "commentTextItems": [{"type": "HTML", "html": "fuller around off. Mahmudullah looks to slog it away. Gets an inside edge onto the pads and sneaks in a single as the ball rolls towards the off side"}], "commentPostTextItems": null, "commentVideos": [], "commentImages": [], "events": [], "over": null, "batsmanStatText": null, "bowlerStatText": null, "smartStats": []}, {"_uid": 35071972, "id": 35071972, "inningNumber": 1, "ballsActual": null, "ballsUnique": null, "oversUnique": 18.05, "oversActual": 18.5, "overNumber": 19, "ballNumber": 5, "totalRuns": 2, "batsmanRuns": 0, "isFour": false, "isSix": false, "isWicket": false, "dismissalType": null, "byes": 1, "legbyes": 0, "wides": 0, "noballs": 1, "penalties": 0, "wagonX": 0, "wagonY": 0, "wagonZone": 0, "pitchLine": "DOWN_LEG", "pitchLength": "FULL_TOSS", "shotType": "SLOG_SHOT", "shotControl": 2, "timestamp": "2021-10-24T11:40:26.000Z", "modified": "2021-10-24T11:40:29.000Z", "batsmanPlayerId": 47986, "bowlerPlayerId": 78235, "outPlayerId": null, "totalInningRuns": 153, "totalInningWickets": 4, "predictions": {"score": 166, "winProbability": 61.61}, "title": "Lahiru Kumara to Mushfiqur", "dismissalText": null, "commentPreTextItems": null, "commentTextItems": [{"type": "HTML", "html": "<b>a beamer</b>. Called a no-ball immediately. Mushfiqur takes evasive action. Gets away from the harm's way, was 144kphs. The keeper fumbles and allows an extra run"}], "commentPostTextItems": null, "commentVideos": [], "commentImages": [], "events": [], "over": null, "batsmanStatText": null, "bowlerStatText": null, "smartStats": []}, {"_uid": 35071979, "id": 35071979, "inningNumber": 1, "ballsActual": null, "ballsUnique": null, "oversUnique": 18.06, "oversActual": 18.5, "overNumber": 19, "ballNumber": 6, "totalRuns": 2, "batsmanRuns": 0, "isFour": false, "isSix": false, "isWicket": false, "dismissalType": null, "byes": 0, "legbyes": 2, "wides": 0, "noballs": 0, "penalties": 0, "wagonX": 0, "wagonY": 0, "wagonZone": 0, "pitchLine": "ON_THE_STUMPS", "pitchLength": "YORKER", "shotType": "FLICK", "shotControl": 2, "timestamp": "2021-10-24T11:40:59.000Z", "modified": "2021-10-24T11:42:10.000Z", "batsmanPlayerId": 47352, "bowlerPlayerId": 78235, "outPlayerId": null, "totalInningRuns": 155, "totalInningWickets": 4, "predictions": {"score": 166, "winProbability": 61.61}, "title": "Lahiru Kumara to Mahmudullah", "dismissalText": null, "commentPreTextItems": [{"type": "HTML", "html": "Free hit coming up"}], "commentTextItems": [{"type": "HTML", "html": "goes for the yorker. Mahmudullah digs it out towards midwicket and they sprint back for the second"}], "commentPostTextItems": null, "commentVideos": [], "commentImages": [], "events": [], "over": null, "batsmanStatText": null, "bowlerStatText": null, "smartStats": []}, {"_uid": 35071984, "id": 35071984, "inningNumber": 1, "ballsActual": null, "ballsUnique": null, "oversUnique": 18.07, "oversActual": 18.6, "overNumber": 19, "ballNumber": 7, "totalRuns": 4, "batsmanRuns": 4, "isFour": true, "isSix": false, "isWicket": false, "dismissalType": null, "byes": 0, "legbyes": 0, "wides": 0, "noballs": 0, "penalties": 0, "wagonX": 196, "wagonY": 363, "wagonZone": 4, "pitchLine": "ON_THE_STUMPS", "pitchLength": "FULL_TOSS", "shotType": "STRAIGHT_DRIVE", "shotControl": 1, "timestamp": "2021-10-24T11:41:48.000Z", "modified": "2021-10-24T11:41:51.000Z", "batsmanPlayerId": 47352, "bowlerPlayerId": 78235, "outPlayerId": null, "totalInningRuns": 159, "totalInningWickets": 4, "predictions": {"score": 168, "winProbability": 63.57}, "title": "Lahiru Kumara to Mahmudullah", "dismissalText": null, "commentPreTextItems": null, "commentTextItems": [{"type": "HTML", "html": "hits straight down the ground, between the stumps and the non-striker. A low full toss in the line of the stumps and hit almost parallel to the ground"}], "commentPostTextItems": null, "commentVideos": [], "commentImages": [], "events": [], "over": {"team": {"id": 25, "objectId": 25, "scribeId": 25, "slug": "bangladesh", "name": "Bangladesh", "longName": "Bangladesh", "abbreviation": "BAN", "unofficialName": "", "imageUrl": "/db/PICTURES/CMS/341400/341456.png", "isCountry": true, "primaryColor": "#ed3507", "image": {"id": 341456, "objectId": 1321180, "slug": "bangladesh-latest-team-flag", "url": "/db/PICTURES/CMS/341400/341456.png", "width": 500, "height": 500, "caption": "Bangladesh latest-team flag", "longCaption": "Bangladesh latest-team flag", "credit": "Getty Images", "photographer": null, "peerUrls": null}, "country": {"id": 25, "objectId": 25, "name": "Bangladesh", "shortName": "Bangladesh", "abbreviation": "BAN", "slug": "bangladesh"}}, "inningNumber": 1, "overNumber": 19, "overRuns": 10, "overWickets": 1, "totalRuns": 159, "totalWickets": 4, "target": 0, "overLimit": 20, "ballLimit": 120, "isMaiden": false, "isComplete": true, "isSuperOver": false, "overEndBatsmen": [{"player": {"id": 47352, "objectId": 56025, "name": "Mahmudullah", "longName": "Mahmudullah", "mobileName": "Mahmudullah", "indexName": "Mahmudullah", "battingName": "Mahmudullah", "fieldingName": "Mahmudullah", "slug": "mahmudullah", "imageUrl": "/db/PICTURES/CMS/263500/263581.jpg", "headshotImageUrl": "/db/PICTURES/CMS/316500/316571.png", "dateOfBirth": {"year": 1986, "month": 2, "date": 4}, "dateOfDeath": null, "gender": "M", "battingStyles": ["rhb"], "bowlingStyles": ["ob"], "longBattingStyles": ["right-hand bat"], "longBowlingStyles": ["right-arm offbreak"], "image": {"id": 263581, "objectId": 1099653, "slug": "mahmudullah", "url": "/db/PICTURES/CMS/263500/263581.jpg", "width": 159, "height": 207, "caption": "Mahmudullah", "longCaption": null, "credit": "Getty Images", "photographer": null, "peerUrls": null}, "countryTeamId": 25, "playerRoleTypeIds": [5], "playingRoles": ["allrounder"], "headshotImage": {"id": 316571, "objectId": 1251200, "slug": "mahmudullah-headshot", "url": "/db/PICTURES/CMS/316500/316571.png", "width": 600, "height": 436, "caption": "Mahmudullah headshot", "longCaption": "Mahmudullah headshot", "credit": null, "photographer": null, "peerUrls": {"FILM": null, "WIDE": null, "SQUARE": null}}}, "runs": 5, "balls": 3, "fours": 1, "sixes": 0}, {"player": {"id": 47986, "objectId": 56029, "name": "Mushfiqur Rahim", "longName": "Mushfiqur Rahim", "mobileName": "Mushfiqur", "indexName": "Mushfiqur Rahim", "battingName": "Mushfiqur Rahim", "fieldingName": "Mushfiqur Rahim", "slug": "mushfiqur-rahim", "imageUrl": "/db/PICTURES/CMS/303100/303148.jpg", "headshotImageUrl": "/db/PICTURES/CMS/316500/316578.png", "dateOfBirth": {"year": 1987, "month": 5, "date": 9}, "dateOfDeath": null, "gender": "M", "battingStyles": ["rhb"], "bowlingStyles": [], "longBattingStyles": ["right-hand bat"], "longBowlingStyles": [], "image": {"id": 303148, "objectId": 1221580, "slug": "mushfiqur-rahim-portrait", "url": "/db/PICTURES/CMS/303100/303148.jpg", "width": 160, "height": 202, "caption": "Mushfiqur Rahim portrait", "longCaption": "Mushfiqur Rahim portrait, April 2020", "credit": "Getty Images", "photographer": null, "peerUrls": null}, "countryTeamId": 25, "playerRoleTypeIds": [7], "playingRoles": ["wicketkeeper batter"], "headshotImage": {"id": 316578, "objectId": 1251207, "slug": "mushfiqur-rahim-headshot", "url": "/db/PICTURES/CMS/316500/316578.png", "width": 600, "height": 436, "caption": "Mushfiqur Rahim headshot", "longCaption": "Mushfiqur Rahim headshot", "credit": null, "photographer": null, "peerUrls": {"FILM": null, "WIDE": null, "SQUARE": null}}}, "runs": 50, "balls": 33, "fours": 4, "sixes": 2}], "overEndBowlers": [{"player": {"id": 78235, "objectId": 784375, "name": "CBRLS Kumara", "longName": "Lahiru Kumara", "mobileName": "Lahiru Kumara", "indexName": "Kumara, CBRLS", "battingName": "CBRLS Kumara", "fieldingName": "Kumara", "slug": "lahiru-kumara", "imageUrl": "/db/PICTURES/CMS/303800/303837.png", "headshotImageUrl": "/db/PICTURES/CMS/322900/322942.png", "dateOfBirth": {"year": 1997, "month": 2, "date": 13}, "dateOfDeath": null, "gender": "M", "battingStyles": ["lhb"], "bowlingStyles": ["rf"], "longBattingStyles": ["left-hand bat"], "longBowlingStyles": ["right-arm fast"], "image": {"id": 303837, "objectId": 1222671, "slug": "lahiru-kumara-portrait", "url": "/db/PICTURES/CMS/303800/303837.png", "width": 160, "height": 202, "caption": "Lahiru Kumara portrait", "longCaption": "Lahiru Kumara, May 2020", "credit": "Getty Images", "photographer": null, "peerUrls": null}, "countryTeamId": 8, "playerRoleTypeIds": [4], "playingRoles": ["bowler"], "headshotImage": {"id": 322942, "objectId": 1266037, "slug": "lahiru-kumara-player-page-headshot-cutout-2021", "url": "/db/PICTURES/CMS/322900/322942.png", "width": 600, "height": 436, "caption": "Lahiru Kumara player page headshot cutout, 2021", "longCaption": "Lahiru Kumara player page headshot cutout, 2021", "credit": null, "photographer": null, "peerUrls": {"FILM": null, "WIDE": null, "SQUARE": "/db/PICTURES/CMS/322900/322942.square.png"}}}, "overs": 4, "balls": 24, "maidens": 0, "conceded": 29, "wickets": 1, "currentType": 1}, {"player": {"id": 67342, "objectId": 552152, "name": "PVD Chameera", "longName": "Dushmantha Chameera", "mobileName": "Chameera", "indexName": "Chameera, PVD", "battingName": "PVD Chameera", "fieldingName": "Chameera", "slug": "dushmantha-chameera", "imageUrl": "/db/PICTURES/CMS/305100/305114.jpg", "headshotImageUrl": "/db/PICTURES/CMS/319800/319862.png", "dateOfBirth": {"year": 1992, "month": 1, "date": 11}, "dateOfDeath": null, "gender": "M", "battingStyles": ["rhb"], "bowlingStyles": ["rf"], "longBattingStyles": ["right-hand bat"], "longBowlingStyles": ["right-arm fast"], "image": {"id": 305114, "objectId": 1224649, "slug": "dushmantha-chameera-portrait", "url": "/db/PICTURES/CMS/305100/305114.jpg", "width": 160, "height": 200, "caption": "Dushmantha Chameera portrait", "longCaption": "Dushmantha Chameera, June 2020", "credit": "Getty Images", "photographer": null, "peerUrls": null}, "countryTeamId": 8, "playerRoleTypeIds": [4], "playingRoles": ["bowler"], "headshotImage": {"id": 319862, "objectId": 1259934, "slug": "dushmantha-chameera-player-page-headshot-cutout-2021", "url": "/db/PICTURES/CMS/319800/319862.png", "width": 600, "height": 436, "caption": "Dushmantha Chameera player page headshot cutout, 2021", "longCaption": "Dushmantha Chameera player page headshot cutout, 2021", "credit": null, "photographer": null, "peerUrls": {"FILM": null, "WIDE": null, "SQUARE": "/db/PICTURES/CMS/319800/319862.square.png"}}}, "overs": 3, "balls": 18, "maidens": 0, "conceded": 29, "wickets": 0, "currentType": 2}], "rollover": null}, "batsmanStatText": null, "bowlerStatText": null, "smartStats": []}]