[{"_uid": 35078458, "id": 35078458, "inningNumber": 1, "ballsActual": null, "ballsUnique": null, "oversUnique": 0.01, "oversActual": 0.1, "overNumber": 1, "ballNumber": 1, "totalRuns": 1, "batsmanRuns": 1, "isFour": false, "isSix": false, "isWicket": false, "dismissalType": null, "byes": 0, "legbyes": 0, "wides": 0, "noballs": 0, "penalties": 0, "wagonX": 223, "wagonY": 184, "wagonZone": 3, "pitchLine": "OUTSIDE_OFFSTUMP", "pitchLength": "GOOD_LENGTH", "shotType": "PUSH", "shotControl": 1, "timestamp": "2021-10-26T10:01:34.000Z", "modified": "2021-10-26T10:01:37.000Z", "batsmanPlayerId": 45256, "bowlerPlayerId": 70277, "outPlayerId": null, "totalInningRuns": 1, "totalInningWickets": 0, "predictions": {"score": 163, "winProbability": 51.65}, "title": "Markram to Simmons", "dismissalText": null, "commentPreTextItems": [{"type": "HTML", "html": "The players are out there for the anthems. The South Africa team head onto the field. It's Simmons and Lewis opening, not Gayle. Spin first up. Every player on the ground is taking a knee. Markram to sneak an over of offspin first up."}, {"type": "HTML", "html": "<strong>1.50pm</strong> Pitch looks a good surface. It is a new surface. Matt Roller tells me it's two strips over from the surface used in West Indies game against England. The chasing team has been dominating here this year winning 11 of 15 T20s in total and that trend has continued in this tournament. </br> He is listed at 2 on the team sheet. He and Lewis average 58 at a strike-rate of 170 together in T20Is compared to Lewis and Simmons who average 38 at 160."}, {"type": "HTML", "html": "<strong>1.40pm</strong> Some breaking news, Cricket South Africa has issued a directive that the South Africa team must collectively take a <a href=\"https://www.espncricinfo.com/story/t20-world-cup-south-africa-sa-vs-wi-csa-directs-mens-team-to-collectively-take-a-knee-1285251\">knee pre-game</a>."}, {"type": "HTML", "html": "<strong>1.30pm</strong> South Africa <strong>won the toss and will bowl first</strong>. No surprise.</br> Temba Bavuma: \"It's been a bit challenging to know what a good score is so we want to have a look.\" Huge news, Quinton de Kock is out! Bavuma: \"He's made himself unavailable for personal reasons.\" Reeza Hendricks is in.</br> Obed McCoy misses out for the West Indies and Hayden Walsh is in.</br></br><strong>South Africa</strong>: 1 Reeza Hendricks, 2 Temba Bavuma (capt), 3 Aiden Markram, 4 Rassie van der Dussen, 5 David Miller, 6 Heinrich Klaasen (wk), 7 Dwayne Pretorius 8 Kagiso Rabada, 9 Keshav Maharaj, 10 Anrich Nortje, 11 Tabraiz Shamsi </br></br><strong>West Indies</strong>: 1 Evin Lewis, 2 Chris Gayle, 3 Lendl Simmons,  4 Shimron Hetmyer, 5 Nicholas Pooran (wk), 6 Kieron Pollard, 7 Andre Russell, 8 Dwayne Bravo 9 Akeal Hosein, 10 Hayden Walsh, Ravi Rampaul</br></br>"}, {"type": "HTML", "html": "<strong>1.20pm</strong> Trey: \"QDK has to come to the party today if SA are to win this one\" He has a huge role to play today, Trey. He made three straight half-centuries against West Indies earlier this year. Dwayne Bravo is a good match-up for de Kock having got him four times. It will be interesting if West Indies opt for Roston Chase as well given de Kock is uncomfortable against right-arm offspin. </br></br>Sheldon Smith: \"Can the West Indies block out all the noise and play the kind of cricket that they are capable of?,, If not they will become their worst enemies\" Here's what coach Phil Simmons had to say about the <a href=\"https://www.espncricinfo.com/story/t20-world-cup-2021-phil-simmons-west-indies-will-be-aggressive-but-shot-selection-should-improve-1285111\">England debacle</a>."}, {"type": "HTML", "html": "<strong>1.10pm</strong> <b>In the USA, you can watch this game live on ESPN+ <a href=\"https://www.espn.com/watch/player/_/id/67beff00-9c2d-40e7-95fe-c80cda2e8f85/country/us/redirected/true\">in English</a> and <a href=\"https://www.espn.com/watch/player/_/id/553f075b-d51d-429d-8073-396267f89875/country/us/redirected/true\">in Hindi</a>.</b> </br></br>Dwayne Bravo is reinventing himself in T20, age be damned. He is Deivarayan Muthu's <a href=\"https://www.espncricinfo.com/story/t20-world-cup-2021-dwayne-bravo-is-reinventing-himself-in-t20-age-be-damned-1285094\">feature</a> on the man who won both the CPL and IPL this year."}, {"type": "HTML", "html": "<strong>1pm</strong> Hello and welcome to ESPNCricinfo's coverage of this crucial Group 1 clash between South Africa and West Indies. Alex Malcolm and Peter Della Penna with you today. Both sides are coming off tough losses in their opening games. West Indies particularly have a lot of ground to make up after their net run-rate debacle against England. Here is Firdose Moonda's <a href=\"https://www.espncricinfo.com/series/icc-men-s-t20-world-cup-2021-22-1267897/south-africa-vs-west-indies-18th-match-group-1-1273729/match-preview\">match preview</a>.</br></br>Dipanjan Show: \"The WI Series last June was one of the rare bright spot for South Africa cricket in recent time, and it also made me feel good. Hope they can beat the Windies today, otherwise their campaign will be pretty much dead.\""}], "commentTextItems": [{"type": "HTML", "html": "<strong>should have been run out!</strong> He went back and knocked it into the leg side but not far enough away from Markram, they ran, Markram zipped across, slid and threw but missed! Simmons gave up"}], "commentPostTextItems": null, "commentVideos": [], "commentImages": [], "events": [{"type": "RUN_OUT_CHANCE", "inningNumber": 1, "oversUnique": 0.01, "batsman": null, "fielders": [{"id": 70277, "objectId": 600498, "name": "AK Markram", "longName": "Aiden Markram", "mobileName": "Markram", "indexName": "Markram, AK", "battingName": "AK Markram", "fieldingName": "Markram", "slug": "aiden-markram", "imageUrl": "/db/PICTURES/CMS/317900/317970.jpg", "headshotImageUrl": "/db/PICTURES/CMS/322000/322067.png"}]}], "over": null, "batsmanStatText": null, "bowlerStatText": null, "smartStats": []}, {"_uid": 35078461, "id": 35078461, "inningNumber": 1, "ballsActual": null, "ballsUnique": null, "oversUnique": 0.02, "oversActual": 0.2, "overNumber": 1, "ballNumber": 2, "totalRuns": 1, "batsmanRuns": 0, "isFour": false, "isSix": false, "isWicket": false, "dismissalType": null, "byes": 0, "legbyes": 0, "wides": 1, "noballs": 0, "penalties": 0, "wagonX": 0, "wagonY": 0, "wagonZone": 0, "pitchLine": "OUTSIDE_OFFSTUMP", "pitchLength": "GOOD_LENGTH", "shotType": "LEFT_ALONE", "shotControl": null, "timestamp": "2021-10-26T10:02:10.000Z", "modified": "2021-10-26T10:02:13.000Z", "batsmanPlayerId": 61413, "bowlerPlayerId": 70277, "outPlayerId": null, "totalInningRuns": 2, "totalInningWickets": 0, "predictions": {"score": 164, "winProbability": 52.76}, "title": "Markram to Lewis", "dismissalText": null, "commentPreTextItems": [{"type": "HTML", "html": "Around the wicket"}], "commentTextItems": [{"type": "HTML", "html": "too short and too wide of off and called wide"}], "commentPostTextItems": null, "commentVideos": [], "commentImages": [], "events": [], "over": null, "batsmanStatText": null, "bowlerStatText": null, "smartStats": []}, {"_uid": 35078462, "id": 35078462, "inningNumber": 1, "ballsActual": null, "ballsUnique": null, "oversUnique": 0.03, "oversActual": 0.2, "overNumber": 1, "ballNumber": 3, "totalRuns": 0, "batsmanRuns": 0, "isFour": false, "isSix": false, "isWicket": false, "dismissalType": null, "byes": 0, "legbyes": 0, "wides": 0, "noballs": 0, "penalties": 0, "wagonX": 212, "wagonY": 135, "wagonZone": 2, "pitchLine": "OUTSIDE_OFFSTUMP", "pitchLength": "GOOD_LENGTH", "shotType": "PUSH", "shotControl": 1, "timestamp": "2021-10-26T10:02:29.000Z", "modified": "2021-10-26T10:02:32.000Z", "batsmanPlayerId": 61413, "bowlerPlayerId": 70277, "outPlayerId": null, "totalInningRuns": 2, "totalInningWickets": 0, "predictions": {"score": 162, "winProbability": 50.53}, "title": "Markram to Lewis", "dismissalText": null, "commentPreTextItems": null, "commentTextItems": [{"type": "HTML", "html": "tossed up on off, he leans out and defends off a thick edge and it runs to backward point"}], "commentPostTextItems": null, "commentVideos": [], "commentImages": [], "events": [], "over": null, "batsmanStatText": null, "bowlerStatText": null, "smartStats": []}, {"_uid": 35078464, "id": 35078464, "inningNumber": 1, "ballsActual": null, "ballsUnique": null, "oversUnique": 0.04, "oversActual": 0.3, "overNumber": 1, "ballNumber": 4, "totalRuns": 1, "batsmanRuns": 1, "isFour": false, "isSix": false, "isWicket": false, "dismissalType": null, "byes": 0, "legbyes": 0, "wides": 0, "noballs": 0, "penalties": 0, "wagonX": 189, "wagonY": 307, "wagonZone": 4, "pitchLine": "ON_THE_STUMPS", "pitchLength": "SHORT_OF_A_GOOD_LENGTH", "shotType": "STRAIGHT_DRIVE", "shotControl": 1, "timestamp": "2021-10-26T10:02:50.000Z", "modified": "2021-10-26T10:02:54.000Z", "batsmanPlayerId": 61413, "bowlerPlayerId": 70277, "outPlayerId": null, "totalInningRuns": 3, "totalInningWickets": 0, "predictions": {"score": 162, "winProbability": 50.53}, "title": "Markram to Lewis", "dismissalText": null, "commentPreTextItems": null, "commentTextItems": [{"type": "HTML", "html": "shorter length, he stands up and punches down the ground"}], "commentPostTextItems": null, "commentVideos": [], "commentImages": [], "events": [], "over": null, "batsmanStatText": null, "bowlerStatText": null, "smartStats": []}, {"_uid": 35078466, "id": 35078466, "inningNumber": 1, "ballsActual": null, "ballsUnique": null, "oversUnique": 0.05, "oversActual": 0.4, "overNumber": 1, "ballNumber": 5, "totalRuns": 0, "batsmanRuns": 0, "isFour": false, "isSix": false, "isWicket": false, "dismissalType": null, "byes": 0, "legbyes": 0, "wides": 0, "noballs": 0, "penalties": 0, "wagonX": 114, "wagonY": 186, "wagonZone": 6, "pitchLine": "OUTSIDE_OFFSTUMP", "pitchLength": "SHORT_OF_A_GOOD_LENGTH", "shotType": "CUT_SHOT", "shotControl": 1, "timestamp": "2021-10-26T10:03:18.000Z", "modified": "2021-10-26T10:03:22.000Z", "batsmanPlayerId": 45256, "bowlerPlayerId": 70277, "outPlayerId": null, "totalInningRuns": 3, "totalInningWickets": 0, "predictions": {"score": 160, "winProbability": 48.29}, "title": "Markram to Simmons", "dismissalText": null, "commentPreTextItems": null, "commentTextItems": [{"type": "HTML", "html": "shorter ball, he's back and giving room to push into the off side"}], "commentPostTextItems": null, "commentVideos": [], "commentImages": [], "events": [], "over": null, "batsmanStatText": null, "bowlerStatText": null, "smartStats": []}, {"_uid": 35078468, "id": 35078468, "inningNumber": 1, "ballsActual": null, "ballsUnique": null, "oversUnique": 0.06, "oversActual": 0.5, "overNumber": 1, "ballNumber": 6, "totalRuns": 0, "batsmanRuns": 0, "isFour": false, "isSix": false, "isWicket": false, "dismissalType": null, "byes": 0, "legbyes": 0, "wides": 0, "noballs": 0, "penalties": 0, "wagonX": 213, "wagonY": 192, "wagonZone": 3, "pitchLine": "OUTSIDE_OFFSTUMP", "pitchLength": "GOOD_LENGTH", "shotType": "PUSH", "shotControl": 1, "timestamp": "2021-10-26T10:03:33.000Z", "modified": "2021-10-26T10:03:37.000Z", "batsmanPlayerId": 45256, "bowlerPlayerId": 70277, "outPlayerId": null, "totalInningRuns": 3, "totalInningWickets": 0, "predictions": {"score": 159, "winProbability": 47.18}, "title": "Markram to Simmons", "dismissalText": null, "commentPreTextItems": null, "commentTextItems": [{"type": "HTML", "html": "floated up on middle, he defends on the front foot"}], "commentPostTextItems": null, "commentVideos": [], "commentImages": [], "events": [], "over": null, "batsmanStatText": null, "bowlerStatText": null, "smartStats": []}, {"_uid": 35078469, "id": 35078469, "inningNumber": 1, "ballsActual": null, "ballsUnique": null, "oversUnique": 0.07, "oversActual": 0.6, "overNumber": 1, "ballNumber": 7, "totalRuns": 1, "batsmanRuns": 1, "isFour": false, "isSix": false, "isWicket": false, "dismissalType": null, "byes": 0, "legbyes": 0, "wides": 0, "noballs": 0, "penalties": 0, "wagonX": 135, "wagonY": 234, "wagonZone": 5, "pitchLine": "OUTSIDE_OFFSTUMP", "pitchLength": "FULL", "shotType": "ON_DRIVE", "shotControl": 1, "timestamp": "2021-10-26T10:04:00.000Z", "modified": "2021-10-26T10:04:04.000Z", "batsmanPlayerId": 45256, "bowlerPlayerId": 70277, "outPlayerId": null, "totalInningRuns": 4, "totalInningWickets": 0, "predictions": {"score": 158, "winProbability": 46.06}, "title": "Markram to Simmons", "dismissalText": null, "commentPreTextItems": null, "commentTextItems": [{"type": "HTML", "html": "tossed up, 91kph, he drives to mid off who is on the circle and they get one"}], "commentPostTextItems": null, "commentVideos": [], "commentImages": [], "events": [], "over": {"team": {"id": 4, "objectId": 4, "scribeId": 4, "slug": "west-indies", "name": "West Indies", "longName": "West Indies", "abbreviation": "WI", "unofficialName": "", "imageUrl": "/db/PICTURES/CMS/317600/317615.png", "isCountry": true, "primaryColor": "#790d1a", "image": {"id": 317615, "objectId": 1254181, "slug": "west-indies-team-logo", "url": "/db/PICTURES/CMS/317600/317615.png", "width": 500, "height": 500, "caption": "West Indies team logo", "longCaption": "West Indies team logo", "credit": "West Indies Cricket", "photographer": null, "peerUrls": null}, "country": {"id": 4, "objectId": 4, "name": "West Indies", "shortName": "West Indies", "abbreviation": "WI", "slug": "west-indies"}}, "inningNumber": 1, "overNumber": 1, "overRuns": 4, "overWickets": 0, "totalRuns": 4, "totalWickets": 0, "target": 0, "overLimit": 20, "ballLimit": 120, "isMaiden": false, "isComplete": true, "isSuperOver": false, "overEndBatsmen": [{"player": {"id": 45256, "objectId": 53116, "name": "LMP Simmons", "longName": "Lendl Simmons", "mobileName": "Simmons", "indexName": "Simmons, LMP", "battingName": "LMP Simmons", "fieldingName": "Simmons", "slug": "lendl-simmons", "imageUrl": "/db/PICTURES/CMS/203200/203285.1.jpg", "headshotImageUrl": "/db/PICTURES/CMS/316500/316545.png", "dateOfBirth": {"year": 1985, "month": 1, "date": 25}, "dateOfDeath": null, "gender": "M", "battingStyles": ["rhb"], "bowlingStyles": ["rmf"], "longBattingStyles": ["right-hand bat"], "longBowlingStyles": ["right-arm medium-fast"], "image": {"id": 203285, "objectId": 818687, "slug": "lendl-simmons", "url": "/db/PICTURES/CMS/203200/203285.1.jpg", "width": 160, "height": 192, "caption": "Lendl Simmons", "longCaption": "Lendl Simmons", "credit": "Getty Images", "photographer": null, "peerUrls": null}, "countryTeamId": 4, "playerRoleTypeIds": [2], "playingRoles": ["top-order batter"], "headshotImage": {"id": 316545, "objectId": 1251174, "slug": "lmp-simmons-headshot", "url": "/db/PICTURES/CMS/316500/316545.png", "width": 600, "height": 436, "caption": "LMP Simmons headshot", "longCaption": "LMP Simmons headshot", "credit": null, "photographer": null, "peerUrls": {"FILM": null, "WIDE": null, "SQUARE": null}}}, "runs": 2, "balls": 4, "fours": 0, "sixes": 0}, {"player": {"id": 61413, "objectId": 431901, "name": "E Lewis", "longName": "Evin Lewis", "mobileName": "Lewis", "indexName": "Lewis, E", "battingName": "E Lewis", "fieldingName": "Lewis", "slug": "evin-lewis", "imageUrl": "/db/PICTURES/CMS/232700/232753.jpg", "headshotImageUrl": "/db/PICTURES/CMS/320000/320093.png", "dateOfBirth": {"year": 1991, "month": 12, "date": 27}, "dateOfDeath": null, "gender": "M", "battingStyles": ["lhb"], "bowlingStyles": [], "longBattingStyles": ["left-hand bat"], "longBowlingStyles": [], "image": {"id": 232753, "objectId": 966389, "slug": "evin-lewis-profile-photo", "url": "/db/PICTURES/CMS/232700/232753.jpg", "width": 160, "height": 200, "caption": "Evin Lewis profile photo", "longCaption": "Evin Lewis profile photo", "credit": "Craig Cozier", "photographer": null, "peerUrls": null}, "countryTeamId": 4, "playerRoleTypeIds": [1], "playingRoles": ["opening batter"], "headshotImage": {"id": 320093, "objectId": 1260548, "slug": "evin-lewis-player-page-headshot-cutout-2021", "url": "/db/PICTURES/CMS/320000/320093.png", "width": 600, "height": 436, "caption": "Evin Lewis player page headshot cutout, 2021", "longCaption": "Evin Lewis player page headshot cutout, 2021", "credit": null, "photographer": null, "peerUrls": {"FILM": null, "WIDE": null, "SQUARE": "/db/PICTURES/CMS/320000/320093.square.png"}}}, "runs": 1, "balls": 2, "fours": 0, "sixes": 0}], "overEndBowlers": [{"player": {"id": 70277, "objectId": 600498, "name": "AK Markram", "longName": "Aiden Markram", "mobileName": "Markram", "indexName": "Markram, AK", "battingName": "AK Markram", "fieldingName": "Markram", "slug": "aiden-markram", "imageUrl": "/db/PICTURES/CMS/317900/317970.jpg", "headshotImageUrl": "/db/PICTURES/CMS/322000/322067.png", "dateOfBirth": {"year": 1994, "month": 10, "date": 4}, "dateOfDeath": null, "gender": "M", "battingStyles": ["rhb"], "bowlingStyles": ["ob"], "longBattingStyles": ["right-hand bat"], "longBowlingStyles": ["right-arm offbreak"], "image": {"id": 317970, "objectId": 1254938, "slug": "aiden-markram-portrait", "url": "/db/PICTURES/CMS/317900/317970.jpg", "width": 160, "height": 200, "caption": "Aiden Markram portrait", "longCaption": "Aiden Markram portrait, December 23, 2020", "credit": "Cricket South Africa", "photographer": null, "peerUrls": null}, "countryTeamId": 3, "playerRoleTypeIds": [1], "playingRoles": ["opening batter"], "headshotImage": {"id": 322067, "objectId": 1264436, "slug": "aiden-markram-player-page-headshot-cutout-2021", "url": "/db/PICTURES/CMS/322000/322067.png", "width": 600, "height": 436, "caption": "Aiden Markram player page headshot cutout, 2021", "longCaption": "Aiden Markram player page headshot cutout, 2021", "credit": null, "photographer": null, "peerUrls": {"FILM": null, "WIDE": null, "SQUARE": "/db/PICTURES/CMS/322000/322067.square.png"}}}, "overs": 1, "balls": 6, "maidens": 0, "conceded": 4, "wickets": 0, "currentType": 1}], "rollover": null}, "batsmanStatText": null, "bowlerStatText": null, "smartStats": []}]