[{"_uid": 35046603, "id": 35046603, "inningNumber": 2, "ballsActual": null, "ballsUnique": null, "oversUnique": 17.01, "oversActual": 17.1, "overNumber": 18, "ballNumber": 1, "totalRuns": 1, "batsmanRuns": 0, "isFour": false, "isSix": false, "isWicket": false, "dismissalType": null, "byes": 0, "legbyes": 0, "wides": 1, "noballs": 0, "penalties": 0, "wagonX": 0, "wagonY": 0, "wagonZone": 0, "pitchLine": "WIDE_OUTSIDE_OFFSTUMP", "pitchLength": "YORKER", "shotType": "CUT_SHOT", "shotControl": 2, "timestamp": "2021-10-19T17:43:44.000Z", "modified": "2021-10-19T17:44:03.000Z", "batsmanPlayerId": 96344, "bowlerPlayerId": 54674, "outPlayerId": null, "totalInningRuns": 108, "totalInningWickets": 7, "predictions": {"score": 130, "winProbability": 1.38}, "title": "Mustafizur to Kaleemullah", "dismissalText": null, "commentPreTextItems": [{"type": "HTML", "html": "Fizz coming back."}], "commentTextItems": [{"type": "HTML", "html": "going across him, wide yorker outside off, he can't make contact looking to get bat horizontal and slap it square"}], "commentPostTextItems": null, "commentVideos": [], "commentImages": [], "events": [], "over": null, "batsmanStatText": null, "bowlerStatText": null, "smartStats": []}, {"_uid": 35046604, "id": 35046604, "inningNumber": 2, "ballsActual": null, "ballsUnique": null, "oversUnique": 17.02, "oversActual": 17.1, "overNumber": 18, "ballNumber": 2, "totalRuns": 4, "batsmanRuns": 4, "isFour": true, "isSix": false, "isWicket": false, "dismissalType": null, "byes": 0, "legbyes": 0, "wides": 0, "noballs": 0, "penalties": 0, "wagonX": 191, "wagonY": 359, "wagonZone": 4, "pitchLine": "ON_THE_STUMPS", "pitchLength": "FULL", "shotType": "STRAIGHT_DRIVE", "shotControl": 1, "timestamp": "2021-10-19T17:44:22.000Z", "modified": "2021-10-19T17:44:25.000Z", "batsmanPlayerId": 96344, "bowlerPlayerId": 54674, "outPlayerId": null, "totalInningRuns": 112, "totalInningWickets": 7, "predictions": {"score": 135, "winProbability": 3.28}, "title": "Mustafizur to Kaleemullah", "dismissalText": null, "commentPreTextItems": null, "commentTextItems": [{"type": "HTML", "html": "full ball on the stumps, he just moved his front leg out of the way and threw the kitchen sink at this ball, drills it straight back. Hit hard enough that neither long-on nor long-off can cut it off"}], "commentPostTextItems": null, "commentVideos": [], "commentImages": [], "events": [], "over": null, "batsmanStatText": null, "bowlerStatText": null, "smartStats": []}, {"_uid": 35046605, "id": 35046605, "inningNumber": 2, "ballsActual": null, "ballsUnique": null, "oversUnique": 17.03, "oversActual": 17.2, "overNumber": 18, "ballNumber": 3, "totalRuns": 0, "batsmanRuns": 0, "isFour": false, "isSix": false, "isWicket": false, "dismissalType": null, "byes": 0, "legbyes": 0, "wides": 0, "noballs": 0, "penalties": 0, "wagonX": 0, "wagonY": 0, "wagonZone": 0, "pitchLine": "OUTSIDE_OFFSTUMP", "pitchLength": "FULL", "shotType": "SLOG_SHOT", "shotControl": 2, "timestamp": "2021-10-19T17:44:58.000Z", "modified": "2021-10-19T17:45:02.000Z", "batsmanPlayerId": 96344, "bowlerPlayerId": 54674, "outPlayerId": null, "totalInningRuns": 112, "totalInningWickets": 7, "predictions": {"score": 135, "winProbability": 2.23}, "title": "Mustafizur to Kaleemullah", "dismissalText": null, "commentPreTextItems": null, "commentTextItems": [{"type": "HTML", "html": "off-cutter with pace reduced outside off, he's looking to swing over cow corner, connects only with air."}], "commentPostTextItems": null, "commentVideos": [], "commentImages": [], "events": [], "over": null, "batsmanStatText": null, "bowlerStatText": null, "smartStats": []}, {"_uid": 35046606, "id": 35046606, "inningNumber": 2, "ballsActual": null, "ballsUnique": null, "oversUnique": 17.04, "oversActual": 17.3, "overNumber": 18, "ballNumber": 4, "totalRuns": 0, "batsmanRuns": 0, "isFour": false, "isSix": false, "isWicket": false, "dismissalType": null, "byes": 0, "legbyes": 0, "wides": 0, "noballs": 0, "penalties": 0, "wagonX": 0, "wagonY": 0, "wagonZone": 0, "pitchLine": "OUTSIDE_OFFSTUMP", "pitchLength": "GOOD_LENGTH", "shotType": "CUT_SHOT", "shotControl": 2, "timestamp": "2021-10-19T17:45:36.000Z", "modified": "2021-10-19T17:45:39.000Z", "batsmanPlayerId": 96344, "bowlerPlayerId": 54674, "outPlayerId": null, "totalInningRuns": 112, "totalInningWickets": 7, "predictions": {"score": 133, "winProbability": 1.4}, "title": "Mustafizur to Kaleemullah", "dismissalText": null, "commentPreTextItems": null, "commentTextItems": [{"type": "HTML", "html": "goes across him again, length a bit shorter, batter opens his stance and looks to scythe it through offside now but still can't connect"}], "commentPostTextItems": null, "commentVideos": [], "commentImages": [], "events": [], "over": null, "batsmanStatText": null, "bowlerStatText": null, "smartStats": []}, {"_uid": 35046607, "id": 35046607, "inningNumber": 2, "ballsActual": null, "ballsUnique": null, "oversUnique": 17.05, "oversActual": 17.4, "overNumber": 18, "ballNumber": 5, "totalRuns": 0, "batsmanRuns": 0, "isFour": false, "isSix": false, "isWicket": true, "dismissalType": 1, "byes": 0, "legbyes": 0, "wides": 0, "noballs": 0, "penalties": 0, "wagonX": 182, "wagonY": 137, "wagonZone": 1, "pitchLine": "OUTSIDE_OFFSTUMP", "pitchLength": "FULL", "shotType": "SLOG_SHOT", "shotControl": 2, "timestamp": "2021-10-19T17:46:17.000Z", "modified": "2021-10-19T17:46:21.000Z", "batsmanPlayerId": 96344, "bowlerPlayerId": 54674, "outPlayerId": 96344, "totalInningRuns": 112, "totalInningWickets": 8, "predictions": {"score": 132, "winProbability": 0.54}, "title": "Mustafizur to Kaleemullah", "dismissalText": {"short": "caught", "long": "c \u2020Nurul Hasan b Mustafizur Rahman", "commentary": "Kaleemullah c \u2020Nurul Hasan b Mustafizur Rahman 5 (5b 1x4 0x6 8m) SR: 100"}, "commentPreTextItems": null, "commentTextItems": [{"type": "HTML", "html": "<b>brilliantly caught by the keeper</b>. Fizz keeps it slanting across the batter and this time Kareemullah gets some bat on it, but it's an edge off the bottom of the bat that is flying to Nurul's right. He puts some air-time of his own to dive full length to his right and get glove around the ball."}], "commentPostTextItems": null, "commentVideos": [], "commentImages": [], "events": [], "over": null, "batsmanStatText": null, "bowlerStatText": null, "smartStats": []}, {"_uid": 35046608, "id": 35046608, "inningNumber": 2, "ballsActual": null, "ballsUnique": null, "oversUnique": 17.06, "oversActual": 17.5, "overNumber": 18, "ballNumber": 6, "totalRuns": 0, "batsmanRuns": 0, "isFour": false, "isSix": false, "isWicket": false, "dismissalType": null, "byes": 0, "legbyes": 0, "wides": 0, "noballs": 0, "penalties": 0, "wagonX": 0, "wagonY": 0, "wagonZone": 0, "pitchLine": "OUTSIDE_OFFSTUMP", "pitchLength": "GOOD_LENGTH", "shotType": "COVER_DRIVE", "shotControl": 2, "timestamp": "2021-10-19T17:47:28.000Z", "modified": "2021-10-19T17:47:32.000Z", "batsmanPlayerId": 61627, "bowlerPlayerId": 54674, "outPlayerId": null, "totalInningRuns": 112, "totalInningWickets": 8, "predictions": {"score": 130, "winProbability": 0.29}, "title": "Mustafizur to Fayyaz Butt", "dismissalText": null, "commentPreTextItems": null, "commentTextItems": [{"type": "HTML", "html": "another swing and a miss to one going across him on a length"}], "commentPostTextItems": null, "commentVideos": [], "commentImages": [], "events": [], "over": null, "batsmanStatText": null, "bowlerStatText": null, "smartStats": []}, {"_uid": 35046609, "id": 35046609, "inningNumber": 2, "ballsActual": null, "ballsUnique": null, "oversUnique": 17.07, "oversActual": 17.6, "overNumber": 18, "ballNumber": 7, "totalRuns": 0, "batsmanRuns": 0, "isFour": false, "isSix": false, "isWicket": true, "dismissalType": 1, "byes": 0, "legbyes": 0, "wides": 0, "noballs": 0, "penalties": 0, "wagonX": 105, "wagonY": 218, "wagonZone": 6, "pitchLine": "OUTSIDE_OFFSTUMP", "pitchLength": "GOOD_LENGTH", "shotType": "COVER_DRIVE", "shotControl": 2, "timestamp": "2021-10-19T17:48:09.000Z", "modified": "2021-10-19T17:48:12.000Z", "batsmanPlayerId": 61627, "bowlerPlayerId": 54674, "outPlayerId": 61627, "totalInningRuns": 112, "totalInningWickets": 9, "predictions": {"score": 129, "winProbability": 0.19}, "title": "Mustafizur to Fayyaz Butt", "dismissalText": {"short": "caught", "long": "c Mushfiqur Rahim b Mustafizur Rahman", "commentary": "Fayyaz Butt c Mushfiqur Rahim b Mustafizur Rahman 0 (2b 0x4 0x6 2m) SR: 0"}, "commentPreTextItems": null, "commentTextItems": [{"type": "HTML", "html": "tame catch to extra cover. Dug in short and going across him, he gets it on the low part of the bat while playing a half-pull, half-square drive, and the ball pops up for a simple catch"}], "commentPostTextItems": null, "commentVideos": [], "commentImages": [], "events": [], "over": {"team": {"id": 37, "objectId": 37, "scribeId": 37, "slug": "oman", "name": "Oman", "longName": "Oman", "abbreviation": "OMA", "unofficialName": "", "imageUrl": "/db/PICTURES/CMS/358500/358573.png", "isCountry": true, "primaryColor": null, "image": {"id": 358573, "objectId": 1370493, "slug": "oman-flag-team-logo", "url": "/db/PICTURES/CMS/358500/358573.png", "width": 500, "height": 500, "caption": "Oman flag team logo", "longCaption": "Oman flag team logo", "credit": "Unknown", "photographer": null, "peerUrls": null}, "country": {"id": 37, "objectId": 37, "name": "Oman", "shortName": "Oman", "abbreviation": "OMA", "slug": "oman"}}, "inningNumber": 2, "overNumber": 18, "overRuns": 5, "overWickets": 2, "totalRuns": 112, "totalWickets": 9, "target": 154, "overLimit": 20, "ballLimit": 120, "isMaiden": false, "isComplete": true, "isSuperOver": false, "overEndBatsmen": [{"player": {"id": 45702, "objectId": 41984, "name": "Mohammad Nadeem", "longName": "Mohammad Nadeem", "mobileName": "Nadeem", "indexName": "Mohammad Nadeem", "battingName": "Mohammad Nadeem", "fieldingName": "Mohammad Nadeem", "slug": "mohammad-nadeem", "imageUrl": "/db/PICTURES/CMS/254600/254654.1.jpg", "headshotImageUrl": "/db/PICTURES/CMS/321700/321777.png", "dateOfBirth": {"year": 1982, "month": 9, "date": 4}, "dateOfDeath": null, "gender": "M", "battingStyles": ["rhb"], "bowlingStyles": ["rmf"], "longBattingStyles": ["right-hand bat"], "longBowlingStyles": ["right-arm medium-fast"], "image": {"id": 254654, "objectId": 1065025, "slug": "muhammad-nadeem-portrait", "url": "/db/PICTURES/CMS/254600/254654.1.jpg", "width": 160, "height": 200, "caption": "Muhammad Nadeem portrait", "longCaption": "Muhammad Nadeem portrait, November 2016", "credit": "Peter Della Penna", "photographer": null, "peerUrls": null}, "countryTeamId": 37, "playerRoleTypeIds": [5], "playingRoles": ["allrounder"], "headshotImage": {"id": 321777, "objectId": 1263933, "slug": "mohammad-nadeem-player-page-headshot-cutout-2021", "url": "/db/PICTURES/CMS/321700/321777.png", "width": 600, "height": 436, "caption": "Mohammad Nadeem player page headshot cutout, 2021", "longCaption": "Mohammad Nadeem player page headshot cutout, 2021", "credit": null, "photographer": null, "peerUrls": {"FILM": null, "WIDE": null, "SQUARE": "/db/PICTURES/CMS/321700/321777.square.png"}}}, "runs": 1, "balls": 1, "fours": 0, "sixes": 0}], "overEndBowlers": [{"player": {"id": 54674, "objectId": 330902, "name": "Mustafizur Rahman", "longName": "Mustafizur Rahman", "mobileName": "Mustafizur", "indexName": "Mustafizur Rahman", "battingName": "Mustafizur Rahman", "fieldingName": "Mustafizur Rahman", "slug": "mustafizur-rahman", "imageUrl": "/db/PICTURES/CMS/263500/263578.jpg", "headshotImageUrl": "/db/PICTURES/CMS/319700/319734.png", "dateOfBirth": {"year": 1995, "month": 9, "date": 6}, "dateOfDeath": null, "gender": "M", "battingStyles": ["lhb"], "bowlingStyles": ["lfm"], "longBattingStyles": ["left-hand bat"], "longBowlingStyles": ["left-arm fast-medium"], "image": {"id": 263578, "objectId": 1099647, "slug": "mustafizur-rahman", "url": "/db/PICTURES/CMS/263500/263578.jpg", "width": 160, "height": 200, "caption": "Mustafizur Rahman", "longCaption": null, "credit": "Getty Images", "photographer": null, "peerUrls": null}, "countryTeamId": 25, "playerRoleTypeIds": [4], "playingRoles": ["bowler"], "headshotImage": {"id": 319734, "objectId": 1259735, "slug": "mustafizur-rahman-player-page-headshot-cutout-2021", "url": "/db/PICTURES/CMS/319700/319734.png", "width": 600, "height": 436, "caption": "Mustafizur Rahman player page headshot cutout, 2021", "longCaption": "Mustafizur Rahman player page headshot cutout, 2021", "credit": null, "photographer": null, "peerUrls": {"FILM": null, "WIDE": null, "SQUARE": "/db/PICTURES/CMS/319700/319734.square.png"}}}, "overs": 3, "balls": 18, "maidens": 0, "conceded": 24, "wickets": 4, "currentType": 1}, {"player": {"id": 48277, "objectId": 56143, "name": "Shakib Al Hasan", "longName": "Shakib Al Hasan", "mobileName": "Shakib", "indexName": "Shakib Al Hasan", "battingName": "Shakib Al Hasan", "fieldingName": "Shakib Al Hasan", "slug": "shakib-al-hasan", "imageUrl": "/db/PICTURES/CMS/303100/303157.jpg", "headshotImageUrl": "/db/PICTURES/CMS/316500/316581.png", "dateOfBirth": {"year": 1987, "month": 3, "date": 24}, "dateOfDeath": null, "gender": "M", "battingStyles": ["lhb"], "bowlingStyles": ["sla"], "longBattingStyles": ["left-hand bat"], "longBowlingStyles": ["slow left-arm orthodox"], "image": {"id": 303157, "objectId": 1221590, "slug": "shakib-al-hasan-portrait", "url": "/db/PICTURES/CMS/303100/303157.jpg", "width": 160, "height": 202, "caption": "Shakib Al Hasan portrait", "longCaption": "Shakib Al Hasan portrait, April 2020", "credit": "Getty Images", "photographer": null, "peerUrls": null}, "countryTeamId": 25, "playerRoleTypeIds": [5], "playingRoles": ["allrounder"], "headshotImage": {"id": 316581, "objectId": 1251210, "slug": "shakib-al-hasan-headshot", "url": "/db/PICTURES/CMS/316500/316581.png", "width": 600, "height": 436, "caption": "Shakib Al Hasan headshot", "longCaption": "Shakib Al Hasan headshot", "credit": null, "photographer": null, "peerUrls": {"FILM": null, "WIDE": null, "SQUARE": null}}}, "overs": 4, "balls": 24, "maidens": 0, "conceded": 28, "wickets": 3, "currentType": 2}], "rollover": null}, "batsmanStatText": null, "bowlerStatText": null, "smartStats": []}, {"_uid": 35046610, "id": 35046610, "inningNumber": 2, "ballsActual": null, "ballsUnique": null, "oversUnique": 18.01, "oversActual": 18.1, "overNumber": 19, "ballNumber": 1, "totalRuns": 2, "batsmanRuns": 2, "isFour": false, "isSix": false, "isWicket": false, "dismissalType": null, "byes": 0, "legbyes": 0, "wides": 0, "noballs": 0, "penalties": 0, "wagonX": 95, "wagonY": 74, "wagonZone": 8, "pitchLine": "OUTSIDE_OFFSTUMP", "pitchLength": "GOOD_LENGTH", "shotType": "STEERED", "shotControl": 1, "timestamp": "2021-10-19T17:49:37.000Z", "modified": "2021-10-19T17:49:41.000Z", "batsmanPlayerId": 45702, "bowlerPlayerId": 70884, "outPlayerId": null, "totalInningRuns": 114, "totalInningWickets": 9, "predictions": {"score": 129, "winProbability": 0.13}, "title": "Saifuddin to Nadeem", "dismissalText": null, "commentPreTextItems": null, "commentTextItems": [{"type": "HTML", "html": "length ball outside off, nicely steered to third man. Good timing but the outfield is heavy with dew so the ball will not reach the boundary"}], "commentPostTextItems": null, "commentVideos": [], "commentImages": [], "events": [], "over": null, "batsmanStatText": null, "bowlerStatText": null, "smartStats": []}, {"_uid": 35046611, "id": 35046611, "inningNumber": 2, "ballsActual": null, "ballsUnique": null, "oversUnique": 18.02, "oversActual": 18.2, "overNumber": 19, "ballNumber": 2, "totalRuns": 0, "batsmanRuns": 0, "isFour": false, "isSix": false, "isWicket": false, "dismissalType": null, "byes": 0, "legbyes": 0, "wides": 0, "noballs": 0, "penalties": 0, "wagonX": 224, "wagonY": 236, "wagonZone": 4, "pitchLine": "ON_THE_STUMPS", "pitchLength": "YORKER", "shotType": "ON_DRIVE", "shotControl": 1, "timestamp": "2021-10-19T17:50:48.000Z", "modified": "2021-10-19T17:50:53.000Z", "batsmanPlayerId": 45702, "bowlerPlayerId": 70884, "outPlayerId": null, "totalInningRuns": 114, "totalInningWickets": 9, "predictions": {"score": 129, "winProbability": 0.06}, "title": "Saifuddin to Nadeem", "dismissalText": null, "commentPreTextItems": null, "commentTextItems": [{"type": "HTML", "html": "yorker on the stumps, clipped towards mid-on"}], "commentPostTextItems": null, "commentVideos": [], "commentImages": [], "events": [], "over": null, "batsmanStatText": null, "bowlerStatText": null, "smartStats": []}, {"_uid": 35046612, "id": 35046612, "inningNumber": 2, "ballsActual": null, "ballsUnique": null, "oversUnique": 18.03, "oversActual": 18.3, "overNumber": 19, "ballNumber": 3, "totalRuns": 0, "batsmanRuns": 0, "isFour": false, "isSix": false, "isWicket": false, "dismissalType": null, "byes": 0, "legbyes": 0, "wides": 0, "noballs": 0, "penalties": 0, "wagonX": 0, "wagonY": 0, "wagonZone": 0, "pitchLine": "OUTSIDE_OFFSTUMP", "pitchLength": "SHORT_OF_A_GOOD_LENGTH", "shotType": "CUT_SHOT", "shotControl": 2, "timestamp": "2021-10-19T17:51:01.000Z", "modified": "2021-10-19T17:51:04.000Z", "batsmanPlayerId": 45702, "bowlerPlayerId": 70884, "outPlayerId": null, "totalInningRuns": 114, "totalInningWickets": 9, "predictions": {"score": 127, "winProbability": 0.01}, "title": "Saifuddin to Nadeem", "dismissalText": null, "commentPreTextItems": null, "commentTextItems": [{"type": "HTML", "html": "back of a length, wide outside off stump, goes for an expansive cut, doesn't connect"}], "commentPostTextItems": null, "commentVideos": [], "commentImages": [], "events": [], "over": null, "batsmanStatText": null, "bowlerStatText": null, "smartStats": []}, {"_uid": 35046613, "id": 35046613, "inningNumber": 2, "ballsActual": null, "ballsUnique": null, "oversUnique": 18.04, "oversActual": 18.4, "overNumber": 19, "ballNumber": 4, "totalRuns": 0, "batsmanRuns": 0, "isFour": false, "isSix": false, "isWicket": false, "dismissalType": null, "byes": 0, "legbyes": 0, "wides": 0, "noballs": 0, "penalties": 0, "wagonX": 118, "wagonY": 304, "wagonZone": 5, "pitchLine": "OUTSIDE_OFFSTUMP", "pitchLength": "FULL", "shotType": "ON_DRIVE", "shotControl": 1, "timestamp": "2021-10-19T17:51:23.000Z", "modified": "2021-10-19T17:51:27.000Z", "batsmanPlayerId": 45702, "bowlerPlayerId": 70884, "outPlayerId": null, "totalInningRuns": 114, "totalInningWickets": 9, "predictions": {"score": 125, "winProbability": 0.01}, "title": "Saifuddin to Nadeem", "dismissalText": null, "commentPreTextItems": null, "commentTextItems": [{"type": "HTML", "html": "full on the stumps, drilled to long-off. He's not going to take the single"}], "commentPostTextItems": null, "commentVideos": [], "commentImages": [], "events": [], "over": null, "batsmanStatText": null, "bowlerStatText": null, "smartStats": []}, {"_uid": 35046614, "id": 35046614, "inningNumber": 2, "ballsActual": null, "ballsUnique": null, "oversUnique": 18.05, "oversActual": 18.5, "overNumber": 19, "ballNumber": 5, "totalRuns": 1, "batsmanRuns": 1, "isFour": false, "isSix": false, "isWicket": false, "dismissalType": null, "byes": 0, "legbyes": 0, "wides": 0, "noballs": 0, "penalties": 0, "wagonX": 116, "wagonY": 288, "wagonZone": 5, "pitchLine": "OUTSIDE_OFFSTUMP", "pitchLength": "FULL", "shotType": "ON_DRIVE", "shotControl": 1, "timestamp": "2021-10-19T17:51:58.000Z", "modified": "2021-10-19T17:52:02.000Z", "batsmanPlayerId": 45702, "bowlerPlayerId": 70884, "outPlayerId": null, "totalInningRuns": 115, "totalInningWickets": 9, "predictions": {"score": 124, "winProbability": 0.01}, "title": "Saifuddin to Nadeem", "dismissalText": null, "commentPreTextItems": null, "commentTextItems": [{"type": "HTML", "html": "another full ball, makes room and drives to long-off again. Takes the single now, leaving one ball for Bilal to face"}], "commentPostTextItems": null, "commentVideos": [], "commentImages": [], "events": [], "over": null, "batsmanStatText": null, "bowlerStatText": null, "smartStats": []}, {"_uid": 35046615, "id": 35046615, "inningNumber": 2, "ballsActual": null, "ballsUnique": null, "oversUnique": 18.06, "oversActual": 18.6, "overNumber": 19, "ballNumber": 6, "totalRuns": 0, "batsmanRuns": 0, "isFour": false, "isSix": false, "isWicket": false, "dismissalType": null, "byes": 0, "legbyes": 0, "wides": 0, "noballs": 0, "penalties": 0, "wagonX": 187, "wagonY": 196, "wagonZone": 4, "pitchLine": "OUTSIDE_OFFSTUMP", "pitchLength": "YORKER", "shotType": "DEFENDED", "shotControl": 1, "timestamp": "2021-10-19T17:52:37.000Z", "modified": "2021-10-19T17:52:40.000Z", "batsmanPlayerId": 87127, "bowlerPlayerId": 70884, "outPlayerId": null, "totalInningRuns": 115, "totalInningWickets": 9, "predictions": {"score": 123, "winProbability": 0.03}, "title": "Saifuddin to Bilal Khan", "dismissalText": null, "commentPreTextItems": null, "commentTextItems": [{"type": "HTML", "html": "yorker outside off, keeps it out, defending towards mid-off"}], "commentPostTextItems": null, "commentVideos": [], "commentImages": [], "events": [], "over": {"team": {"id": 37, "objectId": 37, "scribeId": 37, "slug": "oman", "name": "Oman", "longName": "Oman", "abbreviation": "OMA", "unofficialName": "", "imageUrl": "/db/PICTURES/CMS/358500/358573.png", "isCountry": true, "primaryColor": null, "image": {"id": 358573, "objectId": 1370493, "slug": "oman-flag-team-logo", "url": "/db/PICTURES/CMS/358500/358573.png", "width": 500, "height": 500, "caption": "Oman flag team logo", "longCaption": "Oman flag team logo", "credit": "Unknown", "photographer": null, "peerUrls": null}, "country": {"id": 37, "objectId": 37, "name": "Oman", "shortName": "Oman", "abbreviation": "OMA", "slug": "oman"}}, "inningNumber": 2, "overNumber": 19, "overRuns": 3, "overWickets": 0, "totalRuns": 115, "totalWickets": 9, "target": 154, "overLimit": 20, "ballLimit": 120, "isMaiden": false, "isComplete": true, "isSuperOver": false, "overEndBatsmen": [{"player": {"id": 87127, "objectId": 937953, "name": "Bilal Khan", "longName": "Bilal Khan", "mobileName": "Bilal Khan", "indexName": "Bilal Khan", "battingName": "Bilal Khan", "fieldingName": "Bilal Khan", "slug": "bilal-khan", "imageUrl": "/db/PICTURES/CMS/362400/362499.4.jpg", "headshotImageUrl": "/db/PICTURES/CMS/321700/321770.png", "dateOfBirth": {"year": 1987, "month": 4, "date": 10}, "dateOfDeath": null, "gender": "M", "battingStyles": ["lhb"], "bowlingStyles": ["lmf"], "longBattingStyles": ["left-hand bat"], "longBowlingStyles": ["left-arm medium-fast"], "image": {"id": 362499, "objectId": 1383182, "slug": "bilal-khan-player-portrait", "url": "/db/PICTURES/CMS/362400/362499.4.jpg", "width": 160, "height": 251, "caption": "Bilal Khan, player portrait", "longCaption": "Bilal Khan, player portrait", "credit": null, "photographer": null, "peerUrls": null}, "countryTeamId": 37, "playerRoleTypeIds": [4], "playingRoles": ["bowler"], "headshotImage": {"id": 321770, "objectId": 1263926, "slug": "bilal-khan-player-page-headshot-cutout-2021", "url": "/db/PICTURES/CMS/321700/321770.png", "width": 600, "height": 436, "caption": "Bilal Khan player page headshot cutout, 2021", "longCaption": "Bilal Khan player page headshot cutout, 2021", "credit": null, "photographer": null, "peerUrls": {"FILM": null, "WIDE": null, "SQUARE": "/db/PICTURES/CMS/321700/321770.square.png"}}}, "runs": 0, "balls": 1, "fours": 0, "sixes": 0}, {"player": {"id": 45702, "objectId": 41984, "name": "Mohammad Nadeem", "longName": "Mohammad Nadeem", "mobileName": "Nadeem", "indexName": "Mohammad Nadeem", "battingName": "Mohammad Nadeem", "fieldingName": "Mohammad Nadeem", "slug": "mohammad-nadeem", "imageUrl": "/db/PICTURES/CMS/254600/254654.1.jpg", "headshotImageUrl": "/db/PICTURES/CMS/321700/321777.png", "dateOfBirth": {"year": 1982, "month": 9, "date": 4}, "dateOfDeath": null, "gender": "M", "battingStyles": ["rhb"], "bowlingStyles": ["rmf"], "longBattingStyles": ["right-hand bat"], "longBowlingStyles": ["right-arm medium-fast"], "image": {"id": 254654, "objectId": 1065025, "slug": "muhammad-nadeem-portrait", "url": "/db/PICTURES/CMS/254600/254654.1.jpg", "width": 160, "height": 200, "caption": "Muhammad Nadeem portrait", "longCaption": "Muhammad Nadeem portrait, November 2016", "credit": "Peter Della Penna", "photographer": null, "peerUrls": null}, "countryTeamId": 37, "playerRoleTypeIds": [5], "playingRoles": ["allrounder"], "headshotImage": {"id": 321777, "objectId": 1263933, "slug": "mohammad-nadeem-player-page-headshot-cutout-2021", "url": "/db/PICTURES/CMS/321700/321777.png", "width": 600, "height": 436, "caption": "Mohammad Nadeem player page headshot cutout, 2021", "longCaption": "Mohammad Nadeem player page headshot cutout, 2021", "credit": null, "photographer": null, "peerUrls": {"FILM": null, "WIDE": null, "SQUARE": "/db/PICTURES/CMS/321700/321777.square.png"}}}, "runs": 4, "balls": 6, "fours": 0, "sixes": 0}], "overEndBowlers": [{"player": {"id": 70884, "objectId": 629070, "name": "Mohammad Saifuddin", "longName": "Mohammad Saifuddin", "mobileName": "Saifuddin", "indexName": "Mohammad Saifuddin", "battingName": "Mohammad Saifuddin", "fieldingName": "Mohammad Saifuddin", "slug": "mohammad-saifuddin", "imageUrl": "/db/PICTURES/CMS/303200/303236.jpg", "headshotImageUrl": "/db/PICTURES/CMS/322800/322800.png", "dateOfBirth": {"year": 1996, "month": 11, "date": 1}, "dateOfDeath": null, "gender": "M", "battingStyles": ["lhb"], "bowlingStyles": ["rmf"], "longBattingStyles": ["left-hand bat"], "longBowlingStyles": ["right-arm medium-fast"], "image": {"id": 303236, "objectId": 1221730, "slug": "mohammad-saifuddin-portrait", "url": "/db/PICTURES/CMS/303200/303236.jpg", "width": 160, "height": 203, "caption": "Mohammad Saifuddin portrait", "longCaption": "Mohammad Saifuddin portrait, April 2020", "credit": "Getty Images", "photographer": null, "peerUrls": null}, "countryTeamId": 25, "playerRoleTypeIds": [11], "playingRoles": ["bowling allrounder"], "headshotImage": {"id": 322800, "objectId": 1265797, "slug": "mohammad-saifuddin-player-page-headshot-cutout-2021", "url": "/db/PICTURES/CMS/322800/322800.png", "width": 600, "height": 436, "caption": "Mohammad Saifuddin  player page headshot cutout, 2021", "longCaption": "Mohammad Saifuddin  player page headshot cutout, 2021", "credit": null, "photographer": null, "peerUrls": {"FILM": null, "WIDE": null, "SQUARE": "/db/PICTURES/CMS/322800/322800.square.png"}}}, "overs": 4, "balls": 24, "maidens": 0, "conceded": 16, "wickets": 1, "currentType": 1}, {"player": {"id": 54674, "objectId": 330902, "name": "Mustafizur Rahman", "longName": "Mustafizur Rahman", "mobileName": "Mustafizur", "indexName": "Mustafizur Rahman", "battingName": "Mustafizur Rahman", "fieldingName": "Mustafizur Rahman", "slug": "mustafizur-rahman", "imageUrl": "/db/PICTURES/CMS/263500/263578.jpg", "headshotImageUrl": "/db/PICTURES/CMS/319700/319734.png", "dateOfBirth": {"year": 1995, "month": 9, "date": 6}, "dateOfDeath": null, "gender": "M", "battingStyles": ["lhb"], "bowlingStyles": ["lfm"], "longBattingStyles": ["left-hand bat"], "longBowlingStyles": ["left-arm fast-medium"], "image": {"id": 263578, "objectId": 1099647, "slug": "mustafizur-rahman", "url": "/db/PICTURES/CMS/263500/263578.jpg", "width": 160, "height": 200, "caption": "Mustafizur Rahman", "longCaption": null, "credit": "Getty Images", "photographer": null, "peerUrls": null}, "countryTeamId": 25, "playerRoleTypeIds": [4], "playingRoles": ["bowler"], "headshotImage": {"id": 319734, "objectId": 1259735, "slug": "mustafizur-rahman-player-page-headshot-cutout-2021", "url": "/db/PICTURES/CMS/319700/319734.png", "width": 600, "height": 436, "caption": "Mustafizur Rahman player page headshot cutout, 2021", "longCaption": "Mustafizur Rahman player page headshot cutout, 2021", "credit": null, "photographer": null, "peerUrls": {"FILM": null, "WIDE": null, "SQUARE": "/db/PICTURES/CMS/319700/319734.square.png"}}}, "overs": 3, "balls": 18, "maidens": 0, "conceded": 24, "wickets": 4, "currentType": 2}], "rollover": null}, "batsmanStatText": null, "bowlerStatText": null, "smartStats": []}]