[{"_uid": 35051247, "id": 35051247, "inningNumber": 1, "ballsActual": null, "ballsUnique": null, "oversUnique": 3.01, "oversActual": 3.1, "overNumber": 4, "ballNumber": 1, "totalRuns": 0, "batsmanRuns": 0, "isFour": false, "isSix": false, "isWicket": false, "dismissalType": null, "byes": 0, "legbyes": 0, "wides": 0, "noballs": 0, "penalties": 0, "wagonX": 0, "wagonY": 0, "wagonZone": 0, "pitchLine": "OUTSIDE_OFFSTUMP", "pitchLength": "GOOD_LENGTH", "shotType": "SLOG_SHOT", "shotControl": 2, "timestamp": "2021-10-20T14:22:28.000Z", "modified": "2021-10-20T14:22:31.000Z", "batsmanPlayerId": 78239, "bowlerPlayerId": 85975, "outPlayerId": null, "totalInningRuns": 11, "totalInningWickets": 3, "predictions": {"score": 136, "winProbability": 23.62}, "title": "Little to Hasaranga", "dismissalText": null, "commentPreTextItems": [{"type": "HTML", "html": "Little and Young bowling tandem right now, and it's stat time. his is Sri Lanka's lowest score in T20Is at the fall of their third wicket, and Ireland have had it better only once before, when they had Scotland 6 for 3 in the 2010 World T20 Qualifiers, Shiva tells me"}], "commentTextItems": [{"type": "HTML", "html": "swing and a miss"}], "commentPostTextItems": null, "commentVideos": [], "commentImages": [], "events": [], "over": null, "batsmanStatText": null, "bowlerStatText": null, "smartStats": []}, {"_uid": 35051255, "id": 35051255, "inningNumber": 1, "ballsActual": null, "ballsUnique": null, "oversUnique": 3.02, "oversActual": 3.2, "overNumber": 4, "ballNumber": 2, "totalRuns": 0, "batsmanRuns": 0, "isFour": false, "isSix": false, "isWicket": false, "dismissalType": null, "byes": 0, "legbyes": 0, "wides": 0, "noballs": 0, "penalties": 0, "wagonX": 124, "wagonY": 187, "wagonZone": 6, "pitchLine": "OUTSIDE_OFFSTUMP", "pitchLength": "GOOD_LENGTH", "shotType": "COVER_DRIVE", "shotControl": 1, "timestamp": "2021-10-20T14:23:15.000Z", "modified": "2021-10-20T14:23:18.000Z", "batsmanPlayerId": 78239, "bowlerPlayerId": 85975, "outPlayerId": null, "totalInningRuns": 11, "totalInningWickets": 3, "predictions": {"score": 136, "winProbability": 23.62}, "title": "Little to Hasaranga", "dismissalText": null, "commentPreTextItems": null, "commentTextItems": [{"type": "HTML", "html": "slightly wider and fuller. Hasaranga drives to cover"}], "commentPostTextItems": null, "commentVideos": [], "commentImages": [], "events": [], "over": null, "batsmanStatText": null, "bowlerStatText": null, "smartStats": []}, {"_uid": 35051257, "id": 35051257, "inningNumber": 1, "ballsActual": null, "ballsUnique": null, "oversUnique": 3.03, "oversActual": 3.3, "overNumber": 4, "ballNumber": 3, "totalRuns": 1, "batsmanRuns": 1, "isFour": false, "isSix": false, "isWicket": false, "dismissalType": null, "byes": 0, "legbyes": 0, "wides": 0, "noballs": 0, "penalties": 0, "wagonX": 78, "wagonY": 69, "wagonZone": 7, "pitchLine": "OUTSIDE_OFFSTUMP", "pitchLength": "SHORT_OF_A_GOOD_LENGTH", "shotType": "STEERED", "shotControl": 2, "timestamp": "2021-10-20T14:23:42.000Z", "modified": "2021-10-20T14:23:45.000Z", "batsmanPlayerId": 78239, "bowlerPlayerId": 85975, "outPlayerId": null, "totalInningRuns": 12, "totalInningWickets": 3, "predictions": {"score": 136, "winProbability": 23.62}, "title": "Little to Hasaranga", "dismissalText": null, "commentPreTextItems": null, "commentTextItems": [{"type": "HTML", "html": "gets a thick outside edge to third man"}], "commentPostTextItems": null, "commentVideos": [], "commentImages": [], "events": [], "over": null, "batsmanStatText": null, "bowlerStatText": null, "smartStats": []}, {"_uid": 35051261, "id": 35051261, "inningNumber": 1, "ballsActual": null, "ballsUnique": null, "oversUnique": 3.04, "oversActual": 3.4, "overNumber": 4, "ballNumber": 4, "totalRuns": 1, "batsmanRuns": 0, "isFour": false, "isSix": false, "isWicket": false, "dismissalType": null, "byes": 0, "legbyes": 1, "wides": 0, "noballs": 0, "penalties": 0, "wagonX": 0, "wagonY": 0, "wagonZone": 0, "pitchLine": "ON_THE_STUMPS", "pitchLength": "SHORT_OF_A_GOOD_LENGTH", "shotType": "PULL", "shotControl": 2, "timestamp": "2021-10-20T14:24:20.000Z", "modified": "2021-10-20T14:24:23.000Z", "batsmanPlayerId": 93033, "bowlerPlayerId": 85975, "outPlayerId": null, "totalInningRuns": 13, "totalInningWickets": 3, "predictions": {"score": 137, "winProbability": 24.44}, "title": "Little to Nissanka", "dismissalText": null, "commentPreTextItems": [{"type": "HTML", "html": "Dilip Bharadwaj: \"Aren't they a 'little-young'?\" Young is 31 while Little is over six foot I believe"}], "commentTextItems": [{"type": "HTML", "html": "back of a length, thwacks him high on the pad"}], "commentPostTextItems": null, "commentVideos": [], "commentImages": [], "events": [], "over": null, "batsmanStatText": null, "bowlerStatText": null, "smartStats": []}, {"_uid": 35051271, "id": 35051271, "inningNumber": 1, "ballsActual": null, "ballsUnique": null, "oversUnique": 3.05, "oversActual": 3.5, "overNumber": 4, "ballNumber": 5, "totalRuns": 4, "batsmanRuns": 4, "isFour": true, "isSix": false, "isWicket": false, "dismissalType": null, "byes": 0, "legbyes": 0, "wides": 0, "noballs": 0, "penalties": 0, "wagonX": 9, "wagonY": 202, "wagonZone": 6, "pitchLine": "OUTSIDE_OFFSTUMP", "pitchLength": "SHORT_OF_A_GOOD_LENGTH", "shotType": "COVER_DRIVE", "shotControl": 1, "timestamp": "2021-10-20T14:24:52.000Z", "modified": "2021-10-20T14:24:56.000Z", "batsmanPlayerId": 78239, "bowlerPlayerId": 85975, "outPlayerId": null, "totalInningRuns": 17, "totalInningWickets": 3, "predictions": {"score": 140, "winProbability": 27.02}, "title": "Little to Hasaranga", "dismissalText": null, "commentPreTextItems": null, "commentTextItems": [{"type": "HTML", "html": "<strong>exquisite shot</strong>. Back of a length, and Hasaranga went back and just punched it through extra cover. Pure timing. Shot of the innings by a distance"}], "commentPostTextItems": null, "commentVideos": [], "commentImages": [], "events": [], "over": null, "batsmanStatText": null, "bowlerStatText": null, "smartStats": []}, {"_uid": 35051275, "id": 35051275, "inningNumber": 1, "ballsActual": null, "ballsUnique": null, "oversUnique": 3.06, "oversActual": 3.6, "overNumber": 4, "ballNumber": 6, "totalRuns": 0, "batsmanRuns": 0, "isFour": false, "isSix": false, "isWicket": false, "dismissalType": null, "byes": 0, "legbyes": 0, "wides": 0, "noballs": 0, "penalties": 0, "wagonX": 107, "wagonY": 153, "wagonZone": 7, "pitchLine": "OUTSIDE_OFFSTUMP", "pitchLength": "SHORT_OF_A_GOOD_LENGTH", "shotType": "CUT_SHOT", "shotControl": 1, "timestamp": "2021-10-20T14:25:35.000Z", "modified": "2021-10-20T14:25:38.000Z", "batsmanPlayerId": 78239, "bowlerPlayerId": 85975, "outPlayerId": null, "totalInningRuns": 17, "totalInningWickets": 3, "predictions": {"score": 141, "winProbability": 27.92}, "title": "Little to Hasaranga", "dismissalText": null, "commentPreTextItems": null, "commentTextItems": [{"type": "HTML", "html": "tucked him up, allowing less width. Punched to backward point"}], "commentPostTextItems": null, "commentVideos": [], "commentImages": [], "events": [], "over": {"team": {"id": 8, "objectId": 8, "scribeId": 8, "slug": "sri-lanka", "name": "Sri Lanka", "longName": "Sri Lanka", "abbreviation": "SL", "unofficialName": "", "imageUrl": "/db/PICTURES/CMS/340000/340047.png", "isCountry": true, "primaryColor": "#203d89", "image": {"id": 340047, "objectId": 1316921, "slug": "sri-lanka-team-flag", "url": "/db/PICTURES/CMS/340000/340047.png", "width": 500, "height": 500, "caption": "Sri Lanka team flag", "longCaption": "Sri Lanka team flag", "credit": "Google", "photographer": null, "peerUrls": null}, "country": {"id": 8, "objectId": 8, "name": "Sri Lanka", "shortName": "Sri Lanka", "abbreviation": "SL", "slug": "sri-lanka"}}, "inningNumber": 1, "overNumber": 4, "overRuns": 6, "overWickets": 0, "totalRuns": 17, "totalWickets": 3, "target": 0, "overLimit": 20, "ballLimit": 120, "isMaiden": false, "isComplete": true, "isSuperOver": false, "overEndBatsmen": [{"player": {"id": 78239, "objectId": 784379, "name": "PW Hasaranga", "longName": "Wanindu Hasaranga", "mobileName": "Hasaranga", "indexName": "Hasaranga, PW", "battingName": "PW Hasaranga", "fieldingName": "Hasaranga", "slug": "wanindu-hasaranga", "imageUrl": "/db/PICTURES/CMS/294200/294296.jpg", "headshotImageUrl": "/db/PICTURES/CMS/322900/322946.png", "dateOfBirth": {"year": 1997, "month": 7, "date": 29}, "dateOfDeath": null, "gender": "M", "battingStyles": ["rhb"], "bowlingStyles": ["lb"], "longBattingStyles": ["right-hand bat"], "longBowlingStyles": ["legbreak"], "image": {"id": 294296, "objectId": 1199371, "slug": "wanindu-hasaranga", "url": "/db/PICTURES/CMS/294200/294296.jpg", "width": 160, "height": 210, "caption": "Wanindu Hasaranga", "longCaption": null, "credit": "Chaminda de Silva", "photographer": null, "peerUrls": null}, "countryTeamId": 8, "playerRoleTypeIds": [5], "playingRoles": ["allrounder"], "headshotImage": {"id": 322946, "objectId": 1266041, "slug": "wanindu-hasaranga-player-page-headshot-cutout-2021", "url": "/db/PICTURES/CMS/322900/322946.png", "width": 600, "height": 436, "caption": "Wanindu Hasaranga player page headshot cutout, 2021", "longCaption": "Wanindu Hasaranga player page headshot cutout, 2021", "credit": null, "photographer": null, "peerUrls": {"FILM": null, "WIDE": null, "SQUARE": "/db/PICTURES/CMS/322900/322946.square.png"}}}, "runs": 6, "balls": 9, "fours": 1, "sixes": 0}, {"player": {"id": 93033, "objectId": 1028655, "name": "P Nissanka", "longName": "Pathum Nissanka", "mobileName": "Nissanka", "indexName": "Nissanka, P", "battingName": "P Nissanka", "fieldingName": "Nissanka", "slug": "pathum-nissanka", "imageUrl": "/db/PICTURES/CMS/318400/318435.jpg", "headshotImageUrl": "/db/PICTURES/CMS/323000/323070.png", "dateOfBirth": {"year": 1998, "month": 5, "date": 18}, "dateOfDeath": null, "gender": "M", "battingStyles": ["rhb"], "bowlingStyles": [], "longBattingStyles": ["right-hand bat"], "longBowlingStyles": [], "image": {"id": 318435, "objectId": 1256641, "slug": "pathum-nissanka-portrait", "url": "/db/PICTURES/CMS/318400/318435.jpg", "width": 160, "height": 200, "caption": "Pathum Nissanka portrait", "longCaption": "Pathum Nissanka portrait, Antigua and Barbuda, March 12, 2021", "credit": "Getty Images", "photographer": null, "peerUrls": null}, "countryTeamId": 8, "playerRoleTypeIds": [2], "playingRoles": ["top-order batter"], "headshotImage": {"id": 323070, "objectId": 1266243, "slug": "pathum-nissaka-player-page-headshot-cutout-2021", "url": "/db/PICTURES/CMS/323000/323070.png", "width": 600, "height": 436, "caption": "Pathum Nissaka player page headshot cutout, 2021", "longCaption": "Pathum Nissaka player page headshot cutout, 2021", "credit": null, "photographer": null, "peerUrls": {"FILM": null, "WIDE": null, "SQUARE": "/db/PICTURES/CMS/323000/323070.square.png"}}}, "runs": 3, "balls": 7, "fours": 0, "sixes": 0}], "overEndBowlers": [{"player": {"id": 85975, "objectId": 928067, "name": "JB Little", "longName": "Josh Little", "mobileName": "Little", "indexName": "Little, JB", "battingName": "JB Little", "fieldingName": "Little", "slug": "josh-little", "imageUrl": "/db/PICTURES/CMS/367800/367863.4.jpg", "headshotImageUrl": "/db/PICTURES/CMS/367800/367860.png", "dateOfBirth": {"year": 1999, "month": 11, "date": 1}, "dateOfDeath": null, "gender": "M", "battingStyles": ["rhb"], "bowlingStyles": ["lfm"], "longBattingStyles": ["right-hand bat"], "longBowlingStyles": ["left-arm fast-medium"], "image": {"id": 367863, "objectId": 1400224, "slug": "josh-little-player-portrait", "url": "/db/PICTURES/CMS/367800/367863.4.jpg", "width": 160, "height": 230, "caption": "Josh Little, player portrait", "longCaption": "Josh Little, player portrait", "credit": "Getty Images", "photographer": null, "peerUrls": null}, "countryTeamId": 29, "playerRoleTypeIds": [4], "playingRoles": ["bowler"], "headshotImage": {"id": 367860, "objectId": 1400220, "slug": "josh-little-player-page-headshot-cutout-2023", "url": "/db/PICTURES/CMS/367800/367860.png", "width": 600, "height": 436, "caption": "Josh Little, player page headshot cutout 2023", "longCaption": "Josh Little, player page headshot cutout 2023", "credit": null, "photographer": null, "peerUrls": {"FILM": null, "WIDE": null, "SQUARE": "/db/PICTURES/CMS/367800/367860.square.png"}}}, "overs": 2, "balls": 12, "maidens": 0, "conceded": 10, "wickets": 2, "currentType": 1}, {"player": {"id": 57785, "objectId": 364343, "name": "CA Young", "longName": "Craig Young", "mobileName": "Young", "indexName": "Young, CA", "battingName": "CA Young", "fieldingName": "Young", "slug": "craig-young", "imageUrl": "/db/PICTURES/CMS/367800/367864.4.jpg", "headshotImageUrl": "/db/PICTURES/CMS/367800/367859.png", "dateOfBirth": {"year": 1990, "month": 4, "date": 4}, "dateOfDeath": null, "gender": "M", "battingStyles": ["rhb"], "bowlingStyles": ["rfm"], "longBattingStyles": ["right-hand bat"], "longBowlingStyles": ["right-arm fast-medium"], "image": {"id": 367864, "objectId": 1400226, "slug": "craig-young-player-portrait", "url": "/db/PICTURES/CMS/367800/367864.4.jpg", "width": 160, "height": 227, "caption": "Craig Young, player portrait", "longCaption": "Craig Young, player portrait", "credit": "Getty Images", "photographer": null, "peerUrls": null}, "countryTeamId": 29, "playerRoleTypeIds": [4], "playingRoles": ["bowler"], "headshotImage": {"id": 367859, "objectId": 1400219, "slug": "craig-young-player-page-headshot-cutout-2023", "url": "/db/PICTURES/CMS/367800/367859.png", "width": 600, "height": 436, "caption": "Craig Young, player page headshot cutout 2023", "longCaption": "Craig Young, player page headshot cutout 2023", "credit": null, "photographer": null, "peerUrls": {"FILM": null, "WIDE": null, "SQUARE": "/db/PICTURES/CMS/367800/367859.square.png"}}}, "overs": 1, "balls": 6, "maidens": 0, "conceded": 2, "wickets": 0, "currentType": 2}], "rollover": null}, "batsmanStatText": null, "bowlerStatText": null, "smartStats": []}, {"_uid": 35051289, "id": 35051289, "inningNumber": 1, "ballsActual": null, "ballsUnique": null, "oversUnique": 4.01, "oversActual": 4.1, "overNumber": 5, "ballNumber": 1, "totalRuns": 4, "batsmanRuns": 4, "isFour": true, "isSix": false, "isWicket": false, "dismissalType": null, "byes": 0, "legbyes": 0, "wides": 0, "noballs": 0, "penalties": 0, "wagonX": 143, "wagonY": 11, "wagonZone": 8, "pitchLine": "OUTSIDE_OFFSTUMP", "pitchLength": "FULL", "shotType": "COVER_DRIVE", "shotControl": 2, "timestamp": "2021-10-20T14:27:07.000Z", "modified": "2021-10-20T14:27:10.000Z", "batsmanPlayerId": 93033, "bowlerPlayerId": 66012, "outPlayerId": null, "totalInningRuns": 21, "totalInningWickets": 3, "predictions": {"score": 143, "winProbability": 29.77}, "title": "Adair to Nissanka", "dismissalText": null, "commentPreTextItems": [{"type": "HTML", "html": "Qaaid: \"Top order woes continue for SL, Perera out for a duck, another failure for Chandimal and arguably the most in-form SL batsman in Avishka Fernando is also gone. Sri Lanka's chances of victory in this match may well rely on Nissanka not failing for once \""}], "commentTextItems": [{"type": "HTML", "html": "<strong>gets a streaky boundary first up</strong>. Think that was a slightly slower delivery, and Nissanka only manages an outside edge that's fine enough to evade a despairing dive from third man"}], "commentPostTextItems": null, "commentVideos": [], "commentImages": [], "events": [], "over": null, "batsmanStatText": null, "bowlerStatText": null, "smartStats": []}, {"_uid": 35051300, "id": 35051300, "inningNumber": 1, "ballsActual": null, "ballsUnique": null, "oversUnique": 4.02, "oversActual": 4.2, "overNumber": 5, "ballNumber": 2, "totalRuns": 4, "batsmanRuns": 4, "isFour": true, "isSix": false, "isWicket": false, "dismissalType": null, "byes": 0, "legbyes": 0, "wides": 0, "noballs": 0, "penalties": 0, "wagonX": 13, "wagonY": 110, "wagonZone": 7, "pitchLine": "OUTSIDE_OFFSTUMP", "pitchLength": "SHORT_OF_A_GOOD_LENGTH", "shotType": "SQUARE_DRIVE", "shotControl": 1, "timestamp": "2021-10-20T14:27:38.000Z", "modified": "2021-10-20T14:27:41.000Z", "batsmanPlayerId": 93033, "bowlerPlayerId": 66012, "outPlayerId": null, "totalInningRuns": 25, "totalInningWickets": 3, "predictions": {"score": 149, "winProbability": 35.7}, "title": "Adair to Nissanka", "dismissalText": null, "commentPreTextItems": null, "commentTextItems": [{"type": "HTML", "html": "<strong>nothing streaky about that one</strong>! A touch of width and Nissanka leans into the cut shot, placing it perfectly, wide enough to give third man no chance"}], "commentPostTextItems": null, "commentVideos": [], "commentImages": [], "events": [], "over": null, "batsmanStatText": null, "bowlerStatText": null, "smartStats": []}, {"_uid": 35051303, "id": 35051303, "inningNumber": 1, "ballsActual": null, "ballsUnique": null, "oversUnique": 4.03, "oversActual": 4.3, "overNumber": 5, "ballNumber": 3, "totalRuns": 0, "batsmanRuns": 0, "isFour": false, "isSix": false, "isWicket": false, "dismissalType": null, "byes": 0, "legbyes": 0, "wides": 0, "noballs": 0, "penalties": 0, "wagonX": 139, "wagonY": 192, "wagonZone": 6, "pitchLine": "OUTSIDE_OFFSTUMP", "pitchLength": "GOOD_LENGTH", "shotType": "DEFENDED", "shotControl": 1, "timestamp": "2021-10-20T14:28:12.000Z", "modified": "2021-10-20T14:28:15.000Z", "batsmanPlayerId": 93033, "bowlerPlayerId": 66012, "outPlayerId": null, "totalInningRuns": 25, "totalInningWickets": 3, "predictions": {"score": 150, "winProbability": 36.74}, "title": "Adair to Nissanka", "dismissalText": null, "commentPreTextItems": null, "commentTextItems": [{"type": "HTML", "html": "defended"}], "commentPostTextItems": null, "commentVideos": [], "commentImages": [], "events": [], "over": null, "batsmanStatText": null, "bowlerStatText": null, "smartStats": []}, {"_uid": 35051309, "id": 35051309, "inningNumber": 1, "ballsActual": null, "ballsUnique": null, "oversUnique": 4.04, "oversActual": 4.4, "overNumber": 5, "ballNumber": 4, "totalRuns": 1, "batsmanRuns": 1, "isFour": false, "isSix": false, "isWicket": false, "dismissalType": null, "byes": 0, "legbyes": 0, "wides": 0, "noballs": 0, "penalties": 0, "wagonX": 83, "wagonY": 74, "wagonZone": 7, "pitchLine": "OUTSIDE_OFFSTUMP", "pitchLength": "SHORT_OF_A_GOOD_LENGTH", "shotType": "STEERED", "shotControl": 1, "timestamp": "2021-10-20T14:28:47.000Z", "modified": "2021-10-20T14:28:50.000Z", "batsmanPlayerId": 93033, "bowlerPlayerId": 66012, "outPlayerId": null, "totalInningRuns": 26, "totalInningWickets": 3, "predictions": {"score": 150, "winProbability": 36.74}, "title": "Adair to Nissanka", "dismissalText": null, "commentPreTextItems": null, "commentTextItems": [{"type": "HTML", "html": "runs it down to third man"}], "commentPostTextItems": null, "commentVideos": [], "commentImages": [], "events": [], "over": null, "batsmanStatText": null, "bowlerStatText": null, "smartStats": []}, {"_uid": 35051312, "id": 35051312, "inningNumber": 1, "ballsActual": null, "ballsUnique": null, "oversUnique": 4.05, "oversActual": 4.5, "overNumber": 5, "ballNumber": 5, "totalRuns": 4, "batsmanRuns": 4, "isFour": true, "isSix": false, "isWicket": false, "dismissalType": null, "byes": 0, "legbyes": 0, "wides": 0, "noballs": 0, "penalties": 0, "wagonX": 208, "wagonY": 350, "wagonZone": 4, "pitchLine": "ON_THE_STUMPS", "pitchLength": "FULL", "shotType": "ON_DRIVE", "shotControl": 1, "timestamp": "2021-10-20T14:29:25.000Z", "modified": "2021-10-20T14:29:27.000Z", "batsmanPlayerId": 78239, "bowlerPlayerId": 66012, "outPlayerId": null, "totalInningRuns": 30, "totalInningWickets": 3, "predictions": {"score": 153, "winProbability": 39.93}, "title": "Adair to Hasaranga", "dismissalText": null, "commentPreTextItems": null, "commentTextItems": [{"type": "HTML", "html": "lovely timing, but that's much too full from Adair. It allowed the batter to lean into it, caressing it past mid-on to <strong>help himself to four more</strong>"}], "commentPostTextItems": null, "commentVideos": [], "commentImages": [], "events": [], "over": null, "batsmanStatText": null, "bowlerStatText": null, "smartStats": []}, {"_uid": 35051317, "id": 35051317, "inningNumber": 1, "ballsActual": null, "ballsUnique": null, "oversUnique": 4.06, "oversActual": 4.6, "overNumber": 5, "ballNumber": 6, "totalRuns": 0, "batsmanRuns": 0, "isFour": false, "isSix": false, "isWicket": false, "dismissalType": null, "byes": 0, "legbyes": 0, "wides": 0, "noballs": 0, "penalties": 0, "wagonX": 176, "wagonY": 205, "wagonZone": 5, "pitchLine": "OUTSIDE_OFFSTUMP", "pitchLength": "FULL", "shotType": "DEFENDED", "shotControl": 1, "timestamp": "2021-10-20T14:29:58.000Z", "modified": "2021-10-20T14:30:02.000Z", "batsmanPlayerId": 78239, "bowlerPlayerId": 66012, "outPlayerId": null, "totalInningRuns": 30, "totalInningWickets": 3, "predictions": {"score": 153, "winProbability": 39.93}, "title": "Adair to Hasaranga", "dismissalText": null, "commentPreTextItems": null, "commentTextItems": [{"type": "HTML", "html": "gets the yorker right this time, and concludes an expensive over with a dot ball"}], "commentPostTextItems": null, "commentVideos": [], "commentImages": [], "events": [], "over": {"team": {"id": 8, "objectId": 8, "scribeId": 8, "slug": "sri-lanka", "name": "Sri Lanka", "longName": "Sri Lanka", "abbreviation": "SL", "unofficialName": "", "imageUrl": "/db/PICTURES/CMS/340000/340047.png", "isCountry": true, "primaryColor": "#203d89", "image": {"id": 340047, "objectId": 1316921, "slug": "sri-lanka-team-flag", "url": "/db/PICTURES/CMS/340000/340047.png", "width": 500, "height": 500, "caption": "Sri Lanka team flag", "longCaption": "Sri Lanka team flag", "credit": "Google", "photographer": null, "peerUrls": null}, "country": {"id": 8, "objectId": 8, "name": "Sri Lanka", "shortName": "Sri Lanka", "abbreviation": "SL", "slug": "sri-lanka"}}, "inningNumber": 1, "overNumber": 5, "overRuns": 13, "overWickets": 0, "totalRuns": 30, "totalWickets": 3, "target": 0, "overLimit": 20, "ballLimit": 120, "isMaiden": false, "isComplete": true, "isSuperOver": false, "overEndBatsmen": [{"player": {"id": 78239, "objectId": 784379, "name": "PW Hasaranga", "longName": "Wanindu Hasaranga", "mobileName": "Hasaranga", "indexName": "Hasaranga, PW", "battingName": "PW Hasaranga", "fieldingName": "Hasaranga", "slug": "wanindu-hasaranga", "imageUrl": "/db/PICTURES/CMS/294200/294296.jpg", "headshotImageUrl": "/db/PICTURES/CMS/322900/322946.png", "dateOfBirth": {"year": 1997, "month": 7, "date": 29}, "dateOfDeath": null, "gender": "M", "battingStyles": ["rhb"], "bowlingStyles": ["lb"], "longBattingStyles": ["right-hand bat"], "longBowlingStyles": ["legbreak"], "image": {"id": 294296, "objectId": 1199371, "slug": "wanindu-hasaranga", "url": "/db/PICTURES/CMS/294200/294296.jpg", "width": 160, "height": 210, "caption": "Wanindu Hasaranga", "longCaption": null, "credit": "Chaminda de Silva", "photographer": null, "peerUrls": null}, "countryTeamId": 8, "playerRoleTypeIds": [5], "playingRoles": ["allrounder"], "headshotImage": {"id": 322946, "objectId": 1266041, "slug": "wanindu-hasaranga-player-page-headshot-cutout-2021", "url": "/db/PICTURES/CMS/322900/322946.png", "width": 600, "height": 436, "caption": "Wanindu Hasaranga player page headshot cutout, 2021", "longCaption": "Wanindu Hasaranga player page headshot cutout, 2021", "credit": null, "photographer": null, "peerUrls": {"FILM": null, "WIDE": null, "SQUARE": "/db/PICTURES/CMS/322900/322946.square.png"}}}, "runs": 10, "balls": 11, "fours": 2, "sixes": 0}, {"player": {"id": 93033, "objectId": 1028655, "name": "P Nissanka", "longName": "Pathum Nissanka", "mobileName": "Nissanka", "indexName": "Nissanka, P", "battingName": "P Nissanka", "fieldingName": "Nissanka", "slug": "pathum-nissanka", "imageUrl": "/db/PICTURES/CMS/318400/318435.jpg", "headshotImageUrl": "/db/PICTURES/CMS/323000/323070.png", "dateOfBirth": {"year": 1998, "month": 5, "date": 18}, "dateOfDeath": null, "gender": "M", "battingStyles": ["rhb"], "bowlingStyles": [], "longBattingStyles": ["right-hand bat"], "longBowlingStyles": [], "image": {"id": 318435, "objectId": 1256641, "slug": "pathum-nissanka-portrait", "url": "/db/PICTURES/CMS/318400/318435.jpg", "width": 160, "height": 200, "caption": "Pathum Nissanka portrait", "longCaption": "Pathum Nissanka portrait, Antigua and Barbuda, March 12, 2021", "credit": "Getty Images", "photographer": null, "peerUrls": null}, "countryTeamId": 8, "playerRoleTypeIds": [2], "playingRoles": ["top-order batter"], "headshotImage": {"id": 323070, "objectId": 1266243, "slug": "pathum-nissaka-player-page-headshot-cutout-2021", "url": "/db/PICTURES/CMS/323000/323070.png", "width": 600, "height": 436, "caption": "Pathum Nissaka player page headshot cutout, 2021", "longCaption": "Pathum Nissaka player page headshot cutout, 2021", "credit": null, "photographer": null, "peerUrls": {"FILM": null, "WIDE": null, "SQUARE": "/db/PICTURES/CMS/323000/323070.square.png"}}}, "runs": 12, "balls": 11, "fours": 2, "sixes": 0}], "overEndBowlers": [{"player": {"id": 66012, "objectId": 526441, "name": "MR Adair", "longName": "Mark Adair", "mobileName": "Adair", "indexName": "Adair, MR", "battingName": "MR Adair", "fieldingName": "Adair", "slug": "mark-adair", "imageUrl": "/db/PICTURES/CMS/305200/305254.jpg", "headshotImageUrl": "/db/PICTURES/CMS/319800/319892.png", "dateOfBirth": {"year": 1996, "month": 3, "date": 27}, "dateOfDeath": null, "gender": "M", "battingStyles": ["rhb"], "bowlingStyles": ["rfm"], "longBattingStyles": ["right-hand bat"], "longBowlingStyles": ["right-arm fast-medium"], "image": {"id": 305254, "objectId": 1224828, "slug": "mark-adair-portrait", "url": "/db/PICTURES/CMS/305200/305254.jpg", "width": 160, "height": 200, "caption": "Mark Adair portrait", "longCaption": "Mark Adair, June 2020", "credit": "Getty Images", "photographer": null, "peerUrls": null}, "countryTeamId": 29, "playerRoleTypeIds": [11], "playingRoles": ["bowling allrounder"], "headshotImage": {"id": 319892, "objectId": 1259969, "slug": "mark-adair-player-page-headshot-cutout-2021", "url": "/db/PICTURES/CMS/319800/319892.png", "width": 600, "height": 436, "caption": "Mark Adair player page headshot cutout, 2021", "longCaption": "Mark Adair player page headshot cutout, 2021", "credit": null, "photographer": null, "peerUrls": {"FILM": null, "WIDE": null, "SQUARE": "/db/PICTURES/CMS/319800/319892.square.png"}}}, "overs": 1, "balls": 6, "maidens": 0, "conceded": 13, "wickets": 0, "currentType": 1}, {"player": {"id": 85975, "objectId": 928067, "name": "JB Little", "longName": "Josh Little", "mobileName": "Little", "indexName": "Little, JB", "battingName": "JB Little", "fieldingName": "Little", "slug": "josh-little", "imageUrl": "/db/PICTURES/CMS/367800/367863.4.jpg", "headshotImageUrl": "/db/PICTURES/CMS/367800/367860.png", "dateOfBirth": {"year": 1999, "month": 11, "date": 1}, "dateOfDeath": null, "gender": "M", "battingStyles": ["rhb"], "bowlingStyles": ["lfm"], "longBattingStyles": ["right-hand bat"], "longBowlingStyles": ["left-arm fast-medium"], "image": {"id": 367863, "objectId": 1400224, "slug": "josh-little-player-portrait", "url": "/db/PICTURES/CMS/367800/367863.4.jpg", "width": 160, "height": 230, "caption": "Josh Little, player portrait", "longCaption": "Josh Little, player portrait", "credit": "Getty Images", "photographer": null, "peerUrls": null}, "countryTeamId": 29, "playerRoleTypeIds": [4], "playingRoles": ["bowler"], "headshotImage": {"id": 367860, "objectId": 1400220, "slug": "josh-little-player-page-headshot-cutout-2023", "url": "/db/PICTURES/CMS/367800/367860.png", "width": 600, "height": 436, "caption": "Josh Little, player page headshot cutout 2023", "longCaption": "Josh Little, player page headshot cutout 2023", "credit": null, "photographer": null, "peerUrls": {"FILM": null, "WIDE": null, "SQUARE": "/db/PICTURES/CMS/367800/367860.square.png"}}}, "overs": 2, "balls": 12, "maidens": 0, "conceded": 10, "wickets": 2, "currentType": 2}], "rollover": null}, "batsmanStatText": null, "bowlerStatText": null, "smartStats": []}]