[{"_uid": 35036720, "id": 35036720, "inningNumber": 1, "ballsActual": null, "ballsUnique": null, "oversUnique": 5.01, "oversActual": 5.1, "overNumber": 6, "ballNumber": 1, "totalRuns": 1, "batsmanRuns": 0, "isFour": false, "isSix": false, "isWicket": false, "dismissalType": null, "byes": 0, "legbyes": 1, "wides": 0, "noballs": 0, "penalties": 0, "wagonX": 0, "wagonY": 0, "wagonZone": 0, "pitchLine": "DOWN_LEG", "pitchLength": "GOOD_LENGTH", "shotType": "FLICK", "shotControl": 2, "timestamp": "2021-10-17T10:26:39.000Z", "modified": "2021-10-17T10:26:43.000Z", "batsmanPlayerId": 55134, "bowlerPlayerId": 45702, "outPlayerId": null, "totalInningRuns": 27, "totalInningWickets": 2, "predictions": {"score": 144, "winProbability": 37.09}, "title": "Nadeem to Amini", "dismissalText": null, "commentPreTextItems": [{"type": "HTML", "html": "Nadeem now with his right-arm pace"}], "commentTextItems": [{"type": "HTML", "html": "slight movement back in, concedes a leg-bye"}], "commentPostTextItems": null, "commentVideos": [], "commentImages": [], "events": [], "over": null, "batsmanStatText": null, "bowlerStatText": null, "smartStats": []}, {"_uid": 35036722, "id": 35036722, "inningNumber": 1, "ballsActual": null, "ballsUnique": null, "oversUnique": 5.02, "oversActual": 5.2, "overNumber": 6, "ballNumber": 2, "totalRuns": 2, "batsmanRuns": 2, "isFour": false, "isSix": false, "isWicket": false, "dismissalType": null, "byes": 0, "legbyes": 0, "wides": 0, "noballs": 0, "penalties": 0, "wagonX": 93, "wagonY": 92, "wagonZone": 7, "pitchLine": "DOWN_LEG", "pitchLength": "SHORT_OF_A_GOOD_LENGTH", "shotType": "FLICK", "shotControl": 1, "timestamp": "2021-10-17T10:27:16.000Z", "modified": "2021-10-17T10:27:20.000Z", "batsmanPlayerId": 47469, "bowlerPlayerId": 45702, "outPlayerId": null, "totalInningRuns": 29, "totalInningWickets": 2, "predictions": {"score": 145, "winProbability": 38.13}, "title": "Nadeem to Vala", "dismissalText": null, "commentPreTextItems": null, "commentTextItems": [{"type": "HTML", "html": "short of a length, tucked away off the hip for a couple past short fine leg"}], "commentPostTextItems": null, "commentVideos": [], "commentImages": [], "events": [], "over": null, "batsmanStatText": null, "bowlerStatText": null, "smartStats": []}, {"_uid": 35036726, "id": 35036726, "inningNumber": 1, "ballsActual": null, "ballsUnique": null, "oversUnique": 5.03, "oversActual": 5.3, "overNumber": 6, "ballNumber": 3, "totalRuns": 1, "batsmanRuns": 1, "isFour": false, "isSix": false, "isWicket": false, "dismissalType": null, "byes": 0, "legbyes": 0, "wides": 0, "noballs": 0, "penalties": 0, "wagonX": 125, "wagonY": 224, "wagonZone": 5, "pitchLine": "ON_THE_STUMPS", "pitchLength": "GOOD_LENGTH", "shotType": "ON_DRIVE", "shotControl": 1, "timestamp": "2021-10-17T10:27:54.000Z", "modified": "2021-10-17T10:27:57.000Z", "batsmanPlayerId": 47469, "bowlerPlayerId": 45702, "outPlayerId": null, "totalInningRuns": 30, "totalInningWickets": 2, "predictions": {"score": 145, "winProbability": 38.13}, "title": "Nadeem to Vala", "dismissalText": null, "commentPreTextItems": null, "commentTextItems": [{"type": "HTML", "html": "on a length, wicket to wicket, pushed wide of mid-on for one"}], "commentPostTextItems": null, "commentVideos": [], "commentImages": [], "events": [], "over": null, "batsmanStatText": null, "bowlerStatText": null, "smartStats": []}, {"_uid": 35036729, "id": 35036729, "inningNumber": 1, "ballsActual": null, "ballsUnique": null, "oversUnique": 5.04, "oversActual": 5.4, "overNumber": 6, "ballNumber": 4, "totalRuns": 6, "batsmanRuns": 6, "isFour": false, "isSix": true, "isWicket": false, "dismissalType": null, "byes": 0, "legbyes": 0, "wides": 0, "noballs": 0, "penalties": 0, "wagonX": 14, "wagonY": 256, "wagonZone": 6, "pitchLine": "ON_THE_STUMPS", "pitchLength": "GOOD_LENGTH", "shotType": "FLICK", "shotControl": 1, "timestamp": "2021-10-17T10:28:41.000Z", "modified": "2021-10-17T10:28:45.000Z", "batsmanPlayerId": 55134, "bowlerPlayerId": 45702, "outPlayerId": null, "totalInningRuns": 36, "totalInningWickets": 2, "predictions": {"score": 150, "winProbability": 43.43}, "title": "Nadeem to Amini", "dismissalText": null, "commentPreTextItems": [{"type": "HTML", "html": "\"First time a world cup is being played outside the \"Big three\" since 2014. Glad to see that finally happen.\" Sahan, the irony is that it is not by design. Only because of the pandemic. The next two World Cups are in India and Australia"}], "commentTextItems": [{"type": "HTML", "html": "lovely whip off the pads. He has skipped down the wicket, picked the slower ball, and used his wristly flourish to send it over midwicket"}], "commentPostTextItems": null, "commentVideos": [], "commentImages": [], "events": [], "over": null, "batsmanStatText": null, "bowlerStatText": null, "smartStats": []}, {"_uid": 35036730, "id": 35036730, "inningNumber": 1, "ballsActual": null, "ballsUnique": null, "oversUnique": 5.05, "oversActual": 5.5, "overNumber": 6, "ballNumber": 5, "totalRuns": 4, "batsmanRuns": 4, "isFour": true, "isSix": false, "isWicket": false, "dismissalType": null, "byes": 0, "legbyes": 0, "wides": 0, "noballs": 0, "penalties": 0, "wagonX": 46, "wagonY": 292, "wagonZone": 6, "pitchLine": "OUTSIDE_OFFSTUMP", "pitchLength": "GOOD_LENGTH", "shotType": "SLOG_SHOT", "shotControl": 1, "timestamp": "2021-10-17T10:29:25.000Z", "modified": "2021-10-17T10:29:29.000Z", "batsmanPlayerId": 55134, "bowlerPlayerId": 45702, "outPlayerId": null, "totalInningRuns": 40, "totalInningWickets": 2, "predictions": {"score": 155, "winProbability": 48.83}, "title": "Nadeem to Amini", "dismissalText": null, "commentPreTextItems": null, "commentTextItems": [{"type": "HTML", "html": "muscled away. Nadeem is short of a length, and he pulls this down the ground, wide of midwicket, all along the ground"}], "commentPostTextItems": null, "commentVideos": [], "commentImages": [], "events": [], "over": null, "batsmanStatText": null, "bowlerStatText": null, "smartStats": []}, {"_uid": 35036736, "id": 35036736, "inningNumber": 1, "ballsActual": null, "ballsUnique": null, "oversUnique": 5.06, "oversActual": 5.6, "overNumber": 6, "ballNumber": 6, "totalRuns": 0, "batsmanRuns": 0, "isFour": false, "isSix": false, "isWicket": false, "dismissalType": null, "byes": 0, "legbyes": 0, "wides": 0, "noballs": 0, "penalties": 0, "wagonX": 127, "wagonY": 201, "wagonZone": 6, "pitchLine": "ON_THE_STUMPS", "pitchLength": "FULL_TOSS", "shotType": "FLICK", "shotControl": 1, "timestamp": "2021-10-17T10:29:53.000Z", "modified": "2021-10-17T10:29:57.000Z", "batsmanPlayerId": 55134, "bowlerPlayerId": 45702, "outPlayerId": null, "totalInningRuns": 40, "totalInningWickets": 2, "predictions": {"score": 155, "winProbability": 48.83}, "title": "Nadeem to Amini", "dismissalText": null, "commentPreTextItems": [{"type": "HTML", "html": "Mid-on goes back, third man comes up"}], "commentTextItems": [{"type": "HTML", "html": "slower ball, a full toss, he adjusts late, plays it to midwicket"}], "commentPostTextItems": [{"type": "HTML", "html": "Sheldon Smith: \"I love the positive intent by PNG. 0/2 and still decided to go hard\""}], "commentVideos": [], "commentImages": [], "events": [], "over": {"team": {"id": 20, "objectId": 20, "scribeId": 20, "slug": "papua-new-guinea", "name": "P.N.G.", "longName": "Papua New Guinea", "abbreviation": "PNG", "unofficialName": null, "imageUrl": "/db/PICTURES/CMS/346100/346147.png", "isCountry": true, "primaryColor": null, "image": {"id": 346147, "objectId": 1335335, "slug": "png-team-flag", "url": "/db/PICTURES/CMS/346100/346147.png", "width": 500, "height": 500, "caption": "PNG Team flag", "longCaption": "PNG Team flag", "credit": "Getty Images", "photographer": null, "peerUrls": null}, "country": {"id": 20, "objectId": 20, "name": "Papua New Guinea", "shortName": "P.N.G.", "abbreviation": "PNG", "slug": "papua-new-guinea"}}, "inningNumber": 1, "overNumber": 6, "overRuns": 14, "overWickets": 0, "totalRuns": 40, "totalWickets": 2, "target": 0, "overLimit": 20, "ballLimit": 120, "isMaiden": false, "isComplete": true, "isSuperOver": false, "overEndBatsmen": [{"player": {"id": 55134, "objectId": 332980, "name": "CJA Amini", "longName": "Charles Amini", "mobileName": "Amini", "indexName": "Amini, CJA", "battingName": "CJA Amini", "fieldingName": "Amini", "slug": "charles-amini", "imageUrl": "/db/PICTURES/CMS/172800/172831.1.jpg", "headshotImageUrl": "/db/PICTURES/CMS/321100/321138.png", "dateOfBirth": {"year": 1992, "month": 4, "date": 14}, "dateOfDeath": null, "gender": "M", "battingStyles": ["lhb"], "bowlingStyles": ["lb"], "longBattingStyles": ["left-hand bat"], "longBowlingStyles": ["legbreak"], "image": {"id": 172831, "objectId": 694475, "slug": "charles-amini", "url": "/db/PICTURES/CMS/172800/172831.1.jpg", "width": 160, "height": 192, "caption": "Charles Amini", "longCaption": "Charles Amini", "credit": "International Cricket Council", "photographer": null, "peerUrls": null}, "countryTeamId": 20, "playerRoleTypeIds": [5], "playingRoles": ["allrounder"], "headshotImage": {"id": 321138, "objectId": 1262666, "slug": "charles-jordan-alewa-amini-player-page-headshot-cutout-2021", "url": "/db/PICTURES/CMS/321100/321138.png", "width": 600, "height": 436, "caption": "Charles Jordan Alewa Amini player page headshot cutout, 2021", "longCaption": "Charles Jordan Alewa Amini player page headshot cutout, 2021", "credit": null, "photographer": null, "peerUrls": {"FILM": null, "WIDE": null, "SQUARE": "/db/PICTURES/CMS/321100/321138.square.png"}}}, "runs": 24, "balls": 12, "fours": 4, "sixes": 1}, {"player": {"id": 47469, "objectId": 25056, "name": "A Vala", "longName": "Assad Vala", "mobileName": "Vala", "indexName": "Vala, A", "battingName": "A Vala", "fieldingName": "Vala", "slug": "assad-vala", "imageUrl": "/db/PICTURES/CMS/172800/172837.1.jpg", "headshotImageUrl": "/db/PICTURES/CMS/321100/321136.png", "dateOfBirth": {"year": 1987, "month": 8, "date": 5}, "dateOfDeath": null, "gender": "M", "battingStyles": ["lhb"], "bowlingStyles": ["ob"], "longBattingStyles": ["left-hand bat"], "longBowlingStyles": ["right-arm offbreak"], "image": {"id": 172837, "objectId": 694481, "slug": "assad-vala", "url": "/db/PICTURES/CMS/172800/172837.1.jpg", "width": 160, "height": 192, "caption": "Assad Vala", "longCaption": "Assad Vala", "credit": "International Cricket Council", "photographer": null, "peerUrls": null}, "countryTeamId": 20, "playerRoleTypeIds": [8], "playingRoles": ["batter"], "headshotImage": {"id": 321136, "objectId": 1262664, "slug": "assad-vala-player-page-headshot-cutout-2021", "url": "/db/PICTURES/CMS/321100/321136.png", "width": 600, "height": 436, "caption": "Assad Vala player page headshot cutout, 2021", "longCaption": "Assad Vala player page headshot cutout, 2021", "credit": null, "photographer": null, "peerUrls": {"FILM": null, "WIDE": null, "SQUARE": "/db/PICTURES/CMS/321100/321136.square.png"}}}, "runs": 14, "balls": 16, "fours": 2, "sixes": 0}], "overEndBowlers": [{"player": {"id": 45702, "objectId": 41984, "name": "Mohammad Nadeem", "longName": "Mohammad Nadeem", "mobileName": "Nadeem", "indexName": "Mohammad Nadeem", "battingName": "Mohammad Nadeem", "fieldingName": "Mohammad Nadeem", "slug": "mohammad-nadeem", "imageUrl": "/db/PICTURES/CMS/254600/254654.1.jpg", "headshotImageUrl": "/db/PICTURES/CMS/321700/321777.png", "dateOfBirth": {"year": 1982, "month": 9, "date": 4}, "dateOfDeath": null, "gender": "M", "battingStyles": ["rhb"], "bowlingStyles": ["rmf"], "longBattingStyles": ["right-hand bat"], "longBowlingStyles": ["right-arm medium-fast"], "image": {"id": 254654, "objectId": 1065025, "slug": "muhammad-nadeem-portrait", "url": "/db/PICTURES/CMS/254600/254654.1.jpg", "width": 160, "height": 200, "caption": "Muhammad Nadeem portrait", "longCaption": "Muhammad Nadeem portrait, November 2016", "credit": "Peter Della Penna", "photographer": null, "peerUrls": null}, "countryTeamId": 37, "playerRoleTypeIds": [5], "playingRoles": ["allrounder"], "headshotImage": {"id": 321777, "objectId": 1263933, "slug": "mohammad-nadeem-player-page-headshot-cutout-2021", "url": "/db/PICTURES/CMS/321700/321777.png", "width": 600, "height": 436, "caption": "Mohammad Nadeem player page headshot cutout, 2021", "longCaption": "Mohammad Nadeem player page headshot cutout, 2021", "credit": null, "photographer": null, "peerUrls": {"FILM": null, "WIDE": null, "SQUARE": "/db/PICTURES/CMS/321700/321777.square.png"}}}, "overs": 1, "balls": 6, "maidens": 0, "conceded": 13, "wickets": 0, "currentType": 1}, {"player": {"id": 87469, "objectId": 940593, "name": "Aqib Ilyas", "longName": "Aqib Ilyas", "mobileName": "Aqib", "indexName": "Aqib Ilyas", "battingName": "Aqib Ilyas", "fieldingName": "Aqib Ilyas", "slug": "aqib-ilyas", "imageUrl": "/db/PICTURES/CMS/257900/257905.1.jpg", "headshotImageUrl": "/db/PICTURES/CMS/321700/321767.png", "dateOfBirth": {"year": 1992, "month": 9, "date": 5}, "dateOfDeath": null, "gender": "M", "battingStyles": ["rhb"], "bowlingStyles": ["ob", "lbg"], "longBattingStyles": ["right-hand bat"], "longBowlingStyles": ["right-arm offbreak", "legbreak googly"], "image": {"id": 257905, "objectId": 1078253, "slug": "aaqib-illyas-player-portrait", "url": "/db/PICTURES/CMS/257900/257905.1.jpg", "width": 160, "height": 206, "caption": "Aaqib Illyas player portrait", "longCaption": "Aaqib Illyas player portrait", "credit": "Oman Cricket", "photographer": null, "peerUrls": null}, "countryTeamId": 37, "playerRoleTypeIds": [2], "playingRoles": ["top-order batter"], "headshotImage": {"id": 321767, "objectId": 1263923, "slug": "aqib-ilyas-sulehri-player-page-headshot-cutout-2021", "url": "/db/PICTURES/CMS/321700/321767.png", "width": 600, "height": 436, "caption": "Aqib Ilyas Sulehri player page headshot cutout, 2021", "longCaption": "Aqib Ilyas Sulehri player page headshot cutout, 2021", "credit": null, "photographer": null, "peerUrls": {"FILM": null, "WIDE": null, "SQUARE": "/db/PICTURES/CMS/321700/321767.square.png"}}}, "overs": 1, "balls": 6, "maidens": 0, "conceded": 7, "wickets": 0, "currentType": 2}], "rollover": null}, "batsmanStatText": null, "bowlerStatText": null, "smartStats": []}, {"_uid": 35036742, "id": 35036742, "inningNumber": 1, "ballsActual": null, "ballsUnique": null, "oversUnique": 6.01, "oversActual": 6.1, "overNumber": 7, "ballNumber": 1, "totalRuns": 1, "batsmanRuns": 1, "isFour": false, "isSix": false, "isWicket": false, "dismissalType": null, "byes": 0, "legbyes": 0, "wides": 0, "noballs": 0, "penalties": 0, "wagonX": 38, "wagonY": 163, "wagonZone": 7, "pitchLine": "WIDE_OUTSIDE_OFFSTUMP", "pitchLength": "GOOD_LENGTH", "shotType": "FLICK", "shotControl": 1, "timestamp": "2021-10-17T10:31:18.000Z", "modified": "2021-10-17T10:31:22.000Z", "batsmanPlayerId": 47469, "bowlerPlayerId": 87469, "outPlayerId": null, "totalInningRuns": 41, "totalInningWickets": 2, "predictions": {"score": 154, "winProbability": 47.75}, "title": "Aqib to Vala", "dismissalText": null, "commentPreTextItems": [{"type": "HTML", "html": "Field restrictions eased. Now the Omani spinners will look to control the game. Ilyas continues"}], "commentTextItems": [{"type": "HTML", "html": "skips down the wicket, chips this over the infield and gets it wide of deep midwicket for two"}], "commentPostTextItems": null, "commentVideos": [], "commentImages": [], "events": [], "over": null, "batsmanStatText": null, "bowlerStatText": null, "smartStats": []}, {"_uid": 35036745, "id": 35036745, "inningNumber": 1, "ballsActual": null, "ballsUnique": null, "oversUnique": 6.02, "oversActual": 6.2, "overNumber": 7, "ballNumber": 2, "totalRuns": 0, "batsmanRuns": 0, "isFour": false, "isSix": false, "isWicket": false, "dismissalType": null, "byes": 0, "legbyes": 0, "wides": 0, "noballs": 0, "penalties": 0, "wagonX": 173, "wagonY": 195, "wagonZone": 5, "pitchLine": "OUTSIDE_OFFSTUMP", "pitchLength": "GOOD_LENGTH", "shotType": "PUSH", "shotControl": 1, "timestamp": "2021-10-17T10:31:37.000Z", "modified": "2021-10-17T10:31:41.000Z", "batsmanPlayerId": 55134, "bowlerPlayerId": 87469, "outPlayerId": null, "totalInningRuns": 41, "totalInningWickets": 2, "predictions": {"score": 153, "winProbability": 46.67}, "title": "Aqib to Amini", "dismissalText": null, "commentPreTextItems": null, "commentTextItems": [{"type": "HTML", "html": "flat, on off and middle, defended back to him"}], "commentPostTextItems": null, "commentVideos": [], "commentImages": [], "events": [], "over": null, "batsmanStatText": null, "bowlerStatText": null, "smartStats": []}, {"_uid": 35036746, "id": 35036746, "inningNumber": 1, "ballsActual": null, "ballsUnique": null, "oversUnique": 6.03, "oversActual": 6.3, "overNumber": 7, "ballNumber": 3, "totalRuns": 2, "batsmanRuns": 2, "isFour": false, "isSix": false, "isWicket": false, "dismissalType": null, "byes": 0, "legbyes": 0, "wides": 0, "noballs": 0, "penalties": 0, "wagonX": 74, "wagonY": 244, "wagonZone": 6, "pitchLine": "WIDE_OUTSIDE_OFFSTUMP", "pitchLength": "SHORT_OF_A_GOOD_LENGTH", "shotType": "FLICK", "shotControl": 1, "timestamp": "2021-10-17T10:32:07.000Z", "modified": "2021-10-17T10:32:10.000Z", "batsmanPlayerId": 55134, "bowlerPlayerId": 87469, "outPlayerId": null, "totalInningRuns": 43, "totalInningWickets": 2, "predictions": {"score": 153, "winProbability": 46.67}, "title": "Aqib to Amini", "dismissalText": null, "commentPreTextItems": null, "commentTextItems": [{"type": "HTML", "html": "short of a length, goers back to punch this to deep midwicket. A misfield by Ayaan Khan allows them the second"}], "commentPostTextItems": null, "commentVideos": [], "commentImages": [], "events": [], "over": null, "batsmanStatText": null, "bowlerStatText": null, "smartStats": []}, {"_uid": 35036747, "id": 35036747, "inningNumber": 1, "ballsActual": null, "ballsUnique": null, "oversUnique": 6.04, "oversActual": 6.4, "overNumber": 7, "ballNumber": 4, "totalRuns": 1, "batsmanRuns": 1, "isFour": false, "isSix": false, "isWicket": false, "dismissalType": null, "byes": 0, "legbyes": 0, "wides": 0, "noballs": 0, "penalties": 0, "wagonX": 75, "wagonY": 223, "wagonZone": 6, "pitchLine": "OUTSIDE_OFFSTUMP", "pitchLength": "GOOD_LENGTH", "shotType": "FLICK", "shotControl": 1, "timestamp": "2021-10-17T10:32:27.000Z", "modified": "2021-10-17T10:32:30.000Z", "batsmanPlayerId": 55134, "bowlerPlayerId": 87469, "outPlayerId": null, "totalInningRuns": 44, "totalInningWickets": 2, "predictions": {"score": 153, "winProbability": 46.67}, "title": "Aqib to Amini", "dismissalText": null, "commentPreTextItems": null, "commentTextItems": [{"type": "HTML", "html": "roundarm delivery, on a length, into the pads, worked away for one"}], "commentPostTextItems": null, "commentVideos": [], "commentImages": [], "events": [], "over": null, "batsmanStatText": null, "bowlerStatText": null, "smartStats": []}, {"_uid": 35036751, "id": 35036751, "inningNumber": 1, "ballsActual": null, "ballsUnique": null, "oversUnique": 6.05, "oversActual": 6.5, "overNumber": 7, "ballNumber": 5, "totalRuns": 1, "batsmanRuns": 1, "isFour": false, "isSix": false, "isWicket": false, "dismissalType": null, "byes": 0, "legbyes": 0, "wides": 0, "noballs": 0, "penalties": 0, "wagonX": 155, "wagonY": 304, "wagonZone": 5, "pitchLine": "ON_THE_STUMPS", "pitchLength": "GOOD_LENGTH", "shotType": "ON_DRIVE", "shotControl": 2, "timestamp": "2021-10-17T10:33:09.000Z", "modified": "2021-10-17T10:33:12.000Z", "batsmanPlayerId": 47469, "bowlerPlayerId": 87469, "outPlayerId": null, "totalInningRuns": 45, "totalInningWickets": 2, "predictions": {"score": 152, "winProbability": 45.59}, "title": "Aqib to Vala", "dismissalText": null, "commentPreTextItems": null, "commentTextItems": [{"type": "HTML", "html": "<strong>nearly caught and bowled</strong>. Vala early into thus but doesn't check the shot. Lobs it to the left of the non-striker, Ilyas flies across the breadth of the pitch but can't even get a touch on it"}], "commentPostTextItems": null, "commentVideos": [], "commentImages": [], "events": [], "over": null, "batsmanStatText": null, "bowlerStatText": null, "smartStats": []}, {"_uid": 35036752, "id": 35036752, "inningNumber": 1, "ballsActual": null, "ballsUnique": null, "oversUnique": 6.06, "oversActual": 6.6, "overNumber": 7, "ballNumber": 6, "totalRuns": 1, "batsmanRuns": 1, "isFour": false, "isSix": false, "isWicket": false, "dismissalType": null, "byes": 0, "legbyes": 0, "wides": 0, "noballs": 0, "penalties": 0, "wagonX": 44, "wagonY": 199, "wagonZone": 6, "pitchLine": "OUTSIDE_OFFSTUMP", "pitchLength": "SHORT_OF_A_GOOD_LENGTH", "shotType": "FLICK", "shotControl": 1, "timestamp": "2021-10-17T10:33:33.000Z", "modified": "2021-10-17T10:33:36.000Z", "batsmanPlayerId": 55134, "bowlerPlayerId": 87469, "outPlayerId": null, "totalInningRuns": 46, "totalInningWickets": 2, "predictions": {"score": 152, "winProbability": 45.59}, "title": "Aqib to Amini", "dismissalText": null, "commentPreTextItems": null, "commentTextItems": [{"type": "HTML", "html": "slinger again, single into the leg side"}], "commentPostTextItems": null, "commentVideos": [], "commentImages": [], "events": [], "over": {"team": {"id": 20, "objectId": 20, "scribeId": 20, "slug": "papua-new-guinea", "name": "P.N.G.", "longName": "Papua New Guinea", "abbreviation": "PNG", "unofficialName": null, "imageUrl": "/db/PICTURES/CMS/346100/346147.png", "isCountry": true, "primaryColor": null, "image": {"id": 346147, "objectId": 1335335, "slug": "png-team-flag", "url": "/db/PICTURES/CMS/346100/346147.png", "width": 500, "height": 500, "caption": "PNG Team flag", "longCaption": "PNG Team flag", "credit": "Getty Images", "photographer": null, "peerUrls": null}, "country": {"id": 20, "objectId": 20, "name": "Papua New Guinea", "shortName": "P.N.G.", "abbreviation": "PNG", "slug": "papua-new-guinea"}}, "inningNumber": 1, "overNumber": 7, "overRuns": 6, "overWickets": 0, "totalRuns": 46, "totalWickets": 2, "target": 0, "overLimit": 20, "ballLimit": 120, "isMaiden": false, "isComplete": true, "isSuperOver": false, "overEndBatsmen": [{"player": {"id": 55134, "objectId": 332980, "name": "CJA Amini", "longName": "Charles Amini", "mobileName": "Amini", "indexName": "Amini, CJA", "battingName": "CJA Amini", "fieldingName": "Amini", "slug": "charles-amini", "imageUrl": "/db/PICTURES/CMS/172800/172831.1.jpg", "headshotImageUrl": "/db/PICTURES/CMS/321100/321138.png", "dateOfBirth": {"year": 1992, "month": 4, "date": 14}, "dateOfDeath": null, "gender": "M", "battingStyles": ["lhb"], "bowlingStyles": ["lb"], "longBattingStyles": ["left-hand bat"], "longBowlingStyles": ["legbreak"], "image": {"id": 172831, "objectId": 694475, "slug": "charles-amini", "url": "/db/PICTURES/CMS/172800/172831.1.jpg", "width": 160, "height": 192, "caption": "Charles Amini", "longCaption": "Charles Amini", "credit": "International Cricket Council", "photographer": null, "peerUrls": null}, "countryTeamId": 20, "playerRoleTypeIds": [5], "playingRoles": ["allrounder"], "headshotImage": {"id": 321138, "objectId": 1262666, "slug": "charles-jordan-alewa-amini-player-page-headshot-cutout-2021", "url": "/db/PICTURES/CMS/321100/321138.png", "width": 600, "height": 436, "caption": "Charles Jordan Alewa Amini player page headshot cutout, 2021", "longCaption": "Charles Jordan Alewa Amini player page headshot cutout, 2021", "credit": null, "photographer": null, "peerUrls": {"FILM": null, "WIDE": null, "SQUARE": "/db/PICTURES/CMS/321100/321138.square.png"}}}, "runs": 28, "balls": 16, "fours": 4, "sixes": 1}, {"player": {"id": 47469, "objectId": 25056, "name": "A Vala", "longName": "Assad Vala", "mobileName": "Vala", "indexName": "Vala, A", "battingName": "A Vala", "fieldingName": "Vala", "slug": "assad-vala", "imageUrl": "/db/PICTURES/CMS/172800/172837.1.jpg", "headshotImageUrl": "/db/PICTURES/CMS/321100/321136.png", "dateOfBirth": {"year": 1987, "month": 8, "date": 5}, "dateOfDeath": null, "gender": "M", "battingStyles": ["lhb"], "bowlingStyles": ["ob"], "longBattingStyles": ["left-hand bat"], "longBowlingStyles": ["right-arm offbreak"], "image": {"id": 172837, "objectId": 694481, "slug": "assad-vala", "url": "/db/PICTURES/CMS/172800/172837.1.jpg", "width": 160, "height": 192, "caption": "Assad Vala", "longCaption": "Assad Vala", "credit": "International Cricket Council", "photographer": null, "peerUrls": null}, "countryTeamId": 20, "playerRoleTypeIds": [8], "playingRoles": ["batter"], "headshotImage": {"id": 321136, "objectId": 1262664, "slug": "assad-vala-player-page-headshot-cutout-2021", "url": "/db/PICTURES/CMS/321100/321136.png", "width": 600, "height": 436, "caption": "Assad Vala player page headshot cutout, 2021", "longCaption": "Assad Vala player page headshot cutout, 2021", "credit": null, "photographer": null, "peerUrls": {"FILM": null, "WIDE": null, "SQUARE": "/db/PICTURES/CMS/321100/321136.square.png"}}}, "runs": 16, "balls": 18, "fours": 2, "sixes": 0}], "overEndBowlers": [{"player": {"id": 87469, "objectId": 940593, "name": "Aqib Ilyas", "longName": "Aqib Ilyas", "mobileName": "Aqib", "indexName": "Aqib Ilyas", "battingName": "Aqib Ilyas", "fieldingName": "Aqib Ilyas", "slug": "aqib-ilyas", "imageUrl": "/db/PICTURES/CMS/257900/257905.1.jpg", "headshotImageUrl": "/db/PICTURES/CMS/321700/321767.png", "dateOfBirth": {"year": 1992, "month": 9, "date": 5}, "dateOfDeath": null, "gender": "M", "battingStyles": ["rhb"], "bowlingStyles": ["ob", "lbg"], "longBattingStyles": ["right-hand bat"], "longBowlingStyles": ["right-arm offbreak", "legbreak googly"], "image": {"id": 257905, "objectId": 1078253, "slug": "aaqib-illyas-player-portrait", "url": "/db/PICTURES/CMS/257900/257905.1.jpg", "width": 160, "height": 206, "caption": "Aaqib Illyas player portrait", "longCaption": "Aaqib Illyas player portrait", "credit": "Oman Cricket", "photographer": null, "peerUrls": null}, "countryTeamId": 37, "playerRoleTypeIds": [2], "playingRoles": ["top-order batter"], "headshotImage": {"id": 321767, "objectId": 1263923, "slug": "aqib-ilyas-sulehri-player-page-headshot-cutout-2021", "url": "/db/PICTURES/CMS/321700/321767.png", "width": 600, "height": 436, "caption": "Aqib Ilyas Sulehri player page headshot cutout, 2021", "longCaption": "Aqib Ilyas Sulehri player page headshot cutout, 2021", "credit": null, "photographer": null, "peerUrls": {"FILM": null, "WIDE": null, "SQUARE": "/db/PICTURES/CMS/321700/321767.square.png"}}}, "overs": 2, "balls": 12, "maidens": 0, "conceded": 13, "wickets": 0, "currentType": 1}, {"player": {"id": 45702, "objectId": 41984, "name": "Mohammad Nadeem", "longName": "Mohammad Nadeem", "mobileName": "Nadeem", "indexName": "Mohammad Nadeem", "battingName": "Mohammad Nadeem", "fieldingName": "Mohammad Nadeem", "slug": "mohammad-nadeem", "imageUrl": "/db/PICTURES/CMS/254600/254654.1.jpg", "headshotImageUrl": "/db/PICTURES/CMS/321700/321777.png", "dateOfBirth": {"year": 1982, "month": 9, "date": 4}, "dateOfDeath": null, "gender": "M", "battingStyles": ["rhb"], "bowlingStyles": ["rmf"], "longBattingStyles": ["right-hand bat"], "longBowlingStyles": ["right-arm medium-fast"], "image": {"id": 254654, "objectId": 1065025, "slug": "muhammad-nadeem-portrait", "url": "/db/PICTURES/CMS/254600/254654.1.jpg", "width": 160, "height": 200, "caption": "Muhammad Nadeem portrait", "longCaption": "Muhammad Nadeem portrait, November 2016", "credit": "Peter Della Penna", "photographer": null, "peerUrls": null}, "countryTeamId": 37, "playerRoleTypeIds": [5], "playingRoles": ["allrounder"], "headshotImage": {"id": 321777, "objectId": 1263933, "slug": "mohammad-nadeem-player-page-headshot-cutout-2021", "url": "/db/PICTURES/CMS/321700/321777.png", "width": 600, "height": 436, "caption": "Mohammad Nadeem player page headshot cutout, 2021", "longCaption": "Mohammad Nadeem player page headshot cutout, 2021", "credit": null, "photographer": null, "peerUrls": {"FILM": null, "WIDE": null, "SQUARE": "/db/PICTURES/CMS/321700/321777.square.png"}}}, "overs": 1, "balls": 6, "maidens": 0, "conceded": 13, "wickets": 0, "currentType": 2}], "rollover": null}, "batsmanStatText": null, "bowlerStatText": null, "smartStats": []}]