[{"_uid": 35052520, "id": 35052520, "inningNumber": 2, "ballsActual": null, "ballsUnique": null, "oversUnique": 15.01, "oversActual": 15.1, "overNumber": 16, "ballNumber": 1, "totalRuns": 0, "batsmanRuns": 0, "isFour": false, "isSix": false, "isWicket": true, "dismissalType": 4, "byes": 0, "legbyes": 0, "wides": 0, "noballs": 0, "penalties": 0, "wagonX": 156, "wagonY": 257, "wagonZone": 5, "pitchLine": "OUTSIDE_OFFSTUMP", "pitchLength": "FULL", "shotType": "ON_DRIVE", "shotControl": 1, "timestamp": "2021-10-20T17:18:21.000Z", "modified": "2021-10-20T17:18:25.000Z", "batsmanPlayerId": 66012, "bowlerPlayerId": 78235, "outPlayerId": 66012, "totalInningRuns": 92, "totalInningWickets": 7, "predictions": {"score": 121, "winProbability": 0.37}, "title": "Lahiru Kumara to Adair", "dismissalText": {"short": "run out", "long": "run out (Chameera)", "commentary": "Mark Adair run out (Chameera) 2 (3b 0x4 0x6 6m) SR: 66.66"}, "commentPreTextItems": null, "commentTextItems": [{"type": "HTML", "html": "full and straight, punched back down the line, grabbed at mid-off by Chameera, <strong>and that's a direct hit!</strong> Out by a good two metres. This one is cooked!"}], "commentPostTextItems": null, "commentVideos": [], "commentImages": [], "events": [], "over": null, "batsmanStatText": null, "bowlerStatText": null, "smartStats": []}, {"_uid": 35052521, "id": 35052521, "inningNumber": 2, "ballsActual": null, "ballsUnique": null, "oversUnique": 15.02, "oversActual": 15.2, "overNumber": 16, "ballNumber": 2, "totalRuns": 1, "batsmanRuns": 1, "isFour": false, "isSix": false, "isWicket": false, "dismissalType": null, "byes": 0, "legbyes": 0, "wides": 0, "noballs": 0, "penalties": 0, "wagonX": 146, "wagonY": 44, "wagonZone": 8, "pitchLine": "OUTSIDE_OFFSTUMP", "pitchLength": "FULL", "shotType": "CUT_SHOT", "shotControl": 2, "timestamp": "2021-10-20T17:18:40.000Z", "modified": "2021-10-20T17:18:43.000Z", "batsmanPlayerId": 52628, "bowlerPlayerId": 78235, "outPlayerId": null, "totalInningRuns": 93, "totalInningWickets": 7, "predictions": {"score": 122, "winProbability": 0.32}, "title": "Lahiru Kumara to Balbirnie", "dismissalText": null, "commentPreTextItems": null, "commentTextItems": [{"type": "HTML", "html": "back of a length, outside off, chopped down to third man"}], "commentPostTextItems": null, "commentVideos": [], "commentImages": [], "events": [], "over": null, "batsmanStatText": null, "bowlerStatText": null, "smartStats": []}, {"_uid": 35052523, "id": 35052523, "inningNumber": 2, "ballsActual": null, "ballsUnique": null, "oversUnique": 15.03, "oversActual": 15.3, "overNumber": 16, "ballNumber": 3, "totalRuns": 1, "batsmanRuns": 1, "isFour": false, "isSix": false, "isWicket": false, "dismissalType": null, "byes": 0, "legbyes": 0, "wides": 0, "noballs": 0, "penalties": 0, "wagonX": 228, "wagonY": 285, "wagonZone": 4, "pitchLine": "ON_THE_STUMPS", "pitchLength": "FULL", "shotType": "ON_DRIVE", "shotControl": 1, "timestamp": "2021-10-20T17:19:25.000Z", "modified": "2021-10-20T17:19:28.000Z", "batsmanPlayerId": 91741, "bowlerPlayerId": 78235, "outPlayerId": null, "totalInningRuns": 94, "totalInningWickets": 7, "predictions": {"score": 123, "winProbability": 0.27}, "title": "Lahiru Kumara to Simi Singh", "dismissalText": null, "commentPreTextItems": null, "commentTextItems": [{"type": "HTML", "html": "nudged into the gap, singles won't cut it now. Nor, frankly, will boundaries..."}], "commentPostTextItems": null, "commentVideos": [], "commentImages": [], "events": [], "over": null, "batsmanStatText": null, "bowlerStatText": null, "smartStats": []}, {"_uid": 35052525, "id": 35052525, "inningNumber": 2, "ballsActual": null, "ballsUnique": null, "oversUnique": 15.04, "oversActual": 15.4, "overNumber": 16, "ballNumber": 4, "totalRuns": 0, "batsmanRuns": 0, "isFour": false, "isSix": false, "isWicket": true, "dismissalType": 1, "byes": 0, "legbyes": 0, "wides": 0, "noballs": 0, "penalties": 0, "wagonX": 120, "wagonY": 155, "wagonZone": 7, "pitchLine": "OUTSIDE_OFFSTUMP", "pitchLength": "SHORT_OF_A_GOOD_LENGTH", "shotType": "CUT_SHOT", "shotControl": 2, "timestamp": "2021-10-20T17:20:04.000Z", "modified": "2021-10-20T17:20:08.000Z", "batsmanPlayerId": 52628, "bowlerPlayerId": 78235, "outPlayerId": 52628, "totalInningRuns": 94, "totalInningWickets": 8, "predictions": {"score": 114, "winProbability": 0.12}, "title": "Lahiru Kumara to Balbirnie", "dismissalText": {"short": "caught", "long": "c Fernando b Kumara", "commentary": "Andy Balbirnie c Fernando b Kumara 41 (39b 2x4 2x6 73m) SR: 105.12"}, "commentPreTextItems": null, "commentTextItems": [{"type": "HTML", "html": "<B>sliced drive, and a stunning reflex take at backward point!</B> The final roadblock is gone, Balbirnie flung his hands through the full length, and Avishka reached high to his left, cupped in both hands"}], "commentPostTextItems": [{"type": "HTML", "html": "Deb: \"I had asked this question last evening but it was not published. Can any expert tell me that India being the official host of this T20 WC, does India have a say on the condition of the pitches in UAE (for example how much grass to be kept ).\" The ICC oversee pitch preparation for ICC events"}], "commentVideos": [], "commentImages": [], "events": [], "over": null, "batsmanStatText": null, "bowlerStatText": null, "smartStats": []}, {"_uid": 35052531, "id": 35052531, "inningNumber": 2, "ballsActual": null, "ballsUnique": null, "oversUnique": 15.05, "oversActual": 15.5, "overNumber": 16, "ballNumber": 5, "totalRuns": 1, "batsmanRuns": 0, "isFour": false, "isSix": false, "isWicket": false, "dismissalType": null, "byes": 0, "legbyes": 1, "wides": 0, "noballs": 0, "penalties": 0, "wagonX": 0, "wagonY": 0, "wagonZone": 0, "pitchLine": "ON_THE_STUMPS", "pitchLength": "GOOD_LENGTH", "shotType": "FLICK", "shotControl": 2, "timestamp": "2021-10-20T17:21:30.000Z", "modified": "2021-10-20T17:24:25.000Z", "batsmanPlayerId": 57785, "bowlerPlayerId": 78235, "outPlayerId": null, "totalInningRuns": 95, "totalInningWickets": 8, "predictions": {"score": 114, "winProbability": 0.1}, "title": "Lahiru Kumara to Young", "dismissalText": null, "commentPreTextItems": null, "commentTextItems": [{"type": "HTML", "html": "full length, thumped on the pads, deflected to the leg side"}], "commentPostTextItems": [{"type": "HTML", "html": "Asanka: \"Two 145 fast bowlers, world no.02 bowler ad also a promising yound mystery spinner. Suddenly this Sri Lankan team has build up a good bowling attack themselves.\" Indeed, indeed..."}], "commentVideos": [], "commentImages": [], "events": [], "over": null, "batsmanStatText": null, "bowlerStatText": null, "smartStats": []}, {"_uid": 35052533, "id": 35052533, "inningNumber": 2, "ballsActual": null, "ballsUnique": null, "oversUnique": 15.06, "oversActual": 15.6, "overNumber": 16, "ballNumber": 6, "totalRuns": 1, "batsmanRuns": 1, "isFour": false, "isSix": false, "isWicket": false, "dismissalType": null, "byes": 0, "legbyes": 0, "wides": 0, "noballs": 0, "penalties": 0, "wagonX": 47, "wagonY": 136, "wagonZone": 7, "pitchLine": "OUTSIDE_OFFSTUMP", "pitchLength": "FULL_TOSS", "shotType": "COVER_DRIVE", "shotControl": 1, "timestamp": "2021-10-20T17:22:12.000Z", "modified": "2021-10-20T17:23:13.000Z", "batsmanPlayerId": 91741, "bowlerPlayerId": 78235, "outPlayerId": null, "totalInningRuns": 96, "totalInningWickets": 8, "predictions": {"score": 115, "winProbability": 0.1}, "title": "Lahiru Kumara to Simi Singh", "dismissalText": null, "commentPreTextItems": null, "commentTextItems": [{"type": "HTML", "html": "low full toss, scuffed to deep point"}], "commentPostTextItems": [{"type": "HTML", "html": "Abhi: \"Looking forward for the Ireland vs Namibia knockout. If Namibia qualifies what a story that would be. Also, it would give a picture of how much progress Ireland has done in the last few years after becoming a full member of the ICC.\" Yes, plenty riding on that one. And on this showing, I fancy Namibia to have a real shot"}], "commentVideos": [], "commentImages": [], "events": [], "over": {"team": {"id": 29, "objectId": 29, "scribeId": 29, "slug": "ireland", "name": "Ireland", "longName": "Ireland", "abbreviation": "IRE", "unofficialName": "", "imageUrl": "/db/PICTURES/CMS/313100/313149.logo.png", "isCountry": true, "primaryColor": null, "image": {"id": 313149, "objectId": 1241608, "slug": "ireland-logo", "url": "/db/PICTURES/CMS/313100/313149.logo.png", "width": 500, "height": 500, "caption": "Ireland logo", "longCaption": "Ireland logo", "credit": null, "photographer": null, "peerUrls": null}, "country": {"id": 29, "objectId": 29, "name": "Ireland", "shortName": "Ireland", "abbreviation": "IRE", "slug": "ireland"}}, "inningNumber": 2, "overNumber": 16, "overRuns": 4, "overWickets": 2, "totalRuns": 96, "totalWickets": 8, "target": 172, "overLimit": 20, "ballLimit": 120, "isMaiden": false, "isComplete": true, "isSuperOver": false, "overEndBatsmen": [{"player": {"id": 91741, "objectId": 1005257, "name": "Simi Singh", "longName": "Simi Singh", "mobileName": "Simi Singh", "indexName": "Simi Singh", "battingName": "Simi Singh", "fieldingName": "Simi Singh", "slug": "simi-singh", "imageUrl": "/db/PICTURES/CMS/304000/304003.jpg", "headshotImageUrl": "/db/PICTURES/CMS/319800/319897.png", "dateOfBirth": {"year": 1987, "month": 2, "date": 4}, "dateOfDeath": null, "gender": "M", "battingStyles": ["rhb"], "bowlingStyles": ["ob", "lbg"], "longBattingStyles": ["right-hand bat"], "longBowlingStyles": ["right-arm offbreak", "legbreak googly"], "image": {"id": 304003, "objectId": 1222942, "slug": "simi-singh-portrait", "url": "/db/PICTURES/CMS/304000/304003.jpg", "width": 160, "height": 200, "caption": "Simi Singh portrait", "longCaption": "Simi Singh, May 2020", "credit": "Getty Images", "photographer": null, "peerUrls": null}, "countryTeamId": 29, "playerRoleTypeIds": [11], "playingRoles": ["bowling allrounder"], "headshotImage": {"id": 319897, "objectId": 1259975, "slug": "simi-singh-player-page-headshot-cutout-2021", "url": "/db/PICTURES/CMS/319800/319897.png", "width": 600, "height": 436, "caption": "Simi Singh player page headshot cutout, 2021", "longCaption": "Simi Singh player page headshot cutout, 2021", "credit": null, "photographer": null, "peerUrls": {"FILM": null, "WIDE": null, "SQUARE": "/db/PICTURES/CMS/319800/319897.square.png"}}}, "runs": 2, "balls": 2, "fours": 0, "sixes": 0}, {"player": {"id": 57785, "objectId": 364343, "name": "CA Young", "longName": "Craig Young", "mobileName": "Young", "indexName": "Young, CA", "battingName": "CA Young", "fieldingName": "Young", "slug": "craig-young", "imageUrl": "/db/PICTURES/CMS/367800/367864.4.jpg", "headshotImageUrl": "/db/PICTURES/CMS/367800/367859.png", "dateOfBirth": {"year": 1990, "month": 4, "date": 4}, "dateOfDeath": null, "gender": "M", "battingStyles": ["rhb"], "bowlingStyles": ["rfm"], "longBattingStyles": ["right-hand bat"], "longBowlingStyles": ["right-arm fast-medium"], "image": {"id": 367864, "objectId": 1400226, "slug": "craig-young-player-portrait", "url": "/db/PICTURES/CMS/367800/367864.4.jpg", "width": 160, "height": 227, "caption": "Craig Young, player portrait", "longCaption": "Craig Young, player portrait", "credit": "Getty Images", "photographer": null, "peerUrls": null}, "countryTeamId": 29, "playerRoleTypeIds": [4], "playingRoles": ["bowler"], "headshotImage": {"id": 367859, "objectId": 1400219, "slug": "craig-young-player-page-headshot-cutout-2023", "url": "/db/PICTURES/CMS/367800/367859.png", "width": 600, "height": 436, "caption": "Craig Young, player page headshot cutout 2023", "longCaption": "Craig Young, player page headshot cutout 2023", "credit": null, "photographer": null, "peerUrls": {"FILM": null, "WIDE": null, "SQUARE": "/db/PICTURES/CMS/367800/367859.square.png"}}}, "runs": 0, "balls": 1, "fours": 0, "sixes": 0}], "overEndBowlers": [{"player": {"id": 78235, "objectId": 784375, "name": "CBRLS Kumara", "longName": "Lahiru Kumara", "mobileName": "Lahiru Kumara", "indexName": "Kumara, CBRLS", "battingName": "CBRLS Kumara", "fieldingName": "Kumara", "slug": "lahiru-kumara", "imageUrl": "/db/PICTURES/CMS/303800/303837.png", "headshotImageUrl": "/db/PICTURES/CMS/322900/322942.png", "dateOfBirth": {"year": 1997, "month": 2, "date": 13}, "dateOfDeath": null, "gender": "M", "battingStyles": ["lhb"], "bowlingStyles": ["rf"], "longBattingStyles": ["left-hand bat"], "longBowlingStyles": ["right-arm fast"], "image": {"id": 303837, "objectId": 1222671, "slug": "lahiru-kumara-portrait", "url": "/db/PICTURES/CMS/303800/303837.png", "width": 160, "height": 202, "caption": "Lahiru Kumara portrait", "longCaption": "Lahiru Kumara, May 2020", "credit": "Getty Images", "photographer": null, "peerUrls": null}, "countryTeamId": 8, "playerRoleTypeIds": [4], "playingRoles": ["bowler"], "headshotImage": {"id": 322942, "objectId": 1266037, "slug": "lahiru-kumara-player-page-headshot-cutout-2021", "url": "/db/PICTURES/CMS/322900/322942.png", "width": 600, "height": 436, "caption": "Lahiru Kumara player page headshot cutout, 2021", "longCaption": "Lahiru Kumara player page headshot cutout, 2021", "credit": null, "photographer": null, "peerUrls": {"FILM": null, "WIDE": null, "SQUARE": "/db/PICTURES/CMS/322900/322942.square.png"}}}, "overs": 4, "balls": 24, "maidens": 0, "conceded": 22, "wickets": 2, "currentType": 1}, {"player": {"id": 101991, "objectId": 1138316, "name": "M Theekshana", "longName": "Maheesh Theekshana", "mobileName": "Theekshana", "indexName": "Theekshana, M", "battingName": "M Theekshana", "fieldingName": "Theekshana", "slug": "maheesh-theekshana", "imageUrl": "/db/PICTURES/CMS/336200/336296.4.jpg", "headshotImageUrl": "/db/PICTURES/CMS/347800/347825.png", "dateOfBirth": {"year": 2000, "month": 8, "date": 1}, "dateOfDeath": null, "gender": "M", "battingStyles": ["rhb"], "bowlingStyles": ["ob"], "longBattingStyles": ["right-hand bat"], "longBowlingStyles": ["right-arm offbreak"], "image": {"id": 336296, "objectId": 1306203, "slug": "mahesh-theekshana-player-portrait", "url": "/db/PICTURES/CMS/336200/336296.4.jpg", "width": 160, "height": 221, "caption": "Mahesh Theekshana, player portrait", "longCaption": "Mahesh Theekshana, player portrait", "credit": "Cricket Australia/Getty Images", "photographer": "Brendon Thorne", "peerUrls": null}, "countryTeamId": 8, "playerRoleTypeIds": [4], "playingRoles": ["bowler"], "headshotImage": {"id": 347825, "objectId": 1340657, "slug": "maheesh-theekshana-player-page-headshot-cutout-2022", "url": "/db/PICTURES/CMS/347800/347825.png", "width": 600, "height": 436, "caption": "Maheesh Theekshana, player page headshot cutout 2022", "longCaption": "Maheesh Theekshana, player page headshot cutout 2022", "credit": null, "photographer": null, "peerUrls": {"FILM": null, "WIDE": null, "SQUARE": "/db/PICTURES/CMS/347800/347825.square.png"}}}, "overs": 4, "balls": 24, "maidens": 0, "conceded": 17, "wickets": 3, "currentType": 2}], "rollover": null}, "batsmanStatText": null, "bowlerStatText": null, "smartStats": []}, {"_uid": 35052538, "id": 35052538, "inningNumber": 2, "ballsActual": null, "ballsUnique": null, "oversUnique": 16.01, "oversActual": 16.1, "overNumber": 17, "ballNumber": 1, "totalRuns": 1, "batsmanRuns": 1, "isFour": false, "isSix": false, "isWicket": false, "dismissalType": null, "byes": 0, "legbyes": 0, "wides": 0, "noballs": 0, "penalties": 0, "wagonX": 280, "wagonY": 229, "wagonZone": 3, "pitchLine": "ON_THE_STUMPS", "pitchLength": "GOOD_LENGTH", "shotType": "FLICK", "shotControl": 1, "timestamp": "2021-10-20T17:24:05.000Z", "modified": "2021-10-20T17:24:08.000Z", "batsmanPlayerId": 91741, "bowlerPlayerId": 78239, "outPlayerId": null, "totalInningRuns": 97, "totalInningWickets": 8, "predictions": {"score": 116, "winProbability": 0.07}, "title": "Hasaranga to Simi Singh", "dismissalText": null, "commentPreTextItems": null, "commentTextItems": [{"type": "HTML", "html": "flicked off the toes to the leg side"}], "commentPostTextItems": null, "commentVideos": [], "commentImages": [], "events": [], "over": null, "batsmanStatText": null, "bowlerStatText": null, "smartStats": []}, {"_uid": 35052540, "id": 35052540, "inningNumber": 2, "ballsActual": null, "ballsUnique": null, "oversUnique": 16.02, "oversActual": 16.2, "overNumber": 17, "ballNumber": 2, "totalRuns": 0, "batsmanRuns": 0, "isFour": false, "isSix": false, "isWicket": false, "dismissalType": null, "byes": 0, "legbyes": 0, "wides": 0, "noballs": 0, "penalties": 0, "wagonX": 0, "wagonY": 0, "wagonZone": 0, "pitchLine": "OUTSIDE_OFFSTUMP", "pitchLength": "GOOD_LENGTH", "shotType": "LEFT_ALONE", "shotControl": 2, "timestamp": "2021-10-20T17:24:36.000Z", "modified": "2021-10-20T17:24:39.000Z", "batsmanPlayerId": 57785, "bowlerPlayerId": 78239, "outPlayerId": null, "totalInningRuns": 97, "totalInningWickets": 8, "predictions": {"score": 115, "winProbability": 0.05}, "title": "Hasaranga to Young", "dismissalText": null, "commentPreTextItems": null, "commentTextItems": [{"type": "HTML", "html": "full length, can't connect on a hack to the leg side"}], "commentPostTextItems": null, "commentVideos": [], "commentImages": [], "events": [], "over": null, "batsmanStatText": null, "bowlerStatText": null, "smartStats": []}, {"_uid": 35052541, "id": 35052541, "inningNumber": 2, "ballsActual": null, "ballsUnique": null, "oversUnique": 16.03, "oversActual": 16.3, "overNumber": 17, "ballNumber": 3, "totalRuns": 0, "batsmanRuns": 0, "isFour": false, "isSix": false, "isWicket": false, "dismissalType": null, "byes": 0, "legbyes": 0, "wides": 0, "noballs": 0, "penalties": 0, "wagonX": 0, "wagonY": 0, "wagonZone": 0, "pitchLine": "OUTSIDE_OFFSTUMP", "pitchLength": "GOOD_LENGTH", "shotType": "SLOG_SHOT", "shotControl": 2, "timestamp": "2021-10-20T17:24:46.000Z", "modified": "2021-10-20T17:24:50.000Z", "batsmanPlayerId": 57785, "bowlerPlayerId": 78239, "outPlayerId": null, "totalInningRuns": 97, "totalInningWickets": 8, "predictions": {"score": 113, "winProbability": 0.03}, "title": "Hasaranga to Young", "dismissalText": null, "commentPreTextItems": null, "commentTextItems": [{"type": "HTML", "html": "tossed up outside off, a flashy slog sweep, misses, off come the bails again ... the umpire's having a look. No edge involved, and the toe is grounded this time"}], "commentPostTextItems": null, "commentVideos": [], "commentImages": [], "events": [], "over": null, "batsmanStatText": null, "bowlerStatText": null, "smartStats": []}, {"_uid": 35052542, "id": 35052542, "inningNumber": 2, "ballsActual": null, "ballsUnique": null, "oversUnique": 16.04, "oversActual": 16.4, "overNumber": 17, "ballNumber": 4, "totalRuns": 0, "batsmanRuns": 0, "isFour": false, "isSix": false, "isWicket": false, "dismissalType": null, "byes": 0, "legbyes": 0, "wides": 0, "noballs": 0, "penalties": 0, "wagonX": 146, "wagonY": 195, "wagonZone": 6, "pitchLine": "ON_THE_STUMPS", "pitchLength": "GOOD_LENGTH", "shotType": "COVER_DRIVE", "shotControl": 1, "timestamp": "2021-10-20T17:24:54.000Z", "modified": "2021-10-20T17:24:58.000Z", "batsmanPlayerId": 57785, "bowlerPlayerId": 78239, "outPlayerId": null, "totalInningRuns": 97, "totalInningWickets": 8, "predictions": {"score": 115, "winProbability": 0.02}, "title": "Hasaranga to Young", "dismissalText": null, "commentPreTextItems": null, "commentTextItems": [{"type": "HTML", "html": "slower through the air, gripping back into the right-hander, worked to point"}], "commentPostTextItems": null, "commentVideos": [], "commentImages": [], "events": [], "over": null, "batsmanStatText": null, "bowlerStatText": null, "smartStats": []}, {"_uid": 35052547, "id": 35052547, "inningNumber": 2, "ballsActual": null, "ballsUnique": null, "oversUnique": 16.05, "oversActual": 16.5, "overNumber": 17, "ballNumber": 5, "totalRuns": 1, "batsmanRuns": 1, "isFour": false, "isSix": false, "isWicket": false, "dismissalType": null, "byes": 0, "legbyes": 0, "wides": 0, "noballs": 0, "penalties": 0, "wagonX": 315, "wagonY": 260, "wagonZone": 3, "pitchLine": "ON_THE_STUMPS", "pitchLength": "GOOD_LENGTH", "shotType": "SLOG_SHOT", "shotControl": 1, "timestamp": "2021-10-20T17:25:23.000Z", "modified": "2021-10-20T17:25:25.000Z", "batsmanPlayerId": 57785, "bowlerPlayerId": 78239, "outPlayerId": null, "totalInningRuns": 98, "totalInningWickets": 8, "predictions": {"score": 116, "winProbability": 0.01}, "title": "Hasaranga to Young", "dismissalText": null, "commentPreTextItems": null, "commentTextItems": [{"type": "HTML", "html": "slapped from a full length, out to the leg side"}], "commentPostTextItems": null, "commentVideos": [], "commentImages": [], "events": [], "over": null, "batsmanStatText": null, "bowlerStatText": null, "smartStats": []}, {"_uid": 35052550, "id": 35052550, "inningNumber": 2, "ballsActual": null, "ballsUnique": null, "oversUnique": 16.06, "oversActual": 16.6, "overNumber": 17, "ballNumber": 6, "totalRuns": 0, "batsmanRuns": 0, "isFour": false, "isSix": false, "isWicket": false, "dismissalType": null, "byes": 0, "legbyes": 0, "wides": 0, "noballs": 0, "penalties": 0, "wagonX": 182, "wagonY": 195, "wagonZone": 4, "pitchLine": "ON_THE_STUMPS", "pitchLength": "GOOD_LENGTH", "shotType": "STRAIGHT_DRIVE", "shotControl": 1, "timestamp": "2021-10-20T17:25:51.000Z", "modified": "2021-10-20T17:25:54.000Z", "batsmanPlayerId": 91741, "bowlerPlayerId": 78239, "outPlayerId": null, "totalInningRuns": 98, "totalInningWickets": 8, "predictions": {"score": 116, "winProbability": 0.01}, "title": "Hasaranga to Simi Singh", "dismissalText": null, "commentPreTextItems": null, "commentTextItems": [{"type": "HTML", "html": "crunched back through the line, a sharp one-handed intercept to see off another tidy over, another tidy spell"}], "commentPostTextItems": null, "commentVideos": [], "commentImages": [], "events": [], "over": {"team": {"id": 29, "objectId": 29, "scribeId": 29, "slug": "ireland", "name": "Ireland", "longName": "Ireland", "abbreviation": "IRE", "unofficialName": "", "imageUrl": "/db/PICTURES/CMS/313100/313149.logo.png", "isCountry": true, "primaryColor": null, "image": {"id": 313149, "objectId": 1241608, "slug": "ireland-logo", "url": "/db/PICTURES/CMS/313100/313149.logo.png", "width": 500, "height": 500, "caption": "Ireland logo", "longCaption": "Ireland logo", "credit": null, "photographer": null, "peerUrls": null}, "country": {"id": 29, "objectId": 29, "name": "Ireland", "shortName": "Ireland", "abbreviation": "IRE", "slug": "ireland"}}, "inningNumber": 2, "overNumber": 17, "overRuns": 2, "overWickets": 0, "totalRuns": 98, "totalWickets": 8, "target": 172, "overLimit": 20, "ballLimit": 120, "isMaiden": false, "isComplete": true, "isSuperOver": false, "overEndBatsmen": [{"player": {"id": 91741, "objectId": 1005257, "name": "Simi Singh", "longName": "Simi Singh", "mobileName": "Simi Singh", "indexName": "Simi Singh", "battingName": "Simi Singh", "fieldingName": "Simi Singh", "slug": "simi-singh", "imageUrl": "/db/PICTURES/CMS/304000/304003.jpg", "headshotImageUrl": "/db/PICTURES/CMS/319800/319897.png", "dateOfBirth": {"year": 1987, "month": 2, "date": 4}, "dateOfDeath": null, "gender": "M", "battingStyles": ["rhb"], "bowlingStyles": ["ob", "lbg"], "longBattingStyles": ["right-hand bat"], "longBowlingStyles": ["right-arm offbreak", "legbreak googly"], "image": {"id": 304003, "objectId": 1222942, "slug": "simi-singh-portrait", "url": "/db/PICTURES/CMS/304000/304003.jpg", "width": 160, "height": 200, "caption": "Simi Singh portrait", "longCaption": "Simi Singh, May 2020", "credit": "Getty Images", "photographer": null, "peerUrls": null}, "countryTeamId": 29, "playerRoleTypeIds": [11], "playingRoles": ["bowling allrounder"], "headshotImage": {"id": 319897, "objectId": 1259975, "slug": "simi-singh-player-page-headshot-cutout-2021", "url": "/db/PICTURES/CMS/319800/319897.png", "width": 600, "height": 436, "caption": "Simi Singh player page headshot cutout, 2021", "longCaption": "Simi Singh player page headshot cutout, 2021", "credit": null, "photographer": null, "peerUrls": {"FILM": null, "WIDE": null, "SQUARE": "/db/PICTURES/CMS/319800/319897.square.png"}}}, "runs": 3, "balls": 4, "fours": 0, "sixes": 0}, {"player": {"id": 57785, "objectId": 364343, "name": "CA Young", "longName": "Craig Young", "mobileName": "Young", "indexName": "Young, CA", "battingName": "CA Young", "fieldingName": "Young", "slug": "craig-young", "imageUrl": "/db/PICTURES/CMS/367800/367864.4.jpg", "headshotImageUrl": "/db/PICTURES/CMS/367800/367859.png", "dateOfBirth": {"year": 1990, "month": 4, "date": 4}, "dateOfDeath": null, "gender": "M", "battingStyles": ["rhb"], "bowlingStyles": ["rfm"], "longBattingStyles": ["right-hand bat"], "longBowlingStyles": ["right-arm fast-medium"], "image": {"id": 367864, "objectId": 1400226, "slug": "craig-young-player-portrait", "url": "/db/PICTURES/CMS/367800/367864.4.jpg", "width": 160, "height": 227, "caption": "Craig Young, player portrait", "longCaption": "Craig Young, player portrait", "credit": "Getty Images", "photographer": null, "peerUrls": null}, "countryTeamId": 29, "playerRoleTypeIds": [4], "playingRoles": ["bowler"], "headshotImage": {"id": 367859, "objectId": 1400219, "slug": "craig-young-player-page-headshot-cutout-2023", "url": "/db/PICTURES/CMS/367800/367859.png", "width": 600, "height": 436, "caption": "Craig Young, player page headshot cutout 2023", "longCaption": "Craig Young, player page headshot cutout 2023", "credit": null, "photographer": null, "peerUrls": {"FILM": null, "WIDE": null, "SQUARE": "/db/PICTURES/CMS/367800/367859.square.png"}}}, "runs": 1, "balls": 5, "fours": 0, "sixes": 0}], "overEndBowlers": [{"player": {"id": 78239, "objectId": 784379, "name": "PW Hasaranga", "longName": "Wanindu Hasaranga", "mobileName": "Hasaranga", "indexName": "Hasaranga, PW", "battingName": "PW Hasaranga", "fieldingName": "Hasaranga", "slug": "wanindu-hasaranga", "imageUrl": "/db/PICTURES/CMS/294200/294296.jpg", "headshotImageUrl": "/db/PICTURES/CMS/322900/322946.png", "dateOfBirth": {"year": 1997, "month": 7, "date": 29}, "dateOfDeath": null, "gender": "M", "battingStyles": ["rhb"], "bowlingStyles": ["lb"], "longBattingStyles": ["right-hand bat"], "longBowlingStyles": ["legbreak"], "image": {"id": 294296, "objectId": 1199371, "slug": "wanindu-hasaranga", "url": "/db/PICTURES/CMS/294200/294296.jpg", "width": 160, "height": 210, "caption": "Wanindu Hasaranga", "longCaption": null, "credit": "Chaminda de Silva", "photographer": null, "peerUrls": null}, "countryTeamId": 8, "playerRoleTypeIds": [5], "playingRoles": ["allrounder"], "headshotImage": {"id": 322946, "objectId": 1266041, "slug": "wanindu-hasaranga-player-page-headshot-cutout-2021", "url": "/db/PICTURES/CMS/322900/322946.png", "width": 600, "height": 436, "caption": "Wanindu Hasaranga player page headshot cutout, 2021", "longCaption": "Wanindu Hasaranga player page headshot cutout, 2021", "credit": null, "photographer": null, "peerUrls": {"FILM": null, "WIDE": null, "SQUARE": "/db/PICTURES/CMS/322900/322946.square.png"}}}, "overs": 4, "balls": 24, "maidens": 0, "conceded": 12, "wickets": 1, "currentType": 1}, {"player": {"id": 78235, "objectId": 784375, "name": "CBRLS Kumara", "longName": "Lahiru Kumara", "mobileName": "Lahiru Kumara", "indexName": "Kumara, CBRLS", "battingName": "CBRLS Kumara", "fieldingName": "Kumara", "slug": "lahiru-kumara", "imageUrl": "/db/PICTURES/CMS/303800/303837.png", "headshotImageUrl": "/db/PICTURES/CMS/322900/322942.png", "dateOfBirth": {"year": 1997, "month": 2, "date": 13}, "dateOfDeath": null, "gender": "M", "battingStyles": ["lhb"], "bowlingStyles": ["rf"], "longBattingStyles": ["left-hand bat"], "longBowlingStyles": ["right-arm fast"], "image": {"id": 303837, "objectId": 1222671, "slug": "lahiru-kumara-portrait", "url": "/db/PICTURES/CMS/303800/303837.png", "width": 160, "height": 202, "caption": "Lahiru Kumara portrait", "longCaption": "Lahiru Kumara, May 2020", "credit": "Getty Images", "photographer": null, "peerUrls": null}, "countryTeamId": 8, "playerRoleTypeIds": [4], "playingRoles": ["bowler"], "headshotImage": {"id": 322942, "objectId": 1266037, "slug": "lahiru-kumara-player-page-headshot-cutout-2021", "url": "/db/PICTURES/CMS/322900/322942.png", "width": 600, "height": 436, "caption": "Lahiru Kumara player page headshot cutout, 2021", "longCaption": "Lahiru Kumara player page headshot cutout, 2021", "credit": null, "photographer": null, "peerUrls": {"FILM": null, "WIDE": null, "SQUARE": "/db/PICTURES/CMS/322900/322942.square.png"}}}, "overs": 4, "balls": 24, "maidens": 0, "conceded": 22, "wickets": 2, "currentType": 2}], "rollover": null}, "batsmanStatText": null, "bowlerStatText": null, "smartStats": []}]