[{"_uid": 35038088, "id": 35038088, "inningNumber": 1, "ballsActual": null, "ballsUnique": null, "oversUnique": 5.01, "oversActual": 5.1, "overNumber": 6, "ballNumber": 1, "totalRuns": 0, "batsmanRuns": 0, "isFour": false, "isSix": false, "isWicket": false, "dismissalType": null, "byes": 0, "legbyes": 0, "wides": 0, "noballs": 0, "penalties": 0, "wagonX": 0, "wagonY": 0, "wagonZone": 0, "pitchLine": "ON_THE_STUMPS", "pitchLength": "GOOD_LENGTH", "shotType": "SLOG_SHOT", "shotControl": 2, "timestamp": "2021-10-17T14:30:26.000Z", "modified": "2021-10-17T14:30:29.000Z", "batsmanPlayerId": 60303, "bowlerPlayerId": 54674, "outPlayerId": null, "totalInningRuns": 26, "totalInningWickets": 1, "predictions": {"score": 141, "winProbability": 28.35}, "title": "Mustafizur to Cross", "dismissalText": null, "commentPreTextItems": [{"type": "HTML", "html": "Mustafizur returns."}], "commentTextItems": [{"type": "HTML", "html": "back of a length, slanting away from off stump, and Cross misses the attempted swat through midwicket"}], "commentPostTextItems": null, "commentVideos": [], "commentImages": [], "events": [], "over": null, "batsmanStatText": null, "bowlerStatText": null, "smartStats": []}, {"_uid": 35038095, "id": 35038095, "inningNumber": 1, "ballsActual": null, "ballsUnique": null, "oversUnique": 5.02, "oversActual": 5.2, "overNumber": 6, "ballNumber": 2, "totalRuns": 4, "batsmanRuns": 4, "isFour": true, "isSix": false, "isWicket": false, "dismissalType": null, "byes": 0, "legbyes": 0, "wides": 0, "noballs": 0, "penalties": 0, "wagonX": 280, "wagonY": 32, "wagonZone": 1, "pitchLine": "WIDE_DOWN_LEG", "pitchLength": "SHORT_OF_A_GOOD_LENGTH", "shotType": "FLICK", "shotControl": 1, "timestamp": "2021-10-17T14:31:18.000Z", "modified": "2021-10-17T14:31:22.000Z", "batsmanPlayerId": 60303, "bowlerPlayerId": 54674, "outPlayerId": null, "totalInningRuns": 30, "totalInningWickets": 1, "predictions": {"score": 143, "winProbability": 30.21}, "title": "Mustafizur to Cross", "dismissalText": null, "commentPreTextItems": null, "commentTextItems": [{"type": "HTML", "html": "back of a length slower ball at the hip, and Cross does well to wait and hold his shape, and then he's able to whip it away and beat short fine leg to his left"}], "commentPostTextItems": null, "commentVideos": [], "commentImages": [], "events": [], "over": null, "batsmanStatText": null, "bowlerStatText": null, "smartStats": []}, {"_uid": 35038098, "id": 35038098, "inningNumber": 1, "ballsActual": null, "ballsUnique": null, "oversUnique": 5.03, "oversActual": 5.3, "overNumber": 6, "ballNumber": 3, "totalRuns": 0, "batsmanRuns": 0, "isFour": false, "isSix": false, "isWicket": false, "dismissalType": null, "byes": 0, "legbyes": 0, "wides": 0, "noballs": 0, "penalties": 0, "wagonX": 135, "wagonY": 239, "wagonZone": 5, "pitchLine": "ON_THE_STUMPS", "pitchLength": "FULL", "shotType": "ON_DRIVE", "shotControl": 1, "timestamp": "2021-10-17T14:32:25.000Z", "modified": "2021-10-17T14:33:24.000Z", "batsmanPlayerId": 60303, "bowlerPlayerId": 54674, "outPlayerId": null, "totalInningRuns": 30, "totalInningWickets": 1, "predictions": {"score": 145, "winProbability": 32.15}, "title": "Mustafizur to Cross", "dismissalText": null, "commentPreTextItems": null, "commentTextItems": [{"type": "HTML", "html": "length ball on off stump, driven crisply on the up and mid-off makes a good stop diving to his left. From there he throws and hits the stumps at the keeper's end, but the backtracking Cross is back in time. Afif Hossain the fielder"}], "commentPostTextItems": null, "commentVideos": [], "commentImages": [], "events": [], "over": null, "batsmanStatText": null, "bowlerStatText": null, "smartStats": []}, {"_uid": 35038102, "id": 35038102, "inningNumber": 1, "ballsActual": null, "ballsUnique": null, "oversUnique": 5.04, "oversActual": 5.4, "overNumber": 6, "ballNumber": 4, "totalRuns": 1, "batsmanRuns": 1, "isFour": false, "isSix": false, "isWicket": false, "dismissalType": null, "byes": 0, "legbyes": 0, "wides": 0, "noballs": 0, "penalties": 0, "wagonX": 327, "wagonY": 153, "wagonZone": 2, "pitchLine": "DOWN_LEG", "pitchLength": "SHORT_OF_A_GOOD_LENGTH", "shotType": "PULL", "shotControl": 1, "timestamp": "2021-10-17T14:33:11.000Z", "modified": "2021-10-17T14:33:15.000Z", "batsmanPlayerId": 60303, "bowlerPlayerId": 54674, "outPlayerId": null, "totalInningRuns": 31, "totalInningWickets": 1, "predictions": {"score": 144, "winProbability": 31.17}, "title": "Mustafizur to Cross", "dismissalText": null, "commentPreTextItems": [{"type": "HTML", "html": "Mukit: \"Wow Otis gibson has been hard at work with these BD pacers. They have gone up in speed fitness as well as accuracy. GOOD JOB! \""}], "commentTextItems": [{"type": "HTML", "html": "shortish on leg stump, swiped to deep square leg, one bounce to the fielder"}], "commentPostTextItems": null, "commentVideos": [], "commentImages": [], "events": [], "over": null, "batsmanStatText": null, "bowlerStatText": null, "smartStats": []}, {"_uid": 35038107, "id": 35038107, "inningNumber": 1, "ballsActual": null, "ballsUnique": null, "oversUnique": 5.05, "oversActual": 5.5, "overNumber": 6, "ballNumber": 5, "totalRuns": 1, "batsmanRuns": 0, "isFour": false, "isSix": false, "isWicket": false, "dismissalType": null, "byes": 0, "legbyes": 0, "wides": 1, "noballs": 0, "penalties": 0, "wagonX": 0, "wagonY": 0, "wagonZone": 0, "pitchLine": "WIDE_OUTSIDE_OFFSTUMP", "pitchLength": "SHORT", "shotType": "UPPER_CUT", "shotControl": null, "timestamp": "2021-10-17T14:33:52.000Z", "modified": "2021-10-17T14:33:55.000Z", "batsmanPlayerId": 72409, "bowlerPlayerId": 54674, "outPlayerId": null, "totalInningRuns": 32, "totalInningWickets": 1, "predictions": {"score": 145, "winProbability": 32.15}, "title": "Mustafizur to Munsey", "dismissalText": null, "commentPreTextItems": null, "commentTextItems": [{"type": "HTML", "html": "digs in a bouncer fairly wide outside off, and Munsey reaches out and misses the uppercut"}], "commentPostTextItems": null, "commentVideos": [], "commentImages": [], "events": [], "over": null, "batsmanStatText": null, "bowlerStatText": null, "smartStats": []}, {"_uid": 35038110, "id": 35038110, "inningNumber": 1, "ballsActual": null, "ballsUnique": null, "oversUnique": 5.06, "oversActual": 5.5, "overNumber": 6, "ballNumber": 6, "totalRuns": 6, "batsmanRuns": 6, "isFour": false, "isSix": true, "isWicket": false, "dismissalType": null, "byes": 0, "legbyes": 0, "wides": 0, "noballs": 0, "penalties": 0, "wagonX": 75, "wagonY": 339, "wagonZone": 5, "pitchLine": "OUTSIDE_OFFSTUMP", "pitchLength": "FULL", "shotType": "ON_DRIVE", "shotControl": 1, "timestamp": "2021-10-17T14:34:44.000Z", "modified": "2021-10-17T14:34:47.000Z", "batsmanPlayerId": 72409, "bowlerPlayerId": 54674, "outPlayerId": null, "totalInningRuns": 38, "totalInningWickets": 1, "predictions": {"score": 150, "winProbability": 37.25}, "title": "Mustafizur to Munsey", "dismissalText": null, "commentPreTextItems": null, "commentTextItems": [{"type": "HTML", "html": "shot! This is why he's so dangerous. Bangladesh have bowled well to him, but he gets one in the slot, angling into the stumps, and he quickly gets his front leg out of the way to create swinging room and shovels it high over the long-on boundary. Excellent work with the bottom hand"}], "commentPostTextItems": null, "commentVideos": [], "commentImages": [], "events": [], "over": null, "batsmanStatText": null, "bowlerStatText": null, "smartStats": []}, {"_uid": 35038112, "id": 35038112, "inningNumber": 1, "ballsActual": null, "ballsUnique": null, "oversUnique": 5.07, "oversActual": 5.6, "overNumber": 6, "ballNumber": 7, "totalRuns": 1, "batsmanRuns": 1, "isFour": false, "isSix": false, "isWicket": false, "dismissalType": null, "byes": 0, "legbyes": 0, "wides": 0, "noballs": 0, "penalties": 0, "wagonX": 93, "wagonY": 180, "wagonZone": 6, "pitchLine": "ON_THE_STUMPS", "pitchLength": "FULL", "shotType": "FLICK", "shotControl": 1, "timestamp": "2021-10-17T14:36:01.000Z", "modified": "2021-10-17T14:36:04.000Z", "batsmanPlayerId": 72409, "bowlerPlayerId": 54674, "outPlayerId": null, "totalInningRuns": 39, "totalInningWickets": 1, "predictions": {"score": 151, "winProbability": 38.3}, "title": "Mustafizur to Munsey", "dismissalText": null, "commentPreTextItems": null, "commentTextItems": [{"type": "HTML", "html": "slower ball, full and angling into middle and leg, clipped away towards deep square leg"}], "commentPostTextItems": [{"type": "HTML", "html": "Excellent powerplay. Bangladesh began it brilliantly, bowling fast and accurate and giving nothing away, but Munsey has just begun to find his bearings, and that's never a good sign for an opposition team."}], "commentVideos": [], "commentImages": [], "events": [], "over": {"team": {"id": 30, "objectId": 30, "scribeId": 30, "slug": "scotland", "name": "Scotland", "longName": "Scotland", "abbreviation": "SCOT", "unofficialName": "", "imageUrl": "/db/PICTURES/CMS/313100/313150.logo.png", "isCountry": true, "primaryColor": null, "image": {"id": 313150, "objectId": 1241609, "slug": "scotland-logo", "url": "/db/PICTURES/CMS/313100/313150.logo.png", "width": 500, "height": 500, "caption": "Scotland logo", "longCaption": "Scotland logo", "credit": null, "photographer": null, "peerUrls": null}, "country": {"id": 30, "objectId": 30, "name": "Scotland", "shortName": "Scotland", "abbreviation": "SCOT", "slug": "scotland"}}, "inningNumber": 1, "overNumber": 6, "overRuns": 13, "overWickets": 0, "totalRuns": 39, "totalWickets": 1, "target": 0, "overLimit": 20, "ballLimit": 120, "isMaiden": false, "isComplete": true, "isSuperOver": false, "overEndBatsmen": [{"player": {"id": 72409, "objectId": 671805, "name": "HG Munsey", "longName": "George Munsey", "mobileName": "Munsey", "indexName": "Munsey, HG", "battingName": "HG Munsey", "fieldingName": "Munsey", "slug": "george-munsey", "imageUrl": "/db/PICTURES/CMS/215100/215121.1.jpg", "headshotImageUrl": "/db/PICTURES/CMS/320300/320365.png", "dateOfBirth": {"year": 1993, "month": 2, "date": 21}, "dateOfDeath": null, "gender": "M", "battingStyles": ["lhb"], "bowlingStyles": ["rmf"], "longBattingStyles": ["left-hand bat"], "longBowlingStyles": ["right-arm medium-fast"], "image": {"id": 215121, "objectId": 885489, "slug": "george-munsey", "url": "/db/PICTURES/CMS/215100/215121.1.jpg", "width": 160, "height": 192, "caption": "George Munsey", "longCaption": "George Munsey", "credit": "Cricket Scotland", "photographer": null, "peerUrls": null}, "countryTeamId": 30, "playerRoleTypeIds": [1], "playingRoles": ["opening batter"], "headshotImage": {"id": 320365, "objectId": 1261159, "slug": "george-munsey-page-headshot-cutout-2021", "url": "/db/PICTURES/CMS/320300/320365.png", "width": 600, "height": 436, "caption": "George Munsey page headshot cutout, 2021", "longCaption": "George Munsey page headshot cutout, 2021", "credit": null, "photographer": null, "peerUrls": {"FILM": null, "WIDE": null, "SQUARE": "/db/PICTURES/CMS/320300/320365.square.png"}}}, "runs": 26, "balls": 18, "fours": 2, "sixes": 2}, {"player": {"id": 60303, "objectId": 417268, "name": "MH Cross", "longName": "Matthew Cross", "mobileName": "Cross", "indexName": "Cross, MH", "battingName": "MH Cross", "fieldingName": "Cross", "slug": "matthew-cross", "imageUrl": "/db/PICTURES/CMS/172800/172881.1.jpg", "headshotImageUrl": "/db/PICTURES/CMS/316600/316680.png", "dateOfBirth": {"year": 1992, "month": 10, "date": 15}, "dateOfDeath": null, "gender": "M", "battingStyles": ["rhb"], "bowlingStyles": [], "longBattingStyles": ["right-hand bat"], "longBowlingStyles": [], "image": {"id": 172881, "objectId": 694525, "slug": "matty-cross", "url": "/db/PICTURES/CMS/172800/172881.1.jpg", "width": 160, "height": 192, "caption": "Matty Cross", "longCaption": "Matty Cross", "credit": "International Cricket Council", "photographer": null, "peerUrls": null}, "countryTeamId": 30, "playerRoleTypeIds": [7], "playingRoles": ["wicketkeeper batter"], "headshotImage": {"id": 316680, "objectId": 1251313, "slug": "mh-cross-headshot", "url": "/db/PICTURES/CMS/316600/316680.png", "width": 600, "height": 436, "caption": "MH Cross headshot", "longCaption": "MH Cross headshot", "credit": null, "photographer": null, "peerUrls": {"FILM": null, "WIDE": null, "SQUARE": null}}}, "runs": 8, "balls": 12, "fours": 1, "sixes": 0}], "overEndBowlers": [{"player": {"id": 54674, "objectId": 330902, "name": "Mustafizur Rahman", "longName": "Mustafizur Rahman", "mobileName": "Mustafizur", "indexName": "Mustafizur Rahman", "battingName": "Mustafizur Rahman", "fieldingName": "Mustafizur Rahman", "slug": "mustafizur-rahman", "imageUrl": "/db/PICTURES/CMS/263500/263578.jpg", "headshotImageUrl": "/db/PICTURES/CMS/319700/319734.png", "dateOfBirth": {"year": 1995, "month": 9, "date": 6}, "dateOfDeath": null, "gender": "M", "battingStyles": ["lhb"], "bowlingStyles": ["lfm"], "longBattingStyles": ["left-hand bat"], "longBowlingStyles": ["left-arm fast-medium"], "image": {"id": 263578, "objectId": 1099647, "slug": "mustafizur-rahman", "url": "/db/PICTURES/CMS/263500/263578.jpg", "width": 160, "height": 200, "caption": "Mustafizur Rahman", "longCaption": null, "credit": "Getty Images", "photographer": null, "peerUrls": null}, "countryTeamId": 25, "playerRoleTypeIds": [4], "playingRoles": ["bowler"], "headshotImage": {"id": 319734, "objectId": 1259735, "slug": "mustafizur-rahman-player-page-headshot-cutout-2021", "url": "/db/PICTURES/CMS/319700/319734.png", "width": 600, "height": 436, "caption": "Mustafizur Rahman player page headshot cutout, 2021", "longCaption": "Mustafizur Rahman player page headshot cutout, 2021", "credit": null, "photographer": null, "peerUrls": {"FILM": null, "WIDE": null, "SQUARE": "/db/PICTURES/CMS/319700/319734.square.png"}}}, "overs": 2, "balls": 12, "maidens": 1, "conceded": 13, "wickets": 0, "currentType": 1}, {"player": {"id": 70884, "objectId": 629070, "name": "Mohammad Saifuddin", "longName": "Mohammad Saifuddin", "mobileName": "Saifuddin", "indexName": "Mohammad Saifuddin", "battingName": "Mohammad Saifuddin", "fieldingName": "Mohammad Saifuddin", "slug": "mohammad-saifuddin", "imageUrl": "/db/PICTURES/CMS/303200/303236.jpg", "headshotImageUrl": "/db/PICTURES/CMS/322800/322800.png", "dateOfBirth": {"year": 1996, "month": 11, "date": 1}, "dateOfDeath": null, "gender": "M", "battingStyles": ["lhb"], "bowlingStyles": ["rmf"], "longBattingStyles": ["left-hand bat"], "longBowlingStyles": ["right-arm medium-fast"], "image": {"id": 303236, "objectId": 1221730, "slug": "mohammad-saifuddin-portrait", "url": "/db/PICTURES/CMS/303200/303236.jpg", "width": 160, "height": 203, "caption": "Mohammad Saifuddin portrait", "longCaption": "Mohammad Saifuddin portrait, April 2020", "credit": "Getty Images", "photographer": null, "peerUrls": null}, "countryTeamId": 25, "playerRoleTypeIds": [11], "playingRoles": ["bowling allrounder"], "headshotImage": {"id": 322800, "objectId": 1265797, "slug": "mohammad-saifuddin-player-page-headshot-cutout-2021", "url": "/db/PICTURES/CMS/322800/322800.png", "width": 600, "height": 436, "caption": "Mohammad Saifuddin  player page headshot cutout, 2021", "longCaption": "Mohammad Saifuddin  player page headshot cutout, 2021", "credit": null, "photographer": null, "peerUrls": {"FILM": null, "WIDE": null, "SQUARE": "/db/PICTURES/CMS/322800/322800.square.png"}}}, "overs": 2, "balls": 12, "maidens": 0, "conceded": 11, "wickets": 1, "currentType": 2}], "rollover": null}, "batsmanStatText": null, "bowlerStatText": null, "smartStats": []}, {"_uid": 35038118, "id": 35038118, "inningNumber": 1, "ballsActual": null, "ballsUnique": null, "oversUnique": 6.01, "oversActual": 6.1, "overNumber": 7, "ballNumber": 1, "totalRuns": 1, "batsmanRuns": 1, "isFour": false, "isSix": false, "isWicket": false, "dismissalType": null, "byes": 0, "legbyes": 0, "wides": 0, "noballs": 0, "penalties": 0, "wagonX": 127, "wagonY": 270, "wagonZone": 5, "pitchLine": "OUTSIDE_OFFSTUMP", "pitchLength": "SHORT_OF_A_GOOD_LENGTH", "shotType": "ON_DRIVE", "shotControl": 1, "timestamp": "2021-10-17T14:37:30.000Z", "modified": "2021-10-17T14:37:33.000Z", "batsmanPlayerId": 72409, "bowlerPlayerId": 48277, "outPlayerId": null, "totalInningRuns": 40, "totalInningWickets": 1, "predictions": {"score": 151, "winProbability": 38.3}, "title": "Shakib to Munsey", "dismissalText": null, "commentPreTextItems": [{"type": "HTML", "html": "First sign of spin. Shakib Al Hasan. Left-arm over to Munsey."}], "commentTextItems": [{"type": "HTML", "html": "back of a length, spinning in towards off stump, lets it come and punches to long-on"}], "commentPostTextItems": null, "commentVideos": [], "commentImages": [], "events": [], "over": null, "batsmanStatText": null, "bowlerStatText": null, "smartStats": []}, {"_uid": 35038120, "id": 35038120, "inningNumber": 1, "ballsActual": null, "ballsUnique": null, "oversUnique": 6.02, "oversActual": 6.2, "overNumber": 7, "ballNumber": 2, "totalRuns": 2, "batsmanRuns": 2, "isFour": false, "isSix": false, "isWicket": false, "dismissalType": null, "byes": 0, "legbyes": 0, "wides": 0, "noballs": 0, "penalties": 0, "wagonX": 302, "wagonY": 122, "wagonZone": 2, "pitchLine": "WIDE_OUTSIDE_OFFSTUMP", "pitchLength": "GOOD_LENGTH", "shotType": "SWEEP_SHOT", "shotControl": 1, "timestamp": "2021-10-17T14:38:18.000Z", "modified": "2021-10-17T14:38:21.000Z", "batsmanPlayerId": 60303, "bowlerPlayerId": 48277, "outPlayerId": null, "totalInningRuns": 42, "totalInningWickets": 1, "predictions": {"score": 151, "winProbability": 38.3}, "title": "Shakib to Cross", "dismissalText": null, "commentPreTextItems": [{"type": "HTML", "html": "Around the wicket to Cross."}], "commentTextItems": [{"type": "HTML", "html": "tosses it up slow and wide of off. Reaches out to sweep to the left of deep backward square leg"}], "commentPostTextItems": null, "commentVideos": [], "commentImages": [], "events": [], "over": null, "batsmanStatText": null, "bowlerStatText": null, "smartStats": []}, {"_uid": 35038123, "id": 35038123, "inningNumber": 1, "ballsActual": null, "ballsUnique": null, "oversUnique": 6.03, "oversActual": 6.3, "overNumber": 7, "ballNumber": 3, "totalRuns": 0, "batsmanRuns": 0, "isFour": false, "isSix": false, "isWicket": false, "dismissalType": null, "byes": 0, "legbyes": 0, "wides": 0, "noballs": 0, "penalties": 0, "wagonX": 140, "wagonY": 205, "wagonZone": 5, "pitchLine": "ON_THE_STUMPS", "pitchLength": "FULL", "shotType": "ON_DRIVE", "shotControl": 1, "timestamp": "2021-10-17T14:39:19.000Z", "modified": "2021-10-17T14:39:22.000Z", "batsmanPlayerId": 60303, "bowlerPlayerId": 48277, "outPlayerId": null, "totalInningRuns": 42, "totalInningWickets": 1, "predictions": {"score": 151, "winProbability": 38.3}, "title": "Shakib to Cross", "dismissalText": null, "commentPreTextItems": null, "commentTextItems": [{"type": "HTML", "html": "slow again, this time drifting in towards middle and leg, pushes inside-out to short extra-cover"}], "commentPostTextItems": null, "commentVideos": [], "commentImages": [], "events": [], "over": null, "batsmanStatText": null, "bowlerStatText": null, "smartStats": []}, {"_uid": 35038125, "id": 35038125, "inningNumber": 1, "ballsActual": null, "ballsUnique": null, "oversUnique": 6.04, "oversActual": 6.4, "overNumber": 7, "ballNumber": 4, "totalRuns": 1, "batsmanRuns": 1, "isFour": false, "isSix": false, "isWicket": false, "dismissalType": null, "byes": 0, "legbyes": 0, "wides": 0, "noballs": 0, "penalties": 0, "wagonX": 301, "wagonY": 169, "wagonZone": 3, "pitchLine": "WIDE_OUTSIDE_OFFSTUMP", "pitchLength": "GOOD_LENGTH", "shotType": "SWEEP_SHOT", "shotControl": 1, "timestamp": "2021-10-17T14:39:37.000Z", "modified": "2021-10-17T14:39:41.000Z", "batsmanPlayerId": 60303, "bowlerPlayerId": 48277, "outPlayerId": null, "totalInningRuns": 43, "totalInningWickets": 1, "predictions": {"score": 151, "winProbability": 38.3}, "title": "Shakib to Cross", "dismissalText": null, "commentPreTextItems": null, "commentTextItems": [{"type": "HTML", "html": "looped up slow again, wide of off, drags a sweep out to deep midwicket"}], "commentPostTextItems": null, "commentVideos": [], "commentImages": [], "events": [], "over": null, "batsmanStatText": null, "bowlerStatText": null, "smartStats": []}, {"_uid": 35038127, "id": 35038127, "inningNumber": 1, "ballsActual": null, "ballsUnique": null, "oversUnique": 6.05, "oversActual": 6.5, "overNumber": 7, "ballNumber": 5, "totalRuns": 1, "batsmanRuns": 1, "isFour": false, "isSix": false, "isWicket": false, "dismissalType": null, "byes": 0, "legbyes": 0, "wides": 0, "noballs": 0, "penalties": 0, "wagonX": 109, "wagonY": 199, "wagonZone": 6, "pitchLine": "OUTSIDE_OFFSTUMP", "pitchLength": "GOOD_LENGTH", "shotType": "FLICK", "shotControl": 1, "timestamp": "2021-10-17T14:40:05.000Z", "modified": "2021-10-17T14:40:09.000Z", "batsmanPlayerId": 72409, "bowlerPlayerId": 48277, "outPlayerId": null, "totalInningRuns": 44, "totalInningWickets": 1, "predictions": {"score": 151, "winProbability": 38.3}, "title": "Shakib to Munsey", "dismissalText": null, "commentPreTextItems": [{"type": "HTML", "html": "Chance coming, chance coming, says Nurul."}], "commentTextItems": [{"type": "HTML", "html": "once again, Shakib shortens his length to the left-hander, bowling it into the pitch and turning into the stumps, lets it come and nudges it with the turn behind square"}], "commentPostTextItems": null, "commentVideos": [], "commentImages": [], "events": [], "over": null, "batsmanStatText": null, "bowlerStatText": null, "smartStats": []}, {"_uid": 35038129, "id": 35038129, "inningNumber": 1, "ballsActual": null, "ballsUnique": null, "oversUnique": 6.06, "oversActual": 6.6, "overNumber": 7, "ballNumber": 6, "totalRuns": 0, "batsmanRuns": 0, "isFour": false, "isSix": false, "isWicket": false, "dismissalType": null, "byes": 0, "legbyes": 0, "wides": 0, "noballs": 0, "penalties": 0, "wagonX": 174, "wagonY": 190, "wagonZone": 5, "pitchLine": "ON_THE_STUMPS", "pitchLength": "GOOD_LENGTH", "shotType": "STRAIGHT_DRIVE", "shotControl": 1, "timestamp": "2021-10-17T14:40:32.000Z", "modified": "2021-10-17T14:40:35.000Z", "batsmanPlayerId": 60303, "bowlerPlayerId": 48277, "outPlayerId": null, "totalInningRuns": 44, "totalInningWickets": 1, "predictions": {"score": 149, "winProbability": 36.2}, "title": "Shakib to Cross", "dismissalText": null, "commentPreTextItems": null, "commentTextItems": [{"type": "HTML", "html": "looks to make room and Shakib follows him with the arm ball. Ends up punching it back to the bowler while aiming through the covers"}], "commentPostTextItems": null, "commentVideos": [], "commentImages": [], "events": [], "over": {"team": {"id": 30, "objectId": 30, "scribeId": 30, "slug": "scotland", "name": "Scotland", "longName": "Scotland", "abbreviation": "SCOT", "unofficialName": "", "imageUrl": "/db/PICTURES/CMS/313100/313150.logo.png", "isCountry": true, "primaryColor": null, "image": {"id": 313150, "objectId": 1241609, "slug": "scotland-logo", "url": "/db/PICTURES/CMS/313100/313150.logo.png", "width": 500, "height": 500, "caption": "Scotland logo", "longCaption": "Scotland logo", "credit": null, "photographer": null, "peerUrls": null}, "country": {"id": 30, "objectId": 30, "name": "Scotland", "shortName": "Scotland", "abbreviation": "SCOT", "slug": "scotland"}}, "inningNumber": 1, "overNumber": 7, "overRuns": 5, "overWickets": 0, "totalRuns": 44, "totalWickets": 1, "target": 0, "overLimit": 20, "ballLimit": 120, "isMaiden": false, "isComplete": true, "isSuperOver": false, "overEndBatsmen": [{"player": {"id": 60303, "objectId": 417268, "name": "MH Cross", "longName": "Matthew Cross", "mobileName": "Cross", "indexName": "Cross, MH", "battingName": "MH Cross", "fieldingName": "Cross", "slug": "matthew-cross", "imageUrl": "/db/PICTURES/CMS/172800/172881.1.jpg", "headshotImageUrl": "/db/PICTURES/CMS/316600/316680.png", "dateOfBirth": {"year": 1992, "month": 10, "date": 15}, "dateOfDeath": null, "gender": "M", "battingStyles": ["rhb"], "bowlingStyles": [], "longBattingStyles": ["right-hand bat"], "longBowlingStyles": [], "image": {"id": 172881, "objectId": 694525, "slug": "matty-cross", "url": "/db/PICTURES/CMS/172800/172881.1.jpg", "width": 160, "height": 192, "caption": "Matty Cross", "longCaption": "Matty Cross", "credit": "International Cricket Council", "photographer": null, "peerUrls": null}, "countryTeamId": 30, "playerRoleTypeIds": [7], "playingRoles": ["wicketkeeper batter"], "headshotImage": {"id": 316680, "objectId": 1251313, "slug": "mh-cross-headshot", "url": "/db/PICTURES/CMS/316600/316680.png", "width": 600, "height": 436, "caption": "MH Cross headshot", "longCaption": "MH Cross headshot", "credit": null, "photographer": null, "peerUrls": {"FILM": null, "WIDE": null, "SQUARE": null}}}, "runs": 11, "balls": 16, "fours": 1, "sixes": 0}, {"player": {"id": 72409, "objectId": 671805, "name": "HG Munsey", "longName": "George Munsey", "mobileName": "Munsey", "indexName": "Munsey, HG", "battingName": "HG Munsey", "fieldingName": "Munsey", "slug": "george-munsey", "imageUrl": "/db/PICTURES/CMS/215100/215121.1.jpg", "headshotImageUrl": "/db/PICTURES/CMS/320300/320365.png", "dateOfBirth": {"year": 1993, "month": 2, "date": 21}, "dateOfDeath": null, "gender": "M", "battingStyles": ["lhb"], "bowlingStyles": ["rmf"], "longBattingStyles": ["left-hand bat"], "longBowlingStyles": ["right-arm medium-fast"], "image": {"id": 215121, "objectId": 885489, "slug": "george-munsey", "url": "/db/PICTURES/CMS/215100/215121.1.jpg", "width": 160, "height": 192, "caption": "George Munsey", "longCaption": "George Munsey", "credit": "Cricket Scotland", "photographer": null, "peerUrls": null}, "countryTeamId": 30, "playerRoleTypeIds": [1], "playingRoles": ["opening batter"], "headshotImage": {"id": 320365, "objectId": 1261159, "slug": "george-munsey-page-headshot-cutout-2021", "url": "/db/PICTURES/CMS/320300/320365.png", "width": 600, "height": 436, "caption": "George Munsey page headshot cutout, 2021", "longCaption": "George Munsey page headshot cutout, 2021", "credit": null, "photographer": null, "peerUrls": {"FILM": null, "WIDE": null, "SQUARE": "/db/PICTURES/CMS/320300/320365.square.png"}}}, "runs": 28, "balls": 20, "fours": 2, "sixes": 2}], "overEndBowlers": [{"player": {"id": 48277, "objectId": 56143, "name": "Shakib Al Hasan", "longName": "Shakib Al Hasan", "mobileName": "Shakib", "indexName": "Shakib Al Hasan", "battingName": "Shakib Al Hasan", "fieldingName": "Shakib Al Hasan", "slug": "shakib-al-hasan", "imageUrl": "/db/PICTURES/CMS/303100/303157.jpg", "headshotImageUrl": "/db/PICTURES/CMS/316500/316581.png", "dateOfBirth": {"year": 1987, "month": 3, "date": 24}, "dateOfDeath": null, "gender": "M", "battingStyles": ["lhb"], "bowlingStyles": ["sla"], "longBattingStyles": ["left-hand bat"], "longBowlingStyles": ["slow left-arm orthodox"], "image": {"id": 303157, "objectId": 1221590, "slug": "shakib-al-hasan-portrait", "url": "/db/PICTURES/CMS/303100/303157.jpg", "width": 160, "height": 202, "caption": "Shakib Al Hasan portrait", "longCaption": "Shakib Al Hasan portrait, April 2020", "credit": "Getty Images", "photographer": null, "peerUrls": null}, "countryTeamId": 25, "playerRoleTypeIds": [5], "playingRoles": ["allrounder"], "headshotImage": {"id": 316581, "objectId": 1251210, "slug": "shakib-al-hasan-headshot", "url": "/db/PICTURES/CMS/316500/316581.png", "width": 600, "height": 436, "caption": "Shakib Al Hasan headshot", "longCaption": "Shakib Al Hasan headshot", "credit": null, "photographer": null, "peerUrls": {"FILM": null, "WIDE": null, "SQUARE": null}}}, "overs": 1, "balls": 6, "maidens": 0, "conceded": 5, "wickets": 0, "currentType": 1}, {"player": {"id": 54674, "objectId": 330902, "name": "Mustafizur Rahman", "longName": "Mustafizur Rahman", "mobileName": "Mustafizur", "indexName": "Mustafizur Rahman", "battingName": "Mustafizur Rahman", "fieldingName": "Mustafizur Rahman", "slug": "mustafizur-rahman", "imageUrl": "/db/PICTURES/CMS/263500/263578.jpg", "headshotImageUrl": "/db/PICTURES/CMS/319700/319734.png", "dateOfBirth": {"year": 1995, "month": 9, "date": 6}, "dateOfDeath": null, "gender": "M", "battingStyles": ["lhb"], "bowlingStyles": ["lfm"], "longBattingStyles": ["left-hand bat"], "longBowlingStyles": ["left-arm fast-medium"], "image": {"id": 263578, "objectId": 1099647, "slug": "mustafizur-rahman", "url": "/db/PICTURES/CMS/263500/263578.jpg", "width": 160, "height": 200, "caption": "Mustafizur Rahman", "longCaption": null, "credit": "Getty Images", "photographer": null, "peerUrls": null}, "countryTeamId": 25, "playerRoleTypeIds": [4], "playingRoles": ["bowler"], "headshotImage": {"id": 319734, "objectId": 1259735, "slug": "mustafizur-rahman-player-page-headshot-cutout-2021", "url": "/db/PICTURES/CMS/319700/319734.png", "width": 600, "height": 436, "caption": "Mustafizur Rahman player page headshot cutout, 2021", "longCaption": "Mustafizur Rahman player page headshot cutout, 2021", "credit": null, "photographer": null, "peerUrls": {"FILM": null, "WIDE": null, "SQUARE": "/db/PICTURES/CMS/319700/319734.square.png"}}}, "overs": 2, "balls": 12, "maidens": 1, "conceded": 13, "wickets": 0, "currentType": 2}], "rollover": null}, "batsmanStatText": null, "bowlerStatText": null, "smartStats": []}]