[{"_uid": 35045314, "id": 35045314, "inningNumber": 2, "ballsActual": null, "ballsUnique": null, "oversUnique": 13.01, "oversActual": 13.1, "overNumber": 14, "ballNumber": 1, "totalRuns": 1, "batsmanRuns": 1, "isFour": false, "isSix": false, "isWicket": false, "dismissalType": null, "byes": 0, "legbyes": 0, "wides": 0, "noballs": 0, "penalties": 0, "wagonX": 209, "wagonY": 323, "wagonZone": 4, "pitchLine": "ON_THE_STUMPS", "pitchLength": "FULL", "shotType": "ON_DRIVE", "shotControl": 1, "timestamp": "2021-10-19T12:47:28.000Z", "modified": "2021-10-19T12:47:36.000Z", "batsmanPlayerId": 65887, "bowlerPlayerId": 81813, "outPlayerId": null, "totalInningRuns": 76, "totalInningWickets": 6, "predictions": {"score": 119, "winProbability": 1.39}, "title": "Greaves to Vanua", "dismissalText": null, "commentPreTextItems": null, "commentTextItems": [{"type": "HTML", "html": "driven down to long-on"}], "commentPostTextItems": null, "commentVideos": [], "commentImages": [], "events": [], "over": null, "batsmanStatText": null, "bowlerStatText": null, "smartStats": []}, {"_uid": 35045316, "id": 35045316, "inningNumber": 2, "ballsActual": null, "ballsUnique": null, "oversUnique": 13.02, "oversActual": 13.2, "overNumber": 14, "ballNumber": 2, "totalRuns": 1, "batsmanRuns": 1, "isFour": false, "isSix": false, "isWicket": false, "dismissalType": null, "byes": 0, "legbyes": 0, "wides": 0, "noballs": 0, "penalties": 0, "wagonX": 109, "wagonY": 303, "wagonZone": 5, "pitchLine": "OUTSIDE_OFFSTUMP", "pitchLength": "FULL_TOSS", "shotType": "ON_DRIVE", "shotControl": 1, "timestamp": "2021-10-19T12:47:52.000Z", "modified": "2021-10-19T12:47:55.000Z", "batsmanPlayerId": 71459, "bowlerPlayerId": 81813, "outPlayerId": null, "totalInningRuns": 77, "totalInningWickets": 6, "predictions": {"score": 119, "winProbability": 1.29}, "title": "Greaves to Doriga", "dismissalText": null, "commentPreTextItems": null, "commentTextItems": [{"type": "HTML", "html": "gives this one flight and it looks a juicy full toss, but he can't find the gap"}], "commentPostTextItems": null, "commentVideos": [], "commentImages": [], "events": [], "over": null, "batsmanStatText": null, "bowlerStatText": null, "smartStats": []}, {"_uid": 35045318, "id": 35045318, "inningNumber": 2, "ballsActual": null, "ballsUnique": null, "oversUnique": 13.03, "oversActual": 13.3, "overNumber": 14, "ballNumber": 3, "totalRuns": 4, "batsmanRuns": 4, "isFour": true, "isSix": false, "isWicket": false, "dismissalType": null, "byes": 0, "legbyes": 0, "wides": 0, "noballs": 0, "penalties": 0, "wagonX": 185, "wagonY": 362, "wagonZone": 4, "pitchLine": "ON_THE_STUMPS", "pitchLength": "FULL", "shotType": "STRAIGHT_DRIVE", "shotControl": 1, "timestamp": "2021-10-19T12:48:22.000Z", "modified": "2021-10-19T12:48:35.000Z", "batsmanPlayerId": 65887, "bowlerPlayerId": 81813, "outPlayerId": null, "totalInningRuns": 81, "totalInningWickets": 6, "predictions": {"score": 123, "winProbability": 1.61}, "title": "Greaves to Vanua", "dismissalText": null, "commentPreTextItems": null, "commentTextItems": [{"type": "HTML", "html": "in the slot, and for once, PNG find the ropes. Stood back, moved his front leg out of the way and slapped it over his head"}], "commentPostTextItems": null, "commentVideos": [], "commentImages": [], "events": [], "over": null, "batsmanStatText": null, "bowlerStatText": null, "smartStats": []}, {"_uid": 35045320, "id": 35045320, "inningNumber": 2, "ballsActual": null, "ballsUnique": null, "oversUnique": 13.04, "oversActual": 13.4, "overNumber": 14, "ballNumber": 4, "totalRuns": 4, "batsmanRuns": 4, "isFour": true, "isSix": false, "isWicket": false, "dismissalType": null, "byes": 0, "legbyes": 0, "wides": 0, "noballs": 0, "penalties": 0, "wagonX": 15, "wagonY": 268, "wagonZone": 6, "pitchLine": "WIDE_OUTSIDE_OFFSTUMP", "pitchLength": "FULL", "shotType": "COVER_DRIVE", "shotControl": 1, "timestamp": "2021-10-19T12:49:25.000Z", "modified": "2021-10-19T12:49:29.000Z", "batsmanPlayerId": 65887, "bowlerPlayerId": 81813, "outPlayerId": null, "totalInningRuns": 85, "totalInningWickets": 6, "predictions": {"score": 128, "winProbability": 2.05}, "title": "Greaves to Vanua", "dismissalText": null, "commentPreTextItems": null, "commentTextItems": [{"type": "HTML", "html": "slashed over cover, and a <strong>misfield means he finds another boundary</strong>. Alisdair Evans wasn't sure if it was carrying, so he went for it, only for the ball to bounce well in front and over the dive to trickle away for four"}], "commentPostTextItems": null, "commentVideos": [], "commentImages": [], "events": [], "over": null, "batsmanStatText": null, "bowlerStatText": null, "smartStats": []}, {"_uid": 35045321, "id": 35045321, "inningNumber": 2, "ballsActual": null, "ballsUnique": null, "oversUnique": 13.05, "oversActual": 13.5, "overNumber": 14, "ballNumber": 5, "totalRuns": 1, "batsmanRuns": 1, "isFour": false, "isSix": false, "isWicket": false, "dismissalType": null, "byes": 0, "legbyes": 0, "wides": 0, "noballs": 0, "penalties": 0, "wagonX": 194, "wagonY": 317, "wagonZone": 4, "pitchLine": "ON_THE_STUMPS", "pitchLength": "FULL", "shotType": "ON_DRIVE", "shotControl": 1, "timestamp": "2021-10-19T12:49:46.000Z", "modified": "2021-10-19T12:49:49.000Z", "batsmanPlayerId": 65887, "bowlerPlayerId": 81813, "outPlayerId": null, "totalInningRuns": 86, "totalInningWickets": 6, "predictions": {"score": 129, "winProbability": 1.92}, "title": "Greaves to Vanua", "dismissalText": null, "commentPreTextItems": null, "commentTextItems": [{"type": "HTML", "html": "worked down to long-on"}], "commentPostTextItems": null, "commentVideos": [], "commentImages": [], "events": [], "over": null, "batsmanStatText": null, "bowlerStatText": null, "smartStats": []}, {"_uid": 35045322, "id": 35045322, "inningNumber": 2, "ballsActual": null, "ballsUnique": null, "oversUnique": 13.06, "oversActual": 13.6, "overNumber": 14, "ballNumber": 6, "totalRuns": 0, "batsmanRuns": 0, "isFour": false, "isSix": false, "isWicket": false, "dismissalType": null, "byes": 0, "legbyes": 0, "wides": 0, "noballs": 0, "penalties": 0, "wagonX": 138, "wagonY": 141, "wagonZone": 7, "pitchLine": "ON_THE_STUMPS", "pitchLength": "GOOD_LENGTH", "shotType": "STEERED", "shotControl": 1, "timestamp": "2021-10-19T12:50:09.000Z", "modified": "2021-10-19T12:50:13.000Z", "batsmanPlayerId": 71459, "bowlerPlayerId": 81813, "outPlayerId": null, "totalInningRuns": 86, "totalInningWickets": 6, "predictions": {"score": 129, "winProbability": 2.01}, "title": "Greaves to Doriga", "dismissalText": null, "commentPreTextItems": null, "commentTextItems": [{"type": "HTML", "html": "slashed to backward point"}], "commentPostTextItems": null, "commentVideos": [], "commentImages": [], "events": [], "over": {"team": {"id": 20, "objectId": 20, "scribeId": 20, "slug": "papua-new-guinea", "name": "P.N.G.", "longName": "Papua New Guinea", "abbreviation": "PNG", "unofficialName": null, "imageUrl": "/db/PICTURES/CMS/346100/346147.png", "isCountry": true, "primaryColor": null, "image": {"id": 346147, "objectId": 1335335, "slug": "png-team-flag", "url": "/db/PICTURES/CMS/346100/346147.png", "width": 500, "height": 500, "caption": "PNG Team flag", "longCaption": "PNG Team flag", "credit": "Getty Images", "photographer": null, "peerUrls": null}, "country": {"id": 20, "objectId": 20, "name": "Papua New Guinea", "shortName": "P.N.G.", "abbreviation": "PNG", "slug": "papua-new-guinea"}}, "inningNumber": 2, "overNumber": 14, "overRuns": 11, "overWickets": 0, "totalRuns": 86, "totalWickets": 6, "target": 166, "overLimit": 20, "ballLimit": 120, "isMaiden": false, "isComplete": true, "isSuperOver": false, "overEndBatsmen": [{"player": {"id": 71459, "objectId": 646173, "name": "K Doriga", "longName": "Kiplin Doriga", "mobileName": "Doriga", "indexName": "Doriga, K", "battingName": "K Doriga", "fieldingName": "Doriga", "slug": "kiplin-doriga", "imageUrl": "/db/PICTURES/CMS/179800/179883.1.jpg", "headshotImageUrl": "/db/PICTURES/CMS/321100/321149.png", "dateOfBirth": {"year": 1995, "month": 10, "date": 18}, "dateOfDeath": null, "gender": "M", "battingStyles": ["rhb"], "bowlingStyles": [], "longBattingStyles": ["right-hand bat"], "longBowlingStyles": [], "image": {"id": 179883, "objectId": 721953, "slug": "kiplin-doriga", "url": "/db/PICTURES/CMS/179800/179883.1.jpg", "width": 160, "height": 192, "caption": "Kiplin Doriga", "longCaption": "Kiplin Doriga", "credit": "International Cricket Council", "photographer": null, "peerUrls": null}, "countryTeamId": 20, "playerRoleTypeIds": [7], "playingRoles": ["wicketkeeper batter"], "headshotImage": {"id": 321149, "objectId": 1262677, "slug": "kiplin-doriga-player-page-headshot-cutout-2021", "url": "/db/PICTURES/CMS/321100/321149.png", "width": 600, "height": 436, "caption": "Kiplin Doriga player page headshot cutout, 2021", "longCaption": "Kiplin Doriga player page headshot cutout, 2021", "credit": null, "photographer": null, "peerUrls": {"FILM": null, "WIDE": null, "SQUARE": "/db/PICTURES/CMS/321100/321149.square.png"}}}, "runs": 2, "balls": 3, "fours": 0, "sixes": 0}, {"player": {"id": 65887, "objectId": 524253, "name": "N Vanua", "longName": "Norman Vanua", "mobileName": "Vanua", "indexName": "Vanua, N", "battingName": "N Vanua", "fieldingName": "Vanua", "slug": "norman-vanua", "imageUrl": "/db/PICTURES/CMS/172800/172839.1.jpg", "headshotImageUrl": "/db/PICTURES/CMS/321100/321154.png", "dateOfBirth": {"year": 1993, "month": 12, "date": 2}, "dateOfDeath": null, "gender": "M", "battingStyles": ["rhb"], "bowlingStyles": ["rm"], "longBattingStyles": ["right-hand bat"], "longBowlingStyles": ["right-arm medium"], "image": {"id": 172839, "objectId": 694483, "slug": "norman-vanua", "url": "/db/PICTURES/CMS/172800/172839.1.jpg", "width": 160, "height": 192, "caption": "Norman Vanua", "longCaption": "Norman Vanua", "credit": "International Cricket Council", "photographer": null, "peerUrls": null}, "countryTeamId": 20, "playerRoleTypeIds": [4], "playingRoles": ["bowler"], "headshotImage": {"id": 321154, "objectId": 1262685, "slug": "norman-vanua-player-page-headshot-cutout-2021", "url": "/db/PICTURES/CMS/321100/321154.png", "width": 600, "height": 436, "caption": "Norman Vanua player page headshot cutout, 2021", "longCaption": "Norman Vanua player page headshot cutout, 2021", "credit": null, "photographer": null, "peerUrls": {"FILM": null, "WIDE": null, "SQUARE": "/db/PICTURES/CMS/321100/321154.square.png"}}}, "runs": 26, "balls": 25, "fours": 2, "sixes": 0}], "overEndBowlers": [{"player": {"id": 81813, "objectId": 873199, "name": "CN Greaves", "longName": "Chris Greaves", "mobileName": "Greaves", "indexName": "Greaves, CN", "battingName": "CN Greaves", "fieldingName": "Greaves", "slug": "chris-greaves", "imageUrl": "/db/PICTURES/CMS/286300/286357.1.jpg", "headshotImageUrl": "/db/PICTURES/CMS/329700/329745.png", "dateOfBirth": {"year": 1990, "month": 10, "date": 12}, "dateOfDeath": null, "gender": "M", "battingStyles": ["rhb"], "bowlingStyles": ["lb"], "longBattingStyles": ["right-hand bat"], "longBowlingStyles": ["legbreak"], "image": {"id": 286357, "objectId": 1176647, "slug": "chris-greaves-portrait", "url": "/db/PICTURES/CMS/286300/286357.1.jpg", "width": 160, "height": 200, "caption": "Chris Greaves portrait", "longCaption": "Chris Greaves portrait, February 2019", "credit": "Peter Della Penna", "photographer": null, "peerUrls": null}, "countryTeamId": 30, "playerRoleTypeIds": [4], "playingRoles": ["bowler"], "headshotImage": {"id": 329745, "objectId": 1286738, "slug": "chris-greaves-player-page-headshot-cutout-2021", "url": "/db/PICTURES/CMS/329700/329745.png", "width": 600, "height": 436, "caption": "Chris Greaves player page headshot cutout 2021", "longCaption": "Chris Greaves player page headshot cutout 2021", "credit": null, "photographer": null, "peerUrls": {"FILM": null, "WIDE": null, "SQUARE": "/db/PICTURES/CMS/329700/329745.square.png"}}}, "overs": 2, "balls": 12, "maidens": 0, "conceded": 15, "wickets": 1, "currentType": 1}, {"player": {"id": 71959, "objectId": 659081, "name": "MRJ Watt", "longName": "Mark Watt", "mobileName": "Watt", "indexName": "Watt, MRJ", "battingName": "MRJ Watt", "fieldingName": "Watt", "slug": "mark-watt", "imageUrl": "/db/PICTURES/CMS/179800/179841.1.jpg", "headshotImageUrl": "/db/PICTURES/CMS/320300/320372.png", "dateOfBirth": {"year": 1996, "month": 7, "date": 29}, "dateOfDeath": null, "gender": "M", "battingStyles": ["lhb"], "bowlingStyles": ["sla"], "longBattingStyles": ["left-hand bat"], "longBowlingStyles": ["slow left-arm orthodox"], "image": {"id": 179841, "objectId": 721897, "slug": "mark-watt", "url": "/db/PICTURES/CMS/179800/179841.1.jpg", "width": 160, "height": 192, "caption": "Mark Watt", "longCaption": "Mark Watt", "credit": "International Cricket Council", "photographer": null, "peerUrls": null}, "countryTeamId": 30, "playerRoleTypeIds": [4], "playingRoles": ["bowler"], "headshotImage": {"id": 320372, "objectId": 1261166, "slug": "mark-watt-page-headshot-cutout-2021", "url": "/db/PICTURES/CMS/320300/320372.png", "width": 600, "height": 436, "caption": "Mark Watt page headshot cutout, 2021", "longCaption": "Mark Watt page headshot cutout, 2021", "credit": null, "photographer": null, "peerUrls": {"FILM": null, "WIDE": null, "SQUARE": "/db/PICTURES/CMS/320300/320372.square.png"}}}, "overs": 3, "balls": 18, "maidens": 0, "conceded": 19, "wickets": 0, "currentType": 2}], "rollover": null}, "batsmanStatText": null, "bowlerStatText": null, "smartStats": []}, {"_uid": 35045327, "id": 35045327, "inningNumber": 2, "ballsActual": null, "ballsUnique": null, "oversUnique": 14.01, "oversActual": 14.1, "overNumber": 15, "ballNumber": 1, "totalRuns": 2, "batsmanRuns": 2, "isFour": false, "isSix": false, "isWicket": false, "dismissalType": null, "byes": 0, "legbyes": 0, "wides": 0, "noballs": 0, "penalties": 0, "wagonX": 66, "wagonY": 260, "wagonZone": 6, "pitchLine": "OUTSIDE_OFFSTUMP", "pitchLength": "GOOD_LENGTH", "shotType": "COVER_DRIVE", "shotControl": 1, "timestamp": "2021-10-19T12:52:04.000Z", "modified": "2021-10-19T12:52:08.000Z", "batsmanPlayerId": 65887, "bowlerPlayerId": 79841, "outPlayerId": null, "totalInningRuns": 88, "totalInningWickets": 6, "predictions": {"score": 130, "winProbability": 1.88}, "title": "Wheal to Vanua", "dismissalText": null, "commentPreTextItems": null, "commentTextItems": [{"type": "HTML", "html": "slightly uppish as he carved that into the offside. A misfield allows a second run, and Brad Wheal glowers at the man on the rope"}], "commentPostTextItems": null, "commentVideos": [], "commentImages": [], "events": [], "over": null, "batsmanStatText": null, "bowlerStatText": null, "smartStats": []}, {"_uid": 35045329, "id": 35045329, "inningNumber": 2, "ballsActual": null, "ballsUnique": null, "oversUnique": 14.02, "oversActual": 14.2, "overNumber": 15, "ballNumber": 2, "totalRuns": 6, "batsmanRuns": 6, "isFour": false, "isSix": true, "isWicket": false, "dismissalType": null, "byes": 0, "legbyes": 0, "wides": 0, "noballs": 0, "penalties": 0, "wagonX": 218, "wagonY": 354, "wagonZone": 4, "pitchLine": "OUTSIDE_OFFSTUMP", "pitchLength": "FULL", "shotType": "ON_DRIVE", "shotControl": 1, "timestamp": "2021-10-19T12:52:43.000Z", "modified": "2021-10-19T12:52:47.000Z", "batsmanPlayerId": 65887, "bowlerPlayerId": 79841, "outPlayerId": null, "totalInningRuns": 94, "totalInningWickets": 6, "predictions": {"score": 138, "winProbability": 3.43}, "title": "Wheal to Vanua", "dismissalText": null, "commentPreTextItems": null, "commentTextItems": [{"type": "HTML", "html": "<strong>to add to his frustration, Vanua now slaps him way wayyy over long-on for a big six</strong>. This was in the slot, asking for punishment, and Vanua, who's begun to find his range, was only to happy to oblige"}], "commentPostTextItems": null, "commentVideos": [], "commentImages": [], "events": [], "over": null, "batsmanStatText": null, "bowlerStatText": null, "smartStats": []}, {"_uid": 35045331, "id": 35045331, "inningNumber": 2, "ballsActual": null, "ballsUnique": null, "oversUnique": 14.03, "oversActual": 14.3, "overNumber": 15, "ballNumber": 3, "totalRuns": 2, "batsmanRuns": 2, "isFour": false, "isSix": false, "isWicket": false, "dismissalType": null, "byes": 0, "legbyes": 0, "wides": 0, "noballs": 0, "penalties": 0, "wagonX": 328, "wagonY": 120, "wagonZone": 2, "pitchLine": "OUTSIDE_OFFSTUMP", "pitchLength": "SHORT_OF_A_GOOD_LENGTH", "shotType": "PULL", "shotControl": 1, "timestamp": "2021-10-19T12:53:38.000Z", "modified": "2021-10-19T12:53:41.000Z", "batsmanPlayerId": 65887, "bowlerPlayerId": 79841, "outPlayerId": null, "totalInningRuns": 96, "totalInningWickets": 6, "predictions": {"score": 140, "winProbability": 3.65}, "title": "Wheal to Vanua", "dismissalText": null, "commentPreTextItems": null, "commentTextItems": [{"type": "HTML", "html": "rolled his fingers over that, but Vanue works it to fine leg and hares back for a couple"}], "commentPostTextItems": null, "commentVideos": [], "commentImages": [], "events": [], "over": null, "batsmanStatText": null, "bowlerStatText": null, "smartStats": []}, {"_uid": 35045333, "id": 35045333, "inningNumber": 2, "ballsActual": null, "ballsUnique": null, "oversUnique": 14.04, "oversActual": 14.4, "overNumber": 15, "ballNumber": 4, "totalRuns": 6, "batsmanRuns": 6, "isFour": false, "isSix": true, "isWicket": false, "dismissalType": null, "byes": 0, "legbyes": 0, "wides": 0, "noballs": 0, "penalties": 0, "wagonX": 361, "wagonY": 219, "wagonZone": 3, "pitchLine": "OUTSIDE_OFFSTUMP", "pitchLength": "SHORT_OF_A_GOOD_LENGTH", "shotType": "PULL", "shotControl": 1, "timestamp": "2021-10-19T12:54:13.000Z", "modified": "2021-10-19T12:54:17.000Z", "batsmanPlayerId": 65887, "bowlerPlayerId": 79841, "outPlayerId": null, "totalInningRuns": 102, "totalInningWickets": 6, "predictions": {"score": 147, "winProbability": 6.58}, "title": "Wheal to Vanua", "dismissalText": null, "commentPreTextItems": null, "commentTextItems": [{"type": "HTML", "html": "<strong>oh dear, Vanua's taken a liking to Wheal in this over. Rocked back and flat-batted it - timed ever so sweetly - all the way for a six over midwicket</strong>. Sensational hitting"}], "commentPostTextItems": null, "commentVideos": [], "commentImages": [], "events": [], "over": null, "batsmanStatText": null, "bowlerStatText": null, "smartStats": []}, {"_uid": 35045335, "id": 35045335, "inningNumber": 2, "ballsActual": null, "ballsUnique": null, "oversUnique": 14.05, "oversActual": 14.5, "overNumber": 15, "ballNumber": 5, "totalRuns": 1, "batsmanRuns": 1, "isFour": false, "isSix": false, "isWicket": false, "dismissalType": null, "byes": 0, "legbyes": 0, "wides": 0, "noballs": 0, "penalties": 0, "wagonX": 112, "wagonY": 161, "wagonZone": 7, "pitchLine": "OUTSIDE_OFFSTUMP", "pitchLength": "FULL", "shotType": "SQUARE_DRIVE", "shotControl": 1, "timestamp": "2021-10-19T12:54:47.000Z", "modified": "2021-10-19T12:54:51.000Z", "batsmanPlayerId": 65887, "bowlerPlayerId": 79841, "outPlayerId": null, "totalInningRuns": 103, "totalInningWickets": 6, "predictions": {"score": 148, "winProbability": 6.45}, "title": "Wheal to Vanua", "dismissalText": null, "commentPreTextItems": null, "commentTextItems": [{"type": "HTML", "html": "gets off strike after doing all that damage"}], "commentPostTextItems": null, "commentVideos": [], "commentImages": [], "events": [], "over": null, "batsmanStatText": null, "bowlerStatText": null, "smartStats": []}, {"_uid": 35045337, "id": 35045337, "inningNumber": 2, "ballsActual": null, "ballsUnique": null, "oversUnique": 14.06, "oversActual": 14.6, "overNumber": 15, "ballNumber": 6, "totalRuns": 1, "batsmanRuns": 1, "isFour": false, "isSix": false, "isWicket": false, "dismissalType": null, "byes": 0, "legbyes": 0, "wides": 0, "noballs": 0, "penalties": 0, "wagonX": 215, "wagonY": 321, "wagonZone": 4, "pitchLine": "ON_THE_STUMPS", "pitchLength": "FULL", "shotType": "ON_DRIVE", "shotControl": 1, "timestamp": "2021-10-19T12:55:21.000Z", "modified": "2021-10-19T12:55:24.000Z", "batsmanPlayerId": 71459, "bowlerPlayerId": 79841, "outPlayerId": null, "totalInningRuns": 104, "totalInningWickets": 6, "predictions": {"score": 148, "winProbability": 6.86}, "title": "Wheal to Doriga", "dismissalText": null, "commentPreTextItems": null, "commentTextItems": [{"type": "HTML", "html": "thumped it to long-on to keep the strike. 18 off that Wheal over, and PNG are just about breathing in this contest still"}], "commentPostTextItems": null, "commentVideos": [], "commentImages": [], "events": [], "over": {"team": {"id": 20, "objectId": 20, "scribeId": 20, "slug": "papua-new-guinea", "name": "P.N.G.", "longName": "Papua New Guinea", "abbreviation": "PNG", "unofficialName": null, "imageUrl": "/db/PICTURES/CMS/346100/346147.png", "isCountry": true, "primaryColor": null, "image": {"id": 346147, "objectId": 1335335, "slug": "png-team-flag", "url": "/db/PICTURES/CMS/346100/346147.png", "width": 500, "height": 500, "caption": "PNG Team flag", "longCaption": "PNG Team flag", "credit": "Getty Images", "photographer": null, "peerUrls": null}, "country": {"id": 20, "objectId": 20, "name": "Papua New Guinea", "shortName": "P.N.G.", "abbreviation": "PNG", "slug": "papua-new-guinea"}}, "inningNumber": 2, "overNumber": 15, "overRuns": 18, "overWickets": 0, "totalRuns": 104, "totalWickets": 6, "target": 166, "overLimit": 20, "ballLimit": 120, "isMaiden": false, "isComplete": true, "isSuperOver": false, "overEndBatsmen": [{"player": {"id": 71459, "objectId": 646173, "name": "K Doriga", "longName": "Kiplin Doriga", "mobileName": "Doriga", "indexName": "Doriga, K", "battingName": "K Doriga", "fieldingName": "Doriga", "slug": "kiplin-doriga", "imageUrl": "/db/PICTURES/CMS/179800/179883.1.jpg", "headshotImageUrl": "/db/PICTURES/CMS/321100/321149.png", "dateOfBirth": {"year": 1995, "month": 10, "date": 18}, "dateOfDeath": null, "gender": "M", "battingStyles": ["rhb"], "bowlingStyles": [], "longBattingStyles": ["right-hand bat"], "longBowlingStyles": [], "image": {"id": 179883, "objectId": 721953, "slug": "kiplin-doriga", "url": "/db/PICTURES/CMS/179800/179883.1.jpg", "width": 160, "height": 192, "caption": "Kiplin Doriga", "longCaption": "Kiplin Doriga", "credit": "International Cricket Council", "photographer": null, "peerUrls": null}, "countryTeamId": 20, "playerRoleTypeIds": [7], "playingRoles": ["wicketkeeper batter"], "headshotImage": {"id": 321149, "objectId": 1262677, "slug": "kiplin-doriga-player-page-headshot-cutout-2021", "url": "/db/PICTURES/CMS/321100/321149.png", "width": 600, "height": 436, "caption": "Kiplin Doriga player page headshot cutout, 2021", "longCaption": "Kiplin Doriga player page headshot cutout, 2021", "credit": null, "photographer": null, "peerUrls": {"FILM": null, "WIDE": null, "SQUARE": "/db/PICTURES/CMS/321100/321149.square.png"}}}, "runs": 3, "balls": 4, "fours": 0, "sixes": 0}, {"player": {"id": 65887, "objectId": 524253, "name": "N Vanua", "longName": "Norman Vanua", "mobileName": "Vanua", "indexName": "Vanua, N", "battingName": "N Vanua", "fieldingName": "Vanua", "slug": "norman-vanua", "imageUrl": "/db/PICTURES/CMS/172800/172839.1.jpg", "headshotImageUrl": "/db/PICTURES/CMS/321100/321154.png", "dateOfBirth": {"year": 1993, "month": 12, "date": 2}, "dateOfDeath": null, "gender": "M", "battingStyles": ["rhb"], "bowlingStyles": ["rm"], "longBattingStyles": ["right-hand bat"], "longBowlingStyles": ["right-arm medium"], "image": {"id": 172839, "objectId": 694483, "slug": "norman-vanua", "url": "/db/PICTURES/CMS/172800/172839.1.jpg", "width": 160, "height": 192, "caption": "Norman Vanua", "longCaption": "Norman Vanua", "credit": "International Cricket Council", "photographer": null, "peerUrls": null}, "countryTeamId": 20, "playerRoleTypeIds": [4], "playingRoles": ["bowler"], "headshotImage": {"id": 321154, "objectId": 1262685, "slug": "norman-vanua-player-page-headshot-cutout-2021", "url": "/db/PICTURES/CMS/321100/321154.png", "width": 600, "height": 436, "caption": "Norman Vanua player page headshot cutout, 2021", "longCaption": "Norman Vanua player page headshot cutout, 2021", "credit": null, "photographer": null, "peerUrls": {"FILM": null, "WIDE": null, "SQUARE": "/db/PICTURES/CMS/321100/321154.square.png"}}}, "runs": 43, "balls": 30, "fours": 2, "sixes": 2}], "overEndBowlers": [{"player": {"id": 79841, "objectId": 807535, "name": "BTJ Wheal", "longName": "Brad Wheal", "mobileName": "Wheal", "indexName": "Wheal, BTJ", "battingName": "BTJ Wheal", "fieldingName": "Wheal", "slug": "brad-wheal", "imageUrl": "/db/PICTURES/CMS/322400/322436.png", "headshotImageUrl": "/db/PICTURES/CMS/322400/322436.png", "dateOfBirth": {"year": 1996, "month": 8, "date": 28}, "dateOfDeath": null, "gender": "M", "battingStyles": ["rhb"], "bowlingStyles": ["rfm"], "longBattingStyles": ["right-hand bat"], "longBowlingStyles": ["right-arm fast-medium"], "image": {"id": 322436, "objectId": 1265117, "slug": "bradley-wheal-player-page-headshot-cutout-2021", "url": "/db/PICTURES/CMS/322400/322436.png", "width": 600, "height": 436, "caption": "Bradley Wheal player page headshot cutout, 2021", "longCaption": "Bradley Wheal player page headshot cutout, 2021", "credit": null, "photographer": null, "peerUrls": null}, "countryTeamId": 30, "playerRoleTypeIds": [4], "playingRoles": ["bowler"], "headshotImage": {"id": 322436, "objectId": 1265117, "slug": "bradley-wheal-player-page-headshot-cutout-2021", "url": "/db/PICTURES/CMS/322400/322436.png", "width": 600, "height": 436, "caption": "Bradley Wheal player page headshot cutout, 2021", "longCaption": "Bradley Wheal player page headshot cutout, 2021", "credit": null, "photographer": null, "peerUrls": {"FILM": null, "WIDE": null, "SQUARE": "/db/PICTURES/CMS/322400/322436.square.png"}}}, "overs": 3, "balls": 18, "maidens": 0, "conceded": 27, "wickets": 1, "currentType": 1}, {"player": {"id": 81813, "objectId": 873199, "name": "CN Greaves", "longName": "Chris Greaves", "mobileName": "Greaves", "indexName": "Greaves, CN", "battingName": "CN Greaves", "fieldingName": "Greaves", "slug": "chris-greaves", "imageUrl": "/db/PICTURES/CMS/286300/286357.1.jpg", "headshotImageUrl": "/db/PICTURES/CMS/329700/329745.png", "dateOfBirth": {"year": 1990, "month": 10, "date": 12}, "dateOfDeath": null, "gender": "M", "battingStyles": ["rhb"], "bowlingStyles": ["lb"], "longBattingStyles": ["right-hand bat"], "longBowlingStyles": ["legbreak"], "image": {"id": 286357, "objectId": 1176647, "slug": "chris-greaves-portrait", "url": "/db/PICTURES/CMS/286300/286357.1.jpg", "width": 160, "height": 200, "caption": "Chris Greaves portrait", "longCaption": "Chris Greaves portrait, February 2019", "credit": "Peter Della Penna", "photographer": null, "peerUrls": null}, "countryTeamId": 30, "playerRoleTypeIds": [4], "playingRoles": ["bowler"], "headshotImage": {"id": 329745, "objectId": 1286738, "slug": "chris-greaves-player-page-headshot-cutout-2021", "url": "/db/PICTURES/CMS/329700/329745.png", "width": 600, "height": 436, "caption": "Chris Greaves player page headshot cutout 2021", "longCaption": "Chris Greaves player page headshot cutout 2021", "credit": null, "photographer": null, "peerUrls": {"FILM": null, "WIDE": null, "SQUARE": "/db/PICTURES/CMS/329700/329745.square.png"}}}, "overs": 2, "balls": 12, "maidens": 0, "conceded": 15, "wickets": 1, "currentType": 2}], "rollover": null}, "batsmanStatText": null, "bowlerStatText": null, "smartStats": []}]