[{"_uid": 35049613, "id": 35049613, "inningNumber": 1, "ballsActual": null, "ballsUnique": null, "oversUnique": 3.01, "oversActual": 3.1, "overNumber": 4, "ballNumber": 1, "totalRuns": 0, "batsmanRuns": 0, "isFour": false, "isSix": false, "isWicket": false, "dismissalType": null, "byes": 0, "legbyes": 0, "wides": 0, "noballs": 0, "penalties": 0, "wagonX": 0, "wagonY": 0, "wagonZone": 0, "pitchLine": "OUTSIDE_OFFSTUMP", "pitchLength": "GOOD_LENGTH", "shotType": "DEFENDED", "shotControl": 2, "timestamp": "2021-10-20T10:14:06.000Z", "modified": "2021-10-20T10:14:09.000Z", "batsmanPlayerId": 49218, "bowlerPlayerId": 63683, "outPlayerId": null, "totalInningRuns": 24, "totalInningWickets": 0, "predictions": {"score": 151, "winProbability": 39}, "title": "Frylinck to Myburgh", "dismissalText": null, "commentPreTextItems": [{"type": "HTML", "html": "Jan Frylinck into the attack, fourth bowler in four overs for Namibia as captain Erasmus does his best to keep the Dutch off balance. Left arm over the wicket."}], "commentTextItems": [{"type": "HTML", "html": "good length ball at 124 kph on off, defended."}], "commentPostTextItems": null, "commentVideos": [], "commentImages": [], "events": [], "over": null, "batsmanStatText": null, "bowlerStatText": null, "smartStats": []}, {"_uid": 35049617, "id": 35049617, "inningNumber": 1, "ballsActual": null, "ballsUnique": null, "oversUnique": 3.02, "oversActual": 3.2, "overNumber": 4, "ballNumber": 2, "totalRuns": 0, "batsmanRuns": 0, "isFour": false, "isSix": false, "isWicket": false, "dismissalType": null, "byes": 0, "legbyes": 0, "wides": 0, "noballs": 0, "penalties": 0, "wagonX": 228, "wagonY": 201, "wagonZone": 3, "pitchLine": "OUTSIDE_OFFSTUMP", "pitchLength": "SHORT_OF_A_GOOD_LENGTH", "shotType": "COVER_DRIVE", "shotControl": 1, "timestamp": "2021-10-20T10:14:31.000Z", "modified": "2021-10-20T10:14:34.000Z", "batsmanPlayerId": 49218, "bowlerPlayerId": 63683, "outPlayerId": null, "totalInningRuns": 24, "totalInningWickets": 0, "predictions": {"score": 150, "winProbability": 37.94}, "title": "Frylinck to Myburgh", "dismissalText": null, "commentPreTextItems": null, "commentTextItems": [{"type": "HTML", "html": "good length ball on fourth stump, defended to extra cover."}], "commentPostTextItems": null, "commentVideos": [], "commentImages": [], "events": [], "over": null, "batsmanStatText": null, "bowlerStatText": null, "smartStats": []}, {"_uid": 35049621, "id": 35049621, "inningNumber": 1, "ballsActual": null, "ballsUnique": null, "oversUnique": 3.03, "oversActual": 3.3, "overNumber": 4, "ballNumber": 3, "totalRuns": 0, "batsmanRuns": 0, "isFour": false, "isSix": false, "isWicket": false, "dismissalType": null, "byes": 0, "legbyes": 0, "wides": 0, "noballs": 0, "penalties": 0, "wagonX": 0, "wagonY": 0, "wagonZone": 0, "pitchLine": "ON_THE_STUMPS", "pitchLength": "GOOD_LENGTH", "shotType": "FLICK", "shotControl": 2, "timestamp": "2021-10-20T10:14:54.000Z", "modified": "2021-10-20T10:14:57.000Z", "batsmanPlayerId": 49218, "bowlerPlayerId": 63683, "outPlayerId": null, "totalInningRuns": 24, "totalInningWickets": 0, "predictions": {"score": 148, "winProbability": 35.85}, "title": "Frylinck to Myburgh", "dismissalText": null, "commentPreTextItems": null, "commentTextItems": [{"type": "HTML", "html": "back of a length on the legs, Myburgh is late on the pull."}], "commentPostTextItems": null, "commentVideos": [], "commentImages": [], "events": [], "over": null, "batsmanStatText": null, "bowlerStatText": null, "smartStats": []}, {"_uid": 35049630, "id": 35049630, "inningNumber": 1, "ballsActual": null, "ballsUnique": null, "oversUnique": 3.04, "oversActual": 3.4, "overNumber": 4, "ballNumber": 4, "totalRuns": 2, "batsmanRuns": 2, "isFour": false, "isSix": false, "isWicket": false, "dismissalType": null, "byes": 0, "legbyes": 0, "wides": 0, "noballs": 0, "penalties": 0, "wagonX": 72, "wagonY": 224, "wagonZone": 6, "pitchLine": "OUTSIDE_OFFSTUMP", "pitchLength": "SHORT_OF_A_GOOD_LENGTH", "shotType": "PULL", "shotControl": 2, "timestamp": "2021-10-20T10:16:11.000Z", "modified": "2021-10-20T10:16:15.000Z", "batsmanPlayerId": 49218, "bowlerPlayerId": 63683, "outPlayerId": null, "totalInningRuns": 26, "totalInningWickets": 0, "predictions": {"score": 149, "winProbability": 36.89}, "title": "Frylinck to Myburgh", "dismissalText": null, "commentPreTextItems": null, "commentTextItems": [{"type": "HTML", "html": "<b>dropped!</b> Back of a length ball on the stumps, tries to pull this over the leg side ring and Wiese backpedals before reaching up and gets two hands to it, fingertips really, but can't clutch on at midwicket. Very difficult chance because of the height it came in and Wiese is a tall man. 8/10 on difficulty, but he mistimed his bunny hop or else he might have got the full hand and palm around it."}], "commentPostTextItems": null, "commentVideos": [], "commentImages": [], "events": [], "over": null, "batsmanStatText": null, "bowlerStatText": null, "smartStats": []}, {"_uid": 35049643, "id": 35049643, "inningNumber": 1, "ballsActual": null, "ballsUnique": null, "oversUnique": 3.05, "oversActual": 3.5, "overNumber": 4, "ballNumber": 5, "totalRuns": 1, "batsmanRuns": 1, "isFour": false, "isSix": false, "isWicket": false, "dismissalType": null, "byes": 0, "legbyes": 0, "wides": 0, "noballs": 0, "penalties": 0, "wagonX": 148, "wagonY": 200, "wagonZone": 5, "pitchLine": "ON_THE_STUMPS", "pitchLength": "GOOD_LENGTH", "shotType": "CUT_SHOT", "shotControl": 2, "timestamp": "2021-10-20T10:16:39.000Z", "modified": "2021-10-20T10:16:43.000Z", "batsmanPlayerId": 49218, "bowlerPlayerId": 63683, "outPlayerId": null, "totalInningRuns": 27, "totalInningWickets": 0, "predictions": {"score": 149, "winProbability": 36.89}, "title": "Frylinck to Myburgh", "dismissalText": null, "commentPreTextItems": null, "commentTextItems": [{"type": "HTML", "html": "back of a length follows Myburgh backing away, goes to flick and tickles it fine."}], "commentPostTextItems": null, "commentVideos": [], "commentImages": [], "events": [], "over": null, "batsmanStatText": null, "bowlerStatText": null, "smartStats": []}, {"_uid": 35049655, "id": 35049655, "inningNumber": 1, "ballsActual": null, "ballsUnique": null, "oversUnique": 3.06, "oversActual": 3.6, "overNumber": 4, "ballNumber": 6, "totalRuns": 3, "batsmanRuns": 3, "isFour": false, "isSix": false, "isWicket": false, "dismissalType": null, "byes": 0, "legbyes": 0, "wides": 0, "noballs": 0, "penalties": 0, "wagonX": 279, "wagonY": 57, "wagonZone": 1, "pitchLine": "OUTSIDE_OFFSTUMP", "pitchLength": "SHORT", "shotType": "PULL", "shotControl": 1, "timestamp": "2021-10-20T10:17:32.000Z", "modified": "2021-10-20T10:17:36.000Z", "batsmanPlayerId": 71363, "bowlerPlayerId": 63683, "outPlayerId": null, "totalInningRuns": 30, "totalInningWickets": 0, "predictions": {"score": 151, "winProbability": 39}, "title": "Frylinck to O'Dowd", "dismissalText": null, "commentPreTextItems": null, "commentTextItems": [{"type": "HTML", "html": "back of a length glided away but not timed all the way, chased down at the rope and they run sharply to come back for a third."}], "commentPostTextItems": null, "commentVideos": [], "commentImages": [], "events": [], "over": {"team": {"id": 15, "objectId": 15, "scribeId": 15, "slug": "netherlands", "name": "Netherlands", "longName": "Netherlands", "abbreviation": "NED", "unofficialName": "", "imageUrl": "/db/PICTURES/CMS/313100/313136.logo.png", "isCountry": true, "primaryColor": "#f49b1f", "image": {"id": 313136, "objectId": 1241595, "slug": "netherlands-logo", "url": "/db/PICTURES/CMS/313100/313136.logo.png", "width": 500, "height": 500, "caption": "Netherlands logo", "longCaption": "Netherlands logo", "credit": null, "photographer": null, "peerUrls": null}, "country": {"id": 15, "objectId": 15, "name": "Netherlands", "shortName": "Netherlands", "abbreviation": "NED", "slug": "netherlands"}}, "inningNumber": 1, "overNumber": 4, "overRuns": 6, "overWickets": 0, "totalRuns": 30, "totalWickets": 0, "target": 0, "overLimit": 20, "ballLimit": 120, "isMaiden": false, "isComplete": true, "isSuperOver": false, "overEndBatsmen": [{"player": {"id": 71363, "objectId": 643197, "name": "MP O'Dowd", "longName": "Max O'Dowd", "mobileName": "O'Dowd", "indexName": "O'Dowd, MP", "battingName": "MP O'Dowd", "fieldingName": "O'Dowd", "slug": "max-o-dowd", "imageUrl": "/db/PICTURES/CMS/217400/217449.1.jpg", "headshotImageUrl": "/db/PICTURES/CMS/322500/322583.png", "dateOfBirth": {"year": 1994, "month": 3, "date": 4}, "dateOfDeath": null, "gender": "M", "battingStyles": ["rhb"], "bowlingStyles": ["ob"], "longBattingStyles": ["right-hand bat"], "longBowlingStyles": ["right-arm offbreak"], "image": {"id": 217449, "objectId": 897441, "slug": "max-o-dowd", "url": "/db/PICTURES/CMS/217400/217449.1.jpg", "width": 160, "height": 191, "caption": "Max O'Dowd", "longCaption": "Max O'Dowd", "credit": "KNCB", "photographer": null, "peerUrls": null}, "countryTeamId": 15, "playerRoleTypeIds": [1], "playingRoles": ["opening batter"], "headshotImage": {"id": 322583, "objectId": 1265431, "slug": "max-o-dowd-player-page-headshot-cutout-2021", "url": "/db/PICTURES/CMS/322500/322583.png", "width": 600, "height": 436, "caption": "Max O'Dowd player page headshot cutout, 2021", "longCaption": "Max O'Dowd player page headshot cutout, 2021", "credit": null, "photographer": null, "peerUrls": {"FILM": null, "WIDE": null, "SQUARE": "/db/PICTURES/CMS/322500/322583.square.png"}}}, "runs": 19, "balls": 12, "fours": 2, "sixes": 1}, {"player": {"id": 49218, "objectId": 233712, "name": "SJ Myburgh", "longName": "Stephan Myburgh", "mobileName": "Myburgh", "indexName": "Myburgh, SJ", "battingName": "SJ Myburgh", "fieldingName": "Myburgh", "slug": "stephan-myburgh", "imageUrl": "/db/PICTURES/CMS/141500/141516.1.jpg", "headshotImageUrl": "/db/PICTURES/CMS/322500/322584.png", "dateOfBirth": {"year": 1984, "month": 2, "date": 28}, "dateOfDeath": null, "gender": "M", "battingStyles": ["lhb"], "bowlingStyles": ["ob"], "longBattingStyles": ["left-hand bat"], "longBowlingStyles": ["right-arm offbreak"], "image": {"id": 141516, "objectId": 550011, "slug": "stephan-myburgh", "url": "/db/PICTURES/CMS/141500/141516.1.jpg", "width": 160, "height": 192, "caption": "Stephan Myburgh", "longCaption": "Stephan Myburgh", "credit": "Craig Cozier", "photographer": null, "peerUrls": null}, "countryTeamId": 15, "playerRoleTypeIds": [1], "playingRoles": ["opening batter"], "headshotImage": {"id": 322584, "objectId": 1265433, "slug": "stephan-myburgh-player-page-headshot-cutout-2021", "url": "/db/PICTURES/CMS/322500/322584.png", "width": 600, "height": 436, "caption": "Stephan Myburgh player page headshot cutout, 2021", "longCaption": "Stephan Myburgh player page headshot cutout, 2021", "credit": null, "photographer": null, "peerUrls": {"FILM": null, "WIDE": null, "SQUARE": "/db/PICTURES/CMS/322500/322584.square.png"}}}, "runs": 11, "balls": 12, "fours": 1, "sixes": 0}], "overEndBowlers": [{"player": {"id": 63683, "objectId": 482478, "name": "JN Frylinck", "longName": "Jan Frylinck", "mobileName": "Frylinck", "indexName": "Frylinck, JN", "battingName": "JN Frylinck", "fieldingName": "Frylinck", "slug": "jan-frylinck", "imageUrl": "/db/PICTURES/CMS/347800/347843.4.jpg", "headshotImageUrl": "/db/PICTURES/CMS/348600/348605.png", "dateOfBirth": {"year": 1994, "month": 4, "date": 6}, "dateOfDeath": null, "gender": "M", "battingStyles": ["lhb"], "bowlingStyles": ["lfm"], "longBattingStyles": ["left-hand bat"], "longBowlingStyles": ["left-arm fast-medium"], "image": {"id": 347843, "objectId": 1340682, "slug": "jan-frylinck-player-portrait", "url": "/db/PICTURES/CMS/347800/347843.4.jpg", "width": 160, "height": 233, "caption": "Jan Frylinck, player portrait", "longCaption": "Jan Frylinck, player portrait", "credit": "ICC/Getty Images", "photographer": "Matt King", "peerUrls": null}, "countryTeamId": 28, "playerRoleTypeIds": [5], "playingRoles": ["allrounder"], "headshotImage": {"id": 348605, "objectId": 1342899, "slug": "jan-frylinck-player-page-headshot-cutout-2022", "url": "/db/PICTURES/CMS/348600/348605.png", "width": 600, "height": 436, "caption": "Jan Frylinck, player page headshot cutout 2022", "longCaption": "Jan Frylinck, player page headshot cutout 2022", "credit": null, "photographer": null, "peerUrls": {"FILM": null, "WIDE": null, "SQUARE": "/db/PICTURES/CMS/348600/348605.square.png"}}}, "overs": 1, "balls": 6, "maidens": 0, "conceded": 6, "wickets": 0, "currentType": 1}, {"player": {"id": 74479, "objectId": 698317, "name": "R Trumpelmann", "longName": "Ruben Trumpelmann", "mobileName": "Trumpelmann", "indexName": "Trumpelmann,R", "battingName": "R Trumpelmann", "fieldingName": "Trumpelmann", "slug": "ruben-trumpelmann", "imageUrl": "/db/PICTURES/CMS/347800/347845.4.jpg", "headshotImageUrl": "/db/PICTURES/CMS/348600/348607.png", "dateOfBirth": {"year": 1998, "month": 2, "date": 1}, "dateOfDeath": null, "gender": "M", "battingStyles": ["rhb"], "bowlingStyles": ["lf"], "longBattingStyles": ["right-hand bat"], "longBowlingStyles": ["left-arm fast"], "image": {"id": 347845, "objectId": 1340684, "slug": "ruben-trumpelmann-player-portrait", "url": "/db/PICTURES/CMS/347800/347845.4.jpg", "width": 160, "height": 244, "caption": "Ruben Trumpelmann, player portrait", "longCaption": "Ruben Trumpelmann, player portrait", "credit": "ICC/Getty Images", "photographer": "Matt King", "peerUrls": null}, "countryTeamId": 28, "playerRoleTypeIds": [4], "playingRoles": ["bowler"], "headshotImage": {"id": 348607, "objectId": 1342901, "slug": "ruben-trumpelmann-player-page-headshot-cutout-2022", "url": "/db/PICTURES/CMS/348600/348607.png", "width": 600, "height": 436, "caption": "Ruben Trumpelmann, player page headshot cutout 2022", "longCaption": "Ruben Trumpelmann, player page headshot cutout 2022", "credit": null, "photographer": null, "peerUrls": {"FILM": null, "WIDE": null, "SQUARE": "/db/PICTURES/CMS/348600/348607.square.png"}}}, "overs": 1, "balls": 6, "maidens": 0, "conceded": 10, "wickets": 0, "currentType": 2}], "rollover": null}, "batsmanStatText": null, "bowlerStatText": null, "smartStats": []}, {"_uid": 35049666, "id": 35049666, "inningNumber": 1, "ballsActual": null, "ballsUnique": null, "oversUnique": 4.01, "oversActual": 4.1, "overNumber": 5, "ballNumber": 1, "totalRuns": 2, "batsmanRuns": 2, "isFour": false, "isSix": false, "isWicket": false, "dismissalType": null, "byes": 0, "legbyes": 0, "wides": 0, "noballs": 0, "penalties": 0, "wagonX": 46, "wagonY": 205, "wagonZone": 6, "pitchLine": "WIDE_OUTSIDE_OFFSTUMP", "pitchLength": "FULL", "shotType": "COVER_DRIVE", "shotControl": 2, "timestamp": "2021-10-20T10:18:48.000Z", "modified": "2021-10-20T10:18:51.000Z", "batsmanPlayerId": 71363, "bowlerPlayerId": 67403, "outPlayerId": null, "totalInningRuns": 32, "totalInningWickets": 0, "predictions": {"score": 153, "winProbability": 41.16}, "title": "Smit to O'Dowd", "dismissalText": null, "commentPreTextItems": [{"type": "HTML", "html": "Fifth bowler now. JJ Smit, yet another left-arm medium pacer. Over the stumps."}], "commentTextItems": [{"type": "HTML", "html": "fullish length ball on fourth stump, driven high over wide mid-off for two."}], "commentPostTextItems": null, "commentVideos": [], "commentImages": [], "events": [], "over": null, "batsmanStatText": null, "bowlerStatText": null, "smartStats": []}, {"_uid": 35049676, "id": 35049676, "inningNumber": 1, "ballsActual": null, "ballsUnique": null, "oversUnique": 4.02, "oversActual": 4.2, "overNumber": 5, "ballNumber": 2, "totalRuns": 0, "batsmanRuns": 0, "isFour": false, "isSix": false, "isWicket": false, "dismissalType": null, "byes": 0, "legbyes": 0, "wides": 0, "noballs": 0, "penalties": 0, "wagonX": 150, "wagonY": 194, "wagonZone": 6, "pitchLine": "ON_THE_STUMPS", "pitchLength": "GOOD_LENGTH", "shotType": "DEFENDED", "shotControl": 1, "timestamp": "2021-10-20T10:19:20.000Z", "modified": "2021-10-20T10:19:23.000Z", "batsmanPlayerId": 71363, "bowlerPlayerId": 67403, "outPlayerId": null, "totalInningRuns": 32, "totalInningWickets": 0, "predictions": {"score": 152, "winProbability": 40.08}, "title": "Smit to O'Dowd", "dismissalText": null, "commentPreTextItems": null, "commentTextItems": [{"type": "HTML", "html": "good length ball on off stump, defended."}], "commentPostTextItems": null, "commentVideos": [], "commentImages": [], "events": [], "over": null, "batsmanStatText": null, "bowlerStatText": null, "smartStats": []}, {"_uid": 35049681, "id": 35049681, "inningNumber": 1, "ballsActual": null, "ballsUnique": null, "oversUnique": 4.03, "oversActual": 4.3, "overNumber": 5, "ballNumber": 3, "totalRuns": 0, "batsmanRuns": 0, "isFour": false, "isSix": false, "isWicket": false, "dismissalType": null, "byes": 0, "legbyes": 0, "wides": 0, "noballs": 0, "penalties": 0, "wagonX": 125, "wagonY": 194, "wagonZone": 6, "pitchLine": "OUTSIDE_OFFSTUMP", "pitchLength": "FULL", "shotType": "COVER_DRIVE", "shotControl": 1, "timestamp": "2021-10-20T10:20:01.000Z", "modified": "2021-10-20T10:20:05.000Z", "batsmanPlayerId": 71363, "bowlerPlayerId": 67403, "outPlayerId": null, "totalInningRuns": 32, "totalInningWickets": 0, "predictions": {"score": 150, "winProbability": 37.94}, "title": "Smit to O'Dowd", "dismissalText": null, "commentPreTextItems": null, "commentTextItems": [{"type": "HTML", "html": "fullish length on fourth stump at 130 kph, driven to extra cover."}], "commentPostTextItems": null, "commentVideos": [], "commentImages": [], "events": [], "over": null, "batsmanStatText": null, "bowlerStatText": null, "smartStats": []}, {"_uid": 35049684, "id": 35049684, "inningNumber": 1, "ballsActual": null, "ballsUnique": null, "oversUnique": 4.04, "oversActual": 4.4, "overNumber": 5, "ballNumber": 4, "totalRuns": 1, "batsmanRuns": 1, "isFour": false, "isSix": false, "isWicket": false, "dismissalType": null, "byes": 0, "legbyes": 0, "wides": 0, "noballs": 0, "penalties": 0, "wagonX": 216, "wagonY": 93, "wagonZone": 1, "pitchLine": "OUTSIDE_OFFSTUMP", "pitchLength": "GOOD_LENGTH", "shotType": "SLOG_SHOT", "shotControl": 2, "timestamp": "2021-10-20T10:20:33.000Z", "modified": "2021-10-20T10:20:37.000Z", "batsmanPlayerId": 71363, "bowlerPlayerId": 67403, "outPlayerId": null, "totalInningRuns": 33, "totalInningWickets": 0, "predictions": {"score": 150, "winProbability": 37.94}, "title": "Smit to O'Dowd", "dismissalText": null, "commentPreTextItems": null, "commentTextItems": [{"type": "HTML", "html": "good length ball on the stumps, flicks this behind square for one."}], "commentPostTextItems": null, "commentVideos": [], "commentImages": [], "events": [], "over": null, "batsmanStatText": null, "bowlerStatText": null, "smartStats": []}, {"_uid": 35049689, "id": 35049689, "inningNumber": 1, "ballsActual": null, "ballsUnique": null, "oversUnique": 4.05, "oversActual": 4.5, "overNumber": 5, "ballNumber": 5, "totalRuns": 4, "batsmanRuns": 4, "isFour": true, "isSix": false, "isWicket": false, "dismissalType": null, "byes": 0, "legbyes": 0, "wides": 0, "noballs": 0, "penalties": 0, "wagonX": 361, "wagonY": 190, "wagonZone": 3, "pitchLine": "ON_THE_STUMPS", "pitchLength": "GOOD_LENGTH", "shotType": "CUT_SHOT", "shotControl": 1, "timestamp": "2021-10-20T10:21:20.000Z", "modified": "2021-10-20T10:21:24.000Z", "batsmanPlayerId": 49218, "bowlerPlayerId": 67403, "outPlayerId": null, "totalInningRuns": 37, "totalInningWickets": 0, "predictions": {"score": 153, "winProbability": 41.16}, "title": "Smit to Myburgh", "dismissalText": null, "commentPreTextItems": null, "commentTextItems": [{"type": "HTML", "html": "fullish length following him backing away from leg but Myburgh is still able to create enough room to drive inside out through cover past a diving fielder on the ring to the rope."}], "commentPostTextItems": null, "commentVideos": [], "commentImages": [], "events": [], "over": null, "batsmanStatText": null, "bowlerStatText": null, "smartStats": []}, {"_uid": 35049697, "id": 35049697, "inningNumber": 1, "ballsActual": null, "ballsUnique": null, "oversUnique": 4.06, "oversActual": 4.6, "overNumber": 5, "ballNumber": 6, "totalRuns": 1, "batsmanRuns": 0, "isFour": false, "isSix": false, "isWicket": false, "dismissalType": null, "byes": 0, "legbyes": 0, "wides": 1, "noballs": 0, "penalties": 0, "wagonX": 0, "wagonY": 0, "wagonZone": 0, "pitchLine": "DOWN_LEG", "pitchLength": "FULL", "shotType": "FLICK", "shotControl": 2, "timestamp": "2021-10-20T10:21:55.000Z", "modified": "2021-10-20T10:21:59.000Z", "batsmanPlayerId": 49218, "bowlerPlayerId": 67403, "outPlayerId": null, "totalInningRuns": 38, "totalInningWickets": 0, "predictions": {"score": 153, "winProbability": 41.16}, "title": "Smit to Myburgh", "dismissalText": null, "commentPreTextItems": null, "commentTextItems": [{"type": "HTML", "html": "fullish length slanted down leg as Myburgh moved across his stumps, nearly bowls him behind his legs."}], "commentPostTextItems": null, "commentVideos": [], "commentImages": [], "events": [], "over": null, "batsmanStatText": null, "bowlerStatText": null, "smartStats": []}, {"_uid": 35049704, "id": 35049704, "inningNumber": 1, "ballsActual": null, "ballsUnique": null, "oversUnique": 4.07, "oversActual": 4.6, "overNumber": 5, "ballNumber": 7, "totalRuns": 1, "batsmanRuns": 1, "isFour": false, "isSix": false, "isWicket": false, "dismissalType": null, "byes": 0, "legbyes": 0, "wides": 0, "noballs": 0, "penalties": 0, "wagonX": 146, "wagonY": 248, "wagonZone": 5, "pitchLine": "ON_THE_STUMPS", "pitchLength": "FULL", "shotType": "ON_DRIVE", "shotControl": 1, "timestamp": "2021-10-20T10:22:31.000Z", "modified": "2021-10-20T10:22:35.000Z", "batsmanPlayerId": 49218, "bowlerPlayerId": 67403, "outPlayerId": null, "totalInningRuns": 39, "totalInningWickets": 0, "predictions": {"score": 154, "winProbability": 42.25}, "title": "Smit to Myburgh", "dismissalText": null, "commentPreTextItems": null, "commentTextItems": [{"type": "HTML", "html": "full on the legs, flicks this toward mid-on for a very tight single."}], "commentPostTextItems": null, "commentVideos": [], "commentImages": [], "events": [], "over": {"team": {"id": 15, "objectId": 15, "scribeId": 15, "slug": "netherlands", "name": "Netherlands", "longName": "Netherlands", "abbreviation": "NED", "unofficialName": "", "imageUrl": "/db/PICTURES/CMS/313100/313136.logo.png", "isCountry": true, "primaryColor": "#f49b1f", "image": {"id": 313136, "objectId": 1241595, "slug": "netherlands-logo", "url": "/db/PICTURES/CMS/313100/313136.logo.png", "width": 500, "height": 500, "caption": "Netherlands logo", "longCaption": "Netherlands logo", "credit": null, "photographer": null, "peerUrls": null}, "country": {"id": 15, "objectId": 15, "name": "Netherlands", "shortName": "Netherlands", "abbreviation": "NED", "slug": "netherlands"}}, "inningNumber": 1, "overNumber": 5, "overRuns": 9, "overWickets": 0, "totalRuns": 39, "totalWickets": 0, "target": 0, "overLimit": 20, "ballLimit": 120, "isMaiden": false, "isComplete": true, "isSuperOver": false, "overEndBatsmen": [{"player": {"id": 49218, "objectId": 233712, "name": "SJ Myburgh", "longName": "Stephan Myburgh", "mobileName": "Myburgh", "indexName": "Myburgh, SJ", "battingName": "SJ Myburgh", "fieldingName": "Myburgh", "slug": "stephan-myburgh", "imageUrl": "/db/PICTURES/CMS/141500/141516.1.jpg", "headshotImageUrl": "/db/PICTURES/CMS/322500/322584.png", "dateOfBirth": {"year": 1984, "month": 2, "date": 28}, "dateOfDeath": null, "gender": "M", "battingStyles": ["lhb"], "bowlingStyles": ["ob"], "longBattingStyles": ["left-hand bat"], "longBowlingStyles": ["right-arm offbreak"], "image": {"id": 141516, "objectId": 550011, "slug": "stephan-myburgh", "url": "/db/PICTURES/CMS/141500/141516.1.jpg", "width": 160, "height": 192, "caption": "Stephan Myburgh", "longCaption": "Stephan Myburgh", "credit": "Craig Cozier", "photographer": null, "peerUrls": null}, "countryTeamId": 15, "playerRoleTypeIds": [1], "playingRoles": ["opening batter"], "headshotImage": {"id": 322584, "objectId": 1265433, "slug": "stephan-myburgh-player-page-headshot-cutout-2021", "url": "/db/PICTURES/CMS/322500/322584.png", "width": 600, "height": 436, "caption": "Stephan Myburgh player page headshot cutout, 2021", "longCaption": "Stephan Myburgh player page headshot cutout, 2021", "credit": null, "photographer": null, "peerUrls": {"FILM": null, "WIDE": null, "SQUARE": "/db/PICTURES/CMS/322500/322584.square.png"}}}, "runs": 16, "balls": 14, "fours": 2, "sixes": 0}, {"player": {"id": 71363, "objectId": 643197, "name": "MP O'Dowd", "longName": "Max O'Dowd", "mobileName": "O'Dowd", "indexName": "O'Dowd, MP", "battingName": "MP O'Dowd", "fieldingName": "O'Dowd", "slug": "max-o-dowd", "imageUrl": "/db/PICTURES/CMS/217400/217449.1.jpg", "headshotImageUrl": "/db/PICTURES/CMS/322500/322583.png", "dateOfBirth": {"year": 1994, "month": 3, "date": 4}, "dateOfDeath": null, "gender": "M", "battingStyles": ["rhb"], "bowlingStyles": ["ob"], "longBattingStyles": ["right-hand bat"], "longBowlingStyles": ["right-arm offbreak"], "image": {"id": 217449, "objectId": 897441, "slug": "max-o-dowd", "url": "/db/PICTURES/CMS/217400/217449.1.jpg", "width": 160, "height": 191, "caption": "Max O'Dowd", "longCaption": "Max O'Dowd", "credit": "KNCB", "photographer": null, "peerUrls": null}, "countryTeamId": 15, "playerRoleTypeIds": [1], "playingRoles": ["opening batter"], "headshotImage": {"id": 322583, "objectId": 1265431, "slug": "max-o-dowd-player-page-headshot-cutout-2021", "url": "/db/PICTURES/CMS/322500/322583.png", "width": 600, "height": 436, "caption": "Max O'Dowd player page headshot cutout, 2021", "longCaption": "Max O'Dowd player page headshot cutout, 2021", "credit": null, "photographer": null, "peerUrls": {"FILM": null, "WIDE": null, "SQUARE": "/db/PICTURES/CMS/322500/322583.square.png"}}}, "runs": 22, "balls": 16, "fours": 2, "sixes": 1}], "overEndBowlers": [{"player": {"id": 67403, "objectId": 553821, "name": "JJ Smit", "longName": "JJ Smit", "mobileName": "Smit", "indexName": "Smit, JJ", "battingName": "JJ Smit", "fieldingName": "Smit", "slug": "jj-smit", "imageUrl": "/db/PICTURES/CMS/179600/179653.1.jpg", "headshotImageUrl": "/db/PICTURES/CMS/329700/329762.png", "dateOfBirth": {"year": 1995, "month": 11, "date": 10}, "dateOfDeath": null, "gender": "M", "battingStyles": ["rhb"], "bowlingStyles": ["lmf"], "longBattingStyles": ["right-hand bat"], "longBowlingStyles": ["left-arm medium-fast"], "image": {"id": 179653, "objectId": 721499, "slug": "jj-smit", "url": "/db/PICTURES/CMS/179600/179653.1.jpg", "width": 160, "height": 192, "caption": "JJ Smit", "longCaption": "JJ Smit", "credit": "International Cricket Council", "photographer": null, "peerUrls": null}, "countryTeamId": 28, "playerRoleTypeIds": [11], "playingRoles": ["bowling allrounder"], "headshotImage": {"id": 329762, "objectId": 1286763, "slug": "jj-smit-player-page-headshot-cutout-2021", "url": "/db/PICTURES/CMS/329700/329762.png", "width": 600, "height": 436, "caption": "JJ Smit player page headshot cutout 2021", "longCaption": "JJ Smit player page headshot cutout 2021", "credit": null, "photographer": null, "peerUrls": {"FILM": null, "WIDE": null, "SQUARE": "/db/PICTURES/CMS/329700/329762.square.png"}}}, "overs": 1, "balls": 6, "maidens": 0, "conceded": 9, "wickets": 0, "currentType": 1}, {"player": {"id": 63683, "objectId": 482478, "name": "JN Frylinck", "longName": "Jan Frylinck", "mobileName": "Frylinck", "indexName": "Frylinck, JN", "battingName": "JN Frylinck", "fieldingName": "Frylinck", "slug": "jan-frylinck", "imageUrl": "/db/PICTURES/CMS/347800/347843.4.jpg", "headshotImageUrl": "/db/PICTURES/CMS/348600/348605.png", "dateOfBirth": {"year": 1994, "month": 4, "date": 6}, "dateOfDeath": null, "gender": "M", "battingStyles": ["lhb"], "bowlingStyles": ["lfm"], "longBattingStyles": ["left-hand bat"], "longBowlingStyles": ["left-arm fast-medium"], "image": {"id": 347843, "objectId": 1340682, "slug": "jan-frylinck-player-portrait", "url": "/db/PICTURES/CMS/347800/347843.4.jpg", "width": 160, "height": 233, "caption": "Jan Frylinck, player portrait", "longCaption": "Jan Frylinck, player portrait", "credit": "ICC/Getty Images", "photographer": "Matt King", "peerUrls": null}, "countryTeamId": 28, "playerRoleTypeIds": [5], "playingRoles": ["allrounder"], "headshotImage": {"id": 348605, "objectId": 1342899, "slug": "jan-frylinck-player-page-headshot-cutout-2022", "url": "/db/PICTURES/CMS/348600/348605.png", "width": 600, "height": 436, "caption": "Jan Frylinck, player page headshot cutout 2022", "longCaption": "Jan Frylinck, player page headshot cutout 2022", "credit": null, "photographer": null, "peerUrls": {"FILM": null, "WIDE": null, "SQUARE": "/db/PICTURES/CMS/348600/348605.square.png"}}}, "overs": 1, "balls": 6, "maidens": 0, "conceded": 6, "wickets": 0, "currentType": 2}], "rollover": null}, "batsmanStatText": null, "bowlerStatText": null, "smartStats": []}]