[{"_uid": 35066332, "id": 35066332, "inningNumber": 1, "ballsActual": null, "ballsUnique": null, "oversUnique": 3.01, "oversActual": 3.1, "overNumber": 4, "ballNumber": 1, "totalRuns": 4, "batsmanRuns": 4, "isFour": true, "isSix": false, "isWicket": false, "dismissalType": null, "byes": 0, "legbyes": 0, "wides": 0, "noballs": 0, "penalties": 0, "wagonX": 315, "wagonY": 307, "wagonZone": 4, "pitchLine": "OUTSIDE_OFFSTUMP", "pitchLength": "GOOD_LENGTH", "shotType": "COVER_DRIVE", "shotControl": 1, "timestamp": "2021-10-23T14:15:05.000Z", "modified": "2021-10-23T14:15:08.000Z", "batsmanPlayerId": 7568, "bowlerPlayerId": 49496, "outPlayerId": null, "totalInningRuns": 13, "totalInningWickets": 2, "predictions": {"score": 150, "winProbability": 32.77}, "title": "Woakes to Gayle", "dismissalText": null, "commentPreTextItems": [{"type": "HTML", "html": "Woakes continues."}], "commentTextItems": [{"type": "HTML", "html": "oh, that's super timing from Gayle. Length ball slanting across, and he presses forward and leans into a push, just helps it with the angle into the gap between extra-cover and mid-off diving to his right, and it just keeps going and going thereafter"}], "commentPostTextItems": null, "commentVideos": [], "commentImages": [], "events": [], "over": null, "batsmanStatText": null, "bowlerStatText": null, "smartStats": []}, {"_uid": 35066333, "id": 35066333, "inningNumber": 1, "ballsActual": null, "ballsUnique": null, "oversUnique": 3.02, "oversActual": 3.2, "overNumber": 4, "ballNumber": 2, "totalRuns": 4, "batsmanRuns": 4, "isFour": true, "isSix": false, "isWicket": false, "dismissalType": null, "byes": 0, "legbyes": 0, "wides": 0, "noballs": 0, "penalties": 0, "wagonX": 338, "wagonY": 87, "wagonZone": 2, "pitchLine": "ON_THE_STUMPS", "pitchLength": "SHORT_OF_A_GOOD_LENGTH", "shotType": "CUT_SHOT", "shotControl": 1, "timestamp": "2021-10-23T14:15:42.000Z", "modified": "2021-10-23T14:15:45.000Z", "batsmanPlayerId": 7568, "bowlerPlayerId": 49496, "outPlayerId": null, "totalInningRuns": 17, "totalInningWickets": 2, "predictions": {"score": 154, "winProbability": 36.84}, "title": "Woakes to Gayle", "dismissalText": null, "commentPreTextItems": null, "commentTextItems": [{"type": "HTML", "html": "bam. Drops a touch short, offers a touch of width, and Gayle hammers a cut past the left hand of Roy diving full-length at backward point"}], "commentPostTextItems": null, "commentVideos": [], "commentImages": [], "events": [], "over": null, "batsmanStatText": null, "bowlerStatText": null, "smartStats": []}, {"_uid": 35066334, "id": 35066334, "inningNumber": 1, "ballsActual": null, "ballsUnique": null, "oversUnique": 3.03, "oversActual": 3.3, "overNumber": 4, "ballNumber": 3, "totalRuns": 0, "batsmanRuns": 0, "isFour": false, "isSix": false, "isWicket": false, "dismissalType": null, "byes": 0, "legbyes": 0, "wides": 0, "noballs": 0, "penalties": 0, "wagonX": 233, "wagonY": 197, "wagonZone": 3, "pitchLine": "DOWN_LEG", "pitchLength": "GOOD_LENGTH", "shotType": "COVER_DRIVE", "shotControl": 2, "timestamp": "2021-10-23T14:16:23.000Z", "modified": "2021-10-23T14:16:26.000Z", "batsmanPlayerId": 7568, "bowlerPlayerId": 49496, "outPlayerId": null, "totalInningRuns": 17, "totalInningWickets": 2, "predictions": {"score": 154, "winProbability": 36.84}, "title": "Woakes to Gayle", "dismissalText": null, "commentPreTextItems": [{"type": "HTML", "html": "Deep third comes to short third, point drops back."}], "commentTextItems": [{"type": "HTML", "html": "slower length ball on the stumps. Looks to press forward and push into the covers, ends up playing slightly in the air but it bounces well short of the fielder at extra-cover"}], "commentPostTextItems": null, "commentVideos": [], "commentImages": [], "events": [], "over": null, "batsmanStatText": null, "bowlerStatText": null, "smartStats": []}, {"_uid": 35066336, "id": 35066336, "inningNumber": 1, "ballsActual": null, "ballsUnique": null, "oversUnique": 3.04, "oversActual": 3.4, "overNumber": 4, "ballNumber": 4, "totalRuns": 0, "batsmanRuns": 0, "isFour": false, "isSix": false, "isWicket": false, "dismissalType": null, "byes": 0, "legbyes": 0, "wides": 0, "noballs": 0, "penalties": 0, "wagonX": 221, "wagonY": 186, "wagonZone": 3, "pitchLine": "ON_THE_STUMPS", "pitchLength": "GOOD_LENGTH", "shotType": "DEFENDED", "shotControl": 1, "timestamp": "2021-10-23T14:16:52.000Z", "modified": "2021-10-23T14:16:56.000Z", "batsmanPlayerId": 7568, "bowlerPlayerId": 49496, "outPlayerId": null, "totalInningRuns": 17, "totalInningWickets": 2, "predictions": {"score": 152, "winProbability": 34.78}, "title": "Woakes to Gayle", "dismissalText": null, "commentPreTextItems": null, "commentTextItems": [{"type": "HTML", "html": "length ball on off stump, blocked to extra-cover"}], "commentPostTextItems": null, "commentVideos": [], "commentImages": [], "events": [], "over": null, "batsmanStatText": null, "bowlerStatText": null, "smartStats": []}, {"_uid": 35066338, "id": 35066338, "inningNumber": 1, "ballsActual": null, "ballsUnique": null, "oversUnique": 3.05, "oversActual": 3.5, "overNumber": 4, "ballNumber": 5, "totalRuns": 1, "batsmanRuns": 1, "isFour": false, "isSix": false, "isWicket": false, "dismissalType": null, "byes": 0, "legbyes": 0, "wides": 0, "noballs": 0, "penalties": 0, "wagonX": 222, "wagonY": 182, "wagonZone": 3, "pitchLine": "DOWN_LEG", "pitchLength": "SHORT_OF_A_GOOD_LENGTH", "shotType": "DAB", "shotControl": 1, "timestamp": "2021-10-23T14:17:21.000Z", "modified": "2021-10-23T14:17:24.000Z", "batsmanPlayerId": 7568, "bowlerPlayerId": 49496, "outPlayerId": null, "totalInningRuns": 18, "totalInningWickets": 2, "predictions": {"score": 151, "winProbability": 33.77}, "title": "Woakes to Gayle", "dismissalText": null, "commentPreTextItems": null, "commentTextItems": [{"type": "HTML", "html": "back of a length, straightens a touch towards off stump, cramping Gayle for room slightly. Lets it come and dabs gently into the point region and saunters to the other end"}], "commentPostTextItems": null, "commentVideos": [], "commentImages": [], "events": [], "over": null, "batsmanStatText": null, "bowlerStatText": null, "smartStats": []}, {"_uid": 35066343, "id": 35066343, "inningNumber": 1, "ballsActual": null, "ballsUnique": null, "oversUnique": 3.06, "oversActual": 3.6, "overNumber": 4, "ballNumber": 6, "totalRuns": 1, "batsmanRuns": 1, "isFour": false, "isSix": false, "isWicket": false, "dismissalType": null, "byes": 0, "legbyes": 0, "wides": 0, "noballs": 0, "penalties": 0, "wagonX": 328, "wagonY": 210, "wagonZone": 3, "pitchLine": "OUTSIDE_OFFSTUMP", "pitchLength": "GOOD_LENGTH", "shotType": "COVER_DRIVE", "shotControl": 1, "timestamp": "2021-10-23T14:18:18.000Z", "modified": "2021-10-23T14:18:22.000Z", "batsmanPlayerId": 72393, "bowlerPlayerId": 49496, "outPlayerId": null, "totalInningRuns": 19, "totalInningWickets": 2, "predictions": {"score": 151, "winProbability": 33.77}, "title": "Woakes to Hetmyer", "dismissalText": null, "commentPreTextItems": null, "commentTextItems": [{"type": "HTML", "html": "full, slanting into a wide-ish line outside off, and that's not a bad ball with cover point back on the boundary sweeping. Hetmyer eases a drive to that man for a single"}], "commentPostTextItems": null, "commentVideos": [], "commentImages": [], "events": [], "over": {"team": {"id": 4, "objectId": 4, "scribeId": 4, "slug": "west-indies", "name": "West Indies", "longName": "West Indies", "abbreviation": "WI", "unofficialName": "", "imageUrl": "/db/PICTURES/CMS/317600/317615.png", "isCountry": true, "primaryColor": "#790d1a", "image": {"id": 317615, "objectId": 1254181, "slug": "west-indies-team-logo", "url": "/db/PICTURES/CMS/317600/317615.png", "width": 500, "height": 500, "caption": "West Indies team logo", "longCaption": "West Indies team logo", "credit": "West Indies Cricket", "photographer": null, "peerUrls": null}, "country": {"id": 4, "objectId": 4, "name": "West Indies", "shortName": "West Indies", "abbreviation": "WI", "slug": "west-indies"}}, "inningNumber": 1, "overNumber": 4, "overRuns": 10, "overWickets": 0, "totalRuns": 19, "totalWickets": 2, "target": 0, "overLimit": 20, "ballLimit": 120, "isMaiden": false, "isComplete": true, "isSuperOver": false, "overEndBatsmen": [{"player": {"id": 72393, "objectId": 670025, "name": "SO Hetmyer", "longName": "Shimron Hetmyer", "mobileName": "Hetmyer", "indexName": "Hetmyer, SO", "battingName": "SO Hetmyer", "fieldingName": "Hetmyer", "slug": "shimron-hetmyer", "imageUrl": "/db/PICTURES/CMS/356800/356802.1.png", "headshotImageUrl": "/db/PICTURES/CMS/320100/320116.png", "dateOfBirth": {"year": 1996, "month": 12, "date": 26}, "dateOfDeath": null, "gender": "M", "battingStyles": ["lhb"], "bowlingStyles": [], "longBattingStyles": ["left-hand bat"], "longBowlingStyles": [], "image": {"id": 356802, "objectId": 1365014, "slug": "hetmeyer-player-portrait", "url": "/db/PICTURES/CMS/356800/356802.1.png", "width": 160, "height": 215, "caption": "Hetmeyer player portrait", "longCaption": "Hetmeyer player portrait", "credit": "Getty Images", "photographer": null, "peerUrls": null}, "countryTeamId": 4, "playerRoleTypeIds": [2], "playingRoles": ["top-order batter"], "headshotImage": {"id": 320116, "objectId": 1260572, "slug": "shimron-hetmyer-player-page-headshot-cutout-2021", "url": "/db/PICTURES/CMS/320100/320116.png", "width": 600, "height": 436, "caption": "Shimron Hetmyer player page headshot cutout, 2021", "longCaption": "Shimron Hetmyer player page headshot cutout, 2021", "credit": null, "photographer": null, "peerUrls": {"FILM": null, "WIDE": null, "SQUARE": "/db/PICTURES/CMS/320100/320116.square.png"}}}, "runs": 1, "balls": 5, "fours": 0, "sixes": 0}, {"player": {"id": 7568, "objectId": 51880, "name": "CH Gayle", "longName": "Chris Gayle", "mobileName": "Gayle", "indexName": "Gayle, CH", "battingName": "CH Gayle", "fieldingName": "Gayle", "slug": "chris-gayle", "imageUrl": "/db/PICTURES/CMS/309000/309058.png", "headshotImageUrl": "/db/PICTURES/CMS/316400/316494.png", "dateOfBirth": {"year": 1979, "month": 9, "date": 21}, "dateOfDeath": null, "gender": "M", "battingStyles": ["lhb"], "bowlingStyles": ["ob"], "longBattingStyles": ["left-hand bat"], "longBowlingStyles": ["right-arm offbreak"], "image": {"id": 309058, "objectId": 1232572, "slug": "chris-gayle-portrait", "url": "/db/PICTURES/CMS/309000/309058.png", "width": 160, "height": 200, "caption": "Chris Gayle portrait", "longCaption": "Chris Gayle portrait, September 2020", "credit": "Getty Images", "photographer": null, "peerUrls": null}, "countryTeamId": 4, "playerRoleTypeIds": [5], "playingRoles": ["allrounder"], "headshotImage": {"id": 316494, "objectId": 1251123, "slug": "ch-gayle-headshot", "url": "/db/PICTURES/CMS/316400/316494.png", "width": 600, "height": 436, "caption": "CH Gayle headshot", "longCaption": "CH Gayle headshot", "credit": null, "photographer": null, "peerUrls": {"FILM": null, "WIDE": null, "SQUARE": null}}}, "runs": 9, "balls": 7, "fours": 2, "sixes": 0}], "overEndBowlers": [{"player": {"id": 49496, "objectId": 247235, "name": "CR Woakes", "longName": "Chris Woakes", "mobileName": "Woakes", "indexName": "Woakes, CR", "battingName": "CR Woakes", "fieldingName": "Woakes", "slug": "chris-woakes", "imageUrl": "/db/PICTURES/CMS/304300/304336.jpg", "headshotImageUrl": "/db/PICTURES/CMS/316600/316603.png", "dateOfBirth": {"year": 1989, "month": 3, "date": 2}, "dateOfDeath": null, "gender": "M", "battingStyles": ["rhb"], "bowlingStyles": ["rfm"], "longBattingStyles": ["right-hand bat"], "longBowlingStyles": ["right-arm fast-medium"], "image": {"id": 304336, "objectId": 1223522, "slug": "chris-woakes-portrait", "url": "/db/PICTURES/CMS/304300/304336.jpg", "width": 160, "height": 200, "caption": "Chris Woakes portrait", "longCaption": "Chris Woakes, May 2020", "credit": "Getty Images", "photographer": null, "peerUrls": null}, "countryTeamId": 1, "playerRoleTypeIds": [5], "playingRoles": ["allrounder"], "headshotImage": {"id": 316603, "objectId": 1251234, "slug": "cr-woakes-headshot", "url": "/db/PICTURES/CMS/316600/316603.png", "width": 600, "height": 436, "caption": "CR Woakes headshot", "longCaption": "CR Woakes headshot", "credit": null, "photographer": null, "peerUrls": {"FILM": null, "WIDE": null, "SQUARE": null}}}, "overs": 2, "balls": 12, "maidens": 0, "conceded": 12, "wickets": 1, "currentType": 1}, {"player": {"id": 46597, "objectId": 8917, "name": "MM Ali", "longName": "Moeen Ali", "mobileName": "Moeen Ali", "indexName": "Ali, MM", "battingName": "MM Ali", "fieldingName": "Ali", "slug": "moeen-ali", "imageUrl": "/db/PICTURES/CMS/289600/289661.1.jpg", "headshotImageUrl": "/db/PICTURES/CMS/316500/316557.png", "dateOfBirth": {"year": 1987, "month": 6, "date": 18}, "dateOfDeath": null, "gender": "M", "battingStyles": ["lhb"], "bowlingStyles": ["ob"], "longBattingStyles": ["left-hand bat"], "longBowlingStyles": ["right-arm offbreak"], "image": {"id": 289661, "objectId": 1185617, "slug": "moeen-ali-player-portrait", "url": "/db/PICTURES/CMS/289600/289661.1.jpg", "width": 160, "height": 196, "caption": "Moeen Ali player portrait", "longCaption": "Moeen Ali player portrait", "credit": "Getty Images", "photographer": null, "peerUrls": null}, "countryTeamId": 1, "playerRoleTypeIds": [10], "playingRoles": ["batting allrounder"], "headshotImage": {"id": 316557, "objectId": 1251186, "slug": "mm-ali-headshot", "url": "/db/PICTURES/CMS/316500/316557.png", "width": 600, "height": 436, "caption": "MM Ali headshot", "longCaption": "MM Ali headshot", "credit": null, "photographer": null, "peerUrls": {"FILM": null, "WIDE": null, "SQUARE": null}}}, "overs": 2, "balls": 12, "maidens": 1, "conceded": 7, "wickets": 1, "currentType": 2}], "rollover": null}, "batsmanStatText": null, "bowlerStatText": null, "smartStats": []}, {"_uid": 35066345, "id": 35066345, "inningNumber": 1, "ballsActual": null, "ballsUnique": null, "oversUnique": 4.01, "oversActual": 4.1, "overNumber": 5, "ballNumber": 1, "totalRuns": 4, "batsmanRuns": 4, "isFour": true, "isSix": false, "isWicket": false, "dismissalType": null, "byes": 0, "legbyes": 0, "wides": 0, "noballs": 0, "penalties": 0, "wagonX": 46, "wagonY": 299, "wagonZone": 5, "pitchLine": "ON_THE_STUMPS", "pitchLength": "FULL", "shotType": "SLOG_SHOT", "shotControl": 1, "timestamp": "2021-10-23T14:19:19.000Z", "modified": "2021-10-23T14:19:31.000Z", "batsmanPlayerId": 72393, "bowlerPlayerId": 46597, "outPlayerId": null, "totalInningRuns": 23, "totalInningWickets": 2, "predictions": {"score": 153, "winProbability": 35.8}, "title": "Moeen Ali to Hetmyer", "dismissalText": null, "commentPreTextItems": [{"type": "HTML", "html": "Matt Roller tells me the Simmons dismissal was to the longer side of the ground. Moeen continues, with the two left-handers at the crease."}], "commentTextItems": [{"type": "HTML", "html": "nice footwork. Drifts one in towards leg stump and he steps out to swipe it over midwicket"}], "commentPostTextItems": null, "commentVideos": [], "commentImages": [], "events": [], "over": null, "batsmanStatText": null, "bowlerStatText": null, "smartStats": []}, {"_uid": 35066347, "id": 35066347, "inningNumber": 1, "ballsActual": null, "ballsUnique": null, "oversUnique": 4.02, "oversActual": 4.2, "overNumber": 5, "ballNumber": 2, "totalRuns": 4, "batsmanRuns": 4, "isFour": true, "isSix": false, "isWicket": false, "dismissalType": null, "byes": 0, "legbyes": 0, "wides": 0, "noballs": 0, "penalties": 0, "wagonX": 324, "wagonY": 304, "wagonZone": 3, "pitchLine": "OUTSIDE_OFFSTUMP", "pitchLength": "GOOD_LENGTH", "shotType": "COVER_DRIVE", "shotControl": 1, "timestamp": "2021-10-23T14:19:45.000Z", "modified": "2021-10-23T14:19:49.000Z", "batsmanPlayerId": 72393, "bowlerPlayerId": 46597, "outPlayerId": null, "totalInningRuns": 27, "totalInningWickets": 2, "predictions": {"score": 161, "winProbability": 44.42}, "title": "Moeen Ali to Hetmyer", "dismissalText": null, "commentPreTextItems": null, "commentTextItems": [{"type": "HTML", "html": "this is excellent batting, taking the sting out of the match-up, and ensuring West Indies have momentum despite the loss of two early wickets. Steps out, this time skips inside the line of an off-stump ball to chip it over extra-cover"}], "commentPostTextItems": null, "commentVideos": [], "commentImages": [], "events": [], "over": null, "batsmanStatText": null, "bowlerStatText": null, "smartStats": []}, {"_uid": 35066349, "id": 35066349, "inningNumber": 1, "ballsActual": null, "ballsUnique": null, "oversUnique": 4.03, "oversActual": 4.3, "overNumber": 5, "ballNumber": 3, "totalRuns": 0, "batsmanRuns": 0, "isFour": false, "isSix": false, "isWicket": false, "dismissalType": null, "byes": 0, "legbyes": 0, "wides": 0, "noballs": 0, "penalties": 0, "wagonX": 238, "wagonY": 199, "wagonZone": 3, "pitchLine": "OUTSIDE_OFFSTUMP", "pitchLength": "GOOD_LENGTH", "shotType": "COVER_DRIVE", "shotControl": 1, "timestamp": "2021-10-23T14:20:34.000Z", "modified": "2021-10-23T14:20:38.000Z", "batsmanPlayerId": 72393, "bowlerPlayerId": 46597, "outPlayerId": null, "totalInningRuns": 27, "totalInningWickets": 2, "predictions": {"score": 160, "winProbability": 43.31}, "title": "Moeen Ali to Hetmyer", "dismissalText": null, "commentPreTextItems": null, "commentTextItems": [{"type": "HTML", "html": "flat length ball on leg stump, presses forward to block to extra-cover"}], "commentPostTextItems": null, "commentVideos": [], "commentImages": [], "events": [], "over": null, "batsmanStatText": null, "bowlerStatText": null, "smartStats": []}, {"_uid": 35066351, "id": 35066351, "inningNumber": 1, "ballsActual": null, "ballsUnique": null, "oversUnique": 4.04, "oversActual": 4.4, "overNumber": 5, "ballNumber": 4, "totalRuns": 0, "batsmanRuns": 0, "isFour": false, "isSix": false, "isWicket": true, "dismissalType": 1, "byes": 0, "legbyes": 0, "wides": 0, "noballs": 0, "penalties": 0, "wagonX": 123, "wagonY": 223, "wagonZone": 5, "pitchLine": "OUTSIDE_OFFSTUMP", "pitchLength": "SHORT_OF_A_GOOD_LENGTH", "shotType": "PULL", "shotControl": 2, "timestamp": "2021-10-23T14:21:13.000Z", "modified": "2021-10-23T14:21:17.000Z", "batsmanPlayerId": 72393, "bowlerPlayerId": 46597, "outPlayerId": 72393, "totalInningRuns": 27, "totalInningWickets": 3, "predictions": {"score": 155, "winProbability": 37.89}, "title": "Moeen Ali to Hetmyer", "dismissalText": {"short": "caught", "long": "c Morgan b Ali", "commentary": "Shimron Hetmyer c Morgan b Ali 9 (9b 2x4 0x6 10m) SR: 100"}, "commentPreTextItems": null, "commentTextItems": [{"type": "HTML", "html": "gone, picked the wrong length for that shot, and Moeen has two! Flat one sliding on with the arm into the stumps, and Hetmyer, opening up at the hip, is cramped for room on the pull. It isn't short enough either, and he ends up flat-batting it to Morgan at mid-on, stationed right on the edge of the 30-yard circle"}], "commentPostTextItems": null, "commentVideos": [], "commentImages": [], "events": [], "over": null, "batsmanStatText": null, "bowlerStatText": null, "smartStats": []}, {"_uid": 35066357, "id": 35066357, "inningNumber": 1, "ballsActual": null, "ballsUnique": null, "oversUnique": 4.05, "oversActual": 4.5, "overNumber": 5, "ballNumber": 5, "totalRuns": 0, "batsmanRuns": 0, "isFour": false, "isSix": false, "isWicket": false, "dismissalType": null, "byes": 0, "legbyes": 0, "wides": 0, "noballs": 0, "penalties": 0, "wagonX": 157, "wagonY": 184, "wagonZone": 6, "pitchLine": "OUTSIDE_OFFSTUMP", "pitchLength": "GOOD_LENGTH", "shotType": "DEFENDED", "shotControl": 1, "timestamp": "2021-10-23T14:23:02.000Z", "modified": "2021-10-23T14:23:06.000Z", "batsmanPlayerId": 45257, "bowlerPlayerId": 46597, "outPlayerId": null, "totalInningRuns": 27, "totalInningWickets": 3, "predictions": {"score": 153, "winProbability": 35.8}, "title": "Moeen Ali to Dwayne Bravo", "dismissalText": null, "commentPreTextItems": [{"type": "HTML", "html": "Aha, interesting. Bravo gets a promotion - when was the last time he batted inside the powerplay for West Indies? Or anyone, for that matter?"}, {"type": "HTML", "html": "Joynul : \"2 quick wickets, WI in early troubles, shades of Eden 2016! We all know what happened at the end!\""}, {"type": "HTML", "html": "Prasanna: \"Aren't WI light on bowling ? Considering the fitness of Dre Russ ?? Y was R.Chase not playing ? He is one player who had phenomenal CPL both with Bat \" -- They have six bowling options, but that includes Pollard, so yeah, they might be a touch light. Might we see Gayle roll his arm over too, if the left-handers are in?"}], "commentTextItems": [{"type": "HTML", "html": "flat length ball on off stump, defended into the covers"}], "commentPostTextItems": null, "commentVideos": [], "commentImages": [], "events": [], "over": null, "batsmanStatText": null, "bowlerStatText": null, "smartStats": []}, {"_uid": 35066358, "id": 35066358, "inningNumber": 1, "ballsActual": null, "ballsUnique": null, "oversUnique": 4.06, "oversActual": 4.6, "overNumber": 5, "ballNumber": 6, "totalRuns": 0, "batsmanRuns": 0, "isFour": false, "isSix": false, "isWicket": false, "dismissalType": null, "byes": 0, "legbyes": 0, "wides": 0, "noballs": 0, "penalties": 0, "wagonX": 169, "wagonY": 195, "wagonZone": 5, "pitchLine": "OUTSIDE_OFFSTUMP", "pitchLength": "FULL", "shotType": "PUSH", "shotControl": 1, "timestamp": "2021-10-23T14:23:15.000Z", "modified": "2021-10-23T14:23:19.000Z", "batsmanPlayerId": 45257, "bowlerPlayerId": 46597, "outPlayerId": null, "totalInningRuns": 27, "totalInningWickets": 3, "predictions": {"score": 151, "winProbability": 33.77}, "title": "Moeen Ali to Dwayne Bravo", "dismissalText": null, "commentPreTextItems": null, "commentTextItems": [{"type": "HTML", "html": "floated up slow outside off, uses his wrists to whip that back to the bowler"}], "commentPostTextItems": null, "commentVideos": [], "commentImages": [], "events": [], "over": {"team": {"id": 4, "objectId": 4, "scribeId": 4, "slug": "west-indies", "name": "West Indies", "longName": "West Indies", "abbreviation": "WI", "unofficialName": "", "imageUrl": "/db/PICTURES/CMS/317600/317615.png", "isCountry": true, "primaryColor": "#790d1a", "image": {"id": 317615, "objectId": 1254181, "slug": "west-indies-team-logo", "url": "/db/PICTURES/CMS/317600/317615.png", "width": 500, "height": 500, "caption": "West Indies team logo", "longCaption": "West Indies team logo", "credit": "West Indies Cricket", "photographer": null, "peerUrls": null}, "country": {"id": 4, "objectId": 4, "name": "West Indies", "shortName": "West Indies", "abbreviation": "WI", "slug": "west-indies"}}, "inningNumber": 1, "overNumber": 5, "overRuns": 8, "overWickets": 1, "totalRuns": 27, "totalWickets": 3, "target": 0, "overLimit": 20, "ballLimit": 120, "isMaiden": false, "isComplete": true, "isSuperOver": false, "overEndBatsmen": [{"player": {"id": 45257, "objectId": 51439, "name": "DJ Bravo", "longName": "Dwayne Bravo", "mobileName": "Dwayne Bravo", "indexName": "Bravo, DJ", "battingName": "DJ Bravo", "fieldingName": "Bravo", "slug": "dwayne-bravo", "imageUrl": "/db/PICTURES/CMS/309000/309099.png", "headshotImageUrl": "/db/PICTURES/CMS/320000/320092.png", "dateOfBirth": {"year": 1983, "month": 10, "date": 7}, "dateOfDeath": null, "gender": "M", "battingStyles": ["rhb"], "bowlingStyles": ["rm"], "longBattingStyles": ["right-hand bat"], "longBowlingStyles": ["right-arm medium"], "image": {"id": 309099, "objectId": 1232616, "slug": "dwayne-bravo-portrait", "url": "/db/PICTURES/CMS/309000/309099.png", "width": 160, "height": 200, "caption": "Dwayne Bravo portrait", "longCaption": "Dwayne Bravo portrait, September 2020", "credit": "Getty Images", "photographer": null, "peerUrls": null}, "countryTeamId": 4, "playerRoleTypeIds": [5], "playingRoles": ["allrounder"], "headshotImage": {"id": 320092, "objectId": 1260547, "slug": "dwayne-bravo-player-page-headshot-cutout-2021", "url": "/db/PICTURES/CMS/320000/320092.png", "width": 600, "height": 436, "caption": "Dwayne Bravo player page headshot cutout, 2021", "longCaption": "Dwayne Bravo player page headshot cutout, 2021", "credit": null, "photographer": null, "peerUrls": {"FILM": null, "WIDE": null, "SQUARE": "/db/PICTURES/CMS/320000/320092.square.png"}}}, "runs": 0, "balls": 2, "fours": 0, "sixes": 0}, {"player": {"id": 7568, "objectId": 51880, "name": "CH Gayle", "longName": "Chris Gayle", "mobileName": "Gayle", "indexName": "Gayle, CH", "battingName": "CH Gayle", "fieldingName": "Gayle", "slug": "chris-gayle", "imageUrl": "/db/PICTURES/CMS/309000/309058.png", "headshotImageUrl": "/db/PICTURES/CMS/316400/316494.png", "dateOfBirth": {"year": 1979, "month": 9, "date": 21}, "dateOfDeath": null, "gender": "M", "battingStyles": ["lhb"], "bowlingStyles": ["ob"], "longBattingStyles": ["left-hand bat"], "longBowlingStyles": ["right-arm offbreak"], "image": {"id": 309058, "objectId": 1232572, "slug": "chris-gayle-portrait", "url": "/db/PICTURES/CMS/309000/309058.png", "width": 160, "height": 200, "caption": "Chris Gayle portrait", "longCaption": "Chris Gayle portrait, September 2020", "credit": "Getty Images", "photographer": null, "peerUrls": null}, "countryTeamId": 4, "playerRoleTypeIds": [5], "playingRoles": ["allrounder"], "headshotImage": {"id": 316494, "objectId": 1251123, "slug": "ch-gayle-headshot", "url": "/db/PICTURES/CMS/316400/316494.png", "width": 600, "height": 436, "caption": "CH Gayle headshot", "longCaption": "CH Gayle headshot", "credit": null, "photographer": null, "peerUrls": {"FILM": null, "WIDE": null, "SQUARE": null}}}, "runs": 9, "balls": 7, "fours": 2, "sixes": 0}], "overEndBowlers": [{"player": {"id": 46597, "objectId": 8917, "name": "MM Ali", "longName": "Moeen Ali", "mobileName": "Moeen Ali", "indexName": "Ali, MM", "battingName": "MM Ali", "fieldingName": "Ali", "slug": "moeen-ali", "imageUrl": "/db/PICTURES/CMS/289600/289661.1.jpg", "headshotImageUrl": "/db/PICTURES/CMS/316500/316557.png", "dateOfBirth": {"year": 1987, "month": 6, "date": 18}, "dateOfDeath": null, "gender": "M", "battingStyles": ["lhb"], "bowlingStyles": ["ob"], "longBattingStyles": ["left-hand bat"], "longBowlingStyles": ["right-arm offbreak"], "image": {"id": 289661, "objectId": 1185617, "slug": "moeen-ali-player-portrait", "url": "/db/PICTURES/CMS/289600/289661.1.jpg", "width": 160, "height": 196, "caption": "Moeen Ali player portrait", "longCaption": "Moeen Ali player portrait", "credit": "Getty Images", "photographer": null, "peerUrls": null}, "countryTeamId": 1, "playerRoleTypeIds": [10], "playingRoles": ["batting allrounder"], "headshotImage": {"id": 316557, "objectId": 1251186, "slug": "mm-ali-headshot", "url": "/db/PICTURES/CMS/316500/316557.png", "width": 600, "height": 436, "caption": "MM Ali headshot", "longCaption": "MM Ali headshot", "credit": null, "photographer": null, "peerUrls": {"FILM": null, "WIDE": null, "SQUARE": null}}}, "overs": 3, "balls": 18, "maidens": 1, "conceded": 15, "wickets": 2, "currentType": 1}, {"player": {"id": 49496, "objectId": 247235, "name": "CR Woakes", "longName": "Chris Woakes", "mobileName": "Woakes", "indexName": "Woakes, CR", "battingName": "CR Woakes", "fieldingName": "Woakes", "slug": "chris-woakes", "imageUrl": "/db/PICTURES/CMS/304300/304336.jpg", "headshotImageUrl": "/db/PICTURES/CMS/316600/316603.png", "dateOfBirth": {"year": 1989, "month": 3, "date": 2}, "dateOfDeath": null, "gender": "M", "battingStyles": ["rhb"], "bowlingStyles": ["rfm"], "longBattingStyles": ["right-hand bat"], "longBowlingStyles": ["right-arm fast-medium"], "image": {"id": 304336, "objectId": 1223522, "slug": "chris-woakes-portrait", "url": "/db/PICTURES/CMS/304300/304336.jpg", "width": 160, "height": 200, "caption": "Chris Woakes portrait", "longCaption": "Chris Woakes, May 2020", "credit": "Getty Images", "photographer": null, "peerUrls": null}, "countryTeamId": 1, "playerRoleTypeIds": [5], "playingRoles": ["allrounder"], "headshotImage": {"id": 316603, "objectId": 1251234, "slug": "cr-woakes-headshot", "url": "/db/PICTURES/CMS/316600/316603.png", "width": 600, "height": 436, "caption": "CR Woakes headshot", "longCaption": "CR Woakes headshot", "credit": null, "photographer": null, "peerUrls": {"FILM": null, "WIDE": null, "SQUARE": null}}}, "overs": 2, "balls": 12, "maidens": 0, "conceded": 12, "wickets": 1, "currentType": 2}], "rollover": null}, "batsmanStatText": null, "bowlerStatText": null, "smartStats": []}]