[{"_uid": 35055442, "id": 35055442, "inningNumber": 1, "ballsActual": null, "ballsUnique": null, "oversUnique": 0.01, "oversActual": 0.1, "overNumber": 1, "ballNumber": 1, "totalRuns": 1, "batsmanRuns": 1, "isFour": false, "isSix": false, "isWicket": false, "dismissalType": null, "byes": 0, "legbyes": 0, "wides": 0, "noballs": 0, "penalties": 0, "wagonX": 117, "wagonY": 48, "wagonZone": 8, "pitchLine": "OUTSIDE_OFFSTUMP", "pitchLength": "FULL", "shotType": "ON_DRIVE", "shotControl": 2, "timestamp": null, "modified": "2021-10-21T14:02:13.000Z", "batsmanPlayerId": 87469, "bowlerPlayerId": 79841, "outPlayerId": null, "totalInningRuns": 1, "totalInningWickets": 0, "predictions": {"score": 155, "winProbability": 43.33}, "title": "Wheal to Aqib", "dismissalText": null, "commentPreTextItems": [{"type": "HTML", "html": "<B>6pm</B> Out come the players, Brad Wheal has the new ball. Aaqib Ilyas is taking guard. The players take a knee in support of Black Lives Matter. Let's play some knock-out cricket!"}, {"type": "HTML", "html": "<B>5.52pm</B> The sun has fully set in Muscat as the teams file out for the national anthems. Flower of Scotland had a good airing during Mahmudullah's press conference the other night... I trust their bellows are in good order once more."}, {"type": "HTML", "html": "\"And stood against them .. ['gainst who!] ... Proud Zeeshan's Army... etc...\" Full marks for effort, especially to the schoolkids on the big screen."}, {"type": "HTML", "html": "Now a change of pace of Oman's anthem ... Salute to the Sultan no less... and apparently the music was written ahead of a salute on board a British ship, HMS Hawkins, in 1932, according to Google anyway. The things you learn..."}, {"type": "HTML", "html": "Niloy: \"Is there a way Scotland loses but still qualifies?\" Hypothetically there is (or so the ICC commentators were intimating) but I strongly doubt it will be a factor. Bangladesh's NRR is off the scale after their rout of PNG earlier today."}, {"type": "HTML", "html": "<B>Time for the toss</B>... <B>Oman win the toss and ... bat</B>. \"We have to put up a good total and defend it,\" says Zeeshan. \"The pitch will play different in the second innings, a bit of spin, give freedom to our players...\" Two changes."}, {"type": "HTML", "html": "<B>Kyle Coetzer</B>: \"We would have been happy either day. Comfortable chasing.\" Alasdair Evans misses out, with Safyaan Sharif returning. \"We've got a real belief and togetherness among our group, having to win three games to top the group, if that's what we have to do, we are comfortable with that.\""}, {"type": "HTML", "html": "So, the die is cast. Can Oman pile on the runs in the Powerplay. And will the dew factor play to Scotland's advantage in the run-chase? Interesting that that hasn't been taken into account."}, {"type": "HTML", "html": "<B>Oman</B> 1 Aqib Ilyas, 2 Jatinder Singh, 3 Khawar Ali, 4 Zeeshan Maqsood (capt), 5 Kashyap Prajapati, 6 Naseem Khushi, 7 Mohammad Nadeem, 8 Suraj Kumar (wk), 9 Fayyaz Butt, 10 Sandeep Goud, 11 Bilal Khan"}, {"type": "HTML", "html": "<B>Scotland</B> 1 Kyle Coetzer (capt), 2 George Munsey, 3 Matthew Cross (wk), 4 Richie Berrington, 5 Calum MacLeod, 6 Mathew Leask, 7 Chris Greaves, 8 Mark Watt, 9 Josh Davey, 10 Safyaan Sharif 11 Brad Wheal"}, {"type": "HTML", "html": "<B>5.41pm</B> Greetings one and all. This is the most Scottish scenario imaginable isn't it? Play out of your skins for two games in a World Cup round-robin phase, only to be binned from the tournament on a tie-breaker in heartbreaking fashion... but this is cricket, not football... so there's a chance to change that narrative isn't there... isn't there?"}, {"type": "HTML", "html": "Not long for the toss. Time for me to say hello to Andrew Miller for the first time today."}, {"type": "HTML", "html": "Sudip B: \"It's really great to see the associate nations playing so well in big stages. As a cricket fan, I believe the game has not developed as it should, like football. Maybe one day, more and more countries will get enough opportunities to play cricket at a higher level on a regular basis.\" --- Actually at the T20 level, there's a lot many more countries playing this sport. And the fact that they do get a lot of games helps them gel together. The challenge is to get them playing the 'big teams' on a more regular basis."}, {"type": "HTML", "html": "Connor: \"Can scotland still go through if they lose? If they get bowled out but have a better run rate than Oman's innings?\" --- Nope, because in that case your run rate is considered as one having played all 20 overs."}, {"type": "HTML", "html": "\"What if Scotland wins tonight and top the group and also Ireland becomes second from other group or both teams Sri Lanka and Bangladesh will go to group 1\" --- Yup Nauman Ikram, that's the way it could roll out as well!<br><br><b>5.30 pm</b> Just to update you on what the teams now need to do, from our stats whiz S Rajesh: <b>Oman need to win by 79 runs to top the group. If Oman win by a smaller margin, they finish second. If Scotland win, they top the group</B><br><br>Shyam: \"NRR should not be a measure of comparison between two teams! Head to Head is a more realistic comparison i feel\" --- Don't disagree, though in this specific case it could still have boiled down to three teams with two wins apiece. I think the fairest situation is when the last round of games start at the same time.<br><br>Bimal: \"It is not just super 12 entry that is at stake for these teams but also a direct qualification into next T20 WC in Australia. Big pressure game for both teams!\"<br><br>Bangladesh have just taken PNG out for 97. Their qualification is <a href=\"https://www.espncricinfo.com/series/icc-men-s-t20-world-cup-2021-22-1267897/bangladesh-vs-papua-new-guinea-9th-match-first-round-group-b-1273720/live-cricket-score\">guaranteed</a> now.<br><br>Images coming through of the two teams warming up in the strip just outside the ground. Oman team in a reflective huddle, while some of the Scottish players are just getting a feel of the ball ahead of this big match. Scotland, remember, have two in two already. All that could count for nothing if they lose. If they win, though, they go through as group-toppers, which would have been a long shot at the start of this tournament, surely? They are chomping at the bits to create this slice of <a href=\"https://www.espncricinfo.com/story/t20-world-cup-scotland-eager-to-create-history-as-super-12s-spot-beckons-1284038\">history</a>.<br><br><b>5.08 pm</b> Just how good have Oman been? They were ruthless against PNG, and then seemed in control for large parts of the game against Bangladesh. Captain Zeeshan Maqsood did say afterwards that he would have fancied their chances of making it two wins in two if <a href=\"https://www.espncricinfo.com/story/oman-vs-ban-zeeshan-maqsood-rues-jatinder-singhs-dismissal-but-happy-to-have-put-bangladesh-under-pressure-1283947\">Jatinder Singh</a> could have carried on for longer.<br><br><strong>5 pm</strong> Hello and welcome to what are effectively the dying embers of Papua New Guinea's campaign at the T20 World Cup, but it gives way to a grandstand Group B finish between hosts Oman and Scotland. The winner goes through, pretty much, and joins Bangladesh from the look of things in the Super 12. Is it going to be the plucky home side? Or the very well-oiled Scottish unit? Andrew Miller joins me in the commentary box for this one. Let's get you into the groove with the <a href=\"https://www.espncricinfo.com/series/icc-men-s-t20-world-cup-2021-22-1267897/oman-vs-scotland-10th-match-first-round-group-b-1273721/match-preview\">preview</a>"}], "commentTextItems": [{"type": "HTML", "html": "swing from the outset, and a hard-handed jab takes a thick outside edge down to third man. Probing opening"}], "commentPostTextItems": null, "commentVideos": [], "commentImages": [], "events": [], "over": null, "batsmanStatText": null, "bowlerStatText": null, "smartStats": []}, {"_uid": 35055444, "id": 35055444, "inningNumber": 1, "ballsActual": null, "ballsUnique": null, "oversUnique": 0.02, "oversActual": 0.2, "overNumber": 1, "ballNumber": 2, "totalRuns": 0, "batsmanRuns": 0, "isFour": false, "isSix": false, "isWicket": true, "dismissalType": 4, "byes": 0, "legbyes": 0, "wides": 0, "noballs": 0, "penalties": 0, "wagonX": 209, "wagonY": 253, "wagonZone": 4, "pitchLine": "ON_THE_STUMPS", "pitchLength": "FULL", "shotType": "ON_DRIVE", "shotControl": 1, "timestamp": "2021-10-21T14:03:31.000Z", "modified": "2021-10-21T14:03:34.000Z", "batsmanPlayerId": 53016, "bowlerPlayerId": 79841, "outPlayerId": 53016, "totalInningRuns": 1, "totalInningWickets": 1, "predictions": {"score": 154, "winProbability": 42.24}, "title": "Wheal to Jatinder", "dismissalText": {"short": "run out", "long": "run out (Watt/\u2020Cross)", "commentary": "Jatinder Singh run out (Watt/\u2020Cross) 0 (1b 0x4 0x6 5m) SR: 0"}, "commentPreTextItems": null, "commentTextItems": [{"type": "HTML", "html": "very full, clipped to mid-on... <B>and a chaotic run-out!</B> Oh my word, it was so chaotic the cameras couldn't keep up. An automatic sprint to the far end, Ilyas didn't respond at all, and Cross had the luxury of strolling to the stumps to flick off the bails. Calamity! The main man is gone without scoring!"}], "commentPostTextItems": null, "commentVideos": [], "commentImages": [], "events": [], "over": null, "batsmanStatText": null, "bowlerStatText": null, "smartStats": []}, {"_uid": 35055447, "id": 35055447, "inningNumber": 1, "ballsActual": null, "ballsUnique": null, "oversUnique": 0.03, "oversActual": 0.3, "overNumber": 1, "ballNumber": 3, "totalRuns": 1, "batsmanRuns": 0, "isFour": false, "isSix": false, "isWicket": false, "dismissalType": null, "byes": 0, "legbyes": 1, "wides": 0, "noballs": 0, "penalties": 0, "wagonX": 0, "wagonY": 0, "wagonZone": 0, "pitchLine": "OUTSIDE_OFFSTUMP", "pitchLength": "SHORT_OF_A_GOOD_LENGTH", "shotType": "FLICK", "shotControl": 2, "timestamp": "2021-10-21T14:04:36.000Z", "modified": "2021-10-21T14:17:17.000Z", "batsmanPlayerId": 110059, "bowlerPlayerId": 79841, "outPlayerId": null, "totalInningRuns": 2, "totalInningWickets": 1, "predictions": {"score": 152, "winProbability": 40.07}, "title": "Wheal to Prajapati", "dismissalText": null, "commentPreTextItems": null, "commentTextItems": [{"type": "HTML", "html": "back of a length, thuds the pad and deflects to the leg side"}], "commentPostTextItems": null, "commentVideos": [], "commentImages": [], "events": [], "over": null, "batsmanStatText": null, "bowlerStatText": null, "smartStats": []}, {"_uid": 35055450, "id": 35055450, "inningNumber": 1, "ballsActual": null, "ballsUnique": null, "oversUnique": 0.04, "oversActual": 0.4, "overNumber": 1, "ballNumber": 4, "totalRuns": 0, "batsmanRuns": 0, "isFour": false, "isSix": false, "isWicket": false, "dismissalType": null, "byes": 0, "legbyes": 0, "wides": 0, "noballs": 0, "penalties": 0, "wagonX": 232, "wagonY": 195, "wagonZone": 3, "pitchLine": "ON_THE_STUMPS", "pitchLength": "GOOD_LENGTH", "shotType": "FLICK", "shotControl": 1, "timestamp": "2021-10-21T14:05:29.000Z", "modified": "2021-10-21T14:05:32.000Z", "batsmanPlayerId": 87469, "bowlerPlayerId": 79841, "outPlayerId": null, "totalInningRuns": 2, "totalInningWickets": 1, "predictions": {"score": 151, "winProbability": 38.99}, "title": "Wheal to Aqib", "dismissalText": null, "commentPreTextItems": [{"type": "HTML", "html": "Fine leg comes up for the new man"}], "commentTextItems": [{"type": "HTML", "html": "shaping into the pads, worked with the angle to the leg side"}], "commentPostTextItems": [{"type": "HTML", "html": "<b>In"}, {"type": "HTML", "html": "the USA, you can watch the game live on ESPN+ <a href=\"https://www.espn.com/watch/player/_/id/49631295-4cba-49e7-8e1c-5d344951f66a/country/us/redirected/true\">in English</a> and <a href=\"https://www.espn.com/watch/player/_/id/11097b66-78bb-4622-bd97-2d4602083473/country/us/redirected/true\">in Hindi</a>.</b>"}], "commentVideos": [], "commentImages": [], "events": [], "over": null, "batsmanStatText": null, "bowlerStatText": null, "smartStats": []}, {"_uid": 35055451, "id": 35055451, "inningNumber": 1, "ballsActual": null, "ballsUnique": null, "oversUnique": 0.05, "oversActual": 0.5, "overNumber": 1, "ballNumber": 5, "totalRuns": 6, "batsmanRuns": 6, "isFour": false, "isSix": true, "isWicket": false, "dismissalType": null, "byes": 0, "legbyes": 0, "wides": 0, "noballs": 0, "penalties": 0, "wagonX": 307, "wagonY": 56, "wagonZone": 2, "pitchLine": "ON_THE_STUMPS", "pitchLength": "GOOD_LENGTH", "shotType": "FLICK", "shotControl": 1, "timestamp": "2021-10-21T14:06:02.000Z", "modified": "2021-10-21T14:06:05.000Z", "batsmanPlayerId": 87469, "bowlerPlayerId": 79841, "outPlayerId": null, "totalInningRuns": 8, "totalInningWickets": 1, "predictions": {"score": 156, "winProbability": 44.43}, "title": "Wheal to Aqib", "dismissalText": null, "commentPreTextItems": null, "commentTextItems": [{"type": "HTML", "html": "<B>flicked dismissively high off the pads!</B> That's a connection and a half, deep in the crease, whipping with the angle, high and mighty over fine leg!"}], "commentPostTextItems": null, "commentVideos": [], "commentImages": [], "events": [], "over": null, "batsmanStatText": null, "bowlerStatText": null, "smartStats": []}, {"_uid": 35055452, "id": 35055452, "inningNumber": 1, "ballsActual": null, "ballsUnique": null, "oversUnique": 0.06, "oversActual": 0.6, "overNumber": 1, "ballNumber": 6, "totalRuns": 0, "batsmanRuns": 0, "isFour": false, "isSix": false, "isWicket": false, "dismissalType": null, "byes": 0, "legbyes": 0, "wides": 0, "noballs": 0, "penalties": 0, "wagonX": 183, "wagonY": 186, "wagonZone": 4, "pitchLine": "OUTSIDE_OFFSTUMP", "pitchLength": "GOOD_LENGTH", "shotType": "DEFENDED", "shotControl": 1, "timestamp": "2021-10-21T14:06:51.000Z", "modified": "2021-10-21T14:06:54.000Z", "batsmanPlayerId": 87469, "bowlerPlayerId": 79841, "outPlayerId": null, "totalInningRuns": 8, "totalInningWickets": 1, "predictions": {"score": 155, "winProbability": 43.33}, "title": "Wheal to Aqib", "dismissalText": null, "commentPreTextItems": null, "commentTextItems": [{"type": "HTML", "html": "good finish, tight line and length, bending in to off stump and blocked back down the pitch. An all-action first over!"}], "commentPostTextItems": null, "commentVideos": [], "commentImages": [], "events": [], "over": {"team": {"id": 37, "objectId": 37, "scribeId": 37, "slug": "oman", "name": "Oman", "longName": "Oman", "abbreviation": "OMA", "unofficialName": "", "imageUrl": "/db/PICTURES/CMS/358500/358573.png", "isCountry": true, "primaryColor": null, "image": {"id": 358573, "objectId": 1370493, "slug": "oman-flag-team-logo", "url": "/db/PICTURES/CMS/358500/358573.png", "width": 500, "height": 500, "caption": "Oman flag team logo", "longCaption": "Oman flag team logo", "credit": "Unknown", "photographer": null, "peerUrls": null}, "country": {"id": 37, "objectId": 37, "name": "Oman", "shortName": "Oman", "abbreviation": "OMA", "slug": "oman"}}, "inningNumber": 1, "overNumber": 1, "overRuns": 8, "overWickets": 1, "totalRuns": 8, "totalWickets": 1, "target": 0, "overLimit": 20, "ballLimit": 120, "isMaiden": false, "isComplete": true, "isSuperOver": false, "overEndBatsmen": [{"player": {"id": 87469, "objectId": 940593, "name": "Aqib Ilyas", "longName": "Aqib Ilyas", "mobileName": "Aqib", "indexName": "Aqib Ilyas", "battingName": "Aqib Ilyas", "fieldingName": "Aqib Ilyas", "slug": "aqib-ilyas", "imageUrl": "/db/PICTURES/CMS/257900/257905.1.jpg", "headshotImageUrl": "/db/PICTURES/CMS/321700/321767.png", "dateOfBirth": {"year": 1992, "month": 9, "date": 5}, "dateOfDeath": null, "gender": "M", "battingStyles": ["rhb"], "bowlingStyles": ["ob", "lbg"], "longBattingStyles": ["right-hand bat"], "longBowlingStyles": ["right-arm offbreak", "legbreak googly"], "image": {"id": 257905, "objectId": 1078253, "slug": "aaqib-illyas-player-portrait", "url": "/db/PICTURES/CMS/257900/257905.1.jpg", "width": 160, "height": 206, "caption": "Aaqib Illyas player portrait", "longCaption": "Aaqib Illyas player portrait", "credit": "Oman Cricket", "photographer": null, "peerUrls": null}, "countryTeamId": 37, "playerRoleTypeIds": [2], "playingRoles": ["top-order batter"], "headshotImage": {"id": 321767, "objectId": 1263923, "slug": "aqib-ilyas-sulehri-player-page-headshot-cutout-2021", "url": "/db/PICTURES/CMS/321700/321767.png", "width": 600, "height": 436, "caption": "Aqib Ilyas Sulehri player page headshot cutout, 2021", "longCaption": "Aqib Ilyas Sulehri player page headshot cutout, 2021", "credit": null, "photographer": null, "peerUrls": {"FILM": null, "WIDE": null, "SQUARE": "/db/PICTURES/CMS/321700/321767.square.png"}}}, "runs": 7, "balls": 4, "fours": 0, "sixes": 1}, {"player": {"id": 110059, "objectId": 1276719, "name": "KH Prajapati", "longName": "Kashyap Prajapati", "mobileName": "Prajapati", "indexName": "Prajapati,KH", "battingName": "KH Prajapati", "fieldingName": "Prajapati", "slug": "kashyap-prajapati", "imageUrl": "/db/PICTURES/CMS/362500/362500.4.jpg", "headshotImageUrl": null, "dateOfBirth": {"year": 1995, "month": 10, "date": 11}, "dateOfDeath": null, "gender": "M", "battingStyles": ["rhb"], "bowlingStyles": ["ob"], "longBattingStyles": ["right-hand bat"], "longBowlingStyles": ["right-arm offbreak"], "image": {"id": 362500, "objectId": 1383183, "slug": "kashyap-prajapati-player-portrait", "url": "/db/PICTURES/CMS/362500/362500.4.jpg", "width": 160, "height": 272, "caption": "Kashyap Prajapati, player portrait", "longCaption": "Kashyap Prajapati, player portrait", "credit": null, "photographer": null, "peerUrls": null}, "countryTeamId": 37, "playerRoleTypeIds": [2], "playingRoles": ["top-order batter"], "headshotImage": null}, "runs": 0, "balls": 1, "fours": 0, "sixes": 0}], "overEndBowlers": [{"player": {"id": 79841, "objectId": 807535, "name": "BTJ Wheal", "longName": "Brad Wheal", "mobileName": "Wheal", "indexName": "Wheal, BTJ", "battingName": "BTJ Wheal", "fieldingName": "Wheal", "slug": "brad-wheal", "imageUrl": "/db/PICTURES/CMS/322400/322436.png", "headshotImageUrl": "/db/PICTURES/CMS/322400/322436.png", "dateOfBirth": {"year": 1996, "month": 8, "date": 28}, "dateOfDeath": null, "gender": "M", "battingStyles": ["rhb"], "bowlingStyles": ["rfm"], "longBattingStyles": ["right-hand bat"], "longBowlingStyles": ["right-arm fast-medium"], "image": {"id": 322436, "objectId": 1265117, "slug": "bradley-wheal-player-page-headshot-cutout-2021", "url": "/db/PICTURES/CMS/322400/322436.png", "width": 600, "height": 436, "caption": "Bradley Wheal player page headshot cutout, 2021", "longCaption": "Bradley Wheal player page headshot cutout, 2021", "credit": null, "photographer": null, "peerUrls": null}, "countryTeamId": 30, "playerRoleTypeIds": [4], "playingRoles": ["bowler"], "headshotImage": {"id": 322436, "objectId": 1265117, "slug": "bradley-wheal-player-page-headshot-cutout-2021", "url": "/db/PICTURES/CMS/322400/322436.png", "width": 600, "height": 436, "caption": "Bradley Wheal player page headshot cutout, 2021", "longCaption": "Bradley Wheal player page headshot cutout, 2021", "credit": null, "photographer": null, "peerUrls": {"FILM": null, "WIDE": null, "SQUARE": "/db/PICTURES/CMS/322400/322436.square.png"}}}, "overs": 1, "balls": 6, "maidens": 0, "conceded": 7, "wickets": 0, "currentType": 1}], "rollover": null}, "batsmanStatText": null, "bowlerStatText": null, "smartStats": []}]