[{"_uid": 35112978, "id": 35112978, "inningNumber": 1, "ballsActual": null, "ballsUnique": null, "oversUnique": 7.01, "oversActual": 7.1, "overNumber": 8, "ballNumber": 1, "totalRuns": 1, "batsmanRuns": 1, "isFour": false, "isSix": false, "isWicket": false, "dismissalType": null, "byes": 0, "legbyes": 0, "wides": 0, "noballs": 0, "penalties": 0, "wagonX": 46, "wagonY": 262, "wagonZone": 6, "pitchLine": "ON_THE_STUMPS", "pitchLength": "SHORT_OF_A_GOOD_LENGTH", "shotType": "PULL", "shotControl": 1, "timestamp": "2021-10-28T14:35:01.000Z", "modified": "2021-10-28T14:35:04.000Z", "batsmanPlayerId": 78229, "bowlerPlayerId": 58435, "outPlayerId": null, "totalInningRuns": 61, "totalInningWickets": 1, "predictions": {"score": 166, "winProbability": 56.79}, "title": "Zampa to Asalanka", "dismissalText": null, "commentPreTextItems": [{"type": "HTML", "html": "Zampa"}], "commentTextItems": [{"type": "HTML", "html": "back of a length, and he goes back and plays it with the turn towards deep mid-wicket"}], "commentPostTextItems": null, "commentVideos": [], "commentImages": [], "events": [], "over": null, "batsmanStatText": null, "bowlerStatText": null, "smartStats": []}, {"_uid": 35112981, "id": 35112981, "inningNumber": 1, "ballsActual": null, "ballsUnique": null, "oversUnique": 7.02, "oversActual": 7.2, "overNumber": 8, "ballNumber": 2, "totalRuns": 0, "batsmanRuns": 0, "isFour": false, "isSix": false, "isWicket": false, "dismissalType": null, "byes": 0, "legbyes": 0, "wides": 0, "noballs": 0, "penalties": 0, "wagonX": 0, "wagonY": 0, "wagonZone": 0, "pitchLine": "ON_THE_STUMPS", "pitchLength": "GOOD_LENGTH", "shotType": "FLICK", "shotControl": 2, "timestamp": "2021-10-28T14:35:44.000Z", "modified": "2021-10-28T14:36:53.000Z", "batsmanPlayerId": 52373, "bowlerPlayerId": 58435, "outPlayerId": null, "totalInningRuns": 61, "totalInningWickets": 1, "predictions": {"score": 165, "winProbability": 55.7}, "title": "Zampa to Perera", "dismissalText": null, "commentPreTextItems": null, "commentTextItems": [{"type": "HTML", "html": "fullish, turns across him and traps him in front. Probably did too much, but what a great ball from Zampa. Caught him completely off-balance"}], "commentPostTextItems": [{"type": "HTML", "html": "KD: \"Guess u haven't heard the Jamaican anthem then. It's a thing if beauty\""}], "commentVideos": [], "commentImages": [], "events": [], "over": null, "batsmanStatText": null, "bowlerStatText": null, "smartStats": []}, {"_uid": 35112982, "id": 35112982, "inningNumber": 1, "ballsActual": null, "ballsUnique": null, "oversUnique": 7.03, "oversActual": 7.3, "overNumber": 8, "ballNumber": 3, "totalRuns": 0, "batsmanRuns": 0, "isFour": false, "isSix": false, "isWicket": false, "dismissalType": null, "byes": 0, "legbyes": 0, "wides": 0, "noballs": 0, "penalties": 0, "wagonX": 216, "wagonY": 112, "wagonZone": 1, "pitchLine": "OUTSIDE_OFFSTUMP", "pitchLength": "FULL", "shotType": "REVERSE_SWEEP", "shotControl": 1, "timestamp": "2021-10-28T14:36:07.000Z", "modified": "2021-10-28T14:36:11.000Z", "batsmanPlayerId": 52373, "bowlerPlayerId": 58435, "outPlayerId": null, "totalInningRuns": 61, "totalInningWickets": 1, "predictions": {"score": 164, "winProbability": 54.61}, "title": "Zampa to Perera", "dismissalText": null, "commentPreTextItems": null, "commentTextItems": [{"type": "HTML", "html": "pulls out the reverse sweep, but gets it to short third on the bounce"}], "commentPostTextItems": null, "commentVideos": [], "commentImages": [], "events": [], "over": null, "batsmanStatText": null, "bowlerStatText": null, "smartStats": []}, {"_uid": 35112986, "id": 35112986, "inningNumber": 1, "ballsActual": null, "ballsUnique": null, "oversUnique": 7.04, "oversActual": 7.4, "overNumber": 8, "ballNumber": 4, "totalRuns": 1, "batsmanRuns": 1, "isFour": false, "isSix": false, "isWicket": false, "dismissalType": null, "byes": 0, "legbyes": 0, "wides": 0, "noballs": 0, "penalties": 0, "wagonX": 76, "wagonY": 98, "wagonZone": 7, "pitchLine": "DOWN_LEG", "pitchLength": "FULL", "shotType": "FLICK", "shotControl": 1, "timestamp": "2021-10-28T14:36:30.000Z", "modified": "2021-10-28T14:36:34.000Z", "batsmanPlayerId": 52373, "bowlerPlayerId": 58435, "outPlayerId": null, "totalInningRuns": 62, "totalInningWickets": 1, "predictions": {"score": 163, "winProbability": 53.51}, "title": "Zampa to Perera", "dismissalText": null, "commentPreTextItems": null, "commentTextItems": [{"type": "HTML", "html": "full, around leg, and he works it away towards deep square leg"}], "commentPostTextItems": null, "commentVideos": [], "commentImages": [], "events": [], "over": null, "batsmanStatText": null, "bowlerStatText": null, "smartStats": []}, {"_uid": 35112988, "id": 35112988, "inningNumber": 1, "ballsActual": null, "ballsUnique": null, "oversUnique": 7.05, "oversActual": 7.5, "overNumber": 8, "ballNumber": 5, "totalRuns": 1, "batsmanRuns": 1, "isFour": false, "isSix": false, "isWicket": false, "dismissalType": null, "byes": 0, "legbyes": 0, "wides": 0, "noballs": 0, "penalties": 0, "wagonX": 148, "wagonY": 192, "wagonZone": 6, "pitchLine": "DOWN_LEG", "pitchLength": "GOOD_LENGTH", "shotType": "FLICK", "shotControl": 1, "timestamp": "2021-10-28T14:36:59.000Z", "modified": "2021-10-28T14:37:02.000Z", "batsmanPlayerId": 78229, "bowlerPlayerId": 58435, "outPlayerId": null, "totalInningRuns": 63, "totalInningWickets": 1, "predictions": {"score": 163, "winProbability": 53.51}, "title": "Zampa to Asalanka", "dismissalText": null, "commentPreTextItems": [{"type": "HTML", "html": "Hamdan M: \"@debayansen how the pitch seems ? Anything available for spinners ? Can Theekshana and Hasaranga run through Aussies batting order ?\" -- No great help yet. But they do bother batters with deception in the air, right?"}], "commentTextItems": [{"type": "HTML", "html": "works it away towards midwicket after plonking his front leg"}], "commentPostTextItems": null, "commentVideos": [], "commentImages": [], "events": [], "over": null, "batsmanStatText": null, "bowlerStatText": null, "smartStats": []}, {"_uid": 35112990, "id": 35112990, "inningNumber": 1, "ballsActual": null, "ballsUnique": null, "oversUnique": 7.06, "oversActual": 7.6, "overNumber": 8, "ballNumber": 6, "totalRuns": 1, "batsmanRuns": 1, "isFour": false, "isSix": false, "isWicket": false, "dismissalType": null, "byes": 0, "legbyes": 0, "wides": 0, "noballs": 0, "penalties": 0, "wagonX": 85, "wagonY": 271, "wagonZone": 5, "pitchLine": "ON_THE_STUMPS", "pitchLength": "GOOD_LENGTH", "shotType": "PUSH", "shotControl": 1, "timestamp": "2021-10-28T14:37:28.000Z", "modified": "2021-10-28T14:37:31.000Z", "batsmanPlayerId": 52373, "bowlerPlayerId": 58435, "outPlayerId": null, "totalInningRuns": 64, "totalInningWickets": 1, "predictions": {"score": 163, "winProbability": 53.51}, "title": "Zampa to Perera", "dismissalText": null, "commentPreTextItems": null, "commentTextItems": [{"type": "HTML", "html": "pushed with the turn towards long-on"}], "commentPostTextItems": null, "commentVideos": [], "commentImages": [], "events": [], "over": {"team": {"id": 8, "objectId": 8, "scribeId": 8, "slug": "sri-lanka", "name": "Sri Lanka", "longName": "Sri Lanka", "abbreviation": "SL", "unofficialName": "", "imageUrl": "/db/PICTURES/CMS/340000/340047.png", "isCountry": true, "primaryColor": "#203d89", "image": {"id": 340047, "objectId": 1316921, "slug": "sri-lanka-team-flag", "url": "/db/PICTURES/CMS/340000/340047.png", "width": 500, "height": 500, "caption": "Sri Lanka team flag", "longCaption": "Sri Lanka team flag", "credit": "Google", "photographer": null, "peerUrls": null}, "country": {"id": 8, "objectId": 8, "name": "Sri Lanka", "shortName": "Sri Lanka", "abbreviation": "SL", "slug": "sri-lanka"}}, "inningNumber": 1, "overNumber": 8, "overRuns": 4, "overWickets": 0, "totalRuns": 64, "totalWickets": 1, "target": 0, "overLimit": 20, "ballLimit": 120, "isMaiden": false, "isComplete": true, "isSuperOver": false, "overEndBatsmen": [{"player": {"id": 52373, "objectId": 300631, "name": "MDKJ Perera", "longName": "Kusal Perera", "mobileName": "Perera", "indexName": "Perera, MDKJ", "battingName": "MDKJ Perera", "fieldingName": "Perera", "slug": "kusal-perera", "imageUrl": "/db/PICTURES/CMS/263600/263669.1.png", "headshotImageUrl": "/db/PICTURES/CMS/329700/329750.png", "dateOfBirth": {"year": 1990, "month": 8, "date": 17}, "dateOfDeath": null, "gender": "M", "battingStyles": ["lhb"], "bowlingStyles": [], "longBattingStyles": ["left-hand bat"], "longBowlingStyles": [], "image": {"id": 263669, "objectId": 1099826, "slug": "kusal-perera-portrait", "url": "/db/PICTURES/CMS/263600/263669.1.png", "width": 160, "height": 200, "caption": "Kusal Perera portrait", "longCaption": null, "credit": "Getty Images", "photographer": null, "peerUrls": null}, "countryTeamId": 8, "playerRoleTypeIds": [7], "playingRoles": ["wicketkeeper batter"], "headshotImage": {"id": 329750, "objectId": 1286744, "slug": "kusal-perera-player-page-headshot-cutout-2021", "url": "/db/PICTURES/CMS/329700/329750.png", "width": 600, "height": 436, "caption": "Kusal Perera player page headshot cutout 2021", "longCaption": "Kusal Perera player page headshot cutout 2021", "credit": null, "photographer": null, "peerUrls": {"FILM": null, "WIDE": null, "SQUARE": "/db/PICTURES/CMS/329700/329750.square.png"}}}, "runs": 17, "balls": 17, "fours": 2, "sixes": 0}, {"player": {"id": 78229, "objectId": 784367, "name": "KIC Asalanka", "longName": "Charith Asalanka", "mobileName": "Asalanka", "indexName": "Asalanka, KIC", "battingName": "KIC Asalanka", "fieldingName": "Asalanka", "slug": "charith-asalanka", "imageUrl": "/db/PICTURES/CMS/348100/348128.4.jpg", "headshotImageUrl": "/db/PICTURES/CMS/348500/348599.png", "dateOfBirth": {"year": 1997, "month": 6, "date": 29}, "dateOfDeath": null, "gender": "M", "battingStyles": ["lhb"], "bowlingStyles": ["ob"], "longBattingStyles": ["left-hand bat"], "longBowlingStyles": ["right-arm offbreak"], "image": {"id": 348128, "objectId": 1341438, "slug": "charith-asalanka-player-portrait", "url": "/db/PICTURES/CMS/348100/348128.4.jpg", "width": 160, "height": 225, "caption": "Charith Asalanka, player portrait", "longCaption": "Charith Asalanka, player portrait", "credit": "ICC/Getty Images", "photographer": "Matt King", "peerUrls": null}, "countryTeamId": 8, "playerRoleTypeIds": [10], "playingRoles": ["batting allrounder"], "headshotImage": {"id": 348599, "objectId": 1342892, "slug": "charith-asalanka-player-page-headshot-cutout-2022", "url": "/db/PICTURES/CMS/348500/348599.png", "width": 600, "height": 436, "caption": "Charith Asalanka, player page headshot cutout 2022", "longCaption": "Charith Asalanka, player page headshot cutout 2022", "credit": null, "photographer": null, "peerUrls": {"FILM": null, "WIDE": null, "SQUARE": "/db/PICTURES/CMS/348500/348599.square.png"}}}, "runs": 33, "balls": 23, "fours": 4, "sixes": 1}], "overEndBowlers": [{"player": {"id": 58435, "objectId": 379504, "name": "A Zampa", "longName": "Adam Zampa", "mobileName": "Zampa", "indexName": "Zampa, A", "battingName": "A Zampa", "fieldingName": "Zampa", "slug": "adam-zampa", "imageUrl": "/db/PICTURES/CMS/263500/263543.1.jpg", "headshotImageUrl": "/db/PICTURES/CMS/321500/321549.png", "dateOfBirth": {"year": 1992, "month": 3, "date": 31}, "dateOfDeath": null, "gender": "M", "battingStyles": ["rhb"], "bowlingStyles": ["lbg"], "longBattingStyles": ["right-hand bat"], "longBowlingStyles": ["legbreak googly"], "image": {"id": 263543, "objectId": 1099536, "slug": "adam-zampa", "url": "/db/PICTURES/CMS/263500/263543.1.jpg", "width": 160, "height": 200, "caption": "Adam Zampa", "longCaption": "Adam Zampa", "credit": "Getty Images", "photographer": null, "peerUrls": null}, "countryTeamId": 2, "playerRoleTypeIds": [4], "playingRoles": ["bowler"], "headshotImage": {"id": 321549, "objectId": 1263442, "slug": "adam-zampa-player-page-headshot-cutout-2021", "url": "/db/PICTURES/CMS/321500/321549.png", "width": 600, "height": 436, "caption": "Adam Zampa player page headshot cutout, 2021", "longCaption": "Adam Zampa player page headshot cutout, 2021", "credit": null, "photographer": null, "peerUrls": {"FILM": null, "WIDE": null, "SQUARE": "/db/PICTURES/CMS/321500/321549.square.png"}}}, "overs": 1, "balls": 6, "maidens": 0, "conceded": 4, "wickets": 0, "currentType": 1}, {"player": {"id": 54212, "objectId": 325012, "name": "MP Stoinis", "longName": "Marcus Stoinis", "mobileName": "Stoinis", "indexName": "Stoinis, MP", "battingName": "MP Stoinis", "fieldingName": "Stoinis", "slug": "marcus-stoinis", "imageUrl": "/db/PICTURES/CMS/309100/309100.jpg", "headshotImageUrl": "/db/PICTURES/CMS/321500/321596.png", "dateOfBirth": {"year": 1989, "month": 8, "date": 16}, "dateOfDeath": null, "gender": "M", "battingStyles": ["rhb"], "bowlingStyles": ["rm"], "longBattingStyles": ["right-hand bat"], "longBowlingStyles": ["right-arm medium"], "image": {"id": 309100, "objectId": 1232617, "slug": "marcus-stoinis-portrait", "url": "/db/PICTURES/CMS/309100/309100.jpg", "width": 160, "height": 200, "caption": "Marcus Stoinis portrait", "longCaption": "Marcus Stoinis portrait, September 2020", "credit": "Getty Images", "photographer": null, "peerUrls": null}, "countryTeamId": 2, "playerRoleTypeIds": [10], "playingRoles": ["batting allrounder"], "headshotImage": {"id": 321596, "objectId": 1263530, "slug": "marcus-stoinis-player-page-headshot-cutout-2021", "url": "/db/PICTURES/CMS/321500/321596.png", "width": 600, "height": 436, "caption": "Marcus Stoinis player page headshot cutout, 2021", "longCaption": "Marcus Stoinis player page headshot cutout, 2021", "credit": null, "photographer": null, "peerUrls": {"FILM": null, "WIDE": null, "SQUARE": "/db/PICTURES/CMS/321500/321596.square.png"}}}, "overs": 1, "balls": 6, "maidens": 0, "conceded": 7, "wickets": 0, "currentType": 2}], "rollover": null}, "batsmanStatText": null, "bowlerStatText": null, "smartStats": []}, {"_uid": 35112995, "id": 35112995, "inningNumber": 1, "ballsActual": null, "ballsUnique": null, "oversUnique": 8.01, "oversActual": 8.1, "overNumber": 9, "ballNumber": 1, "totalRuns": 1, "batsmanRuns": 1, "isFour": false, "isSix": false, "isWicket": false, "dismissalType": null, "byes": 0, "legbyes": 0, "wides": 0, "noballs": 0, "penalties": 0, "wagonX": 253, "wagonY": 310, "wagonZone": 4, "pitchLine": "ON_THE_STUMPS", "pitchLength": "FULL_TOSS", "shotType": "ON_DRIVE", "shotControl": 1, "timestamp": "2021-10-28T14:38:41.000Z", "modified": "2021-10-28T14:38:44.000Z", "batsmanPlayerId": 52373, "bowlerPlayerId": 54212, "outPlayerId": null, "totalInningRuns": 65, "totalInningWickets": 1, "predictions": {"score": 164, "winProbability": 54.61}, "title": "Stoinis to Perera", "dismissalText": null, "commentPreTextItems": [{"type": "HTML", "html": "Sheldon Smith: \"Fearless batting from Sri Lanka. If they get 170 Australia may be in a bit of trouble against their spinners\""}], "commentTextItems": [{"type": "HTML", "html": "full again. Driven to long-off to bring up the <strong>50 partnership</strong>"}], "commentPostTextItems": null, "commentVideos": [], "commentImages": [], "events": [], "over": null, "batsmanStatText": null, "bowlerStatText": null, "smartStats": []}, {"_uid": 35113000, "id": 35113000, "inningNumber": 1, "ballsActual": null, "ballsUnique": null, "oversUnique": 8.02, "oversActual": 8.2, "overNumber": 9, "ballNumber": 2, "totalRuns": 0, "batsmanRuns": 0, "isFour": false, "isSix": false, "isWicket": false, "dismissalType": null, "byes": 0, "legbyes": 0, "wides": 0, "noballs": 0, "penalties": 0, "wagonX": 0, "wagonY": 0, "wagonZone": 0, "pitchLine": "ON_THE_STUMPS", "pitchLength": "SHORT", "shotType": "PULL", "shotControl": 2, "timestamp": "2021-10-28T14:39:20.000Z", "modified": "2021-10-28T14:39:35.000Z", "batsmanPlayerId": 78229, "bowlerPlayerId": 54212, "outPlayerId": null, "totalInningRuns": 65, "totalInningWickets": 1, "predictions": {"score": 162, "winProbability": 52.4}, "title": "Stoinis to Asalanka", "dismissalText": null, "commentPreTextItems": null, "commentTextItems": [{"type": "HTML", "html": "banged in short, and goes across Asalanka. Taken by surprise, from the look of things, and as a result, can't get his bat around to play the hook"}], "commentPostTextItems": [{"type": "HTML", "html": "Rakib: \"Talking about anthems, one should just agree that every anthem comes third, after the two by Tagore.\""}], "commentVideos": [], "commentImages": [], "events": [], "over": null, "batsmanStatText": null, "bowlerStatText": null, "smartStats": []}, {"_uid": 35113003, "id": 35113003, "inningNumber": 1, "ballsActual": null, "ballsUnique": null, "oversUnique": 8.03, "oversActual": 8.3, "overNumber": 9, "ballNumber": 3, "totalRuns": 1, "batsmanRuns": 1, "isFour": false, "isSix": false, "isWicket": false, "dismissalType": null, "byes": 0, "legbyes": 0, "wides": 0, "noballs": 0, "penalties": 0, "wagonX": 320, "wagonY": 200, "wagonZone": 3, "pitchLine": "ON_THE_STUMPS", "pitchLength": "SHORT_OF_A_GOOD_LENGTH", "shotType": "CUT_SHOT", "shotControl": 1, "timestamp": "2021-10-28T14:40:00.000Z", "modified": "2021-10-28T14:40:04.000Z", "batsmanPlayerId": 78229, "bowlerPlayerId": 54212, "outPlayerId": null, "totalInningRuns": 66, "totalInningWickets": 1, "predictions": {"score": 162, "winProbability": 52.4}, "title": "Stoinis to Asalanka", "dismissalText": null, "commentPreTextItems": null, "commentTextItems": [{"type": "HTML", "html": "cuts a length ball away towards deep point"}], "commentPostTextItems": null, "commentVideos": [], "commentImages": [], "events": [], "over": null, "batsmanStatText": null, "bowlerStatText": null, "smartStats": []}, {"_uid": 35113007, "id": 35113007, "inningNumber": 1, "ballsActual": null, "ballsUnique": null, "oversUnique": 8.04, "oversActual": 8.4, "overNumber": 9, "ballNumber": 4, "totalRuns": 4, "batsmanRuns": 4, "isFour": true, "isSix": false, "isWicket": false, "dismissalType": null, "byes": 0, "legbyes": 0, "wides": 0, "noballs": 0, "penalties": 0, "wagonX": 317, "wagonY": 302, "wagonZone": 3, "pitchLine": "OUTSIDE_OFFSTUMP", "pitchLength": "GOOD_LENGTH", "shotType": "COVER_DRIVE", "shotControl": 1, "timestamp": "2021-10-28T14:40:49.000Z", "modified": "2021-10-28T14:40:53.000Z", "batsmanPlayerId": 52373, "bowlerPlayerId": 54212, "outPlayerId": null, "totalInningRuns": 70, "totalInningWickets": 1, "predictions": {"score": 165, "winProbability": 55.7}, "title": "Stoinis to Perera", "dismissalText": null, "commentPreTextItems": null, "commentTextItems": [{"type": "HTML", "html": "slower ball, but wide. He picks this up, and slaps this wide of extra cover. Muscled away, towards the long side of the boundary. Just too wide from Stoinis, and duly punished!"}], "commentPostTextItems": null, "commentVideos": [], "commentImages": [], "events": [], "over": null, "batsmanStatText": null, "bowlerStatText": null, "smartStats": []}, {"_uid": 35113010, "id": 35113010, "inningNumber": 1, "ballsActual": null, "ballsUnique": null, "oversUnique": 8.05, "oversActual": 8.5, "overNumber": 9, "ballNumber": 5, "totalRuns": 4, "batsmanRuns": 4, "isFour": true, "isSix": false, "isWicket": false, "dismissalType": null, "byes": 0, "legbyes": 0, "wides": 0, "noballs": 0, "penalties": 0, "wagonX": 341, "wagonY": 94, "wagonZone": 2, "pitchLine": "OUTSIDE_OFFSTUMP", "pitchLength": "FULL", "shotType": "SQUARE_DRIVE", "shotControl": 1, "timestamp": "2021-10-28T14:41:30.000Z", "modified": "2021-10-28T14:41:34.000Z", "batsmanPlayerId": 52373, "bowlerPlayerId": 54212, "outPlayerId": null, "totalInningRuns": 74, "totalInningWickets": 1, "predictions": {"score": 168, "winProbability": 58.95}, "title": "Stoinis to Perera", "dismissalText": null, "commentPreTextItems": null, "commentTextItems": [{"type": "HTML", "html": "full, but a bit of width again. Opens the face of the blade and guides it with the pace towards backward point. <strong>Perera is warming up nicely here</strong>!"}], "commentPostTextItems": null, "commentVideos": [], "commentImages": [], "events": [], "over": null, "batsmanStatText": null, "bowlerStatText": null, "smartStats": []}, {"_uid": 35113012, "id": 35113012, "inningNumber": 1, "ballsActual": null, "ballsUnique": null, "oversUnique": 8.06, "oversActual": 8.6, "overNumber": 9, "ballNumber": 6, "totalRuns": 1, "batsmanRuns": 1, "isFour": false, "isSix": false, "isWicket": false, "dismissalType": null, "byes": 0, "legbyes": 0, "wides": 0, "noballs": 0, "penalties": 0, "wagonX": 113, "wagonY": 157, "wagonZone": 7, "pitchLine": "OUTSIDE_OFFSTUMP", "pitchLength": "YORKER", "shotType": "FLICK", "shotControl": 1, "timestamp": "2021-10-28T14:42:10.000Z", "modified": "2021-10-28T14:42:14.000Z", "batsmanPlayerId": 52373, "bowlerPlayerId": 54212, "outPlayerId": null, "totalInningRuns": 75, "totalInningWickets": 1, "predictions": {"score": 168, "winProbability": 58.95}, "title": "Stoinis to Perera", "dismissalText": null, "commentPreTextItems": null, "commentTextItems": [{"type": "HTML", "html": "yorker again, dug out towards deep mid-wicket"}], "commentPostTextItems": null, "commentVideos": [], "commentImages": [], "events": [], "over": {"team": {"id": 8, "objectId": 8, "scribeId": 8, "slug": "sri-lanka", "name": "Sri Lanka", "longName": "Sri Lanka", "abbreviation": "SL", "unofficialName": "", "imageUrl": "/db/PICTURES/CMS/340000/340047.png", "isCountry": true, "primaryColor": "#203d89", "image": {"id": 340047, "objectId": 1316921, "slug": "sri-lanka-team-flag", "url": "/db/PICTURES/CMS/340000/340047.png", "width": 500, "height": 500, "caption": "Sri Lanka team flag", "longCaption": "Sri Lanka team flag", "credit": "Google", "photographer": null, "peerUrls": null}, "country": {"id": 8, "objectId": 8, "name": "Sri Lanka", "shortName": "Sri Lanka", "abbreviation": "SL", "slug": "sri-lanka"}}, "inningNumber": 1, "overNumber": 9, "overRuns": 11, "overWickets": 0, "totalRuns": 75, "totalWickets": 1, "target": 0, "overLimit": 20, "ballLimit": 120, "isMaiden": false, "isComplete": true, "isSuperOver": false, "overEndBatsmen": [{"player": {"id": 52373, "objectId": 300631, "name": "MDKJ Perera", "longName": "Kusal Perera", "mobileName": "Perera", "indexName": "Perera, MDKJ", "battingName": "MDKJ Perera", "fieldingName": "Perera", "slug": "kusal-perera", "imageUrl": "/db/PICTURES/CMS/263600/263669.1.png", "headshotImageUrl": "/db/PICTURES/CMS/329700/329750.png", "dateOfBirth": {"year": 1990, "month": 8, "date": 17}, "dateOfDeath": null, "gender": "M", "battingStyles": ["lhb"], "bowlingStyles": [], "longBattingStyles": ["left-hand bat"], "longBowlingStyles": [], "image": {"id": 263669, "objectId": 1099826, "slug": "kusal-perera-portrait", "url": "/db/PICTURES/CMS/263600/263669.1.png", "width": 160, "height": 200, "caption": "Kusal Perera portrait", "longCaption": null, "credit": "Getty Images", "photographer": null, "peerUrls": null}, "countryTeamId": 8, "playerRoleTypeIds": [7], "playingRoles": ["wicketkeeper batter"], "headshotImage": {"id": 329750, "objectId": 1286744, "slug": "kusal-perera-player-page-headshot-cutout-2021", "url": "/db/PICTURES/CMS/329700/329750.png", "width": 600, "height": 436, "caption": "Kusal Perera player page headshot cutout 2021", "longCaption": "Kusal Perera player page headshot cutout 2021", "credit": null, "photographer": null, "peerUrls": {"FILM": null, "WIDE": null, "SQUARE": "/db/PICTURES/CMS/329700/329750.square.png"}}}, "runs": 27, "balls": 21, "fours": 4, "sixes": 0}, {"player": {"id": 78229, "objectId": 784367, "name": "KIC Asalanka", "longName": "Charith Asalanka", "mobileName": "Asalanka", "indexName": "Asalanka, KIC", "battingName": "KIC Asalanka", "fieldingName": "Asalanka", "slug": "charith-asalanka", "imageUrl": "/db/PICTURES/CMS/348100/348128.4.jpg", "headshotImageUrl": "/db/PICTURES/CMS/348500/348599.png", "dateOfBirth": {"year": 1997, "month": 6, "date": 29}, "dateOfDeath": null, "gender": "M", "battingStyles": ["lhb"], "bowlingStyles": ["ob"], "longBattingStyles": ["left-hand bat"], "longBowlingStyles": ["right-arm offbreak"], "image": {"id": 348128, "objectId": 1341438, "slug": "charith-asalanka-player-portrait", "url": "/db/PICTURES/CMS/348100/348128.4.jpg", "width": 160, "height": 225, "caption": "Charith Asalanka, player portrait", "longCaption": "Charith Asalanka, player portrait", "credit": "ICC/Getty Images", "photographer": "Matt King", "peerUrls": null}, "countryTeamId": 8, "playerRoleTypeIds": [10], "playingRoles": ["batting allrounder"], "headshotImage": {"id": 348599, "objectId": 1342892, "slug": "charith-asalanka-player-page-headshot-cutout-2022", "url": "/db/PICTURES/CMS/348500/348599.png", "width": 600, "height": 436, "caption": "Charith Asalanka, player page headshot cutout 2022", "longCaption": "Charith Asalanka, player page headshot cutout 2022", "credit": null, "photographer": null, "peerUrls": {"FILM": null, "WIDE": null, "SQUARE": "/db/PICTURES/CMS/348500/348599.square.png"}}}, "runs": 34, "balls": 25, "fours": 4, "sixes": 1}], "overEndBowlers": [{"player": {"id": 54212, "objectId": 325012, "name": "MP Stoinis", "longName": "Marcus Stoinis", "mobileName": "Stoinis", "indexName": "Stoinis, MP", "battingName": "MP Stoinis", "fieldingName": "Stoinis", "slug": "marcus-stoinis", "imageUrl": "/db/PICTURES/CMS/309100/309100.jpg", "headshotImageUrl": "/db/PICTURES/CMS/321500/321596.png", "dateOfBirth": {"year": 1989, "month": 8, "date": 16}, "dateOfDeath": null, "gender": "M", "battingStyles": ["rhb"], "bowlingStyles": ["rm"], "longBattingStyles": ["right-hand bat"], "longBowlingStyles": ["right-arm medium"], "image": {"id": 309100, "objectId": 1232617, "slug": "marcus-stoinis-portrait", "url": "/db/PICTURES/CMS/309100/309100.jpg", "width": 160, "height": 200, "caption": "Marcus Stoinis portrait", "longCaption": "Marcus Stoinis portrait, September 2020", "credit": "Getty Images", "photographer": null, "peerUrls": null}, "countryTeamId": 2, "playerRoleTypeIds": [10], "playingRoles": ["batting allrounder"], "headshotImage": {"id": 321596, "objectId": 1263530, "slug": "marcus-stoinis-player-page-headshot-cutout-2021", "url": "/db/PICTURES/CMS/321500/321596.png", "width": 600, "height": 436, "caption": "Marcus Stoinis player page headshot cutout, 2021", "longCaption": "Marcus Stoinis player page headshot cutout, 2021", "credit": null, "photographer": null, "peerUrls": {"FILM": null, "WIDE": null, "SQUARE": "/db/PICTURES/CMS/321500/321596.square.png"}}}, "overs": 2, "balls": 12, "maidens": 0, "conceded": 18, "wickets": 0, "currentType": 1}, {"player": {"id": 58435, "objectId": 379504, "name": "A Zampa", "longName": "Adam Zampa", "mobileName": "Zampa", "indexName": "Zampa, A", "battingName": "A Zampa", "fieldingName": "Zampa", "slug": "adam-zampa", "imageUrl": "/db/PICTURES/CMS/263500/263543.1.jpg", "headshotImageUrl": "/db/PICTURES/CMS/321500/321549.png", "dateOfBirth": {"year": 1992, "month": 3, "date": 31}, "dateOfDeath": null, "gender": "M", "battingStyles": ["rhb"], "bowlingStyles": ["lbg"], "longBattingStyles": ["right-hand bat"], "longBowlingStyles": ["legbreak googly"], "image": {"id": 263543, "objectId": 1099536, "slug": "adam-zampa", "url": "/db/PICTURES/CMS/263500/263543.1.jpg", "width": 160, "height": 200, "caption": "Adam Zampa", "longCaption": "Adam Zampa", "credit": "Getty Images", "photographer": null, "peerUrls": null}, "countryTeamId": 2, "playerRoleTypeIds": [4], "playingRoles": ["bowler"], "headshotImage": {"id": 321549, "objectId": 1263442, "slug": "adam-zampa-player-page-headshot-cutout-2021", "url": "/db/PICTURES/CMS/321500/321549.png", "width": 600, "height": 436, "caption": "Adam Zampa player page headshot cutout, 2021", "longCaption": "Adam Zampa player page headshot cutout, 2021", "credit": null, "photographer": null, "peerUrls": {"FILM": null, "WIDE": null, "SQUARE": "/db/PICTURES/CMS/321500/321549.square.png"}}}, "overs": 1, "balls": 6, "maidens": 0, "conceded": 4, "wickets": 0, "currentType": 2}], "rollover": null}, "batsmanStatText": null, "bowlerStatText": null, "smartStats": []}]