[{"_uid": 35117257, "id": 35117257, "inningNumber": 2, "ballsActual": null, "ballsUnique": null, "oversUnique": 1.01, "oversActual": 1.1, "overNumber": 2, "ballNumber": 1, "totalRuns": 0, "batsmanRuns": 0, "isFour": false, "isSix": false, "isWicket": false, "dismissalType": null, "byes": 0, "legbyes": 0, "wides": 0, "noballs": 0, "penalties": 0, "wagonX": 0, "wagonY": 0, "wagonZone": 0, "pitchLine": null, "pitchLength": null, "shotType": null, "shotControl": null, "timestamp": null, "modified": "2021-10-29T12:07:39.000Z", "batsmanPlayerId": 48277, "bowlerPlayerId": 59339, "outPlayerId": null, "totalInningRuns": 4, "totalInningWickets": 0, "predictions": {"score": 140, "winProbability": 59.47}, "title": "Holder to Shakib", "dismissalText": null, "commentPreTextItems": [{"type": "HTML", "html": "Let's see how long West Indies wait before introducing Akeal Hossein's left-arm spin. Here's Holder"}], "commentTextItems": [{"type": "HTML", "html": "wide and short outside off, Shakib chases and misses"}], "commentPostTextItems": null, "commentVideos": [], "commentImages": [], "events": [], "over": null, "batsmanStatText": null, "bowlerStatText": null, "smartStats": []}, {"_uid": 35117281, "id": 35117281, "inningNumber": 2, "ballsActual": null, "ballsUnique": null, "oversUnique": 1.02, "oversActual": 1.2, "overNumber": 2, "ballNumber": 2, "totalRuns": 0, "batsmanRuns": 0, "isFour": false, "isSix": false, "isWicket": false, "dismissalType": null, "byes": 0, "legbyes": 0, "wides": 0, "noballs": 0, "penalties": 0, "wagonX": 0, "wagonY": 0, "wagonZone": 0, "pitchLine": null, "pitchLength": null, "shotType": null, "shotControl": null, "timestamp": null, "modified": "2021-10-29T12:08:10.000Z", "batsmanPlayerId": 48277, "bowlerPlayerId": 59339, "outPlayerId": null, "totalInningRuns": 4, "totalInningWickets": 0, "predictions": {"score": 138, "winProbability": 57.89}, "title": "Holder to Shakib", "dismissalText": null, "commentPreTextItems": null, "commentTextItems": [{"type": "HTML", "html": "even wider outside off and Shakib lets it go this time. Looked like a cutter"}], "commentPostTextItems": null, "commentVideos": [], "commentImages": [], "events": [], "over": null, "batsmanStatText": null, "bowlerStatText": null, "smartStats": []}, {"_uid": 35117308, "id": 35117308, "inningNumber": 2, "ballsActual": null, "ballsUnique": null, "oversUnique": 1.03, "oversActual": 1.3, "overNumber": 2, "ballNumber": 3, "totalRuns": 0, "batsmanRuns": 0, "isFour": false, "isSix": false, "isWicket": false, "dismissalType": null, "byes": 0, "legbyes": 0, "wides": 0, "noballs": 0, "penalties": 0, "wagonX": 0, "wagonY": 0, "wagonZone": 0, "pitchLine": null, "pitchLength": null, "shotType": null, "shotControl": null, "timestamp": null, "modified": "2021-10-29T12:08:43.000Z", "batsmanPlayerId": 48277, "bowlerPlayerId": 59339, "outPlayerId": null, "totalInningRuns": 4, "totalInningWickets": 0, "predictions": {"score": 137, "winProbability": 56.96}, "title": "Holder to Shakib", "dismissalText": null, "commentPreTextItems": null, "commentTextItems": [{"type": "HTML", "html": "127kmh, much tighter and Shakib doesn't quite middle the defence back to the bowler"}], "commentPostTextItems": null, "commentVideos": [], "commentImages": [], "events": [], "over": null, "batsmanStatText": null, "bowlerStatText": null, "smartStats": []}, {"_uid": 35117333, "id": 35117333, "inningNumber": 2, "ballsActual": null, "ballsUnique": null, "oversUnique": 1.04, "oversActual": 1.4, "overNumber": 2, "ballNumber": 4, "totalRuns": 4, "batsmanRuns": 4, "isFour": true, "isSix": false, "isWicket": false, "dismissalType": null, "byes": 0, "legbyes": 0, "wides": 0, "noballs": 0, "penalties": 0, "wagonX": 0, "wagonY": 0, "wagonZone": 0, "pitchLine": null, "pitchLength": null, "shotType": null, "shotControl": null, "timestamp": null, "modified": "2021-10-29T12:09:19.000Z", "batsmanPlayerId": 48277, "bowlerPlayerId": 59339, "outPlayerId": null, "totalInningRuns": 8, "totalInningWickets": 0, "predictions": {"score": 140, "winProbability": 60.43}, "title": "Holder to Shakib", "dismissalText": null, "commentPreTextItems": null, "commentTextItems": [{"type": "HTML", "html": "gives the charge, takes it on the full and lofts it over the covers nicely for a four! This is why he's here, to strike some boundaries in the powerplay and he's taken off"}], "commentPostTextItems": null, "commentVideos": [], "commentImages": [], "events": [], "over": null, "batsmanStatText": null, "bowlerStatText": null, "smartStats": []}, {"_uid": 35117360, "id": 35117360, "inningNumber": 2, "ballsActual": null, "ballsUnique": null, "oversUnique": 1.05, "oversActual": 1.5, "overNumber": 2, "ballNumber": 5, "totalRuns": 1, "batsmanRuns": 1, "isFour": false, "isSix": false, "isWicket": false, "dismissalType": null, "byes": 0, "legbyes": 0, "wides": 0, "noballs": 0, "penalties": 0, "wagonX": 0, "wagonY": 0, "wagonZone": 0, "pitchLine": null, "pitchLength": null, "shotType": null, "shotControl": null, "timestamp": null, "modified": "2021-10-29T12:09:55.000Z", "batsmanPlayerId": 48277, "bowlerPlayerId": 59339, "outPlayerId": null, "totalInningRuns": 9, "totalInningWickets": 0, "predictions": {"score": 140, "winProbability": 60.6}, "title": "Holder to Shakib", "dismissalText": null, "commentPreTextItems": null, "commentTextItems": [{"type": "HTML", "html": "112kmh, takes the pace off for the short of length cutter outside off, Shakib runs it down to third man"}], "commentPostTextItems": null, "commentVideos": [], "commentImages": [], "events": [], "over": null, "batsmanStatText": null, "bowlerStatText": null, "smartStats": []}, {"_uid": 35117386, "id": 35117386, "inningNumber": 2, "ballsActual": null, "ballsUnique": null, "oversUnique": 1.06, "oversActual": 1.6, "overNumber": 2, "ballNumber": 6, "totalRuns": 1, "batsmanRuns": 1, "isFour": false, "isSix": false, "isWicket": false, "dismissalType": null, "byes": 0, "legbyes": 0, "wides": 0, "noballs": 0, "penalties": 0, "wagonX": 0, "wagonY": 0, "wagonZone": 0, "pitchLine": null, "pitchLength": null, "shotType": null, "shotControl": null, "timestamp": null, "modified": "2021-10-29T12:10:39.000Z", "batsmanPlayerId": 91277, "bowlerPlayerId": 59339, "outPlayerId": null, "totalInningRuns": 10, "totalInningWickets": 0, "predictions": {"score": 140, "winProbability": 60.69}, "title": "Holder to Mohammad Naim", "dismissalText": null, "commentPreTextItems": null, "commentTextItems": [{"type": "HTML", "html": "some room again and Naim steers it behind square to third man as well"}], "commentPostTextItems": null, "commentVideos": [], "commentImages": [], "events": [], "over": {"team": {"id": 25, "objectId": 25, "scribeId": 25, "slug": "bangladesh", "name": "Bangladesh", "longName": "Bangladesh", "abbreviation": "BAN", "unofficialName": "", "imageUrl": "/db/PICTURES/CMS/341400/341456.png", "isCountry": true, "primaryColor": "#ed3507", "image": {"id": 341456, "objectId": 1321180, "slug": "bangladesh-latest-team-flag", "url": "/db/PICTURES/CMS/341400/341456.png", "width": 500, "height": 500, "caption": "Bangladesh latest-team flag", "longCaption": "Bangladesh latest-team flag", "credit": "Getty Images", "photographer": null, "peerUrls": null}, "country": {"id": 25, "objectId": 25, "name": "Bangladesh", "shortName": "Bangladesh", "abbreviation": "BAN", "slug": "bangladesh"}}, "inningNumber": 2, "overNumber": 2, "overRuns": 6, "overWickets": 0, "totalRuns": 10, "totalWickets": 0, "target": 143, "overLimit": 20, "ballLimit": 120, "isMaiden": false, "isComplete": true, "isSuperOver": false, "overEndBatsmen": [{"player": {"id": 91277, "objectId": 990081, "name": "Mohammad Naim", "longName": "Mohammad Naim", "mobileName": "", "indexName": "Mohammad Naim", "battingName": "Mohammad Naim", "fieldingName": "Mohammad Naim", "slug": "mohammad-naim", "imageUrl": "/db/PICTURES/CMS/303200/303235.jpg", "headshotImageUrl": "/db/PICTURES/CMS/323100/323167.png", "dateOfBirth": {"year": 1999, "month": 8, "date": 22}, "dateOfDeath": null, "gender": "M", "battingStyles": ["lhb"], "bowlingStyles": [], "longBattingStyles": ["left-hand bat"], "longBowlingStyles": [], "image": {"id": 303235, "objectId": 1221729, "slug": "mohammad-naim-sheikh-portrait", "url": "/db/PICTURES/CMS/303200/303235.jpg", "width": 160, "height": 200, "caption": "Mohammad Naim Sheikh portrait", "longCaption": "Mohammad Naim Sheikh portrait, April 2020", "credit": "Getty Images", "photographer": null, "peerUrls": null}, "countryTeamId": 25, "playerRoleTypeIds": [1], "playingRoles": ["opening batter"], "headshotImage": {"id": 323167, "objectId": 1266415, "slug": "mohammad-naim-player-page-headshot-cutout-2021", "url": "/db/PICTURES/CMS/323100/323167.png", "width": 600, "height": 436, "caption": "Mohammad Naim player page headshot cutout, 2021", "longCaption": "Mohammad Naim player page headshot cutout, 2021", "credit": null, "photographer": null, "peerUrls": {"FILM": null, "WIDE": null, "SQUARE": "/db/PICTURES/CMS/323100/323167.square.png"}}}, "runs": 3, "balls": 5, "fours": 0, "sixes": 0}, {"player": {"id": 48277, "objectId": 56143, "name": "Shakib Al Hasan", "longName": "Shakib Al Hasan", "mobileName": "Shakib", "indexName": "Shakib Al Hasan", "battingName": "Shakib Al Hasan", "fieldingName": "Shakib Al Hasan", "slug": "shakib-al-hasan", "imageUrl": "/db/PICTURES/CMS/303100/303157.jpg", "headshotImageUrl": "/db/PICTURES/CMS/316500/316581.png", "dateOfBirth": {"year": 1987, "month": 3, "date": 24}, "dateOfDeath": null, "gender": "M", "battingStyles": ["lhb"], "bowlingStyles": ["sla"], "longBattingStyles": ["left-hand bat"], "longBowlingStyles": ["slow left-arm orthodox"], "image": {"id": 303157, "objectId": 1221590, "slug": "shakib-al-hasan-portrait", "url": "/db/PICTURES/CMS/303100/303157.jpg", "width": 160, "height": 202, "caption": "Shakib Al Hasan portrait", "longCaption": "Shakib Al Hasan portrait, April 2020", "credit": "Getty Images", "photographer": null, "peerUrls": null}, "countryTeamId": 25, "playerRoleTypeIds": [5], "playingRoles": ["allrounder"], "headshotImage": {"id": 316581, "objectId": 1251210, "slug": "shakib-al-hasan-headshot", "url": "/db/PICTURES/CMS/316500/316581.png", "width": 600, "height": 436, "caption": "Shakib Al Hasan headshot", "longCaption": "Shakib Al Hasan headshot", "credit": null, "photographer": null, "peerUrls": {"FILM": null, "WIDE": null, "SQUARE": null}}}, "runs": 7, "balls": 7, "fours": 1, "sixes": 0}], "overEndBowlers": [{"player": {"id": 59339, "objectId": 391485, "name": "JO Holder", "longName": "Jason Holder", "mobileName": "Holder", "indexName": "Holder, JO", "battingName": "JO Holder", "fieldingName": "Holder", "slug": "jason-holder", "imageUrl": "/db/PICTURES/CMS/214700/214757.1.jpg", "headshotImageUrl": "/db/PICTURES/CMS/316600/316673.png", "dateOfBirth": {"year": 1991, "month": 11, "date": 5}, "dateOfDeath": null, "gender": "M", "battingStyles": ["rhb"], "bowlingStyles": ["rmf"], "longBattingStyles": ["right-hand bat"], "longBowlingStyles": ["right-arm medium-fast"], "image": {"id": 214757, "objectId": 883997, "slug": "jason-holder", "url": "/db/PICTURES/CMS/214700/214757.1.jpg", "width": 160, "height": 192, "caption": "Jason Holder", "longCaption": "Jason Holder", "credit": "WICB Media Photo/Randy Brooks", "photographer": null, "peerUrls": null}, "countryTeamId": 4, "playerRoleTypeIds": [11], "playingRoles": ["bowling allrounder"], "headshotImage": {"id": 316673, "objectId": 1251306, "slug": "jo-holder-headshot", "url": "/db/PICTURES/CMS/316600/316673.png", "width": 600, "height": 436, "caption": "JO Holder headshot", "longCaption": "JO Holder headshot", "credit": null, "photographer": null, "peerUrls": {"FILM": null, "WIDE": null, "SQUARE": null}}}, "overs": 1, "balls": 6, "maidens": 0, "conceded": 6, "wickets": 0, "currentType": 1}, {"player": {"id": 45258, "objectId": 52912, "name": "R Rampaul", "longName": "Ravi Rampaul", "mobileName": "Rampaul", "indexName": "Rampaul, R", "battingName": "R Rampaul", "fieldingName": "Rampaul", "slug": "ravi-rampaul", "imageUrl": "/db/PICTURES/CMS/203200/203291.1.jpg", "headshotImageUrl": "/db/PICTURES/CMS/320100/320111.png", "dateOfBirth": {"year": 1984, "month": 10, "date": 15}, "dateOfDeath": null, "gender": "M", "battingStyles": ["lhb"], "bowlingStyles": ["rfm"], "longBattingStyles": ["left-hand bat"], "longBowlingStyles": ["right-arm fast-medium"], "image": {"id": 203291, "objectId": 818693, "slug": "ravi-rampaul", "url": "/db/PICTURES/CMS/203200/203291.1.jpg", "width": 160, "height": 192, "caption": "Ravi Rampaul", "longCaption": "Ravi Rampaul", "credit": "Getty Images", "photographer": null, "peerUrls": null}, "countryTeamId": 4, "playerRoleTypeIds": [4], "playingRoles": ["bowler"], "headshotImage": {"id": 320111, "objectId": 1260566, "slug": "ravi-rampaul-player-page-headshot-cutout-2021", "url": "/db/PICTURES/CMS/320100/320111.png", "width": 600, "height": 436, "caption": "Ravi Rampaul player page headshot cutout, 2021", "longCaption": "Ravi Rampaul player page headshot cutout, 2021", "credit": null, "photographer": null, "peerUrls": {"FILM": null, "WIDE": null, "SQUARE": "/db/PICTURES/CMS/320100/320111.square.png"}}}, "overs": 1, "balls": 6, "maidens": 0, "conceded": 4, "wickets": 0, "currentType": 2}], "rollover": null}, "batsmanStatText": null, "bowlerStatText": null, "smartStats": []}, {"_uid": 35117416, "id": 35117416, "inningNumber": 2, "ballsActual": null, "ballsUnique": null, "oversUnique": 2.01, "oversActual": 2.1, "overNumber": 3, "ballNumber": 1, "totalRuns": 4, "batsmanRuns": 4, "isFour": true, "isSix": false, "isWicket": false, "dismissalType": null, "byes": 0, "legbyes": 0, "wides": 0, "noballs": 0, "penalties": 0, "wagonX": 0, "wagonY": 0, "wagonZone": 0, "pitchLine": null, "pitchLength": null, "shotType": null, "shotControl": null, "timestamp": null, "modified": "2021-10-29T12:11:46.000Z", "batsmanPlayerId": 91277, "bowlerPlayerId": 45258, "outPlayerId": null, "totalInningRuns": 14, "totalInningWickets": 0, "predictions": {"score": 143, "winProbability": 64.13}, "title": "Rampaul to Mohammad Naim", "dismissalText": null, "commentPreTextItems": [{"type": "HTML", "html": "Pollard is off the field because of an injury or illness. Hayden Walsh on the field for him"}], "commentTextItems": [{"type": "HTML", "html": "too short, Naim stays still and waits for the ball to come to him before pulling that with style through the midwicket region"}], "commentPostTextItems": null, "commentVideos": [], "commentImages": [], "events": [], "over": null, "batsmanStatText": null, "bowlerStatText": null, "smartStats": []}, {"_uid": 35117443, "id": 35117443, "inningNumber": 2, "ballsActual": null, "ballsUnique": null, "oversUnique": 2.02, "oversActual": 2.2, "overNumber": 3, "ballNumber": 2, "totalRuns": 0, "batsmanRuns": 0, "isFour": false, "isSix": false, "isWicket": false, "dismissalType": null, "byes": 0, "legbyes": 0, "wides": 0, "noballs": 0, "penalties": 0, "wagonX": 0, "wagonY": 0, "wagonZone": 0, "pitchLine": null, "pitchLength": null, "shotType": null, "shotControl": null, "timestamp": null, "modified": "2021-10-29T12:12:34.000Z", "batsmanPlayerId": 91277, "bowlerPlayerId": 45258, "outPlayerId": null, "totalInningRuns": 14, "totalInningWickets": 0, "predictions": {"score": 141, "winProbability": 62.47}, "title": "Rampaul to Mohammad Naim", "dismissalText": null, "commentPreTextItems": null, "commentTextItems": [{"type": "HTML", "html": "gets some width this time and Naim slams it square, but it's stopped by point with a tumble"}], "commentPostTextItems": null, "commentVideos": [], "commentImages": [], "events": [], "over": null, "batsmanStatText": null, "bowlerStatText": null, "smartStats": []}, {"_uid": 35117468, "id": 35117468, "inningNumber": 2, "ballsActual": null, "ballsUnique": null, "oversUnique": 2.03, "oversActual": 2.3, "overNumber": 3, "ballNumber": 3, "totalRuns": 0, "batsmanRuns": 0, "isFour": false, "isSix": false, "isWicket": false, "dismissalType": null, "byes": 0, "legbyes": 0, "wides": 0, "noballs": 0, "penalties": 0, "wagonX": 0, "wagonY": 0, "wagonZone": 0, "pitchLine": null, "pitchLength": null, "shotType": null, "shotControl": null, "timestamp": null, "modified": "2021-10-29T12:13:05.000Z", "batsmanPlayerId": 91277, "bowlerPlayerId": 45258, "outPlayerId": null, "totalInningRuns": 14, "totalInningWickets": 0, "predictions": {"score": 140, "winProbability": 61.47}, "title": "Rampaul to Mohammad Naim", "dismissalText": null, "commentPreTextItems": null, "commentTextItems": [{"type": "HTML", "html": "Rampaul uses the cutter this time, at 124kmh, short of length on leg, and Naim makes room but he's cramped for room and gets an inside edge onto his body"}], "commentPostTextItems": null, "commentVideos": [], "commentImages": [], "events": [], "over": null, "batsmanStatText": null, "bowlerStatText": null, "smartStats": []}, {"_uid": 35117493, "id": 35117493, "inningNumber": 2, "ballsActual": null, "ballsUnique": null, "oversUnique": 2.04, "oversActual": 2.4, "overNumber": 3, "ballNumber": 4, "totalRuns": 1, "batsmanRuns": 1, "isFour": false, "isSix": false, "isWicket": false, "dismissalType": null, "byes": 0, "legbyes": 0, "wides": 0, "noballs": 0, "penalties": 0, "wagonX": 0, "wagonY": 0, "wagonZone": 0, "pitchLine": null, "pitchLength": null, "shotType": null, "shotControl": null, "timestamp": null, "modified": "2021-10-29T12:13:49.000Z", "batsmanPlayerId": 91277, "bowlerPlayerId": 45258, "outPlayerId": null, "totalInningRuns": 15, "totalInningWickets": 0, "predictions": {"score": 140, "winProbability": 61.59}, "title": "Rampaul to Mohammad Naim", "dismissalText": null, "commentPreTextItems": [{"type": "HTML", "html": "Midwicket and square leg are the fielders in the deep"}], "commentTextItems": [{"type": "HTML", "html": "on middle and leg, and tucks it to leg for one"}], "commentPostTextItems": null, "commentVideos": [], "commentImages": [], "events": [], "over": null, "batsmanStatText": null, "bowlerStatText": null, "smartStats": []}, {"_uid": 35117520, "id": 35117520, "inningNumber": 2, "ballsActual": null, "ballsUnique": null, "oversUnique": 2.05, "oversActual": 2.5, "overNumber": 3, "ballNumber": 5, "totalRuns": 1, "batsmanRuns": 1, "isFour": false, "isSix": false, "isWicket": false, "dismissalType": null, "byes": 0, "legbyes": 0, "wides": 0, "noballs": 0, "penalties": 0, "wagonX": 0, "wagonY": 0, "wagonZone": 0, "pitchLine": null, "pitchLength": null, "shotType": null, "shotControl": null, "timestamp": null, "modified": "2021-10-29T12:14:27.000Z", "batsmanPlayerId": 48277, "bowlerPlayerId": 45258, "outPlayerId": null, "totalInningRuns": 16, "totalInningWickets": 0, "predictions": {"score": 140, "winProbability": 61.7}, "title": "Rampaul to Shakib", "dismissalText": null, "commentPreTextItems": null, "commentTextItems": [{"type": "HTML", "html": "tucked off the hips easily to fine leg for an easy single"}], "commentPostTextItems": null, "commentVideos": [], "commentImages": [], "events": [], "over": null, "batsmanStatText": null, "bowlerStatText": null, "smartStats": []}, {"_uid": 35117547, "id": 35117547, "inningNumber": 2, "ballsActual": null, "ballsUnique": null, "oversUnique": 2.06, "oversActual": 2.6, "overNumber": 3, "ballNumber": 6, "totalRuns": 1, "batsmanRuns": 1, "isFour": false, "isSix": false, "isWicket": false, "dismissalType": null, "byes": 0, "legbyes": 0, "wides": 0, "noballs": 0, "penalties": 0, "wagonX": 0, "wagonY": 0, "wagonZone": 0, "pitchLine": null, "pitchLength": null, "shotType": null, "shotControl": null, "timestamp": null, "modified": "2021-10-29T12:15:08.000Z", "batsmanPlayerId": 91277, "bowlerPlayerId": 45258, "outPlayerId": null, "totalInningRuns": 17, "totalInningWickets": 0, "predictions": {"score": 140, "winProbability": 62.69}, "title": "Rampaul to Mohammad Naim", "dismissalText": null, "commentPreTextItems": [{"type": "HTML", "html": "\"I have always believed Shakib is more of a timer of the ball than a T20 hard hitter. Hence why I wanted him to open to make the most of the powerplay. My dream is fulfilled.\" You've waited too long, Reza"}], "commentTextItems": [{"type": "HTML", "html": "bit of angle for the short of length ball just outside off, he scythes it to point where Lewis stops it again with a tumble"}], "commentPostTextItems": null, "commentVideos": [], "commentImages": [], "events": [], "over": {"team": {"id": 25, "objectId": 25, "scribeId": 25, "slug": "bangladesh", "name": "Bangladesh", "longName": "Bangladesh", "abbreviation": "BAN", "unofficialName": "", "imageUrl": "/db/PICTURES/CMS/341400/341456.png", "isCountry": true, "primaryColor": "#ed3507", "image": {"id": 341456, "objectId": 1321180, "slug": "bangladesh-latest-team-flag", "url": "/db/PICTURES/CMS/341400/341456.png", "width": 500, "height": 500, "caption": "Bangladesh latest-team flag", "longCaption": "Bangladesh latest-team flag", "credit": "Getty Images", "photographer": null, "peerUrls": null}, "country": {"id": 25, "objectId": 25, "name": "Bangladesh", "shortName": "Bangladesh", "abbreviation": "BAN", "slug": "bangladesh"}}, "inningNumber": 2, "overNumber": 3, "overRuns": 7, "overWickets": 0, "totalRuns": 17, "totalWickets": 0, "target": 143, "overLimit": 20, "ballLimit": 120, "isMaiden": false, "isComplete": true, "isSuperOver": false, "overEndBatsmen": [{"player": {"id": 91277, "objectId": 990081, "name": "Mohammad Naim", "longName": "Mohammad Naim", "mobileName": "", "indexName": "Mohammad Naim", "battingName": "Mohammad Naim", "fieldingName": "Mohammad Naim", "slug": "mohammad-naim", "imageUrl": "/db/PICTURES/CMS/303200/303235.jpg", "headshotImageUrl": "/db/PICTURES/CMS/323100/323167.png", "dateOfBirth": {"year": 1999, "month": 8, "date": 22}, "dateOfDeath": null, "gender": "M", "battingStyles": ["lhb"], "bowlingStyles": [], "longBattingStyles": ["left-hand bat"], "longBowlingStyles": [], "image": {"id": 303235, "objectId": 1221729, "slug": "mohammad-naim-sheikh-portrait", "url": "/db/PICTURES/CMS/303200/303235.jpg", "width": 160, "height": 200, "caption": "Mohammad Naim Sheikh portrait", "longCaption": "Mohammad Naim Sheikh portrait, April 2020", "credit": "Getty Images", "photographer": null, "peerUrls": null}, "countryTeamId": 25, "playerRoleTypeIds": [1], "playingRoles": ["opening batter"], "headshotImage": {"id": 323167, "objectId": 1266415, "slug": "mohammad-naim-player-page-headshot-cutout-2021", "url": "/db/PICTURES/CMS/323100/323167.png", "width": 600, "height": 436, "caption": "Mohammad Naim player page headshot cutout, 2021", "longCaption": "Mohammad Naim player page headshot cutout, 2021", "credit": null, "photographer": null, "peerUrls": {"FILM": null, "WIDE": null, "SQUARE": "/db/PICTURES/CMS/323100/323167.square.png"}}}, "runs": 9, "balls": 10, "fours": 1, "sixes": 0}, {"player": {"id": 48277, "objectId": 56143, "name": "Shakib Al Hasan", "longName": "Shakib Al Hasan", "mobileName": "Shakib", "indexName": "Shakib Al Hasan", "battingName": "Shakib Al Hasan", "fieldingName": "Shakib Al Hasan", "slug": "shakib-al-hasan", "imageUrl": "/db/PICTURES/CMS/303100/303157.jpg", "headshotImageUrl": "/db/PICTURES/CMS/316500/316581.png", "dateOfBirth": {"year": 1987, "month": 3, "date": 24}, "dateOfDeath": null, "gender": "M", "battingStyles": ["lhb"], "bowlingStyles": ["sla"], "longBattingStyles": ["left-hand bat"], "longBowlingStyles": ["slow left-arm orthodox"], "image": {"id": 303157, "objectId": 1221590, "slug": "shakib-al-hasan-portrait", "url": "/db/PICTURES/CMS/303100/303157.jpg", "width": 160, "height": 202, "caption": "Shakib Al Hasan portrait", "longCaption": "Shakib Al Hasan portrait, April 2020", "credit": "Getty Images", "photographer": null, "peerUrls": null}, "countryTeamId": 25, "playerRoleTypeIds": [5], "playingRoles": ["allrounder"], "headshotImage": {"id": 316581, "objectId": 1251210, "slug": "shakib-al-hasan-headshot", "url": "/db/PICTURES/CMS/316500/316581.png", "width": 600, "height": 436, "caption": "Shakib Al Hasan headshot", "longCaption": "Shakib Al Hasan headshot", "credit": null, "photographer": null, "peerUrls": {"FILM": null, "WIDE": null, "SQUARE": null}}}, "runs": 8, "balls": 8, "fours": 1, "sixes": 0}], "overEndBowlers": [{"player": {"id": 45258, "objectId": 52912, "name": "R Rampaul", "longName": "Ravi Rampaul", "mobileName": "Rampaul", "indexName": "Rampaul, R", "battingName": "R Rampaul", "fieldingName": "Rampaul", "slug": "ravi-rampaul", "imageUrl": "/db/PICTURES/CMS/203200/203291.1.jpg", "headshotImageUrl": "/db/PICTURES/CMS/320100/320111.png", "dateOfBirth": {"year": 1984, "month": 10, "date": 15}, "dateOfDeath": null, "gender": "M", "battingStyles": ["lhb"], "bowlingStyles": ["rfm"], "longBattingStyles": ["left-hand bat"], "longBowlingStyles": ["right-arm fast-medium"], "image": {"id": 203291, "objectId": 818693, "slug": "ravi-rampaul", "url": "/db/PICTURES/CMS/203200/203291.1.jpg", "width": 160, "height": 192, "caption": "Ravi Rampaul", "longCaption": "Ravi Rampaul", "credit": "Getty Images", "photographer": null, "peerUrls": null}, "countryTeamId": 4, "playerRoleTypeIds": [4], "playingRoles": ["bowler"], "headshotImage": {"id": 320111, "objectId": 1260566, "slug": "ravi-rampaul-player-page-headshot-cutout-2021", "url": "/db/PICTURES/CMS/320100/320111.png", "width": 600, "height": 436, "caption": "Ravi Rampaul player page headshot cutout, 2021", "longCaption": "Ravi Rampaul player page headshot cutout, 2021", "credit": null, "photographer": null, "peerUrls": {"FILM": null, "WIDE": null, "SQUARE": "/db/PICTURES/CMS/320100/320111.square.png"}}}, "overs": 2, "balls": 12, "maidens": 0, "conceded": 11, "wickets": 0, "currentType": 1}, {"player": {"id": 59339, "objectId": 391485, "name": "JO Holder", "longName": "Jason Holder", "mobileName": "Holder", "indexName": "Holder, JO", "battingName": "JO Holder", "fieldingName": "Holder", "slug": "jason-holder", "imageUrl": "/db/PICTURES/CMS/214700/214757.1.jpg", "headshotImageUrl": "/db/PICTURES/CMS/316600/316673.png", "dateOfBirth": {"year": 1991, "month": 11, "date": 5}, "dateOfDeath": null, "gender": "M", "battingStyles": ["rhb"], "bowlingStyles": ["rmf"], "longBattingStyles": ["right-hand bat"], "longBowlingStyles": ["right-arm medium-fast"], "image": {"id": 214757, "objectId": 883997, "slug": "jason-holder", "url": "/db/PICTURES/CMS/214700/214757.1.jpg", "width": 160, "height": 192, "caption": "Jason Holder", "longCaption": "Jason Holder", "credit": "WICB Media Photo/Randy Brooks", "photographer": null, "peerUrls": null}, "countryTeamId": 4, "playerRoleTypeIds": [11], "playingRoles": ["bowling allrounder"], "headshotImage": {"id": 316673, "objectId": 1251306, "slug": "jo-holder-headshot", "url": "/db/PICTURES/CMS/316600/316673.png", "width": 600, "height": 436, "caption": "JO Holder headshot", "longCaption": "JO Holder headshot", "credit": null, "photographer": null, "peerUrls": {"FILM": null, "WIDE": null, "SQUARE": null}}}, "overs": 1, "balls": 6, "maidens": 0, "conceded": 6, "wickets": 0, "currentType": 2}], "rollover": null}, "batsmanStatText": null, "bowlerStatText": null, "smartStats": []}]