[{"_uid": 35051396, "id": 35051396, "inningNumber": 1, "ballsActual": null, "ballsUnique": null, "oversUnique": 7.01, "oversActual": 7.1, "overNumber": 8, "ballNumber": 1, "totalRuns": 1, "batsmanRuns": 1, "isFour": false, "isSix": false, "isWicket": false, "dismissalType": null, "byes": 0, "legbyes": 0, "wides": 0, "noballs": 0, "penalties": 0, "wagonX": 109, "wagonY": 74, "wagonZone": 8, "pitchLine": "OUTSIDE_OFFSTUMP", "pitchLength": "SHORT_OF_A_GOOD_LENGTH", "shotType": "STEERED", "shotControl": 1, "timestamp": "2021-10-20T14:39:50.000Z", "modified": "2021-10-20T14:39:53.000Z", "batsmanPlayerId": 93033, "bowlerPlayerId": 57785, "outPlayerId": null, "totalInningRuns": 55, "totalInningWickets": 3, "predictions": {"score": 164, "winProbability": 52.1}, "title": "Young to Nissanka", "dismissalText": null, "commentPreTextItems": [{"type": "HTML", "html": "\"Unforgivable to have a team 8/3 and lose the game \" Think that might be a bit simplistic, Steve"}], "commentTextItems": [{"type": "HTML", "html": "runs it down to third man"}], "commentPostTextItems": null, "commentVideos": [], "commentImages": [], "events": [], "over": null, "batsmanStatText": null, "bowlerStatText": null, "smartStats": []}, {"_uid": 35051408, "id": 35051408, "inningNumber": 1, "ballsActual": null, "ballsUnique": null, "oversUnique": 7.02, "oversActual": 7.2, "overNumber": 8, "ballNumber": 2, "totalRuns": 0, "batsmanRuns": 0, "isFour": false, "isSix": false, "isWicket": false, "dismissalType": null, "byes": 0, "legbyes": 0, "wides": 0, "noballs": 0, "penalties": 0, "wagonX": 107, "wagonY": 193, "wagonZone": 6, "pitchLine": "OUTSIDE_OFFSTUMP", "pitchLength": "GOOD_LENGTH", "shotType": "COVER_DRIVE", "shotControl": 1, "timestamp": "2021-10-20T14:40:31.000Z", "modified": "2021-10-20T14:40:35.000Z", "batsmanPlayerId": 78239, "bowlerPlayerId": 57785, "outPlayerId": null, "totalInningRuns": 55, "totalInningWickets": 3, "predictions": {"score": 162, "winProbability": 49.87}, "title": "Young to Hasaranga", "dismissalText": null, "commentPreTextItems": null, "commentTextItems": [{"type": "HTML", "html": "well timed but straight to extra cover"}], "commentPostTextItems": null, "commentVideos": [], "commentImages": [], "events": [], "over": null, "batsmanStatText": null, "bowlerStatText": null, "smartStats": []}, {"_uid": 35051413, "id": 35051413, "inningNumber": 1, "ballsActual": null, "ballsUnique": null, "oversUnique": 7.03, "oversActual": 7.3, "overNumber": 8, "ballNumber": 3, "totalRuns": 1, "batsmanRuns": 1, "isFour": false, "isSix": false, "isWicket": false, "dismissalType": null, "byes": 0, "legbyes": 0, "wides": 0, "noballs": 0, "penalties": 0, "wagonX": 137, "wagonY": 291, "wagonZone": 5, "pitchLine": "OUTSIDE_OFFSTUMP", "pitchLength": "GOOD_LENGTH", "shotType": "ON_DRIVE", "shotControl": 2, "timestamp": "2021-10-20T14:40:59.000Z", "modified": "2021-10-20T14:41:02.000Z", "batsmanPlayerId": 78239, "bowlerPlayerId": 57785, "outPlayerId": null, "totalInningRuns": 56, "totalInningWickets": 3, "predictions": {"score": 162, "winProbability": 49.87}, "title": "Young to Hasaranga", "dismissalText": null, "commentPreTextItems": null, "commentTextItems": [{"type": "HTML", "html": "good pick-up but doesn't quite time it as well as he'd like. Lands short of long-off"}], "commentPostTextItems": null, "commentVideos": [], "commentImages": [], "events": [], "over": null, "batsmanStatText": null, "bowlerStatText": null, "smartStats": []}, {"_uid": 35051426, "id": 35051426, "inningNumber": 1, "ballsActual": null, "ballsUnique": null, "oversUnique": 7.04, "oversActual": 7.4, "overNumber": 8, "ballNumber": 4, "totalRuns": 1, "batsmanRuns": 1, "isFour": false, "isSix": false, "isWicket": false, "dismissalType": null, "byes": 0, "legbyes": 0, "wides": 0, "noballs": 0, "penalties": 0, "wagonX": 334, "wagonY": 226, "wagonZone": 3, "pitchLine": "ON_THE_STUMPS", "pitchLength": "GOOD_LENGTH", "shotType": "FLICK", "shotControl": 1, "timestamp": "2021-10-20T14:41:44.000Z", "modified": "2021-10-20T14:41:47.000Z", "batsmanPlayerId": 93033, "bowlerPlayerId": 57785, "outPlayerId": null, "totalInningRuns": 57, "totalInningWickets": 3, "predictions": {"score": 162, "winProbability": 49.87}, "title": "Young to Nissanka", "dismissalText": null, "commentPreTextItems": null, "commentTextItems": [{"type": "HTML", "html": "nudged into the onside to allow the pair to exchange ends"}], "commentPostTextItems": [{"type": "HTML", "html": "Kapila: \"Mark Adair has a career economy of just 6.8 per over in T20Is, really hoping he continues his form here.\""}], "commentVideos": [], "commentImages": [], "events": [], "over": null, "batsmanStatText": null, "bowlerStatText": null, "smartStats": []}, {"_uid": 35051433, "id": 35051433, "inningNumber": 1, "ballsActual": null, "ballsUnique": null, "oversUnique": 7.05, "oversActual": 7.5, "overNumber": 8, "ballNumber": 5, "totalRuns": 2, "batsmanRuns": 2, "isFour": false, "isSix": false, "isWicket": false, "dismissalType": null, "byes": 0, "legbyes": 0, "wides": 0, "noballs": 0, "penalties": 0, "wagonX": 254, "wagonY": 295, "wagonZone": 4, "pitchLine": "ON_THE_STUMPS", "pitchLength": "FULL", "shotType": "ON_DRIVE", "shotControl": 2, "timestamp": "2021-10-20T14:42:15.000Z", "modified": "2021-10-20T14:42:18.000Z", "batsmanPlayerId": 78239, "bowlerPlayerId": 57785, "outPlayerId": null, "totalInningRuns": 59, "totalInningWickets": 3, "predictions": {"score": 162, "winProbability": 49.87}, "title": "Young to Hasaranga", "dismissalText": null, "commentPreTextItems": null, "commentTextItems": [{"type": "HTML", "html": "slower ball, and he ended up being forced to play a one-handed shot. The lack of pace did him completely and it went high in the air, but thankfully for Sri Lanka, lands in a gap"}], "commentPostTextItems": null, "commentVideos": [], "commentImages": [], "events": [], "over": null, "batsmanStatText": null, "bowlerStatText": null, "smartStats": []}, {"_uid": 35051440, "id": 35051440, "inningNumber": 1, "ballsActual": null, "ballsUnique": null, "oversUnique": 7.06, "oversActual": 7.6, "overNumber": 8, "ballNumber": 6, "totalRuns": 6, "batsmanRuns": 6, "isFour": false, "isSix": true, "isWicket": false, "dismissalType": null, "byes": 0, "legbyes": 0, "wides": 0, "noballs": 0, "penalties": 0, "wagonX": 299, "wagonY": 330, "wagonZone": 4, "pitchLine": "ON_THE_STUMPS", "pitchLength": "SHORT_OF_A_GOOD_LENGTH", "shotType": "SLOG_SHOT", "shotControl": 1, "timestamp": "2021-10-20T14:42:51.000Z", "modified": "2021-10-20T14:42:54.000Z", "batsmanPlayerId": 78239, "bowlerPlayerId": 57785, "outPlayerId": null, "totalInningRuns": 65, "totalInningWickets": 3, "predictions": {"score": 167, "winProbability": 55.42}, "title": "Young to Hasaranga", "dismissalText": null, "commentPreTextItems": null, "commentTextItems": [{"type": "HTML", "html": "rocked back and punched it over long-on, and <strong>that's connected so well it goes all the way for six!</strong>. It was slightly back of a length without enough pace to bother de Silva and he ends the over brilliantly"}], "commentPostTextItems": null, "commentVideos": [], "commentImages": [], "events": [], "over": {"team": {"id": 8, "objectId": 8, "scribeId": 8, "slug": "sri-lanka", "name": "Sri Lanka", "longName": "Sri Lanka", "abbreviation": "SL", "unofficialName": "", "imageUrl": "/db/PICTURES/CMS/340000/340047.png", "isCountry": true, "primaryColor": "#203d89", "image": {"id": 340047, "objectId": 1316921, "slug": "sri-lanka-team-flag", "url": "/db/PICTURES/CMS/340000/340047.png", "width": 500, "height": 500, "caption": "Sri Lanka team flag", "longCaption": "Sri Lanka team flag", "credit": "Google", "photographer": null, "peerUrls": null}, "country": {"id": 8, "objectId": 8, "name": "Sri Lanka", "shortName": "Sri Lanka", "abbreviation": "SL", "slug": "sri-lanka"}}, "inningNumber": 1, "overNumber": 8, "overRuns": 11, "overWickets": 0, "totalRuns": 65, "totalWickets": 3, "target": 0, "overLimit": 20, "ballLimit": 120, "isMaiden": false, "isComplete": true, "isSuperOver": false, "overEndBatsmen": [{"player": {"id": 78239, "objectId": 784379, "name": "PW Hasaranga", "longName": "Wanindu Hasaranga", "mobileName": "Hasaranga", "indexName": "Hasaranga, PW", "battingName": "PW Hasaranga", "fieldingName": "Hasaranga", "slug": "wanindu-hasaranga", "imageUrl": "/db/PICTURES/CMS/294200/294296.jpg", "headshotImageUrl": "/db/PICTURES/CMS/322900/322946.png", "dateOfBirth": {"year": 1997, "month": 7, "date": 29}, "dateOfDeath": null, "gender": "M", "battingStyles": ["rhb"], "bowlingStyles": ["lb"], "longBattingStyles": ["right-hand bat"], "longBowlingStyles": ["legbreak"], "image": {"id": 294296, "objectId": 1199371, "slug": "wanindu-hasaranga", "url": "/db/PICTURES/CMS/294200/294296.jpg", "width": 160, "height": 210, "caption": "Wanindu Hasaranga", "longCaption": null, "credit": "Chaminda de Silva", "photographer": null, "peerUrls": null}, "countryTeamId": 8, "playerRoleTypeIds": [5], "playingRoles": ["allrounder"], "headshotImage": {"id": 322946, "objectId": 1266041, "slug": "wanindu-hasaranga-player-page-headshot-cutout-2021", "url": "/db/PICTURES/CMS/322900/322946.png", "width": 600, "height": 436, "caption": "Wanindu Hasaranga player page headshot cutout, 2021", "longCaption": "Wanindu Hasaranga player page headshot cutout, 2021", "credit": null, "photographer": null, "peerUrls": {"FILM": null, "WIDE": null, "SQUARE": "/db/PICTURES/CMS/322900/322946.square.png"}}}, "runs": 37, "balls": 22, "fours": 6, "sixes": 1}, {"player": {"id": 93033, "objectId": 1028655, "name": "P Nissanka", "longName": "Pathum Nissanka", "mobileName": "Nissanka", "indexName": "Nissanka, P", "battingName": "P Nissanka", "fieldingName": "Nissanka", "slug": "pathum-nissanka", "imageUrl": "/db/PICTURES/CMS/318400/318435.jpg", "headshotImageUrl": "/db/PICTURES/CMS/323000/323070.png", "dateOfBirth": {"year": 1998, "month": 5, "date": 18}, "dateOfDeath": null, "gender": "M", "battingStyles": ["rhb"], "bowlingStyles": [], "longBattingStyles": ["right-hand bat"], "longBowlingStyles": [], "image": {"id": 318435, "objectId": 1256641, "slug": "pathum-nissanka-portrait", "url": "/db/PICTURES/CMS/318400/318435.jpg", "width": 160, "height": 200, "caption": "Pathum Nissanka portrait", "longCaption": "Pathum Nissanka portrait, Antigua and Barbuda, March 12, 2021", "credit": "Getty Images", "photographer": null, "peerUrls": null}, "countryTeamId": 8, "playerRoleTypeIds": [2], "playingRoles": ["top-order batter"], "headshotImage": {"id": 323070, "objectId": 1266243, "slug": "pathum-nissaka-player-page-headshot-cutout-2021", "url": "/db/PICTURES/CMS/323000/323070.png", "width": 600, "height": 436, "caption": "Pathum Nissaka player page headshot cutout, 2021", "longCaption": "Pathum Nissaka player page headshot cutout, 2021", "credit": null, "photographer": null, "peerUrls": {"FILM": null, "WIDE": null, "SQUARE": "/db/PICTURES/CMS/323000/323070.square.png"}}}, "runs": 20, "balls": 18, "fours": 2, "sixes": 0}], "overEndBowlers": [{"player": {"id": 57785, "objectId": 364343, "name": "CA Young", "longName": "Craig Young", "mobileName": "Young", "indexName": "Young, CA", "battingName": "CA Young", "fieldingName": "Young", "slug": "craig-young", "imageUrl": "/db/PICTURES/CMS/367800/367864.4.jpg", "headshotImageUrl": "/db/PICTURES/CMS/367800/367859.png", "dateOfBirth": {"year": 1990, "month": 4, "date": 4}, "dateOfDeath": null, "gender": "M", "battingStyles": ["rhb"], "bowlingStyles": ["rfm"], "longBattingStyles": ["right-hand bat"], "longBowlingStyles": ["right-arm fast-medium"], "image": {"id": 367864, "objectId": 1400226, "slug": "craig-young-player-portrait", "url": "/db/PICTURES/CMS/367800/367864.4.jpg", "width": 160, "height": 227, "caption": "Craig Young, player portrait", "longCaption": "Craig Young, player portrait", "credit": "Getty Images", "photographer": null, "peerUrls": null}, "countryTeamId": 29, "playerRoleTypeIds": [4], "playingRoles": ["bowler"], "headshotImage": {"id": 367859, "objectId": 1400219, "slug": "craig-young-player-page-headshot-cutout-2023", "url": "/db/PICTURES/CMS/367800/367859.png", "width": 600, "height": 436, "caption": "Craig Young, player page headshot cutout 2023", "longCaption": "Craig Young, player page headshot cutout 2023", "credit": null, "photographer": null, "peerUrls": {"FILM": null, "WIDE": null, "SQUARE": "/db/PICTURES/CMS/367800/367859.square.png"}}}, "overs": 2, "balls": 12, "maidens": 0, "conceded": 13, "wickets": 0, "currentType": 1}, {"player": {"id": 69644, "objectId": 595921, "name": "C Campher", "longName": "Curtis Campher", "mobileName": "Campher", "indexName": "Campher. C", "battingName": "C Campher", "fieldingName": "Campher", "slug": "curtis-campher", "imageUrl": "/db/PICTURES/CMS/306900/306931.1.jpg", "headshotImageUrl": "/db/PICTURES/CMS/321300/321343.png", "dateOfBirth": {"year": 1999, "month": 4, "date": 20}, "dateOfDeath": null, "gender": "M", "battingStyles": ["rhb"], "bowlingStyles": ["rmf"], "longBattingStyles": ["right-hand bat"], "longBowlingStyles": ["right-arm medium-fast"], "image": {"id": 306931, "objectId": 1228023, "slug": "curtis-campher-player-portrait", "url": "/db/PICTURES/CMS/306900/306931.1.jpg", "width": 160, "height": 200, "caption": "Curtis Campher player portrait", "longCaption": "Curtis Campher player portrait", "credit": "Getty Images", "photographer": null, "peerUrls": null}, "countryTeamId": 29, "playerRoleTypeIds": [5], "playingRoles": ["allrounder"], "headshotImage": {"id": 321343, "objectId": 1262935, "slug": "curtis-campher-player-page-headshot-cutout-2021", "url": "/db/PICTURES/CMS/321300/321343.png", "width": 600, "height": 436, "caption": "Curtis Campher player page headshot cutout, 2021", "longCaption": "Curtis Campher player page headshot cutout, 2021", "credit": null, "photographer": null, "peerUrls": {"FILM": null, "WIDE": null, "SQUARE": "/db/PICTURES/CMS/321300/321343.square.png"}}}, "overs": 1, "balls": 6, "maidens": 0, "conceded": 7, "wickets": 0, "currentType": 2}], "rollover": null}, "batsmanStatText": null, "bowlerStatText": null, "smartStats": []}, {"_uid": 35051445, "id": 35051445, "inningNumber": 1, "ballsActual": null, "ballsUnique": null, "oversUnique": 8.01, "oversActual": 8.1, "overNumber": 9, "ballNumber": 1, "totalRuns": 1, "batsmanRuns": 0, "isFour": false, "isSix": false, "isWicket": false, "dismissalType": null, "byes": 0, "legbyes": 1, "wides": 0, "noballs": 0, "penalties": 0, "wagonX": 0, "wagonY": 0, "wagonZone": 0, "pitchLine": "ON_THE_STUMPS", "pitchLength": "GOOD_LENGTH", "shotType": "PUSH", "shotControl": 2, "timestamp": "2021-10-20T14:44:36.000Z", "modified": "2021-10-20T14:44:39.000Z", "batsmanPlayerId": 93033, "bowlerPlayerId": 69644, "outPlayerId": null, "totalInningRuns": 66, "totalInningWickets": 3, "predictions": {"score": 168, "winProbability": 56.52}, "title": "Campher to Nissanka", "dismissalText": null, "commentPreTextItems": [{"type": "HTML", "html": "Siripala Ayya: \"Man, sometimes I just wanna give Hasaranga a big hug.\" I suspect that would be time well spent"}], "commentTextItems": [{"type": "HTML", "html": "quick leg bye - Campher and Nissanka collided into each other but looks like no harm done"}], "commentPostTextItems": null, "commentVideos": [], "commentImages": [], "events": [], "over": null, "batsmanStatText": null, "bowlerStatText": null, "smartStats": []}, {"_uid": 35051456, "id": 35051456, "inningNumber": 1, "ballsActual": null, "ballsUnique": null, "oversUnique": 8.02, "oversActual": 8.2, "overNumber": 9, "ballNumber": 2, "totalRuns": 0, "batsmanRuns": 0, "isFour": false, "isSix": false, "isWicket": false, "dismissalType": null, "byes": 0, "legbyes": 0, "wides": 0, "noballs": 0, "penalties": 0, "wagonX": 140, "wagonY": 128, "wagonZone": 7, "pitchLine": "OUTSIDE_OFFSTUMP", "pitchLength": "GOOD_LENGTH", "shotType": "COVER_DRIVE", "shotControl": 2, "timestamp": "2021-10-20T14:45:17.000Z", "modified": "2021-10-20T14:45:20.000Z", "batsmanPlayerId": 78239, "bowlerPlayerId": 69644, "outPlayerId": null, "totalInningRuns": 66, "totalInningWickets": 3, "predictions": {"score": 167, "winProbability": 55.42}, "title": "Campher to Hasaranga", "dismissalText": null, "commentPreTextItems": null, "commentTextItems": [{"type": "HTML", "html": "thick outside edge that nearly carried to short third. The fielder says it's bounced just short, though"}], "commentPostTextItems": null, "commentVideos": [], "commentImages": [], "events": [], "over": null, "batsmanStatText": null, "bowlerStatText": null, "smartStats": []}, {"_uid": 35051463, "id": 35051463, "inningNumber": 1, "ballsActual": null, "ballsUnique": null, "oversUnique": 8.03, "oversActual": 8.3, "overNumber": 9, "ballNumber": 3, "totalRuns": 0, "batsmanRuns": 0, "isFour": false, "isSix": false, "isWicket": false, "dismissalType": null, "byes": 0, "legbyes": 0, "wides": 0, "noballs": 0, "penalties": 0, "wagonX": 135, "wagonY": 144, "wagonZone": 7, "pitchLine": "OUTSIDE_OFFSTUMP", "pitchLength": "SHORT_OF_A_GOOD_LENGTH", "shotType": "DEFENDED", "shotControl": 1, "timestamp": "2021-10-20T14:45:55.000Z", "modified": "2021-10-20T14:45:58.000Z", "batsmanPlayerId": 78239, "bowlerPlayerId": 69644, "outPlayerId": null, "totalInningRuns": 66, "totalInningWickets": 3, "predictions": {"score": 165, "winProbability": 53.22}, "title": "Campher to Hasaranga", "dismissalText": null, "commentPreTextItems": null, "commentTextItems": [{"type": "HTML", "html": "takes the pace off that one, prodded to cover"}], "commentPostTextItems": null, "commentVideos": [], "commentImages": [], "events": [], "over": null, "batsmanStatText": null, "bowlerStatText": null, "smartStats": []}, {"_uid": 35051466, "id": 35051466, "inningNumber": 1, "ballsActual": null, "ballsUnique": null, "oversUnique": 8.04, "oversActual": 8.4, "overNumber": 9, "ballNumber": 4, "totalRuns": 0, "batsmanRuns": 0, "isFour": false, "isSix": false, "isWicket": false, "dismissalType": null, "byes": 0, "legbyes": 0, "wides": 0, "noballs": 0, "penalties": 0, "wagonX": 116, "wagonY": 144, "wagonZone": 7, "pitchLine": "OUTSIDE_OFFSTUMP", "pitchLength": "GOOD_LENGTH", "shotType": "SQUARE_DRIVE", "shotControl": 1, "timestamp": "2021-10-20T14:46:30.000Z", "modified": "2021-10-20T14:46:33.000Z", "batsmanPlayerId": 78239, "bowlerPlayerId": 69644, "outPlayerId": null, "totalInningRuns": 66, "totalInningWickets": 3, "predictions": {"score": 164, "winProbability": 52.1}, "title": "Campher to Hasaranga", "dismissalText": null, "commentPreTextItems": null, "commentTextItems": [{"type": "HTML", "html": "driven straight to cover this time"}], "commentPostTextItems": null, "commentVideos": [], "commentImages": [], "events": [], "over": null, "batsmanStatText": null, "bowlerStatText": null, "smartStats": []}, {"_uid": 35051471, "id": 35051471, "inningNumber": 1, "ballsActual": null, "ballsUnique": null, "oversUnique": 8.05, "oversActual": 8.5, "overNumber": 9, "ballNumber": 5, "totalRuns": 1, "batsmanRuns": 1, "isFour": false, "isSix": false, "isWicket": false, "dismissalType": null, "byes": 0, "legbyes": 0, "wides": 0, "noballs": 0, "penalties": 0, "wagonX": 65, "wagonY": 200, "wagonZone": 6, "pitchLine": "OUTSIDE_OFFSTUMP", "pitchLength": "SHORT_OF_A_GOOD_LENGTH", "shotType": "CUT_SHOT", "shotControl": 1, "timestamp": "2021-10-20T14:47:10.000Z", "modified": "2021-10-20T14:47:13.000Z", "batsmanPlayerId": 78239, "bowlerPlayerId": 69644, "outPlayerId": null, "totalInningRuns": 67, "totalInningWickets": 3, "predictions": {"score": 163, "winProbability": 50.99}, "title": "Campher to Hasaranga", "dismissalText": null, "commentPreTextItems": null, "commentTextItems": [{"type": "HTML", "html": "crunched into the offside but sweeper cover's alert enough to prevent Sri Lanka from getting two"}], "commentPostTextItems": null, "commentVideos": [], "commentImages": [], "events": [], "over": null, "batsmanStatText": null, "bowlerStatText": null, "smartStats": []}, {"_uid": 35051478, "id": 35051478, "inningNumber": 1, "ballsActual": null, "ballsUnique": null, "oversUnique": 8.06, "oversActual": 8.6, "overNumber": 9, "ballNumber": 6, "totalRuns": 1, "batsmanRuns": 1, "isFour": false, "isSix": false, "isWicket": false, "dismissalType": null, "byes": 0, "legbyes": 0, "wides": 0, "noballs": 0, "penalties": 0, "wagonX": 51, "wagonY": 127, "wagonZone": 7, "pitchLine": "OUTSIDE_OFFSTUMP", "pitchLength": "GOOD_LENGTH", "shotType": "SQUARE_DRIVE", "shotControl": 1, "timestamp": "2021-10-20T14:47:56.000Z", "modified": "2021-10-20T14:47:59.000Z", "batsmanPlayerId": 93033, "bowlerPlayerId": 69644, "outPlayerId": null, "totalInningRuns": 68, "totalInningWickets": 3, "predictions": {"score": 163, "winProbability": 50.99}, "title": "Campher to Nissanka", "dismissalText": null, "commentPreTextItems": null, "commentTextItems": [{"type": "HTML", "html": "another drive down to the sweeper. Good over from Campher."}], "commentPostTextItems": [{"type": "HTML", "html": "Here's Miller to take you through the innings"}], "commentVideos": [], "commentImages": [], "events": [], "over": {"team": {"id": 8, "objectId": 8, "scribeId": 8, "slug": "sri-lanka", "name": "Sri Lanka", "longName": "Sri Lanka", "abbreviation": "SL", "unofficialName": "", "imageUrl": "/db/PICTURES/CMS/340000/340047.png", "isCountry": true, "primaryColor": "#203d89", "image": {"id": 340047, "objectId": 1316921, "slug": "sri-lanka-team-flag", "url": "/db/PICTURES/CMS/340000/340047.png", "width": 500, "height": 500, "caption": "Sri Lanka team flag", "longCaption": "Sri Lanka team flag", "credit": "Google", "photographer": null, "peerUrls": null}, "country": {"id": 8, "objectId": 8, "name": "Sri Lanka", "shortName": "Sri Lanka", "abbreviation": "SL", "slug": "sri-lanka"}}, "inningNumber": 1, "overNumber": 9, "overRuns": 3, "overWickets": 0, "totalRuns": 68, "totalWickets": 3, "target": 0, "overLimit": 20, "ballLimit": 120, "isMaiden": false, "isComplete": true, "isSuperOver": false, "overEndBatsmen": [{"player": {"id": 93033, "objectId": 1028655, "name": "P Nissanka", "longName": "Pathum Nissanka", "mobileName": "Nissanka", "indexName": "Nissanka, P", "battingName": "P Nissanka", "fieldingName": "Nissanka", "slug": "pathum-nissanka", "imageUrl": "/db/PICTURES/CMS/318400/318435.jpg", "headshotImageUrl": "/db/PICTURES/CMS/323000/323070.png", "dateOfBirth": {"year": 1998, "month": 5, "date": 18}, "dateOfDeath": null, "gender": "M", "battingStyles": ["rhb"], "bowlingStyles": [], "longBattingStyles": ["right-hand bat"], "longBowlingStyles": [], "image": {"id": 318435, "objectId": 1256641, "slug": "pathum-nissanka-portrait", "url": "/db/PICTURES/CMS/318400/318435.jpg", "width": 160, "height": 200, "caption": "Pathum Nissanka portrait", "longCaption": "Pathum Nissanka portrait, Antigua and Barbuda, March 12, 2021", "credit": "Getty Images", "photographer": null, "peerUrls": null}, "countryTeamId": 8, "playerRoleTypeIds": [2], "playingRoles": ["top-order batter"], "headshotImage": {"id": 323070, "objectId": 1266243, "slug": "pathum-nissaka-player-page-headshot-cutout-2021", "url": "/db/PICTURES/CMS/323000/323070.png", "width": 600, "height": 436, "caption": "Pathum Nissaka player page headshot cutout, 2021", "longCaption": "Pathum Nissaka player page headshot cutout, 2021", "credit": null, "photographer": null, "peerUrls": {"FILM": null, "WIDE": null, "SQUARE": "/db/PICTURES/CMS/323000/323070.square.png"}}}, "runs": 21, "balls": 20, "fours": 2, "sixes": 0}, {"player": {"id": 78239, "objectId": 784379, "name": "PW Hasaranga", "longName": "Wanindu Hasaranga", "mobileName": "Hasaranga", "indexName": "Hasaranga, PW", "battingName": "PW Hasaranga", "fieldingName": "Hasaranga", "slug": "wanindu-hasaranga", "imageUrl": "/db/PICTURES/CMS/294200/294296.jpg", "headshotImageUrl": "/db/PICTURES/CMS/322900/322946.png", "dateOfBirth": {"year": 1997, "month": 7, "date": 29}, "dateOfDeath": null, "gender": "M", "battingStyles": ["rhb"], "bowlingStyles": ["lb"], "longBattingStyles": ["right-hand bat"], "longBowlingStyles": ["legbreak"], "image": {"id": 294296, "objectId": 1199371, "slug": "wanindu-hasaranga", "url": "/db/PICTURES/CMS/294200/294296.jpg", "width": 160, "height": 210, "caption": "Wanindu Hasaranga", "longCaption": null, "credit": "Chaminda de Silva", "photographer": null, "peerUrls": null}, "countryTeamId": 8, "playerRoleTypeIds": [5], "playingRoles": ["allrounder"], "headshotImage": {"id": 322946, "objectId": 1266041, "slug": "wanindu-hasaranga-player-page-headshot-cutout-2021", "url": "/db/PICTURES/CMS/322900/322946.png", "width": 600, "height": 436, "caption": "Wanindu Hasaranga player page headshot cutout, 2021", "longCaption": "Wanindu Hasaranga player page headshot cutout, 2021", "credit": null, "photographer": null, "peerUrls": {"FILM": null, "WIDE": null, "SQUARE": "/db/PICTURES/CMS/322900/322946.square.png"}}}, "runs": 38, "balls": 26, "fours": 6, "sixes": 1}], "overEndBowlers": [{"player": {"id": 69644, "objectId": 595921, "name": "C Campher", "longName": "Curtis Campher", "mobileName": "Campher", "indexName": "Campher. C", "battingName": "C Campher", "fieldingName": "Campher", "slug": "curtis-campher", "imageUrl": "/db/PICTURES/CMS/306900/306931.1.jpg", "headshotImageUrl": "/db/PICTURES/CMS/321300/321343.png", "dateOfBirth": {"year": 1999, "month": 4, "date": 20}, "dateOfDeath": null, "gender": "M", "battingStyles": ["rhb"], "bowlingStyles": ["rmf"], "longBattingStyles": ["right-hand bat"], "longBowlingStyles": ["right-arm medium-fast"], "image": {"id": 306931, "objectId": 1228023, "slug": "curtis-campher-player-portrait", "url": "/db/PICTURES/CMS/306900/306931.1.jpg", "width": 160, "height": 200, "caption": "Curtis Campher player portrait", "longCaption": "Curtis Campher player portrait", "credit": "Getty Images", "photographer": null, "peerUrls": null}, "countryTeamId": 29, "playerRoleTypeIds": [5], "playingRoles": ["allrounder"], "headshotImage": {"id": 321343, "objectId": 1262935, "slug": "curtis-campher-player-page-headshot-cutout-2021", "url": "/db/PICTURES/CMS/321300/321343.png", "width": 600, "height": 436, "caption": "Curtis Campher player page headshot cutout, 2021", "longCaption": "Curtis Campher player page headshot cutout, 2021", "credit": null, "photographer": null, "peerUrls": {"FILM": null, "WIDE": null, "SQUARE": "/db/PICTURES/CMS/321300/321343.square.png"}}}, "overs": 2, "balls": 12, "maidens": 0, "conceded": 9, "wickets": 0, "currentType": 1}, {"player": {"id": 57785, "objectId": 364343, "name": "CA Young", "longName": "Craig Young", "mobileName": "Young", "indexName": "Young, CA", "battingName": "CA Young", "fieldingName": "Young", "slug": "craig-young", "imageUrl": "/db/PICTURES/CMS/367800/367864.4.jpg", "headshotImageUrl": "/db/PICTURES/CMS/367800/367859.png", "dateOfBirth": {"year": 1990, "month": 4, "date": 4}, "dateOfDeath": null, "gender": "M", "battingStyles": ["rhb"], "bowlingStyles": ["rfm"], "longBattingStyles": ["right-hand bat"], "longBowlingStyles": ["right-arm fast-medium"], "image": {"id": 367864, "objectId": 1400226, "slug": "craig-young-player-portrait", "url": "/db/PICTURES/CMS/367800/367864.4.jpg", "width": 160, "height": 227, "caption": "Craig Young, player portrait", "longCaption": "Craig Young, player portrait", "credit": "Getty Images", "photographer": null, "peerUrls": null}, "countryTeamId": 29, "playerRoleTypeIds": [4], "playingRoles": ["bowler"], "headshotImage": {"id": 367859, "objectId": 1400219, "slug": "craig-young-player-page-headshot-cutout-2023", "url": "/db/PICTURES/CMS/367800/367859.png", "width": 600, "height": 436, "caption": "Craig Young, player page headshot cutout 2023", "longCaption": "Craig Young, player page headshot cutout 2023", "credit": null, "photographer": null, "peerUrls": {"FILM": null, "WIDE": null, "SQUARE": "/db/PICTURES/CMS/367800/367859.square.png"}}}, "overs": 2, "balls": 12, "maidens": 0, "conceded": 13, "wickets": 0, "currentType": 2}], "rollover": null}, "batsmanStatText": null, "bowlerStatText": null, "smartStats": []}]