[{"_uid": 35078938, "id": 35078938, "inningNumber": 1, "ballsActual": null, "ballsUnique": null, "oversUnique": 11.01, "oversActual": 11.1, "overNumber": 12, "ballNumber": 1, "totalRuns": 0, "batsmanRuns": 0, "isFour": false, "isSix": false, "isWicket": false, "dismissalType": null, "byes": 0, "legbyes": 0, "wides": 0, "noballs": 0, "penalties": 0, "wagonX": 170, "wagonY": 200, "wagonZone": 5, "pitchLine": "OUTSIDE_OFFSTUMP", "pitchLength": "GOOD_LENGTH", "shotType": "DEFENDED", "shotControl": 1, "timestamp": "2021-10-26T14:52:22.000Z", "modified": "2021-10-26T14:52:25.000Z", "batsmanPlayerId": 58403, "bowlerPlayerId": 19647, "outPlayerId": null, "totalInningRuns": 63, "totalInningWickets": 3, "predictions": {"score": 139, "winProbability": 23.37}, "title": "Hafeez to Conway", "dismissalText": null, "commentPreTextItems": [{"type": "HTML", "html": "It won't be a Shaheen Shah Afridi special, but what will your <a href=\"https://www.instagram.com/reel/CVa3eMngE_5/\""}, {"type": "HTML", "html": "target=\"_blank\">#BestBallEver</a> look like? Post your reels,"}, {"type": "HTML", "html": "and you could get featured on ESPNcricinfo's Instagram handle."}], "commentTextItems": [{"type": "HTML", "html": "uses his feet to get out of the crease, but Hafeez drags his length back, defended back to him"}], "commentPostTextItems": null, "commentVideos": [], "commentImages": [], "events": [], "over": null, "batsmanStatText": null, "bowlerStatText": null, "smartStats": []}, {"_uid": 35078939, "id": 35078939, "inningNumber": 1, "ballsActual": null, "ballsUnique": null, "oversUnique": 11.02, "oversActual": 11.2, "overNumber": 12, "ballNumber": 2, "totalRuns": 1, "batsmanRuns": 1, "isFour": false, "isSix": false, "isWicket": false, "dismissalType": null, "byes": 0, "legbyes": 0, "wides": 0, "noballs": 0, "penalties": 0, "wagonX": 105, "wagonY": 152, "wagonZone": 7, "pitchLine": "ON_THE_STUMPS", "pitchLength": "FULL", "shotType": "SWEEP_SHOT", "shotControl": 1, "timestamp": "2021-10-26T14:52:36.000Z", "modified": "2021-10-26T14:52:38.000Z", "batsmanPlayerId": 58403, "bowlerPlayerId": 19647, "outPlayerId": null, "totalInningRuns": 64, "totalInningWickets": 3, "predictions": {"score": 138, "winProbability": 22.58}, "title": "Hafeez to Conway", "dismissalText": null, "commentPreTextItems": null, "commentTextItems": [{"type": "HTML", "html": "swept to fine leg, and they come through for one"}], "commentPostTextItems": null, "commentVideos": [], "commentImages": [], "events": [], "over": null, "batsmanStatText": null, "bowlerStatText": null, "smartStats": []}, {"_uid": 35078940, "id": 35078940, "inningNumber": 1, "ballsActual": null, "ballsUnique": null, "oversUnique": 11.03, "oversActual": 11.3, "overNumber": 12, "ballNumber": 3, "totalRuns": 0, "batsmanRuns": 0, "isFour": false, "isSix": false, "isWicket": false, "dismissalType": null, "byes": 0, "legbyes": 0, "wides": 0, "noballs": 0, "penalties": 0, "wagonX": 151, "wagonY": 165, "wagonZone": 6, "pitchLine": "ON_THE_STUMPS", "pitchLength": "GOOD_LENGTH", "shotType": "REVERSE_SWEEP", "shotControl": 2, "timestamp": "2021-10-26T14:54:56.000Z", "modified": "2021-10-26T14:54:59.000Z", "batsmanPlayerId": 51088, "bowlerPlayerId": 19647, "outPlayerId": null, "totalInningRuns": 64, "totalInningWickets": 3, "predictions": {"score": 136, "winProbability": 21.05}, "title": "Hafeez to Williamson", "dismissalText": null, "commentPreTextItems": [{"type": "HTML", "html": "Deepankar DM: \"No point holding back against this Pak attack. They'll anyway start dictating and if you don't get enough, they'll annihilate you.Might as well go the England-way and try to dominate them from the word go. At worst you'll get lose just as badly but worth the risk.\""}], "commentTextItems": [{"type": "HTML", "html": "that's a very un-Williamson like shot. A reverse slap to square leg was attempted, but what happened was it cannoned into his pad, and the <strong>umpire gives him out</strong>. Williamson reviews straightaway, and UltraEdge shows it kissed his glove on the way. <strong>The New Zealand skipper survives</strong>"}], "commentPostTextItems": null, "commentVideos": [], "commentImages": [], "events": [{"type": "DRS_REVIEW", "inningNumber": 1, "oversUnique": 11.03, "teamId": 5, "isSuccessful": true}], "over": null, "batsmanStatText": null, "bowlerStatText": null, "smartStats": []}, {"_uid": 35078941, "id": 35078941, "inningNumber": 1, "ballsActual": null, "ballsUnique": null, "oversUnique": 11.04, "oversActual": 11.4, "overNumber": 12, "ballNumber": 4, "totalRuns": 4, "batsmanRuns": 4, "isFour": true, "isSix": false, "isWicket": false, "dismissalType": null, "byes": 0, "legbyes": 0, "wides": 0, "noballs": 0, "penalties": 0, "wagonX": 339, "wagonY": 271, "wagonZone": 3, "pitchLine": "ON_THE_STUMPS", "pitchLength": "GOOD_LENGTH", "shotType": "SLOG_SHOT", "shotControl": 1, "timestamp": "2021-10-26T14:55:09.000Z", "modified": "2021-10-26T14:55:12.000Z", "batsmanPlayerId": 51088, "bowlerPlayerId": 19647, "outPlayerId": null, "totalInningRuns": 68, "totalInningWickets": 3, "predictions": {"score": 138, "winProbability": 22.58}, "title": "Hafeez to Williamson", "dismissalText": null, "commentPreTextItems": null, "commentTextItems": [{"type": "HTML", "html": "<strong>clobbered over fine leg</strong>. Stepped back deep into his crease to manufacture a short delivery out of a very decent length"}], "commentPostTextItems": null, "commentVideos": [], "commentImages": [], "events": [], "over": null, "batsmanStatText": null, "bowlerStatText": null, "smartStats": []}, {"_uid": 35078942, "id": 35078942, "inningNumber": 1, "ballsActual": null, "ballsUnique": null, "oversUnique": 11.05, "oversActual": 11.5, "overNumber": 12, "ballNumber": 5, "totalRuns": 6, "batsmanRuns": 6, "isFour": false, "isSix": true, "isWicket": false, "dismissalType": null, "byes": 0, "legbyes": 0, "wides": 0, "noballs": 0, "penalties": 0, "wagonX": 259, "wagonY": 347, "wagonZone": 4, "pitchLine": "ON_THE_STUMPS", "pitchLength": "FULL", "shotType": "ON_DRIVE", "shotControl": 2, "timestamp": "2021-10-26T14:55:38.000Z", "modified": "2021-10-26T14:55:41.000Z", "batsmanPlayerId": 51088, "bowlerPlayerId": 19647, "outPlayerId": null, "totalInningRuns": 74, "totalInningWickets": 3, "predictions": {"score": 144, "winProbability": 27.61}, "title": "Hafeez to Williamson", "dismissalText": null, "commentPreTextItems": null, "commentTextItems": [{"type": "HTML", "html": "<strong>a one-handed drive over the top, that was Suryakumar Yadav-esque</strong>! The top hand came off the bat and it just about clears long-on. Fantastic strike"}], "commentPostTextItems": null, "commentVideos": [], "commentImages": [], "events": [], "over": null, "batsmanStatText": null, "bowlerStatText": null, "smartStats": []}, {"_uid": 35078943, "id": 35078943, "inningNumber": 1, "ballsActual": null, "ballsUnique": null, "oversUnique": 11.06, "oversActual": 11.6, "overNumber": 12, "ballNumber": 6, "totalRuns": 1, "batsmanRuns": 1, "isFour": false, "isSix": false, "isWicket": false, "dismissalType": null, "byes": 0, "legbyes": 0, "wides": 0, "noballs": 0, "penalties": 0, "wagonX": 136, "wagonY": 156, "wagonZone": 7, "pitchLine": "ON_THE_STUMPS", "pitchLength": "GOOD_LENGTH", "shotType": "REVERSE_SWEEP", "shotControl": 1, "timestamp": "2021-10-26T14:56:20.000Z", "modified": "2021-10-26T14:56:23.000Z", "batsmanPlayerId": 51088, "bowlerPlayerId": 19647, "outPlayerId": null, "totalInningRuns": 75, "totalInningWickets": 3, "predictions": {"score": 145, "winProbability": 28.52}, "title": "Hafeez to Williamson", "dismissalText": null, "commentPreTextItems": null, "commentTextItems": [{"type": "HTML", "html": "keeps the strike and it's a rare good over for the Kiwis"}], "commentPostTextItems": null, "commentVideos": [], "commentImages": [], "events": [], "over": {"team": {"id": 5, "objectId": 5, "scribeId": 5, "slug": "new-zealand", "name": "New Zealand", "longName": "New Zealand", "abbreviation": "NZ", "unofficialName": "", "imageUrl": "/db/PICTURES/CMS/340500/340505.png", "isCountry": true, "primaryColor": "#b7c0c8", "image": {"id": 340505, "objectId": 1318717, "slug": "new-zealand-team-flag-latest", "url": "/db/PICTURES/CMS/340500/340505.png", "width": 500, "height": 500, "caption": "New Zealand team flag-latest", "longCaption": "New Zealand team flag-latest", "credit": "Getty Images", "photographer": null, "peerUrls": null}, "country": {"id": 5, "objectId": 5, "name": "New Zealand", "shortName": "New Zealand", "abbreviation": "NZ", "slug": "new-zealand"}}, "inningNumber": 1, "overNumber": 12, "overRuns": 12, "overWickets": 0, "totalRuns": 75, "totalWickets": 3, "target": 0, "overLimit": 20, "ballLimit": 120, "isMaiden": false, "isComplete": true, "isSuperOver": false, "overEndBatsmen": [{"player": {"id": 51088, "objectId": 277906, "name": "KS Williamson", "longName": "Kane Williamson", "mobileName": "Williamson", "indexName": "Williamson, KS", "battingName": "KS Williamson", "fieldingName": "Williamson", "slug": "kane-williamson", "imageUrl": "/db/PICTURES/CMS/303600/303652.png", "headshotImageUrl": "/db/PICTURES/CMS/316600/316618.png", "dateOfBirth": {"year": 1990, "month": 8, "date": 8}, "dateOfDeath": null, "gender": "M", "battingStyles": ["rhb"], "bowlingStyles": ["ob"], "longBattingStyles": ["right-hand bat"], "longBowlingStyles": ["right-arm offbreak"], "image": {"id": 303652, "objectId": 1222450, "slug": "kane-williamson-portrait", "url": "/db/PICTURES/CMS/303600/303652.png", "width": 160, "height": 200, "caption": "Kane Williamson portrait", "longCaption": "Kane Williamson, May 2020", "credit": "Getty Images", "photographer": null, "peerUrls": null}, "countryTeamId": 5, "playerRoleTypeIds": [2], "playingRoles": ["top-order batter"], "headshotImage": {"id": 316618, "objectId": 1251250, "slug": "ks-williamson-headshot", "url": "/db/PICTURES/CMS/316600/316618.png", "width": 600, "height": 436, "caption": "KS Williamson headshot", "longCaption": "KS Williamson headshot", "credit": null, "photographer": null, "peerUrls": {"FILM": null, "WIDE": null, "SQUARE": null}}}, "runs": 24, "balls": 24, "fours": 2, "sixes": 1}, {"player": {"id": 58403, "objectId": 379140, "name": "DP Conway", "longName": "Devon Conway", "mobileName": "Conway", "indexName": "Conway, DP", "battingName": "DP Conway", "fieldingName": "Conway", "slug": "devon-conway", "imageUrl": "/db/PICTURES/CMS/318500/318588.1.jpg", "headshotImageUrl": "/db/PICTURES/CMS/321200/321214.png", "dateOfBirth": {"year": 1991, "month": 7, "date": 8}, "dateOfDeath": null, "gender": "M", "battingStyles": ["lhb"], "bowlingStyles": ["rm"], "longBattingStyles": ["left-hand bat"], "longBowlingStyles": ["right-arm medium"], "image": {"id": 318588, "objectId": 1256973, "slug": "conway-portrait", "url": "/db/PICTURES/CMS/318500/318588.1.jpg", "width": 160, "height": 200, "caption": "Conway portrait", "longCaption": null, "credit": "NZC", "photographer": null, "peerUrls": null}, "countryTeamId": 5, "playerRoleTypeIds": [7], "playingRoles": ["wicketkeeper batter"], "headshotImage": {"id": 321214, "objectId": 1262782, "slug": "devon-conway-player-page-headshot-cutout-2021", "url": "/db/PICTURES/CMS/321200/321214.png", "width": 600, "height": 436, "caption": "Devon Conway player page headshot cutout, 2021", "longCaption": "Devon Conway player page headshot cutout, 2021", "credit": "", "photographer": null, "peerUrls": {"FILM": null, "WIDE": null, "SQUARE": "/db/PICTURES/CMS/321200/321214.square.png"}}}, "runs": 3, "balls": 7, "fours": 0, "sixes": 0}], "overEndBowlers": [{"player": {"id": 19647, "objectId": 41434, "name": "Mohammad Hafeez", "longName": "Mohammad Hafeez", "mobileName": "Hafeez", "indexName": "Mohammad Hafeez (Sargodha)", "battingName": "Mohammad Hafeez", "fieldingName": "Mohammad Hafeez", "slug": "mohammad-hafeez", "imageUrl": "/db/PICTURES/CMS/302800/302841.jpg", "headshotImageUrl": "/db/PICTURES/CMS/316500/316528.png", "dateOfBirth": {"year": 1980, "month": 10, "date": 17}, "dateOfDeath": null, "gender": "M", "battingStyles": ["rhb"], "bowlingStyles": ["ob"], "longBattingStyles": ["right-hand bat"], "longBowlingStyles": ["right-arm offbreak"], "image": {"id": 302841, "objectId": 1221196, "slug": "mohammad-hafeez-portrait", "url": "/db/PICTURES/CMS/302800/302841.jpg", "width": 160, "height": 201, "caption": "Mohammad Hafeez portrait", "longCaption": "Mohammad Hafeez portrait, April 2020", "credit": "Getty Images", "photographer": null, "peerUrls": null}, "countryTeamId": 7, "playerRoleTypeIds": [5], "playingRoles": ["allrounder"], "headshotImage": {"id": 316528, "objectId": 1251157, "slug": "mohammad-hafeez-headshot", "url": "/db/PICTURES/CMS/316500/316528.png", "width": 600, "height": 436, "caption": "Mohammad Hafeez headshot", "longCaption": "Mohammad Hafeez headshot", "credit": null, "photographer": null, "peerUrls": {"FILM": null, "WIDE": null, "SQUARE": null}}}, "overs": 2, "balls": 12, "maidens": 0, "conceded": 16, "wickets": 1, "currentType": 1}, {"player": {"id": 84937, "objectId": 922943, "name": "Shadab Khan", "longName": "Shadab Khan", "mobileName": "Shadab", "indexName": "Shadab Khan", "battingName": "Shadab Khan", "fieldingName": "Shadab Khan", "slug": "shadab-khan", "imageUrl": "/db/PICTURES/CMS/302800/302825.jpg", "headshotImageUrl": "/db/PICTURES/CMS/320400/320467.png", "dateOfBirth": {"year": 1998, "month": 10, "date": 4}, "dateOfDeath": null, "gender": "M", "battingStyles": ["rhb"], "bowlingStyles": ["lb"], "longBattingStyles": ["right-hand bat"], "longBowlingStyles": ["legbreak"], "image": {"id": 302825, "objectId": 1221178, "slug": "shadab-khan-portrait", "url": "/db/PICTURES/CMS/302800/302825.jpg", "width": 160, "height": 201, "caption": "Shadab Khan portrait", "longCaption": "Shadab Khan portrait, April 2020", "credit": "Getty Images", "photographer": null, "peerUrls": null}, "countryTeamId": 7, "playerRoleTypeIds": [5], "playingRoles": ["allrounder"], "headshotImage": {"id": 320467, "objectId": 1261306, "slug": "shadab-khan-player-page-headshot-cutout-2021", "url": "/db/PICTURES/CMS/320400/320467.png", "width": 600, "height": 436, "caption": "Shadab Khan player page headshot cutout, 2021", "longCaption": "Shadab Khan player page headshot cutout, 2021", "credit": null, "photographer": null, "peerUrls": {"FILM": null, "WIDE": null, "SQUARE": "/db/PICTURES/CMS/320400/320467.square.png"}}}, "overs": 2, "balls": 12, "maidens": 0, "conceded": 4, "wickets": 0, "currentType": 2}], "rollover": null}, "batsmanStatText": null, "bowlerStatText": null, "smartStats": []}, {"_uid": 35078944, "id": 35078944, "inningNumber": 1, "ballsActual": null, "ballsUnique": null, "oversUnique": 12.01, "oversActual": 12.1, "overNumber": 13, "ballNumber": 1, "totalRuns": 1, "batsmanRuns": 1, "isFour": false, "isSix": false, "isWicket": false, "dismissalType": null, "byes": 0, "legbyes": 0, "wides": 0, "noballs": 0, "penalties": 0, "wagonX": 147, "wagonY": 130, "wagonZone": 8, "pitchLine": "OUTSIDE_OFFSTUMP", "pitchLength": "GOOD_LENGTH", "shotType": "STEERED", "shotControl": 1, "timestamp": "2021-10-26T14:57:08.000Z", "modified": "2021-10-26T14:57:10.000Z", "batsmanPlayerId": 51088, "bowlerPlayerId": 84937, "outPlayerId": null, "totalInningRuns": 76, "totalInningWickets": 3, "predictions": {"score": 145, "winProbability": 28.52}, "title": "Shadab to Williamson", "dismissalText": null, "commentPreTextItems": null, "commentTextItems": [{"type": "HTML", "html": "late cut to short third and he puts Conway on strike"}], "commentPostTextItems": null, "commentVideos": [], "commentImages": [], "events": [], "over": null, "batsmanStatText": null, "bowlerStatText": null, "smartStats": []}, {"_uid": 35078945, "id": 35078945, "inningNumber": 1, "ballsActual": null, "ballsUnique": null, "oversUnique": 12.02, "oversActual": 12.2, "overNumber": 13, "ballNumber": 2, "totalRuns": 0, "batsmanRuns": 0, "isFour": false, "isSix": false, "isWicket": false, "dismissalType": null, "byes": 0, "legbyes": 0, "wides": 0, "noballs": 0, "penalties": 0, "wagonX": 225, "wagonY": 141, "wagonZone": 2, "pitchLine": "OUTSIDE_OFFSTUMP", "pitchLength": "GOOD_LENGTH", "shotType": "CUT_SHOT", "shotControl": 1, "timestamp": "2021-10-26T14:57:37.000Z", "modified": "2021-10-26T14:57:40.000Z", "batsmanPlayerId": 58403, "bowlerPlayerId": 84937, "outPlayerId": null, "totalInningRuns": 76, "totalInningWickets": 3, "predictions": {"score": 143, "winProbability": 26.73}, "title": "Shadab to Conway", "dismissalText": null, "commentPreTextItems": null, "commentTextItems": [{"type": "HTML", "html": "another reverse sweep, well connected but straight to short third. They're not having much success with these reverses right now"}], "commentPostTextItems": null, "commentVideos": [], "commentImages": [], "events": [], "over": null, "batsmanStatText": null, "bowlerStatText": null, "smartStats": []}, {"_uid": 35078946, "id": 35078946, "inningNumber": 1, "ballsActual": null, "ballsUnique": null, "oversUnique": 12.03, "oversActual": 12.3, "overNumber": 13, "ballNumber": 3, "totalRuns": 2, "batsmanRuns": 2, "isFour": false, "isSix": false, "isWicket": false, "dismissalType": null, "byes": 0, "legbyes": 0, "wides": 0, "noballs": 0, "penalties": 0, "wagonX": 113, "wagonY": 303, "wagonZone": 5, "pitchLine": "OUTSIDE_OFFSTUMP", "pitchLength": "FULL", "shotType": "ON_DRIVE", "shotControl": 1, "timestamp": "2021-10-26T14:58:01.000Z", "modified": "2021-10-26T14:58:04.000Z", "batsmanPlayerId": 58403, "bowlerPlayerId": 84937, "outPlayerId": null, "totalInningRuns": 78, "totalInningWickets": 3, "predictions": {"score": 143, "winProbability": 26.73}, "title": "Shadab to Conway", "dismissalText": null, "commentPreTextItems": null, "commentTextItems": [{"type": "HTML", "html": "works it to wide long-on and calls for two straightaway. Good running"}], "commentPostTextItems": null, "commentVideos": [], "commentImages": [], "events": [], "over": null, "batsmanStatText": null, "bowlerStatText": null, "smartStats": []}, {"_uid": 35078947, "id": 35078947, "inningNumber": 1, "ballsActual": null, "ballsUnique": null, "oversUnique": 12.04, "oversActual": 12.4, "overNumber": 13, "ballNumber": 4, "totalRuns": 4, "batsmanRuns": 4, "isFour": true, "isSix": false, "isWicket": false, "dismissalType": null, "byes": 0, "legbyes": 0, "wides": 0, "noballs": 0, "penalties": 0, "wagonX": 9, "wagonY": 119, "wagonZone": 7, "pitchLine": "ON_THE_STUMPS", "pitchLength": "GOOD_LENGTH", "shotType": "SWEEP_SHOT", "shotControl": 1, "timestamp": "2021-10-26T14:58:39.000Z", "modified": "2021-10-26T14:58:43.000Z", "batsmanPlayerId": 58403, "bowlerPlayerId": 84937, "outPlayerId": null, "totalInningRuns": 82, "totalInningWickets": 3, "predictions": {"score": 147, "winProbability": 30.38}, "title": "Shadab to Conway", "dismissalText": null, "commentPreTextItems": null, "commentTextItems": [{"type": "HTML", "html": "<strong>that's a horror error from Asif Ali</strong>, and Conway picks up four. Conway had swept it straight to him and it was a very straightforward gather, but Asif misfields and the ball trickles away to the rope. <strong>Babar looks incandescent</strong>"}], "commentPostTextItems": null, "commentVideos": [], "commentImages": [], "events": [], "over": null, "batsmanStatText": null, "bowlerStatText": null, "smartStats": []}, {"_uid": 35078948, "id": 35078948, "inningNumber": 1, "ballsActual": null, "ballsUnique": null, "oversUnique": 12.05, "oversActual": 12.5, "overNumber": 13, "ballNumber": 5, "totalRuns": 4, "batsmanRuns": 4, "isFour": true, "isSix": false, "isWicket": false, "dismissalType": null, "byes": 0, "legbyes": 0, "wides": 0, "noballs": 0, "penalties": 0, "wagonX": 7, "wagonY": 201, "wagonZone": 6, "pitchLine": "ON_THE_STUMPS", "pitchLength": "GOOD_LENGTH", "shotType": "SWEEP_SHOT", "shotControl": 1, "timestamp": "2021-10-26T14:59:13.000Z", "modified": "2021-10-26T14:59:17.000Z", "batsmanPlayerId": 58403, "bowlerPlayerId": 84937, "outPlayerId": null, "totalInningRuns": 86, "totalInningWickets": 3, "predictions": {"score": 153, "winProbability": 36.37}, "title": "Shadab to Conway", "dismissalText": null, "commentPreTextItems": null, "commentTextItems": [{"type": "HTML", "html": "<strong>this will only amplify those frustrations. Lovely sweep shot from Conway, bludgeoned to square leg for four</strong>"}], "commentPostTextItems": null, "commentVideos": [], "commentImages": [], "events": [], "over": null, "batsmanStatText": null, "bowlerStatText": null, "smartStats": []}, {"_uid": 35078949, "id": 35078949, "inningNumber": 1, "ballsActual": null, "ballsUnique": null, "oversUnique": 12.06, "oversActual": 12.6, "overNumber": 13, "ballNumber": 6, "totalRuns": 4, "batsmanRuns": 4, "isFour": true, "isSix": false, "isWicket": false, "dismissalType": null, "byes": 0, "legbyes": 0, "wides": 0, "noballs": 0, "penalties": 0, "wagonX": 221, "wagonY": 10, "wagonZone": 1, "pitchLine": "ON_THE_STUMPS", "pitchLength": "GOOD_LENGTH", "shotType": "REVERSE_SWEEP", "shotControl": 1, "timestamp": "2021-10-26T14:59:55.000Z", "modified": "2021-10-26T15:02:23.000Z", "batsmanPlayerId": 58403, "bowlerPlayerId": 84937, "outPlayerId": null, "totalInningRuns": 90, "totalInningWickets": 3, "predictions": {"score": 159, "winProbability": 42.83}, "title": "Shadab to Conway", "dismissalText": null, "commentPreTextItems": null, "commentTextItems": [{"type": "HTML", "html": "<b>and it's three in a row</b>! Finally some joy with the reverse sweep, it's too fine for short third. 15 off that Shadab over"}], "commentPostTextItems": null, "commentVideos": [], "commentImages": [], "events": [], "over": {"team": {"id": 5, "objectId": 5, "scribeId": 5, "slug": "new-zealand", "name": "New Zealand", "longName": "New Zealand", "abbreviation": "NZ", "unofficialName": "", "imageUrl": "/db/PICTURES/CMS/340500/340505.png", "isCountry": true, "primaryColor": "#b7c0c8", "image": {"id": 340505, "objectId": 1318717, "slug": "new-zealand-team-flag-latest", "url": "/db/PICTURES/CMS/340500/340505.png", "width": 500, "height": 500, "caption": "New Zealand team flag-latest", "longCaption": "New Zealand team flag-latest", "credit": "Getty Images", "photographer": null, "peerUrls": null}, "country": {"id": 5, "objectId": 5, "name": "New Zealand", "shortName": "New Zealand", "abbreviation": "NZ", "slug": "new-zealand"}}, "inningNumber": 1, "overNumber": 13, "overRuns": 15, "overWickets": 0, "totalRuns": 90, "totalWickets": 3, "target": 0, "overLimit": 20, "ballLimit": 120, "isMaiden": false, "isComplete": true, "isSuperOver": false, "overEndBatsmen": [{"player": {"id": 58403, "objectId": 379140, "name": "DP Conway", "longName": "Devon Conway", "mobileName": "Conway", "indexName": "Conway, DP", "battingName": "DP Conway", "fieldingName": "Conway", "slug": "devon-conway", "imageUrl": "/db/PICTURES/CMS/318500/318588.1.jpg", "headshotImageUrl": "/db/PICTURES/CMS/321200/321214.png", "dateOfBirth": {"year": 1991, "month": 7, "date": 8}, "dateOfDeath": null, "gender": "M", "battingStyles": ["lhb"], "bowlingStyles": ["rm"], "longBattingStyles": ["left-hand bat"], "longBowlingStyles": ["right-arm medium"], "image": {"id": 318588, "objectId": 1256973, "slug": "conway-portrait", "url": "/db/PICTURES/CMS/318500/318588.1.jpg", "width": 160, "height": 200, "caption": "Conway portrait", "longCaption": null, "credit": "NZC", "photographer": null, "peerUrls": null}, "countryTeamId": 5, "playerRoleTypeIds": [7], "playingRoles": ["wicketkeeper batter"], "headshotImage": {"id": 321214, "objectId": 1262782, "slug": "devon-conway-player-page-headshot-cutout-2021", "url": "/db/PICTURES/CMS/321200/321214.png", "width": 600, "height": 436, "caption": "Devon Conway player page headshot cutout, 2021", "longCaption": "Devon Conway player page headshot cutout, 2021", "credit": "", "photographer": null, "peerUrls": {"FILM": null, "WIDE": null, "SQUARE": "/db/PICTURES/CMS/321200/321214.square.png"}}}, "runs": 17, "balls": 12, "fours": 3, "sixes": 0}, {"player": {"id": 51088, "objectId": 277906, "name": "KS Williamson", "longName": "Kane Williamson", "mobileName": "Williamson", "indexName": "Williamson, KS", "battingName": "KS Williamson", "fieldingName": "Williamson", "slug": "kane-williamson", "imageUrl": "/db/PICTURES/CMS/303600/303652.png", "headshotImageUrl": "/db/PICTURES/CMS/316600/316618.png", "dateOfBirth": {"year": 1990, "month": 8, "date": 8}, "dateOfDeath": null, "gender": "M", "battingStyles": ["rhb"], "bowlingStyles": ["ob"], "longBattingStyles": ["right-hand bat"], "longBowlingStyles": ["right-arm offbreak"], "image": {"id": 303652, "objectId": 1222450, "slug": "kane-williamson-portrait", "url": "/db/PICTURES/CMS/303600/303652.png", "width": 160, "height": 200, "caption": "Kane Williamson portrait", "longCaption": "Kane Williamson, May 2020", "credit": "Getty Images", "photographer": null, "peerUrls": null}, "countryTeamId": 5, "playerRoleTypeIds": [2], "playingRoles": ["top-order batter"], "headshotImage": {"id": 316618, "objectId": 1251250, "slug": "ks-williamson-headshot", "url": "/db/PICTURES/CMS/316600/316618.png", "width": 600, "height": 436, "caption": "KS Williamson headshot", "longCaption": "KS Williamson headshot", "credit": null, "photographer": null, "peerUrls": {"FILM": null, "WIDE": null, "SQUARE": null}}}, "runs": 25, "balls": 25, "fours": 2, "sixes": 1}], "overEndBowlers": [{"player": {"id": 84937, "objectId": 922943, "name": "Shadab Khan", "longName": "Shadab Khan", "mobileName": "Shadab", "indexName": "Shadab Khan", "battingName": "Shadab Khan", "fieldingName": "Shadab Khan", "slug": "shadab-khan", "imageUrl": "/db/PICTURES/CMS/302800/302825.jpg", "headshotImageUrl": "/db/PICTURES/CMS/320400/320467.png", "dateOfBirth": {"year": 1998, "month": 10, "date": 4}, "dateOfDeath": null, "gender": "M", "battingStyles": ["rhb"], "bowlingStyles": ["lb"], "longBattingStyles": ["right-hand bat"], "longBowlingStyles": ["legbreak"], "image": {"id": 302825, "objectId": 1221178, "slug": "shadab-khan-portrait", "url": "/db/PICTURES/CMS/302800/302825.jpg", "width": 160, "height": 201, "caption": "Shadab Khan portrait", "longCaption": "Shadab Khan portrait, April 2020", "credit": "Getty Images", "photographer": null, "peerUrls": null}, "countryTeamId": 7, "playerRoleTypeIds": [5], "playingRoles": ["allrounder"], "headshotImage": {"id": 320467, "objectId": 1261306, "slug": "shadab-khan-player-page-headshot-cutout-2021", "url": "/db/PICTURES/CMS/320400/320467.png", "width": 600, "height": 436, "caption": "Shadab Khan player page headshot cutout, 2021", "longCaption": "Shadab Khan player page headshot cutout, 2021", "credit": null, "photographer": null, "peerUrls": {"FILM": null, "WIDE": null, "SQUARE": "/db/PICTURES/CMS/320400/320467.square.png"}}}, "overs": 3, "balls": 18, "maidens": 0, "conceded": 19, "wickets": 0, "currentType": 1}, {"player": {"id": 19647, "objectId": 41434, "name": "Mohammad Hafeez", "longName": "Mohammad Hafeez", "mobileName": "Hafeez", "indexName": "Mohammad Hafeez (Sargodha)", "battingName": "Mohammad Hafeez", "fieldingName": "Mohammad Hafeez", "slug": "mohammad-hafeez", "imageUrl": "/db/PICTURES/CMS/302800/302841.jpg", "headshotImageUrl": "/db/PICTURES/CMS/316500/316528.png", "dateOfBirth": {"year": 1980, "month": 10, "date": 17}, "dateOfDeath": null, "gender": "M", "battingStyles": ["rhb"], "bowlingStyles": ["ob"], "longBattingStyles": ["right-hand bat"], "longBowlingStyles": ["right-arm offbreak"], "image": {"id": 302841, "objectId": 1221196, "slug": "mohammad-hafeez-portrait", "url": "/db/PICTURES/CMS/302800/302841.jpg", "width": 160, "height": 201, "caption": "Mohammad Hafeez portrait", "longCaption": "Mohammad Hafeez portrait, April 2020", "credit": "Getty Images", "photographer": null, "peerUrls": null}, "countryTeamId": 7, "playerRoleTypeIds": [5], "playingRoles": ["allrounder"], "headshotImage": {"id": 316528, "objectId": 1251157, "slug": "mohammad-hafeez-headshot", "url": "/db/PICTURES/CMS/316500/316528.png", "width": 600, "height": 436, "caption": "Mohammad Hafeez headshot", "longCaption": "Mohammad Hafeez headshot", "credit": null, "photographer": null, "peerUrls": {"FILM": null, "WIDE": null, "SQUARE": null}}}, "overs": 2, "balls": 12, "maidens": 0, "conceded": 16, "wickets": 1, "currentType": 2}], "rollover": null}, "batsmanStatText": null, "bowlerStatText": null, "smartStats": []}]