[{"_uid": 35078473, "id": 35078473, "inningNumber": 1, "ballsActual": null, "ballsUnique": null, "oversUnique": 1.01, "oversActual": 1.1, "overNumber": 2, "ballNumber": 1, "totalRuns": 0, "batsmanRuns": 0, "isFour": false, "isSix": false, "isWicket": false, "dismissalType": null, "byes": 0, "legbyes": 0, "wides": 0, "noballs": 0, "penalties": 0, "wagonX": 229, "wagonY": 197, "wagonZone": 3, "pitchLine": "ON_THE_STUMPS", "pitchLength": "GOOD_LENGTH", "shotType": "FLICK", "shotControl": 1, "timestamp": "2021-10-26T10:05:21.000Z", "modified": "2021-10-26T10:05:24.000Z", "batsmanPlayerId": 45256, "bowlerPlayerId": 67296, "outPlayerId": null, "totalInningRuns": 4, "totalInningWickets": 0, "predictions": {"score": 157, "winProbability": 44.95}, "title": "Rabada to Simmons", "dismissalText": null, "commentPreTextItems": [{"type": "HTML", "html": "Kagiso Rabada with a slip in"}], "commentTextItems": [{"type": "HTML", "html": "back of a length, 140kph, he is caught on the crease getting a thick inside edge to square leg"}], "commentPostTextItems": null, "commentVideos": [], "commentImages": [], "events": [], "over": null, "batsmanStatText": null, "bowlerStatText": null, "smartStats": []}, {"_uid": 35078476, "id": 35078476, "inningNumber": 1, "ballsActual": null, "ballsUnique": null, "oversUnique": 1.02, "oversActual": 1.2, "overNumber": 2, "ballNumber": 2, "totalRuns": 0, "batsmanRuns": 0, "isFour": false, "isSix": false, "isWicket": false, "dismissalType": null, "byes": 0, "legbyes": 0, "wides": 0, "noballs": 0, "penalties": 0, "wagonX": 0, "wagonY": 0, "wagonZone": 0, "pitchLine": "OUTSIDE_OFFSTUMP", "pitchLength": "SHORT_OF_A_GOOD_LENGTH", "shotType": "CUT_SHOT", "shotControl": 2, "timestamp": "2021-10-26T10:05:56.000Z", "modified": "2021-10-26T10:05:59.000Z", "batsmanPlayerId": 45256, "bowlerPlayerId": 67296, "outPlayerId": null, "totalInningRuns": 4, "totalInningWickets": 0, "predictions": {"score": 155, "winProbability": 42.73}, "title": "Rabada to Simmons", "dismissalText": null, "commentPreTextItems": null, "commentTextItems": [{"type": "HTML", "html": "charges at a length ball and swings wildly and misses"}], "commentPostTextItems": null, "commentVideos": [], "commentImages": [], "events": [], "over": null, "batsmanStatText": null, "bowlerStatText": null, "smartStats": []}, {"_uid": 35078478, "id": 35078478, "inningNumber": 1, "ballsActual": null, "ballsUnique": null, "oversUnique": 1.03, "oversActual": 1.3, "overNumber": 2, "ballNumber": 3, "totalRuns": 0, "batsmanRuns": 0, "isFour": false, "isSix": false, "isWicket": false, "dismissalType": null, "byes": 0, "legbyes": 0, "wides": 0, "noballs": 0, "penalties": 0, "wagonX": 129, "wagonY": 143, "wagonZone": 7, "pitchLine": "OUTSIDE_OFFSTUMP", "pitchLength": "SHORT_OF_A_GOOD_LENGTH", "shotType": "SQUARE_DRIVE", "shotControl": 1, "timestamp": "2021-10-26T10:06:21.000Z", "modified": "2021-10-26T10:06:24.000Z", "batsmanPlayerId": 45256, "bowlerPlayerId": 67296, "outPlayerId": null, "totalInningRuns": 4, "totalInningWickets": 0, "predictions": {"score": 153, "winProbability": 40.55}, "title": "Rabada to Simmons", "dismissalText": null, "commentPreTextItems": null, "commentTextItems": [{"type": "HTML", "html": "back of a length, fourth stump, he's up on his toes forcing to point"}], "commentPostTextItems": null, "commentVideos": [], "commentImages": [], "events": [], "over": null, "batsmanStatText": null, "bowlerStatText": null, "smartStats": []}, {"_uid": 35078480, "id": 35078480, "inningNumber": 1, "ballsActual": null, "ballsUnique": null, "oversUnique": 1.04, "oversActual": 1.4, "overNumber": 2, "ballNumber": 4, "totalRuns": 1, "batsmanRuns": 1, "isFour": false, "isSix": false, "isWicket": false, "dismissalType": null, "byes": 0, "legbyes": 0, "wides": 0, "noballs": 0, "penalties": 0, "wagonX": 123, "wagonY": 55, "wagonZone": 8, "pitchLine": "OUTSIDE_OFFSTUMP", "pitchLength": "SHORT_OF_A_GOOD_LENGTH", "shotType": "STEERED", "shotControl": 1, "timestamp": "2021-10-26T10:07:08.000Z", "modified": "2021-10-26T10:07:11.000Z", "batsmanPlayerId": 45256, "bowlerPlayerId": 67296, "outPlayerId": null, "totalInningRuns": 5, "totalInningWickets": 0, "predictions": {"score": 153, "winProbability": 40.55}, "title": "Rabada to Simmons", "dismissalText": null, "commentPreTextItems": null, "commentTextItems": [{"type": "HTML", "html": "back of a length, fourth stump line, he sits back, opens the face and glides this to deep third"}], "commentPostTextItems": [{"type": "HTML", "html": "Faiz: \"It makes me shiver that Aiden Markram would be bowling opening overs for South Africa. Country that has produced Steyn, Donald and Morkel is now asking a part time to open their innings for them. New Ball is there the wickets are, a head scratching decision. \""}], "commentVideos": [], "commentImages": [], "events": [], "over": null, "batsmanStatText": null, "bowlerStatText": null, "smartStats": []}, {"_uid": 35078485, "id": 35078485, "inningNumber": 1, "ballsActual": null, "ballsUnique": null, "oversUnique": 1.05, "oversActual": 1.5, "overNumber": 2, "ballNumber": 5, "totalRuns": 1, "batsmanRuns": 0, "isFour": false, "isSix": false, "isWicket": false, "dismissalType": null, "byes": 0, "legbyes": 1, "wides": 0, "noballs": 0, "penalties": 0, "wagonX": 0, "wagonY": 0, "wagonZone": 0, "pitchLine": "DOWN_LEG", "pitchLength": "FULL", "shotType": "FLICK", "shotControl": 2, "timestamp": "2021-10-26T10:08:03.000Z", "modified": "2021-10-26T10:08:06.000Z", "batsmanPlayerId": 61413, "bowlerPlayerId": 67296, "outPlayerId": null, "totalInningRuns": 6, "totalInningWickets": 0, "predictions": {"score": 152, "winProbability": 39.47}, "title": "Rabada to Lewis", "dismissalText": null, "commentPreTextItems": null, "commentTextItems": [{"type": "HTML", "html": "full and speared down leg, it comes off pad and the keeper Klaasen makes a great diving stop to prevent four"}], "commentPostTextItems": null, "commentVideos": [], "commentImages": [], "events": [], "over": null, "batsmanStatText": null, "bowlerStatText": null, "smartStats": []}, {"_uid": 35078487, "id": 35078487, "inningNumber": 1, "ballsActual": null, "ballsUnique": null, "oversUnique": 1.06, "oversActual": 1.6, "overNumber": 2, "ballNumber": 6, "totalRuns": 0, "batsmanRuns": 0, "isFour": false, "isSix": false, "isWicket": false, "dismissalType": null, "byes": 0, "legbyes": 0, "wides": 0, "noballs": 0, "penalties": 0, "wagonX": 121, "wagonY": 140, "wagonZone": 7, "pitchLine": "OUTSIDE_OFFSTUMP", "pitchLength": "FULL", "shotType": "SQUARE_DRIVE", "shotControl": 1, "timestamp": "2021-10-26T10:08:30.000Z", "modified": "2021-10-26T10:08:33.000Z", "batsmanPlayerId": 45256, "bowlerPlayerId": 67296, "outPlayerId": null, "totalInningRuns": 6, "totalInningWickets": 0, "predictions": {"score": 151, "winProbability": 38.39}, "title": "Rabada to Simmons", "dismissalText": null, "commentPreTextItems": null, "commentTextItems": [{"type": "HTML", "html": "full outside off, 143kph, he's back and steering this to backward point"}], "commentPostTextItems": [{"type": "HTML", "html": "Klaasen is keeping because Quinton de Kock has withdrawn for personal reasons."}], "commentVideos": [], "commentImages": [], "events": [], "over": {"team": {"id": 4, "objectId": 4, "scribeId": 4, "slug": "west-indies", "name": "West Indies", "longName": "West Indies", "abbreviation": "WI", "unofficialName": "", "imageUrl": "/db/PICTURES/CMS/317600/317615.png", "isCountry": true, "primaryColor": "#790d1a", "image": {"id": 317615, "objectId": 1254181, "slug": "west-indies-team-logo", "url": "/db/PICTURES/CMS/317600/317615.png", "width": 500, "height": 500, "caption": "West Indies team logo", "longCaption": "West Indies team logo", "credit": "West Indies Cricket", "photographer": null, "peerUrls": null}, "country": {"id": 4, "objectId": 4, "name": "West Indies", "shortName": "West Indies", "abbreviation": "WI", "slug": "west-indies"}}, "inningNumber": 1, "overNumber": 2, "overRuns": 2, "overWickets": 0, "totalRuns": 6, "totalWickets": 0, "target": 0, "overLimit": 20, "ballLimit": 120, "isMaiden": false, "isComplete": true, "isSuperOver": false, "overEndBatsmen": [{"player": {"id": 45256, "objectId": 53116, "name": "LMP Simmons", "longName": "Lendl Simmons", "mobileName": "Simmons", "indexName": "Simmons, LMP", "battingName": "LMP Simmons", "fieldingName": "Simmons", "slug": "lendl-simmons", "imageUrl": "/db/PICTURES/CMS/203200/203285.1.jpg", "headshotImageUrl": "/db/PICTURES/CMS/316500/316545.png", "dateOfBirth": {"year": 1985, "month": 1, "date": 25}, "dateOfDeath": null, "gender": "M", "battingStyles": ["rhb"], "bowlingStyles": ["rmf"], "longBattingStyles": ["right-hand bat"], "longBowlingStyles": ["right-arm medium-fast"], "image": {"id": 203285, "objectId": 818687, "slug": "lendl-simmons", "url": "/db/PICTURES/CMS/203200/203285.1.jpg", "width": 160, "height": 192, "caption": "Lendl Simmons", "longCaption": "Lendl Simmons", "credit": "Getty Images", "photographer": null, "peerUrls": null}, "countryTeamId": 4, "playerRoleTypeIds": [2], "playingRoles": ["top-order batter"], "headshotImage": {"id": 316545, "objectId": 1251174, "slug": "lmp-simmons-headshot", "url": "/db/PICTURES/CMS/316500/316545.png", "width": 600, "height": 436, "caption": "LMP Simmons headshot", "longCaption": "LMP Simmons headshot", "credit": null, "photographer": null, "peerUrls": {"FILM": null, "WIDE": null, "SQUARE": null}}}, "runs": 3, "balls": 9, "fours": 0, "sixes": 0}, {"player": {"id": 61413, "objectId": 431901, "name": "E Lewis", "longName": "Evin Lewis", "mobileName": "Lewis", "indexName": "Lewis, E", "battingName": "E Lewis", "fieldingName": "Lewis", "slug": "evin-lewis", "imageUrl": "/db/PICTURES/CMS/232700/232753.jpg", "headshotImageUrl": "/db/PICTURES/CMS/320000/320093.png", "dateOfBirth": {"year": 1991, "month": 12, "date": 27}, "dateOfDeath": null, "gender": "M", "battingStyles": ["lhb"], "bowlingStyles": [], "longBattingStyles": ["left-hand bat"], "longBowlingStyles": [], "image": {"id": 232753, "objectId": 966389, "slug": "evin-lewis-profile-photo", "url": "/db/PICTURES/CMS/232700/232753.jpg", "width": 160, "height": 200, "caption": "Evin Lewis profile photo", "longCaption": "Evin Lewis profile photo", "credit": "Craig Cozier", "photographer": null, "peerUrls": null}, "countryTeamId": 4, "playerRoleTypeIds": [1], "playingRoles": ["opening batter"], "headshotImage": {"id": 320093, "objectId": 1260548, "slug": "evin-lewis-player-page-headshot-cutout-2021", "url": "/db/PICTURES/CMS/320000/320093.png", "width": 600, "height": 436, "caption": "Evin Lewis player page headshot cutout, 2021", "longCaption": "Evin Lewis player page headshot cutout, 2021", "credit": null, "photographer": null, "peerUrls": {"FILM": null, "WIDE": null, "SQUARE": "/db/PICTURES/CMS/320000/320093.square.png"}}}, "runs": 1, "balls": 3, "fours": 0, "sixes": 0}], "overEndBowlers": [{"player": {"id": 67296, "objectId": 550215, "name": "K Rabada", "longName": "Kagiso Rabada", "mobileName": "Rabada", "indexName": "Rabada, K", "battingName": "K Rabada", "fieldingName": "Rabada", "slug": "kagiso-rabada", "imageUrl": "/db/PICTURES/CMS/317900/317954.jpg", "headshotImageUrl": "/db/PICTURES/CMS/320300/320376.png", "dateOfBirth": {"year": 1995, "month": 5, "date": 25}, "dateOfDeath": null, "gender": "M", "battingStyles": ["lhb"], "bowlingStyles": ["rf"], "longBattingStyles": ["left-hand bat"], "longBowlingStyles": ["right-arm fast"], "image": {"id": 317954, "objectId": 1254922, "slug": "kagiso-rabada-portrait", "url": "/db/PICTURES/CMS/317900/317954.jpg", "width": 160, "height": 200, "caption": "Kagiso Rabada portrait", "longCaption": "Kagiso Rabada portrait, November 19, 2020", "credit": "Cricket South Africa", "photographer": null, "peerUrls": null}, "countryTeamId": 3, "playerRoleTypeIds": [4], "playingRoles": ["bowler"], "headshotImage": {"id": 320376, "objectId": 1261170, "slug": "kagiso-rabada-player-page-headshot-cutout-2021", "url": "/db/PICTURES/CMS/320300/320376.png", "width": 600, "height": 436, "caption": "Kagiso Rabada player page headshot cutout, 2021", "longCaption": "Kagiso Rabada player page headshot cutout, 2021", "credit": null, "photographer": null, "peerUrls": {"FILM": null, "WIDE": null, "SQUARE": "/db/PICTURES/CMS/320300/320376.square.png"}}}, "overs": 1, "balls": 6, "maidens": 0, "conceded": 1, "wickets": 0, "currentType": 1}, {"player": {"id": 70277, "objectId": 600498, "name": "AK Markram", "longName": "Aiden Markram", "mobileName": "Markram", "indexName": "Markram, AK", "battingName": "AK Markram", "fieldingName": "Markram", "slug": "aiden-markram", "imageUrl": "/db/PICTURES/CMS/317900/317970.jpg", "headshotImageUrl": "/db/PICTURES/CMS/322000/322067.png", "dateOfBirth": {"year": 1994, "month": 10, "date": 4}, "dateOfDeath": null, "gender": "M", "battingStyles": ["rhb"], "bowlingStyles": ["ob"], "longBattingStyles": ["right-hand bat"], "longBowlingStyles": ["right-arm offbreak"], "image": {"id": 317970, "objectId": 1254938, "slug": "aiden-markram-portrait", "url": "/db/PICTURES/CMS/317900/317970.jpg", "width": 160, "height": 200, "caption": "Aiden Markram portrait", "longCaption": "Aiden Markram portrait, December 23, 2020", "credit": "Cricket South Africa", "photographer": null, "peerUrls": null}, "countryTeamId": 3, "playerRoleTypeIds": [1], "playingRoles": ["opening batter"], "headshotImage": {"id": 322067, "objectId": 1264436, "slug": "aiden-markram-player-page-headshot-cutout-2021", "url": "/db/PICTURES/CMS/322000/322067.png", "width": 600, "height": 436, "caption": "Aiden Markram player page headshot cutout, 2021", "longCaption": "Aiden Markram player page headshot cutout, 2021", "credit": null, "photographer": null, "peerUrls": {"FILM": null, "WIDE": null, "SQUARE": "/db/PICTURES/CMS/322000/322067.square.png"}}}, "overs": 1, "balls": 6, "maidens": 0, "conceded": 4, "wickets": 0, "currentType": 2}], "rollover": null}, "batsmanStatText": null, "bowlerStatText": null, "smartStats": []}, {"_uid": 35078490, "id": 35078490, "inningNumber": 1, "ballsActual": null, "ballsUnique": null, "oversUnique": 2.01, "oversActual": 2.1, "overNumber": 3, "ballNumber": 1, "totalRuns": 0, "batsmanRuns": 0, "isFour": false, "isSix": false, "isWicket": false, "dismissalType": null, "byes": 0, "legbyes": 0, "wides": 0, "noballs": 0, "penalties": 0, "wagonX": 219, "wagonY": 191, "wagonZone": 3, "pitchLine": "OUTSIDE_OFFSTUMP", "pitchLength": "SHORT_OF_A_GOOD_LENGTH", "shotType": "COVER_DRIVE", "shotControl": 1, "timestamp": "2021-10-26T10:09:35.000Z", "modified": "2021-10-26T10:09:38.000Z", "batsmanPlayerId": 61413, "bowlerPlayerId": 70277, "outPlayerId": null, "totalInningRuns": 6, "totalInningWickets": 0, "predictions": {"score": 149, "winProbability": 36.28}, "title": "Markram to Lewis", "dismissalText": null, "commentPreTextItems": null, "commentTextItems": [{"type": "HTML", "html": "shorter outside off, he's back and forcing a cut to cover-point"}], "commentPostTextItems": null, "commentVideos": [], "commentImages": [], "events": [], "over": null, "batsmanStatText": null, "bowlerStatText": null, "smartStats": []}, {"_uid": 35078491, "id": 35078491, "inningNumber": 1, "ballsActual": null, "ballsUnique": null, "oversUnique": 2.02, "oversActual": 2.2, "overNumber": 3, "ballNumber": 2, "totalRuns": 0, "batsmanRuns": 0, "isFour": false, "isSix": false, "isWicket": false, "dismissalType": null, "byes": 0, "legbyes": 0, "wides": 0, "noballs": 0, "penalties": 0, "wagonX": 204, "wagonY": 191, "wagonZone": 4, "pitchLine": "OUTSIDE_OFFSTUMP", "pitchLength": "GOOD_LENGTH", "shotType": "DEFENDED", "shotControl": 1, "timestamp": "2021-10-26T10:09:50.000Z", "modified": "2021-10-26T10:09:53.000Z", "batsmanPlayerId": 61413, "bowlerPlayerId": 70277, "outPlayerId": null, "totalInningRuns": 6, "totalInningWickets": 0, "predictions": {"score": 147, "winProbability": 34.22}, "title": "Markram to Lewis", "dismissalText": null, "commentPreTextItems": null, "commentTextItems": [{"type": "HTML", "html": "tossed up on off, he leans out to defend"}], "commentPostTextItems": null, "commentVideos": [], "commentImages": [], "events": [], "over": null, "batsmanStatText": null, "bowlerStatText": null, "smartStats": []}, {"_uid": 35078492, "id": 35078492, "inningNumber": 1, "ballsActual": null, "ballsUnique": null, "oversUnique": 2.03, "oversActual": 2.3, "overNumber": 3, "ballNumber": 3, "totalRuns": 0, "batsmanRuns": 0, "isFour": false, "isSix": false, "isWicket": false, "dismissalType": null, "byes": 0, "legbyes": 0, "wides": 0, "noballs": 0, "penalties": 0, "wagonX": 193, "wagonY": 184, "wagonZone": 4, "pitchLine": "OUTSIDE_OFFSTUMP", "pitchLength": "GOOD_LENGTH", "shotType": "DEFENDED", "shotControl": 1, "timestamp": "2021-10-26T10:10:08.000Z", "modified": "2021-10-26T10:10:10.000Z", "batsmanPlayerId": 61413, "bowlerPlayerId": 70277, "outPlayerId": null, "totalInningRuns": 6, "totalInningWickets": 0, "predictions": {"score": 145, "winProbability": 32.22}, "title": "Markram to Lewis", "dismissalText": null, "commentPreTextItems": null, "commentTextItems": [{"type": "HTML", "html": "pushed through on off, 94kph, he's defending from the crease"}], "commentPostTextItems": null, "commentVideos": [], "commentImages": [], "events": [], "over": null, "batsmanStatText": null, "bowlerStatText": null, "smartStats": []}, {"_uid": 35078495, "id": 35078495, "inningNumber": 1, "ballsActual": null, "ballsUnique": null, "oversUnique": 2.04, "oversActual": 2.4, "overNumber": 3, "ballNumber": 4, "totalRuns": 0, "batsmanRuns": 0, "isFour": false, "isSix": false, "isWicket": false, "dismissalType": null, "byes": 0, "legbyes": 0, "wides": 0, "noballs": 0, "penalties": 0, "wagonX": 136, "wagonY": 124, "wagonZone": 7, "pitchLine": "ON_THE_STUMPS", "pitchLength": "FULL", "shotType": "SWEEP_SHOT", "shotControl": 1, "timestamp": "2021-10-26T10:10:30.000Z", "modified": "2021-10-26T10:10:32.000Z", "batsmanPlayerId": 61413, "bowlerPlayerId": 70277, "outPlayerId": null, "totalInningRuns": 6, "totalInningWickets": 0, "predictions": {"score": 144, "winProbability": 31.24}, "title": "Markram to Lewis", "dismissalText": null, "commentPreTextItems": null, "commentTextItems": [{"type": "HTML", "html": "full on leg, he sweeps but picks out backward square inside the circle"}], "commentPostTextItems": null, "commentVideos": [], "commentImages": [], "events": [], "over": null, "batsmanStatText": null, "bowlerStatText": null, "smartStats": []}, {"_uid": 35078497, "id": 35078497, "inningNumber": 1, "ballsActual": null, "ballsUnique": null, "oversUnique": 2.05, "oversActual": 2.5, "overNumber": 3, "ballNumber": 5, "totalRuns": 0, "batsmanRuns": 0, "isFour": false, "isSix": false, "isWicket": false, "dismissalType": null, "byes": 0, "legbyes": 0, "wides": 0, "noballs": 0, "penalties": 0, "wagonX": 154, "wagonY": 192, "wagonZone": 5, "pitchLine": "OUTSIDE_OFFSTUMP", "pitchLength": "GOOD_LENGTH", "shotType": "PUSH", "shotControl": 1, "timestamp": "2021-10-26T10:10:52.000Z", "modified": "2021-10-26T10:10:55.000Z", "batsmanPlayerId": 61413, "bowlerPlayerId": 70277, "outPlayerId": null, "totalInningRuns": 6, "totalInningWickets": 0, "predictions": {"score": 142, "winProbability": 29.33}, "title": "Markram to Lewis", "dismissalText": null, "commentPreTextItems": null, "commentTextItems": [{"type": "HTML", "html": "good length on off, he's back and defending from the crease"}], "commentPostTextItems": null, "commentVideos": [], "commentImages": [], "events": [], "over": null, "batsmanStatText": null, "bowlerStatText": null, "smartStats": []}, {"_uid": 35078499, "id": 35078499, "inningNumber": 1, "ballsActual": null, "ballsUnique": null, "oversUnique": 2.06, "oversActual": 2.6, "overNumber": 3, "ballNumber": 6, "totalRuns": 0, "batsmanRuns": 0, "isFour": false, "isSix": false, "isWicket": false, "dismissalType": null, "byes": 0, "legbyes": 0, "wides": 0, "noballs": 0, "penalties": 0, "wagonX": 222, "wagonY": 199, "wagonZone": 3, "pitchLine": "OUTSIDE_OFFSTUMP", "pitchLength": "SHORT_OF_A_GOOD_LENGTH", "shotType": "COVER_DRIVE", "shotControl": 1, "timestamp": "2021-10-26T10:11:17.000Z", "modified": "2021-10-26T10:11:20.000Z", "batsmanPlayerId": 61413, "bowlerPlayerId": 70277, "outPlayerId": null, "totalInningRuns": 6, "totalInningWickets": 0, "predictions": {"score": 140, "winProbability": 27.5}, "title": "Markram to Lewis", "dismissalText": null, "commentPreTextItems": null, "commentTextItems": [{"type": "HTML", "html": "93kph, good length outside off, he's back and punching to cover-point. <strong>A brilliant maiden</strong>"}], "commentPostTextItems": [{"type": "HTML", "html": "David: \"I highly disagree with Faiz, you commonly see a part-timer go for very little in the first over. which markram has done many times, good move in my opinion.\""}], "commentVideos": [], "commentImages": [], "events": [], "over": {"team": {"id": 4, "objectId": 4, "scribeId": 4, "slug": "west-indies", "name": "West Indies", "longName": "West Indies", "abbreviation": "WI", "unofficialName": "", "imageUrl": "/db/PICTURES/CMS/317600/317615.png", "isCountry": true, "primaryColor": "#790d1a", "image": {"id": 317615, "objectId": 1254181, "slug": "west-indies-team-logo", "url": "/db/PICTURES/CMS/317600/317615.png", "width": 500, "height": 500, "caption": "West Indies team logo", "longCaption": "West Indies team logo", "credit": "West Indies Cricket", "photographer": null, "peerUrls": null}, "country": {"id": 4, "objectId": 4, "name": "West Indies", "shortName": "West Indies", "abbreviation": "WI", "slug": "west-indies"}}, "inningNumber": 1, "overNumber": 3, "overRuns": 0, "overWickets": 0, "totalRuns": 6, "totalWickets": 0, "target": 0, "overLimit": 20, "ballLimit": 120, "isMaiden": true, "isComplete": true, "isSuperOver": false, "overEndBatsmen": [{"player": {"id": 61413, "objectId": 431901, "name": "E Lewis", "longName": "Evin Lewis", "mobileName": "Lewis", "indexName": "Lewis, E", "battingName": "E Lewis", "fieldingName": "Lewis", "slug": "evin-lewis", "imageUrl": "/db/PICTURES/CMS/232700/232753.jpg", "headshotImageUrl": "/db/PICTURES/CMS/320000/320093.png", "dateOfBirth": {"year": 1991, "month": 12, "date": 27}, "dateOfDeath": null, "gender": "M", "battingStyles": ["lhb"], "bowlingStyles": [], "longBattingStyles": ["left-hand bat"], "longBowlingStyles": [], "image": {"id": 232753, "objectId": 966389, "slug": "evin-lewis-profile-photo", "url": "/db/PICTURES/CMS/232700/232753.jpg", "width": 160, "height": 200, "caption": "Evin Lewis profile photo", "longCaption": "Evin Lewis profile photo", "credit": "Craig Cozier", "photographer": null, "peerUrls": null}, "countryTeamId": 4, "playerRoleTypeIds": [1], "playingRoles": ["opening batter"], "headshotImage": {"id": 320093, "objectId": 1260548, "slug": "evin-lewis-player-page-headshot-cutout-2021", "url": "/db/PICTURES/CMS/320000/320093.png", "width": 600, "height": 436, "caption": "Evin Lewis player page headshot cutout, 2021", "longCaption": "Evin Lewis player page headshot cutout, 2021", "credit": null, "photographer": null, "peerUrls": {"FILM": null, "WIDE": null, "SQUARE": "/db/PICTURES/CMS/320000/320093.square.png"}}}, "runs": 1, "balls": 9, "fours": 0, "sixes": 0}, {"player": {"id": 45256, "objectId": 53116, "name": "LMP Simmons", "longName": "Lendl Simmons", "mobileName": "Simmons", "indexName": "Simmons, LMP", "battingName": "LMP Simmons", "fieldingName": "Simmons", "slug": "lendl-simmons", "imageUrl": "/db/PICTURES/CMS/203200/203285.1.jpg", "headshotImageUrl": "/db/PICTURES/CMS/316500/316545.png", "dateOfBirth": {"year": 1985, "month": 1, "date": 25}, "dateOfDeath": null, "gender": "M", "battingStyles": ["rhb"], "bowlingStyles": ["rmf"], "longBattingStyles": ["right-hand bat"], "longBowlingStyles": ["right-arm medium-fast"], "image": {"id": 203285, "objectId": 818687, "slug": "lendl-simmons", "url": "/db/PICTURES/CMS/203200/203285.1.jpg", "width": 160, "height": 192, "caption": "Lendl Simmons", "longCaption": "Lendl Simmons", "credit": "Getty Images", "photographer": null, "peerUrls": null}, "countryTeamId": 4, "playerRoleTypeIds": [2], "playingRoles": ["top-order batter"], "headshotImage": {"id": 316545, "objectId": 1251174, "slug": "lmp-simmons-headshot", "url": "/db/PICTURES/CMS/316500/316545.png", "width": 600, "height": 436, "caption": "LMP Simmons headshot", "longCaption": "LMP Simmons headshot", "credit": null, "photographer": null, "peerUrls": {"FILM": null, "WIDE": null, "SQUARE": null}}}, "runs": 3, "balls": 9, "fours": 0, "sixes": 0}], "overEndBowlers": [{"player": {"id": 70277, "objectId": 600498, "name": "AK Markram", "longName": "Aiden Markram", "mobileName": "Markram", "indexName": "Markram, AK", "battingName": "AK Markram", "fieldingName": "Markram", "slug": "aiden-markram", "imageUrl": "/db/PICTURES/CMS/317900/317970.jpg", "headshotImageUrl": "/db/PICTURES/CMS/322000/322067.png", "dateOfBirth": {"year": 1994, "month": 10, "date": 4}, "dateOfDeath": null, "gender": "M", "battingStyles": ["rhb"], "bowlingStyles": ["ob"], "longBattingStyles": ["right-hand bat"], "longBowlingStyles": ["right-arm offbreak"], "image": {"id": 317970, "objectId": 1254938, "slug": "aiden-markram-portrait", "url": "/db/PICTURES/CMS/317900/317970.jpg", "width": 160, "height": 200, "caption": "Aiden Markram portrait", "longCaption": "Aiden Markram portrait, December 23, 2020", "credit": "Cricket South Africa", "photographer": null, "peerUrls": null}, "countryTeamId": 3, "playerRoleTypeIds": [1], "playingRoles": ["opening batter"], "headshotImage": {"id": 322067, "objectId": 1264436, "slug": "aiden-markram-player-page-headshot-cutout-2021", "url": "/db/PICTURES/CMS/322000/322067.png", "width": 600, "height": 436, "caption": "Aiden Markram player page headshot cutout, 2021", "longCaption": "Aiden Markram player page headshot cutout, 2021", "credit": null, "photographer": null, "peerUrls": {"FILM": null, "WIDE": null, "SQUARE": "/db/PICTURES/CMS/322000/322067.square.png"}}}, "overs": 2, "balls": 12, "maidens": 1, "conceded": 4, "wickets": 0, "currentType": 1}, {"player": {"id": 67296, "objectId": 550215, "name": "K Rabada", "longName": "Kagiso Rabada", "mobileName": "Rabada", "indexName": "Rabada, K", "battingName": "K Rabada", "fieldingName": "Rabada", "slug": "kagiso-rabada", "imageUrl": "/db/PICTURES/CMS/317900/317954.jpg", "headshotImageUrl": "/db/PICTURES/CMS/320300/320376.png", "dateOfBirth": {"year": 1995, "month": 5, "date": 25}, "dateOfDeath": null, "gender": "M", "battingStyles": ["lhb"], "bowlingStyles": ["rf"], "longBattingStyles": ["left-hand bat"], "longBowlingStyles": ["right-arm fast"], "image": {"id": 317954, "objectId": 1254922, "slug": "kagiso-rabada-portrait", "url": "/db/PICTURES/CMS/317900/317954.jpg", "width": 160, "height": 200, "caption": "Kagiso Rabada portrait", "longCaption": "Kagiso Rabada portrait, November 19, 2020", "credit": "Cricket South Africa", "photographer": null, "peerUrls": null}, "countryTeamId": 3, "playerRoleTypeIds": [4], "playingRoles": ["bowler"], "headshotImage": {"id": 320376, "objectId": 1261170, "slug": "kagiso-rabada-player-page-headshot-cutout-2021", "url": "/db/PICTURES/CMS/320300/320376.png", "width": 600, "height": 436, "caption": "Kagiso Rabada player page headshot cutout, 2021", "longCaption": "Kagiso Rabada player page headshot cutout, 2021", "credit": null, "photographer": null, "peerUrls": {"FILM": null, "WIDE": null, "SQUARE": "/db/PICTURES/CMS/320300/320376.square.png"}}}, "overs": 1, "balls": 6, "maidens": 0, "conceded": 1, "wickets": 0, "currentType": 2}], "rollover": null}, "batsmanStatText": null, "bowlerStatText": null, "smartStats": []}]