[{"_uid": 35113068, "id": 35113068, "inningNumber": 1, "ballsActual": null, "ballsUnique": null, "oversUnique": 11.01, "oversActual": 11.1, "overNumber": 12, "ballNumber": 1, "totalRuns": 0, "batsmanRuns": 0, "isFour": false, "isSix": false, "isWicket": false, "dismissalType": null, "byes": 0, "legbyes": 0, "wides": 0, "noballs": 0, "penalties": 0, "wagonX": 178, "wagonY": 195, "wagonZone": 5, "pitchLine": "ON_THE_STUMPS", "pitchLength": "SHORT_OF_A_GOOD_LENGTH", "shotType": "DEFENDED", "shotControl": 1, "timestamp": "2021-10-28T14:56:00.000Z", "modified": "2021-10-28T14:56:04.000Z", "batsmanPlayerId": 78231, "bowlerPlayerId": 58435, "outPlayerId": null, "totalInningRuns": 88, "totalInningWickets": 3, "predictions": {"score": 165, "winProbability": 55.7}, "title": "Zampa to Avishka Fernando", "dismissalText": null, "commentPreTextItems": null, "commentTextItems": [{"type": "HTML", "html": "charges Zampa, who drags the length back on middle stump and forces Avishka to check into a defensive punch back to Zampa."}], "commentPostTextItems": null, "commentVideos": [], "commentImages": [], "events": [], "over": null, "batsmanStatText": null, "bowlerStatText": null, "smartStats": []}, {"_uid": 35113071, "id": 35113071, "inningNumber": 1, "ballsActual": null, "ballsUnique": null, "oversUnique": 11.02, "oversActual": 11.2, "overNumber": 12, "ballNumber": 2, "totalRuns": 1, "batsmanRuns": 1, "isFour": false, "isSix": false, "isWicket": false, "dismissalType": null, "byes": 0, "legbyes": 0, "wides": 0, "noballs": 0, "penalties": 0, "wagonX": 241, "wagonY": 284, "wagonZone": 4, "pitchLine": "ON_THE_STUMPS", "pitchLength": "FULL", "shotType": "ON_DRIVE", "shotControl": 1, "timestamp": "2021-10-28T14:56:31.000Z", "modified": "2021-10-28T14:56:35.000Z", "batsmanPlayerId": 78231, "bowlerPlayerId": 58435, "outPlayerId": null, "totalInningRuns": 89, "totalInningWickets": 3, "predictions": {"score": 164, "winProbability": 54.61}, "title": "Zampa to Avishka Fernando", "dismissalText": null, "commentPreTextItems": null, "commentTextItems": [{"type": "HTML", "html": "flighted more and full on middle, flicked into midwicket for one."}], "commentPostTextItems": null, "commentVideos": [], "commentImages": [], "events": [], "over": null, "batsmanStatText": null, "bowlerStatText": null, "smartStats": []}, {"_uid": 35113073, "id": 35113073, "inningNumber": 1, "ballsActual": null, "ballsUnique": null, "oversUnique": 11.03, "oversActual": 11.3, "overNumber": 12, "ballNumber": 3, "totalRuns": 0, "batsmanRuns": 0, "isFour": false, "isSix": false, "isWicket": false, "dismissalType": null, "byes": 0, "legbyes": 0, "wides": 0, "noballs": 0, "penalties": 0, "wagonX": 0, "wagonY": 0, "wagonZone": 0, "pitchLine": "OUTSIDE_OFFSTUMP", "pitchLength": "FULL", "shotType": "ON_DRIVE", "shotControl": 2, "timestamp": "2021-10-28T14:57:14.000Z", "modified": "2021-10-28T14:57:18.000Z", "batsmanPlayerId": 56511, "bowlerPlayerId": 58435, "outPlayerId": null, "totalInningRuns": 89, "totalInningWickets": 3, "predictions": {"score": 163, "winProbability": 53.51}, "title": "Zampa to Rajapaksa", "dismissalText": null, "commentPreTextItems": null, "commentTextItems": [{"type": "HTML", "html": "googly slowed up at 84 kph lands on a good length on off stump and spins past a drive to beat the outside edge."}], "commentPostTextItems": [{"type": "HTML", "html": "His stock ball has been between 95 and 100 kph."}], "commentVideos": [], "commentImages": [], "events": [], "over": null, "batsmanStatText": null, "bowlerStatText": null, "smartStats": []}, {"_uid": 35113075, "id": 35113075, "inningNumber": 1, "ballsActual": null, "ballsUnique": null, "oversUnique": 11.04, "oversActual": 11.4, "overNumber": 12, "ballNumber": 4, "totalRuns": 1, "batsmanRuns": 1, "isFour": false, "isSix": false, "isWicket": false, "dismissalType": null, "byes": 0, "legbyes": 0, "wides": 0, "noballs": 0, "penalties": 0, "wagonX": 198, "wagonY": 113, "wagonZone": 1, "pitchLine": "OUTSIDE_OFFSTUMP", "pitchLength": "GOOD_LENGTH", "shotType": "DAB", "shotControl": 1, "timestamp": "2021-10-28T14:57:50.000Z", "modified": "2021-10-28T14:57:55.000Z", "batsmanPlayerId": 56511, "bowlerPlayerId": 58435, "outPlayerId": null, "totalInningRuns": 90, "totalInningWickets": 3, "predictions": {"score": 162, "winProbability": 52.4}, "title": "Zampa to Rajapaksa", "dismissalText": null, "commentPreTextItems": null, "commentTextItems": [{"type": "HTML", "html": "good length leg break on fourth stump at 87 kph, opens the face to guide this through vacant slip and fielded by short third man for one."}], "commentPostTextItems": null, "commentVideos": [], "commentImages": [], "events": [], "over": null, "batsmanStatText": null, "bowlerStatText": null, "smartStats": []}, {"_uid": 35113078, "id": 35113078, "inningNumber": 1, "ballsActual": null, "ballsUnique": null, "oversUnique": 11.05, "oversActual": 11.5, "overNumber": 12, "ballNumber": 5, "totalRuns": 0, "batsmanRuns": 0, "isFour": false, "isSix": false, "isWicket": true, "dismissalType": 1, "byes": 0, "legbyes": 0, "wides": 0, "noballs": 0, "penalties": 0, "wagonX": 153, "wagonY": 198, "wagonZone": 5, "pitchLine": "OUTSIDE_OFFSTUMP", "pitchLength": "FULL", "shotType": "SLOG_SHOT", "shotControl": 2, "timestamp": "2021-10-28T14:58:30.000Z", "modified": "2021-10-28T14:58:33.000Z", "batsmanPlayerId": 78231, "bowlerPlayerId": 58435, "outPlayerId": 78231, "totalInningRuns": 90, "totalInningWickets": 4, "predictions": {"score": 161, "winProbability": 51.29}, "title": "Zampa to Avishka Fernando", "dismissalText": {"short": "caught", "long": "c Smith b Zampa", "commentary": "Avishka Fernando c Smith b Zampa 4 (7b 0x4 0x6 13m) SR: 57.14"}, "commentPreTextItems": null, "commentTextItems": [{"type": "HTML", "html": "<strong>Avishka pays the price for slogging across the line! </strong> Flighted full on fifth stump at 87 kph, Avishka is teased into a slog sweep over midwicket and it's the stock legbreak heaving against the turn. It results in a top edge swirling over cover. Simple catch for Smith in the ring waiting for it to come into his safe hands at chest height with palms facing into his torso."}], "commentPostTextItems": [{"type": "HTML", "html": "Amri: \"As a Sri Lankan fan Zampa turning the ball gives me hope.\" Now that's a silver lining."}], "commentVideos": [], "commentImages": [], "events": [], "over": null, "batsmanStatText": null, "bowlerStatText": null, "smartStats": []}, {"_uid": 35113084, "id": 35113084, "inningNumber": 1, "ballsActual": null, "ballsUnique": null, "oversUnique": 11.06, "oversActual": 11.6, "overNumber": 12, "ballNumber": 6, "totalRuns": 0, "batsmanRuns": 0, "isFour": false, "isSix": false, "isWicket": false, "dismissalType": null, "byes": 0, "legbyes": 0, "wides": 0, "noballs": 0, "penalties": 0, "wagonX": 0, "wagonY": 0, "wagonZone": 0, "pitchLine": "OUTSIDE_OFFSTUMP", "pitchLength": "FULL", "shotType": "DEFENDED", "shotControl": 2, "timestamp": "2021-10-28T14:59:56.000Z", "modified": "2021-10-28T14:59:59.000Z", "batsmanPlayerId": 56511, "bowlerPlayerId": 58435, "outPlayerId": null, "totalInningRuns": 90, "totalInningWickets": 4, "predictions": {"score": 160, "winProbability": 50.18}, "title": "Zampa to Rajapaksa", "dismissalText": null, "commentPreTextItems": [{"type": "HTML", "html": "Hasaranga enters off strike. Slip in for Rajapaksa."}], "commentTextItems": [{"type": "HTML", "html": "googly on a good length on fourth stump spins sharply across the left-hander prodding forward and beats the outside edge."}], "commentPostTextItems": null, "commentVideos": [], "commentImages": [], "events": [], "over": {"team": {"id": 8, "objectId": 8, "scribeId": 8, "slug": "sri-lanka", "name": "Sri Lanka", "longName": "Sri Lanka", "abbreviation": "SL", "unofficialName": "", "imageUrl": "/db/PICTURES/CMS/340000/340047.png", "isCountry": true, "primaryColor": "#203d89", "image": {"id": 340047, "objectId": 1316921, "slug": "sri-lanka-team-flag", "url": "/db/PICTURES/CMS/340000/340047.png", "width": 500, "height": 500, "caption": "Sri Lanka team flag", "longCaption": "Sri Lanka team flag", "credit": "Google", "photographer": null, "peerUrls": null}, "country": {"id": 8, "objectId": 8, "name": "Sri Lanka", "shortName": "Sri Lanka", "abbreviation": "SL", "slug": "sri-lanka"}}, "inningNumber": 1, "overNumber": 12, "overRuns": 2, "overWickets": 1, "totalRuns": 90, "totalWickets": 4, "target": 0, "overLimit": 20, "ballLimit": 120, "isMaiden": false, "isComplete": true, "isSuperOver": false, "overEndBatsmen": [{"player": {"id": 56511, "objectId": 342619, "name": "PBB Rajapaksa", "longName": "Bhanuka Rajapaksa", "mobileName": "Rajapaksa", "indexName": "Rajapaksa, PBB", "battingName": "PBB Rajapaksa", "fieldingName": "Rajapaksa", "slug": "bhanuka-rajapaksa", "imageUrl": "/db/PICTURES/CMS/338100/338183.4.jpg", "headshotImageUrl": "/db/PICTURES/CMS/340300/340306.png", "dateOfBirth": {"year": 1991, "month": 10, "date": 24}, "dateOfDeath": null, "gender": "M", "battingStyles": ["lhb"], "bowlingStyles": ["rm"], "longBattingStyles": ["left-hand bat"], "longBowlingStyles": ["right-arm medium"], "image": {"id": 338183, "objectId": 1311483, "slug": "bhanuka-rajapaksa-player-portrait", "url": "/db/PICTURES/CMS/338100/338183.4.jpg", "width": 160, "height": 211, "caption": "Bhanuka Rajapaksa player portrait", "longCaption": "Bhanuka Rajapaksa player portrait", "credit": "ICC/Getty Images", "photographer": "Michael Steele", "peerUrls": null}, "countryTeamId": 8, "playerRoleTypeIds": [2], "playingRoles": ["top-order batter"], "headshotImage": {"id": 340306, "objectId": 1318026, "slug": "bhanuka-rajapaksa-player-page-headshot-cutout-2022", "url": "/db/PICTURES/CMS/340300/340306.png", "width": 600, "height": 436, "caption": "Bhanuka Rajapaksa, player page headshot cutout 2022", "longCaption": "Bhanuka Rajapaksa, player page headshot cutout 2022", "credit": null, "photographer": null, "peerUrls": {"FILM": null, "WIDE": null, "SQUARE": "/db/PICTURES/CMS/340300/340306.square.png"}}}, "runs": 2, "balls": 5, "fours": 0, "sixes": 0}, {"player": {"id": 78239, "objectId": 784379, "name": "PW Hasaranga", "longName": "Wanindu Hasaranga", "mobileName": "Hasaranga", "indexName": "Hasaranga, PW", "battingName": "PW Hasaranga", "fieldingName": "Hasaranga", "slug": "wanindu-hasaranga", "imageUrl": "/db/PICTURES/CMS/294200/294296.jpg", "headshotImageUrl": "/db/PICTURES/CMS/322900/322946.png", "dateOfBirth": {"year": 1997, "month": 7, "date": 29}, "dateOfDeath": null, "gender": "M", "battingStyles": ["rhb"], "bowlingStyles": ["lb"], "longBattingStyles": ["right-hand bat"], "longBowlingStyles": ["legbreak"], "image": {"id": 294296, "objectId": 1199371, "slug": "wanindu-hasaranga", "url": "/db/PICTURES/CMS/294200/294296.jpg", "width": 160, "height": 210, "caption": "Wanindu Hasaranga", "longCaption": null, "credit": "Chaminda de Silva", "photographer": null, "peerUrls": null}, "countryTeamId": 8, "playerRoleTypeIds": [5], "playingRoles": ["allrounder"], "headshotImage": {"id": 322946, "objectId": 1266041, "slug": "wanindu-hasaranga-player-page-headshot-cutout-2021", "url": "/db/PICTURES/CMS/322900/322946.png", "width": 600, "height": 436, "caption": "Wanindu Hasaranga player page headshot cutout, 2021", "longCaption": "Wanindu Hasaranga player page headshot cutout, 2021", "credit": null, "photographer": null, "peerUrls": {"FILM": null, "WIDE": null, "SQUARE": "/db/PICTURES/CMS/322900/322946.square.png"}}}, "runs": 0, "balls": 0, "fours": 0, "sixes": 0}], "overEndBowlers": [{"player": {"id": 58435, "objectId": 379504, "name": "A Zampa", "longName": "Adam Zampa", "mobileName": "Zampa", "indexName": "Zampa, A", "battingName": "A Zampa", "fieldingName": "Zampa", "slug": "adam-zampa", "imageUrl": "/db/PICTURES/CMS/263500/263543.1.jpg", "headshotImageUrl": "/db/PICTURES/CMS/321500/321549.png", "dateOfBirth": {"year": 1992, "month": 3, "date": 31}, "dateOfDeath": null, "gender": "M", "battingStyles": ["rhb"], "bowlingStyles": ["lbg"], "longBattingStyles": ["right-hand bat"], "longBowlingStyles": ["legbreak googly"], "image": {"id": 263543, "objectId": 1099536, "slug": "adam-zampa", "url": "/db/PICTURES/CMS/263500/263543.1.jpg", "width": 160, "height": 200, "caption": "Adam Zampa", "longCaption": "Adam Zampa", "credit": "Getty Images", "photographer": null, "peerUrls": null}, "countryTeamId": 2, "playerRoleTypeIds": [4], "playingRoles": ["bowler"], "headshotImage": {"id": 321549, "objectId": 1263442, "slug": "adam-zampa-player-page-headshot-cutout-2021", "url": "/db/PICTURES/CMS/321500/321549.png", "width": 600, "height": 436, "caption": "Adam Zampa player page headshot cutout, 2021", "longCaption": "Adam Zampa player page headshot cutout, 2021", "credit": null, "photographer": null, "peerUrls": {"FILM": null, "WIDE": null, "SQUARE": "/db/PICTURES/CMS/321500/321549.square.png"}}}, "overs": 3, "balls": 18, "maidens": 0, "conceded": 10, "wickets": 2, "currentType": 1}, {"player": {"id": 53330, "objectId": 311592, "name": "MA Starc", "longName": "Mitchell Starc", "mobileName": "Starc", "indexName": "Starc, MA", "battingName": "MA Starc", "fieldingName": "Starc", "slug": "mitchell-starc", "imageUrl": "/db/PICTURES/CMS/263500/263529.1.jpg", "headshotImageUrl": "/db/PICTURES/CMS/316600/316644.png", "dateOfBirth": {"year": 1990, "month": 1, "date": 30}, "dateOfDeath": null, "gender": "M", "battingStyles": ["lhb"], "bowlingStyles": ["lf"], "longBattingStyles": ["left-hand bat"], "longBowlingStyles": ["left-arm fast"], "image": {"id": 263529, "objectId": 1099513, "slug": "mitchell-starc", "url": "/db/PICTURES/CMS/263500/263529.1.jpg", "width": 160, "height": 200, "caption": "Mitchell Starc", "longCaption": "Mitchell Starc", "credit": "Getty Images", "photographer": null, "peerUrls": null}, "countryTeamId": 2, "playerRoleTypeIds": [4], "playingRoles": ["bowler"], "headshotImage": {"id": 316644, "objectId": 1251277, "slug": "ma-starc-headshot", "url": "/db/PICTURES/CMS/316600/316644.png", "width": 600, "height": 436, "caption": "MA Starc headshot", "longCaption": "MA Starc headshot", "credit": null, "photographer": null, "peerUrls": {"FILM": null, "WIDE": null, "SQUARE": null}}}, "overs": 2, "balls": 12, "maidens": 0, "conceded": 15, "wickets": 1, "currentType": 2}], "rollover": null}, "batsmanStatText": null, "bowlerStatText": null, "smartStats": []}, {"_uid": 35113089, "id": 35113089, "inningNumber": 1, "ballsActual": null, "ballsUnique": null, "oversUnique": 12.01, "oversActual": 12.1, "overNumber": 13, "ballNumber": 1, "totalRuns": 4, "batsmanRuns": 4, "isFour": true, "isSix": false, "isWicket": false, "dismissalType": null, "byes": 0, "legbyes": 0, "wides": 0, "noballs": 0, "penalties": 0, "wagonX": 131, "wagonY": 10, "wagonZone": 8, "pitchLine": "OUTSIDE_OFFSTUMP", "pitchLength": "GOOD_LENGTH", "shotType": "COVER_DRIVE", "shotControl": 2, "timestamp": "2021-10-28T15:01:59.000Z", "modified": "2021-10-28T15:02:03.000Z", "batsmanPlayerId": 78239, "bowlerPlayerId": 53330, "outPlayerId": null, "totalInningRuns": 94, "totalInningWickets": 4, "predictions": {"score": 162, "winProbability": 52.4}, "title": "Starc to Hasaranga", "dismissalText": null, "commentPreTextItems": null, "commentTextItems": [{"type": "HTML", "html": "good length ball on fifth stump angled across Hasaranga, pushes at this with hard hands and a thick edge flies well wide of Wade to the rope."}], "commentPostTextItems": null, "commentVideos": [], "commentImages": [], "events": [], "over": null, "batsmanStatText": null, "bowlerStatText": null, "smartStats": []}, {"_uid": 35113090, "id": 35113090, "inningNumber": 1, "ballsActual": null, "ballsUnique": null, "oversUnique": 12.02, "oversActual": 12.2, "overNumber": 13, "ballNumber": 2, "totalRuns": 0, "batsmanRuns": 0, "isFour": false, "isSix": false, "isWicket": true, "dismissalType": 1, "byes": 0, "legbyes": 0, "wides": 0, "noballs": 0, "penalties": 0, "wagonX": 174, "wagonY": 119, "wagonZone": 8, "pitchLine": "OUTSIDE_OFFSTUMP", "pitchLength": "FULL", "shotType": "COVER_DRIVE", "shotControl": 2, "timestamp": "2021-10-28T15:03:26.000Z", "modified": "2021-10-28T15:03:30.000Z", "batsmanPlayerId": 78239, "bowlerPlayerId": 53330, "outPlayerId": 78239, "totalInningRuns": 94, "totalInningWickets": 5, "predictions": {"score": 162, "winProbability": 52.4}, "title": "Starc to Hasaranga", "dismissalText": {"short": "caught", "long": "c \u2020Wade b Starc", "commentary": "Wanindu Hasaranga c \u2020Wade b Starc 4 (2b 1x4 0x6 4m) SR: 200"}, "commentPreTextItems": null, "commentTextItems": [{"type": "HTML", "html": "similar line and length ball on fifth stump, Hasaranga drives hard again, big appeal given out. Didn't sound like there was any noise as it passed the bat and <b>Hasaranga calls for DRS immediately.</b> However, a big spike shows up on UltraEdge as the ball passes the toe edge of the bat. <b>DO NOT QUESTION ALEEM DAR!</b> Sri Lanka lose a review."}], "commentPostTextItems": null, "commentVideos": [], "commentImages": [], "events": [{"type": "DRS_REVIEW", "inningNumber": 1, "oversUnique": 12.02, "teamId": 8, "isSuccessful": false}], "over": null, "batsmanStatText": null, "bowlerStatText": null, "smartStats": []}, {"_uid": 35113093, "id": 35113093, "inningNumber": 1, "ballsActual": null, "ballsUnique": null, "oversUnique": 12.03, "oversActual": 12.3, "overNumber": 13, "ballNumber": 3, "totalRuns": 0, "batsmanRuns": 0, "isFour": false, "isSix": false, "isWicket": false, "dismissalType": null, "byes": 0, "legbyes": 0, "wides": 0, "noballs": 0, "penalties": 0, "wagonX": 197, "wagonY": 184, "wagonZone": 4, "pitchLine": "ON_THE_STUMPS", "pitchLength": "GOOD_LENGTH", "shotType": "DEFENDED", "shotControl": 1, "timestamp": "2021-10-28T15:04:37.000Z", "modified": "2021-10-28T15:04:40.000Z", "batsmanPlayerId": 61690, "bowlerPlayerId": 53330, "outPlayerId": null, "totalInningRuns": 94, "totalInningWickets": 5, "predictions": {"score": 159, "winProbability": 49.07}, "title": "Starc to Shanaka", "dismissalText": null, "commentPreTextItems": [{"type": "HTML", "html": "Slip is in place for Shanaka's arrival."}], "commentTextItems": [{"type": "HTML", "html": "good length ball on fourth stump, defended."}], "commentPostTextItems": null, "commentVideos": [], "commentImages": [], "events": [], "over": null, "batsmanStatText": null, "bowlerStatText": null, "smartStats": []}, {"_uid": 35113095, "id": 35113095, "inningNumber": 1, "ballsActual": null, "ballsUnique": null, "oversUnique": 12.04, "oversActual": 12.4, "overNumber": 13, "ballNumber": 4, "totalRuns": 0, "batsmanRuns": 0, "isFour": false, "isSix": false, "isWicket": false, "dismissalType": null, "byes": 0, "legbyes": 0, "wides": 0, "noballs": 0, "penalties": 0, "wagonX": 116, "wagonY": 197, "wagonZone": 6, "pitchLine": "WIDE_OUTSIDE_OFFSTUMP", "pitchLength": "FULL", "shotType": "COVER_DRIVE", "shotControl": 1, "timestamp": "2021-10-28T15:05:53.000Z", "modified": "2021-10-28T15:05:57.000Z", "batsmanPlayerId": 61690, "bowlerPlayerId": 53330, "outPlayerId": null, "totalInningRuns": 94, "totalInningWickets": 5, "predictions": {"score": 158, "winProbability": 47.95}, "title": "Starc to Shanaka", "dismissalText": null, "commentPreTextItems": null, "commentTextItems": [{"type": "HTML", "html": "<strong>missed runout! electric from Mitchell Marsh in the covers! </strong>overpitched on fifth stump, punched to extra cover where Marsh dives right and fields. He flings from his knees for the striker's end but the ball bounces just over the top of the stumps."}], "commentPostTextItems": null, "commentVideos": [], "commentImages": [], "events": [{"type": "RUN_OUT_CHANCE", "inningNumber": 1, "oversUnique": 12.04, "batsman": null, "fielders": [{"id": 50771, "objectId": 272450, "name": "MR Marsh", "longName": "Mitchell Marsh", "mobileName": "Marsh", "indexName": "Marsh, MR", "battingName": "MR Marsh", "fieldingName": "Marsh", "slug": "mitchell-marsh", "imageUrl": "/db/PICTURES/CMS/356700/356780.1.png", "headshotImageUrl": "/db/PICTURES/CMS/316600/316612.png"}]}], "over": null, "batsmanStatText": null, "bowlerStatText": null, "smartStats": []}, {"_uid": 35113096, "id": 35113096, "inningNumber": 1, "ballsActual": null, "ballsUnique": null, "oversUnique": 12.05, "oversActual": 12.5, "overNumber": 13, "ballNumber": 5, "totalRuns": 0, "batsmanRuns": 0, "isFour": false, "isSix": false, "isWicket": false, "dismissalType": null, "byes": 0, "legbyes": 0, "wides": 0, "noballs": 0, "penalties": 0, "wagonX": 151, "wagonY": 186, "wagonZone": 6, "pitchLine": "DOWN_LEG", "pitchLength": "SHORT_OF_A_GOOD_LENGTH", "shotType": "DEFENDED", "shotControl": 2, "timestamp": "2021-10-28T15:06:04.000Z", "modified": "2021-10-28T15:06:07.000Z", "batsmanPlayerId": 61690, "bowlerPlayerId": 53330, "outPlayerId": null, "totalInningRuns": 94, "totalInningWickets": 5, "predictions": {"score": 156, "winProbability": 45.73}, "title": "Starc to Shanaka", "dismissalText": null, "commentPreTextItems": null, "commentTextItems": [{"type": "HTML", "html": "good length ball on off, leading edge defending floats short of Marsh again."}], "commentPostTextItems": null, "commentVideos": [], "commentImages": [], "events": [], "over": null, "batsmanStatText": null, "bowlerStatText": null, "smartStats": []}, {"_uid": 35113097, "id": 35113097, "inningNumber": 1, "ballsActual": null, "ballsUnique": null, "oversUnique": 12.06, "oversActual": 12.6, "overNumber": 13, "ballNumber": 6, "totalRuns": 1, "batsmanRuns": 1, "isFour": false, "isSix": false, "isWicket": false, "dismissalType": null, "byes": 0, "legbyes": 0, "wides": 0, "noballs": 0, "penalties": 0, "wagonX": 325, "wagonY": 185, "wagonZone": 3, "pitchLine": "ON_THE_STUMPS", "pitchLength": "GOOD_LENGTH", "shotType": "FLICK", "shotControl": 1, "timestamp": "2021-10-28T15:06:34.000Z", "modified": "2021-10-28T15:06:37.000Z", "batsmanPlayerId": 61690, "bowlerPlayerId": 53330, "outPlayerId": null, "totalInningRuns": 95, "totalInningWickets": 5, "predictions": {"score": 155, "winProbability": 44.62}, "title": "Starc to Shanaka", "dismissalText": null, "commentPreTextItems": null, "commentTextItems": [{"type": "HTML", "html": "full on the legs, flicked into the leg side for a long single."}], "commentPostTextItems": null, "commentVideos": [], "commentImages": [], "events": [], "over": {"team": {"id": 8, "objectId": 8, "scribeId": 8, "slug": "sri-lanka", "name": "Sri Lanka", "longName": "Sri Lanka", "abbreviation": "SL", "unofficialName": "", "imageUrl": "/db/PICTURES/CMS/340000/340047.png", "isCountry": true, "primaryColor": "#203d89", "image": {"id": 340047, "objectId": 1316921, "slug": "sri-lanka-team-flag", "url": "/db/PICTURES/CMS/340000/340047.png", "width": 500, "height": 500, "caption": "Sri Lanka team flag", "longCaption": "Sri Lanka team flag", "credit": "Google", "photographer": null, "peerUrls": null}, "country": {"id": 8, "objectId": 8, "name": "Sri Lanka", "shortName": "Sri Lanka", "abbreviation": "SL", "slug": "sri-lanka"}}, "inningNumber": 1, "overNumber": 13, "overRuns": 5, "overWickets": 1, "totalRuns": 95, "totalWickets": 5, "target": 0, "overLimit": 20, "ballLimit": 120, "isMaiden": false, "isComplete": true, "isSuperOver": false, "overEndBatsmen": [{"player": {"id": 61690, "objectId": 437316, "name": "MD Shanaka", "longName": "Dasun Shanaka", "mobileName": "Shanaka", "indexName": "Shanaka, MD", "battingName": "MD Shanaka", "fieldingName": "Shanaka", "slug": "dasun-shanaka", "imageUrl": "/db/PICTURES/CMS/327900/327999.7.jpg", "headshotImageUrl": "/db/PICTURES/CMS/328000/328058.png", "dateOfBirth": {"year": 1991, "month": 9, "date": 9}, "dateOfDeath": null, "gender": "M", "battingStyles": ["rhb"], "bowlingStyles": ["rm"], "longBattingStyles": ["right-hand bat"], "longBowlingStyles": ["right-arm medium"], "image": {"id": 327999, "objectId": 1280829, "slug": "dasun-shanaka-player-portrait", "url": "/db/PICTURES/CMS/327900/327999.7.jpg", "width": 160, "height": 253, "caption": "Dasun Shanaka, player portrait", "longCaption": "Dasun Shanaka, player portrait", "credit": "AFP/Getty Images", "photographer": "Randy Brooks", "peerUrls": null}, "countryTeamId": 8, "playerRoleTypeIds": [5], "playingRoles": ["allrounder"], "headshotImage": {"id": 328058, "objectId": 1280983, "slug": "dasun-shanaka-player-page-headshot-cutout-2021", "url": "/db/PICTURES/CMS/328000/328058.png", "width": 600, "height": 436, "caption": "Dasun Shanaka player page headshot cutout, 2021", "longCaption": "Dasun Shanaka player page headshot cutout, 2021", "credit": null, "photographer": null, "peerUrls": {"FILM": null, "WIDE": null, "SQUARE": "/db/PICTURES/CMS/328000/328058.square.png"}}}, "runs": 1, "balls": 4, "fours": 0, "sixes": 0}, {"player": {"id": 56511, "objectId": 342619, "name": "PBB Rajapaksa", "longName": "Bhanuka Rajapaksa", "mobileName": "Rajapaksa", "indexName": "Rajapaksa, PBB", "battingName": "PBB Rajapaksa", "fieldingName": "Rajapaksa", "slug": "bhanuka-rajapaksa", "imageUrl": "/db/PICTURES/CMS/338100/338183.4.jpg", "headshotImageUrl": "/db/PICTURES/CMS/340300/340306.png", "dateOfBirth": {"year": 1991, "month": 10, "date": 24}, "dateOfDeath": null, "gender": "M", "battingStyles": ["lhb"], "bowlingStyles": ["rm"], "longBattingStyles": ["left-hand bat"], "longBowlingStyles": ["right-arm medium"], "image": {"id": 338183, "objectId": 1311483, "slug": "bhanuka-rajapaksa-player-portrait", "url": "/db/PICTURES/CMS/338100/338183.4.jpg", "width": 160, "height": 211, "caption": "Bhanuka Rajapaksa player portrait", "longCaption": "Bhanuka Rajapaksa player portrait", "credit": "ICC/Getty Images", "photographer": "Michael Steele", "peerUrls": null}, "countryTeamId": 8, "playerRoleTypeIds": [2], "playingRoles": ["top-order batter"], "headshotImage": {"id": 340306, "objectId": 1318026, "slug": "bhanuka-rajapaksa-player-page-headshot-cutout-2022", "url": "/db/PICTURES/CMS/340300/340306.png", "width": 600, "height": 436, "caption": "Bhanuka Rajapaksa, player page headshot cutout 2022", "longCaption": "Bhanuka Rajapaksa, player page headshot cutout 2022", "credit": null, "photographer": null, "peerUrls": {"FILM": null, "WIDE": null, "SQUARE": "/db/PICTURES/CMS/340300/340306.square.png"}}}, "runs": 2, "balls": 5, "fours": 0, "sixes": 0}], "overEndBowlers": [{"player": {"id": 53330, "objectId": 311592, "name": "MA Starc", "longName": "Mitchell Starc", "mobileName": "Starc", "indexName": "Starc, MA", "battingName": "MA Starc", "fieldingName": "Starc", "slug": "mitchell-starc", "imageUrl": "/db/PICTURES/CMS/263500/263529.1.jpg", "headshotImageUrl": "/db/PICTURES/CMS/316600/316644.png", "dateOfBirth": {"year": 1990, "month": 1, "date": 30}, "dateOfDeath": null, "gender": "M", "battingStyles": ["lhb"], "bowlingStyles": ["lf"], "longBattingStyles": ["left-hand bat"], "longBowlingStyles": ["left-arm fast"], "image": {"id": 263529, "objectId": 1099513, "slug": "mitchell-starc", "url": "/db/PICTURES/CMS/263500/263529.1.jpg", "width": 160, "height": 200, "caption": "Mitchell Starc", "longCaption": "Mitchell Starc", "credit": "Getty Images", "photographer": null, "peerUrls": null}, "countryTeamId": 2, "playerRoleTypeIds": [4], "playingRoles": ["bowler"], "headshotImage": {"id": 316644, "objectId": 1251277, "slug": "ma-starc-headshot", "url": "/db/PICTURES/CMS/316600/316644.png", "width": 600, "height": 436, "caption": "MA Starc headshot", "longCaption": "MA Starc headshot", "credit": null, "photographer": null, "peerUrls": {"FILM": null, "WIDE": null, "SQUARE": null}}}, "overs": 3, "balls": 18, "maidens": 0, "conceded": 20, "wickets": 2, "currentType": 1}, {"player": {"id": 58435, "objectId": 379504, "name": "A Zampa", "longName": "Adam Zampa", "mobileName": "Zampa", "indexName": "Zampa, A", "battingName": "A Zampa", "fieldingName": "Zampa", "slug": "adam-zampa", "imageUrl": "/db/PICTURES/CMS/263500/263543.1.jpg", "headshotImageUrl": "/db/PICTURES/CMS/321500/321549.png", "dateOfBirth": {"year": 1992, "month": 3, "date": 31}, "dateOfDeath": null, "gender": "M", "battingStyles": ["rhb"], "bowlingStyles": ["lbg"], "longBattingStyles": ["right-hand bat"], "longBowlingStyles": ["legbreak googly"], "image": {"id": 263543, "objectId": 1099536, "slug": "adam-zampa", "url": "/db/PICTURES/CMS/263500/263543.1.jpg", "width": 160, "height": 200, "caption": "Adam Zampa", "longCaption": "Adam Zampa", "credit": "Getty Images", "photographer": null, "peerUrls": null}, "countryTeamId": 2, "playerRoleTypeIds": [4], "playingRoles": ["bowler"], "headshotImage": {"id": 321549, "objectId": 1263442, "slug": "adam-zampa-player-page-headshot-cutout-2021", "url": "/db/PICTURES/CMS/321500/321549.png", "width": 600, "height": 436, "caption": "Adam Zampa player page headshot cutout, 2021", "longCaption": "Adam Zampa player page headshot cutout, 2021", "credit": null, "photographer": null, "peerUrls": {"FILM": null, "WIDE": null, "SQUARE": "/db/PICTURES/CMS/321500/321549.square.png"}}}, "overs": 3, "balls": 18, "maidens": 0, "conceded": 10, "wickets": 2, "currentType": 2}], "rollover": null}, "batsmanStatText": null, "bowlerStatText": null, "smartStats": []}]