[{"_uid": 35059068, "id": 35059068, "inningNumber": 2, "ballsActual": null, "ballsUnique": null, "oversUnique": 0.01, "oversActual": 0.1, "overNumber": 1, "ballNumber": 1, "totalRuns": 0, "batsmanRuns": 0, "isFour": false, "isSix": false, "isWicket": false, "dismissalType": null, "byes": 0, "legbyes": 0, "wides": 0, "noballs": 0, "penalties": 0, "wagonX": 231, "wagonY": 191, "wagonZone": 3, "pitchLine": "ON_THE_STUMPS", "pitchLength": "FULL", "shotType": "ON_DRIVE", "shotControl": 1, "timestamp": "2021-10-22T11:48:11.000Z", "modified": "2021-10-22T11:48:15.000Z", "batsmanPlayerId": 53463, "bowlerPlayerId": 85975, "outPlayerId": null, "totalInningRuns": 0, "totalInningWickets": 0, "predictions": {"score": 158, "winProbability": 83.76}, "title": "Little to Williams", "dismissalText": null, "commentPreTextItems": [{"type": "HTML", "html": "<b>3:45pm</b> Craig Williams and Zane Green are ready to kick off the chase. Josh Little to bowl the first over."}], "commentTextItems": [{"type": "HTML", "html": "a bit of movement in the air as Little goes full. A low, dipping full toss around off. Digs it out towards short midwicket"}], "commentPostTextItems": null, "commentVideos": [], "commentImages": [], "events": [], "over": null, "batsmanStatText": null, "bowlerStatText": null, "smartStats": []}, {"_uid": 35059075, "id": 35059075, "inningNumber": 2, "ballsActual": null, "ballsUnique": null, "oversUnique": 0.02, "oversActual": 0.2, "overNumber": 1, "ballNumber": 2, "totalRuns": 0, "batsmanRuns": 0, "isFour": false, "isSix": false, "isWicket": false, "dismissalType": null, "byes": 0, "legbyes": 0, "wides": 0, "noballs": 0, "penalties": 0, "wagonX": 125, "wagonY": 207, "wagonZone": 6, "pitchLine": "OUTSIDE_OFFSTUMP", "pitchLength": "FULL", "shotType": "COVER_DRIVE", "shotControl": 1, "timestamp": "2021-10-22T11:48:21.000Z", "modified": "2021-10-22T11:48:25.000Z", "batsmanPlayerId": 53463, "bowlerPlayerId": 85975, "outPlayerId": null, "totalInningRuns": 0, "totalInningWickets": 0, "predictions": {"score": 157, "winProbability": 83.35}, "title": "Little to Williams", "dismissalText": null, "commentPreTextItems": null, "commentTextItems": [{"type": "HTML", "html": "fuller around off, a bit of shape in. Punched towards extra cover"}], "commentPostTextItems": null, "commentVideos": [], "commentImages": [], "events": [], "over": null, "batsmanStatText": null, "bowlerStatText": null, "smartStats": []}, {"_uid": 35059081, "id": 35059081, "inningNumber": 2, "ballsActual": null, "ballsUnique": null, "oversUnique": 0.03, "oversActual": 0.3, "overNumber": 1, "ballNumber": 3, "totalRuns": 0, "batsmanRuns": 0, "isFour": false, "isSix": false, "isWicket": false, "dismissalType": null, "byes": 0, "legbyes": 0, "wides": 0, "noballs": 0, "penalties": 0, "wagonX": 138, "wagonY": 182, "wagonZone": 6, "pitchLine": "OUTSIDE_OFFSTUMP", "pitchLength": "GOOD_LENGTH", "shotType": "PUSH", "shotControl": 1, "timestamp": "2021-10-22T11:48:48.000Z", "modified": "2021-10-22T11:48:52.000Z", "batsmanPlayerId": 53463, "bowlerPlayerId": 85975, "outPlayerId": null, "totalInningRuns": 0, "totalInningWickets": 0, "predictions": {"score": 156, "winProbability": 82.92}, "title": "Little to Williams", "dismissalText": null, "commentPreTextItems": null, "commentTextItems": [{"type": "HTML", "html": "length outside off, punched towards point. An early and loud call of no from Williams"}], "commentPostTextItems": null, "commentVideos": [], "commentImages": [], "events": [], "over": null, "batsmanStatText": null, "bowlerStatText": null, "smartStats": []}, {"_uid": 35059088, "id": 35059088, "inningNumber": 2, "ballsActual": null, "ballsUnique": null, "oversUnique": 0.04, "oversActual": 0.4, "overNumber": 1, "ballNumber": 4, "totalRuns": 1, "batsmanRuns": 1, "isFour": false, "isSix": false, "isWicket": false, "dismissalType": null, "byes": 0, "legbyes": 0, "wides": 0, "noballs": 0, "penalties": 0, "wagonX": 81, "wagonY": 62, "wagonZone": 8, "pitchLine": "WIDE_OUTSIDE_OFFSTUMP", "pitchLength": "FULL", "shotType": "SQUARE_DRIVE", "shotControl": 1, "timestamp": "2021-10-22T11:49:24.000Z", "modified": "2021-10-22T11:49:28.000Z", "batsmanPlayerId": 53463, "bowlerPlayerId": 85975, "outPlayerId": null, "totalInningRuns": 1, "totalInningWickets": 0, "predictions": {"score": 155, "winProbability": 82.76}, "title": "Little to Williams", "dismissalText": null, "commentPreTextItems": null, "commentTextItems": [{"type": "HTML", "html": "fuller and wider this time. Williams reaches out for it and slices it aerially towards third man"}], "commentPostTextItems": null, "commentVideos": [], "commentImages": [], "events": [], "over": null, "batsmanStatText": null, "bowlerStatText": null, "smartStats": []}, {"_uid": 35059093, "id": 35059093, "inningNumber": 2, "ballsActual": null, "ballsUnique": null, "oversUnique": 0.05, "oversActual": 0.5, "overNumber": 1, "ballNumber": 5, "totalRuns": 0, "batsmanRuns": 0, "isFour": false, "isSix": false, "isWicket": false, "dismissalType": null, "byes": 0, "legbyes": 0, "wides": 0, "noballs": 0, "penalties": 0, "wagonX": 0, "wagonY": 0, "wagonZone": 0, "pitchLine": "OUTSIDE_OFFSTUMP", "pitchLength": "GOOD_LENGTH", "shotType": "CUT_SHOT", "shotControl": 2, "timestamp": "2021-10-22T11:50:03.000Z", "modified": "2021-10-22T11:50:07.000Z", "batsmanPlayerId": 70085, "bowlerPlayerId": 85975, "outPlayerId": null, "totalInningRuns": 1, "totalInningWickets": 0, "predictions": {"score": 154, "winProbability": 82.29}, "title": "Little to Green", "dismissalText": null, "commentPreTextItems": null, "commentTextItems": [{"type": "HTML", "html": "length outside off, Green fishes at it and gets beaten"}], "commentPostTextItems": [{"type": "HTML", "html": "Ben Bradshaw: \"I think Ireland made the pitch appear more sluggish and difficult than it really was. Namibia should chase this at a canter and will probably provide better competition in the main draw than what Ireland can muster.\""}], "commentVideos": [], "commentImages": [], "events": [], "over": null, "batsmanStatText": null, "bowlerStatText": null, "smartStats": []}, {"_uid": 35059096, "id": 35059096, "inningNumber": 2, "ballsActual": null, "ballsUnique": null, "oversUnique": 0.06, "oversActual": 0.6, "overNumber": 1, "ballNumber": 6, "totalRuns": 0, "batsmanRuns": 0, "isFour": false, "isSix": false, "isWicket": false, "dismissalType": null, "byes": 0, "legbyes": 0, "wides": 0, "noballs": 0, "penalties": 0, "wagonX": 0, "wagonY": 0, "wagonZone": 0, "pitchLine": "ON_THE_STUMPS", "pitchLength": "FULL", "shotType": "ON_DRIVE", "shotControl": 2, "timestamp": "2021-10-22T11:50:35.000Z", "modified": "2021-10-22T11:50:39.000Z", "batsmanPlayerId": 70085, "bowlerPlayerId": 85975, "outPlayerId": null, "totalInningRuns": 1, "totalInningWickets": 0, "predictions": {"score": 153, "winProbability": 81.69}, "title": "Little to Green", "dismissalText": null, "commentPreTextItems": null, "commentTextItems": [{"type": "HTML", "html": "fuller on the stumps, misses the flick and is hit on the pads. An appeal for lbw but denied. It looked close to me but Ireland decide not to review. <b>Replay shows it was sliding down</b>"}], "commentPostTextItems": null, "commentVideos": [], "commentImages": [], "events": [], "over": {"team": {"id": 28, "objectId": 28, "scribeId": 28, "slug": "namibia", "name": "Namibia", "longName": "Namibia", "abbreviation": "NAM", "unofficialName": null, "imageUrl": "/db/PICTURES/CMS/313100/313148.logo.png", "isCountry": true, "primaryColor": null, "image": {"id": 313148, "objectId": 1241607, "slug": "namibia-logo", "url": "/db/PICTURES/CMS/313100/313148.logo.png", "width": 500, "height": 500, "caption": "Namibia logo", "longCaption": "Namibia logo", "credit": null, "photographer": null, "peerUrls": null}, "country": {"id": 28, "objectId": 28, "name": "Namibia", "shortName": "Namibia", "abbreviation": "NAM", "slug": "namibia"}}, "inningNumber": 2, "overNumber": 1, "overRuns": 1, "overWickets": 0, "totalRuns": 1, "totalWickets": 0, "target": 126, "overLimit": 20, "ballLimit": 120, "isMaiden": false, "isComplete": true, "isSuperOver": false, "overEndBatsmen": [{"player": {"id": 70085, "objectId": 596664, "name": "ZE Green", "longName": "Zane Green", "mobileName": "Green", "indexName": "Green, ZE", "battingName": "ZE Green", "fieldingName": "Green", "slug": "zane-green", "imageUrl": "/db/PICTURES/CMS/347800/347850.4.jpg", "headshotImageUrl": "/db/PICTURES/CMS/350300/350307.png", "dateOfBirth": {"year": 1996, "month": 10, "date": 11}, "dateOfDeath": null, "gender": "M", "battingStyles": ["lhb"], "bowlingStyles": [], "longBattingStyles": ["left-hand bat"], "longBowlingStyles": [], "image": {"id": 347850, "objectId": 1340690, "slug": "zane-green-player-portrait", "url": "/db/PICTURES/CMS/347800/347850.4.jpg", "width": 160, "height": 206, "caption": "Zane Green, player portrait", "longCaption": "Zane Green, player portrait", "credit": "ICC/Getty Images", "photographer": "Mark Metcalfe", "peerUrls": null}, "countryTeamId": 28, "playerRoleTypeIds": [7], "playingRoles": ["wicketkeeper batter"], "headshotImage": {"id": 350307, "objectId": 1348252, "slug": "zane-green-player-page-headshot-cutout-2022", "url": "/db/PICTURES/CMS/350300/350307.png", "width": 600, "height": 436, "caption": "Zane Green, player page headshot cutout 2022", "longCaption": "Zane Green, player page headshot cutout 2022", "credit": null, "photographer": null, "peerUrls": {"FILM": null, "WIDE": null, "SQUARE": "/db/PICTURES/CMS/350300/350307.square.png"}}}, "runs": 0, "balls": 2, "fours": 0, "sixes": 0}, {"player": {"id": 53463, "objectId": 316102, "name": "CG Williams", "longName": "Craig Williams", "mobileName": "Williams", "indexName": "Williams, CG", "battingName": "CG Williams", "fieldingName": "Williams", "slug": "craig-williams", "imageUrl": "/db/PICTURES/CMS/173100/173103.1.jpg", "headshotImageUrl": "/db/PICTURES/CMS/329700/329764.png", "dateOfBirth": {"year": 1984, "month": 2, "date": 25}, "dateOfDeath": null, "gender": "M", "battingStyles": ["rhb"], "bowlingStyles": ["rm"], "longBattingStyles": ["right-hand bat"], "longBowlingStyles": ["right-arm medium"], "image": {"id": 173103, "objectId": 694975, "slug": "craig-williams", "url": "/db/PICTURES/CMS/173100/173103.1.jpg", "width": 160, "height": 192, "caption": "Craig Williams", "longCaption": "Craig Williams", "credit": "International Cricket Council", "photographer": null, "peerUrls": null}, "countryTeamId": 28, "playerRoleTypeIds": [2], "playingRoles": ["top-order batter"], "headshotImage": {"id": 329764, "objectId": 1286765, "slug": "craig-williams-player-page-headshot-cutout-2021", "url": "/db/PICTURES/CMS/329700/329764.png", "width": 600, "height": 436, "caption": "Craig Williams player page headshot cutout 2021", "longCaption": "Craig Williams player page headshot cutout 2021", "credit": null, "photographer": null, "peerUrls": {"FILM": null, "WIDE": null, "SQUARE": "/db/PICTURES/CMS/329700/329764.square.png"}}}, "runs": 1, "balls": 4, "fours": 0, "sixes": 0}], "overEndBowlers": [{"player": {"id": 85975, "objectId": 928067, "name": "JB Little", "longName": "Josh Little", "mobileName": "Little", "indexName": "Little, JB", "battingName": "JB Little", "fieldingName": "Little", "slug": "josh-little", "imageUrl": "/db/PICTURES/CMS/367800/367863.4.jpg", "headshotImageUrl": "/db/PICTURES/CMS/367800/367860.png", "dateOfBirth": {"year": 1999, "month": 11, "date": 1}, "dateOfDeath": null, "gender": "M", "battingStyles": ["rhb"], "bowlingStyles": ["lfm"], "longBattingStyles": ["right-hand bat"], "longBowlingStyles": ["left-arm fast-medium"], "image": {"id": 367863, "objectId": 1400224, "slug": "josh-little-player-portrait", "url": "/db/PICTURES/CMS/367800/367863.4.jpg", "width": 160, "height": 230, "caption": "Josh Little, player portrait", "longCaption": "Josh Little, player portrait", "credit": "Getty Images", "photographer": null, "peerUrls": null}, "countryTeamId": 29, "playerRoleTypeIds": [4], "playingRoles": ["bowler"], "headshotImage": {"id": 367860, "objectId": 1400220, "slug": "josh-little-player-page-headshot-cutout-2023", "url": "/db/PICTURES/CMS/367800/367860.png", "width": 600, "height": 436, "caption": "Josh Little, player page headshot cutout 2023", "longCaption": "Josh Little, player page headshot cutout 2023", "credit": null, "photographer": null, "peerUrls": {"FILM": null, "WIDE": null, "SQUARE": "/db/PICTURES/CMS/367800/367860.square.png"}}}, "overs": 1, "balls": 6, "maidens": 0, "conceded": 1, "wickets": 0, "currentType": 1}], "rollover": null}, "batsmanStatText": null, "bowlerStatText": null, "smartStats": []}]