[{"_uid": 35051117, "id": 35051117, "inningNumber": 1, "ballsActual": null, "ballsUnique": null, "oversUnique": 0.01, "oversActual": 0.1, "overNumber": 1, "ballNumber": 1, "totalRuns": 1, "batsmanRuns": 1, "isFour": false, "isSix": false, "isWicket": false, "dismissalType": null, "byes": 0, "legbyes": 0, "wides": 0, "noballs": 0, "penalties": 0, "wagonX": 205, "wagonY": 291, "wagonZone": 4, "pitchLine": "ON_THE_STUMPS", "pitchLength": "FULL", "shotType": "ON_DRIVE", "shotControl": 1, "timestamp": "2021-10-20T14:03:43.000Z", "modified": "2021-10-20T14:03:46.000Z", "batsmanPlayerId": 93033, "bowlerPlayerId": 52631, "outPlayerId": null, "totalInningRuns": 1, "totalInningWickets": 0, "predictions": {"score": 160, "winProbability": 47.64}, "title": "Stirling to Nissanka", "dismissalText": null, "commentPreTextItems": [{"type": "HTML", "html": "Correction, <strong>Paul Stirling's opening the bowling</strong>. We have a member of the groundstaff on the field at the moment, with a rather large brush in hand. Ian Bishop helpfully tells us it's likely going to be used to sweep something away."}, {"type": "HTML", "html": "Anyway, we're almost underway. The Sri Lankan openers are jogging out, while <strong>Mark Adair looks like he'll open the bowling</strong>"}, {"type": "HTML", "html": "sanjana: \"where are Shashank and Himanshu?????\" Shashank is looking after his eight-month old, tending to what Friends might call a Code Brown situation."}, {"type": "HTML", "html": "Cheers - here we go, then. The Irish are bellowing out their anthem as I type, before Sri Lanka's epic gets underway."}, {"type": "HTML", "html": "Qaaid: \"I can't understand selecting both Chandimal and Nissanka in the top order. Both their career stats indicate that they're liabilities in this format, playing one of them as an anchor role might make sense, but playing both of them seems counterproductive. Here's hoping they prove me wrong... \" I suspect in the UAE they feel they can get away with it."}, {"type": "HTML", "html": "<B>5.52pm</B> Right, we are nearly ready, the players are lining up for the anthems. Here's Danyal to talk you through the first ten."}, {"type": "HTML", "html": "<B>Ireland win the toss and bowl</B>"}, {"type": "HTML", "html": "Andrew Balbirnie says the dew factor is a reason for chasing. \"We have to be a bit smart, whether we are bowling or batting first.\""}, {"type": "HTML", "html": "\"It's a very good wicket. We have discussed a lot about Powerplay batting, first game was awesome, and confidence levels are high,\" says Dasun Shanaka."}, {"type": "HTML", "html": "Craig Young comes in for Ireland, replacing Ben White the legspinner. No change for Sri Lanka"}, {"type": "HTML", "html": "<B>Sri Lanka:</b> 1 Pathum Nissanka, 2 Kusal Perera (wk), 3 Dinesh Chandimal, 4 Avishka Fernando, 5 Bhanuka Rajapaksa, 6 Dasun Shanaka (capt), 7 Chamika Karunaratne, 8 Wanindu Hasaranga, 9 Dushmantha Chameera, 10 Maheesh Theekshana, 11 Lahiru Kumara"}, {"type": "HTML", "html": "<B>Ireland:</B>1 Paul Stirling, 2 Kevin O'Brien, 3 Andy Balbirnie (capt), 4 Gareth Delany, 5 Curtis Campher, 6 Harry Tector, 7 Neil Rock (wk), 8 Simi Singh, 9 Mark Adair, 10 Josh Little, 11 Craig Young."}, {"type": "HTML", "html": "<B>5.30pm</B> It's almost time for the toss... still awaiting news... tick tock ..."}, {"type": "HTML", "html": "Dipanjan Show: \"These groups have become so tight all of a sudden, regardless of the victor today, No one will be Qualified nor Eliminated till the last day.\""}, {"type": "HTML", "html": "<b>If you're in the USA, you can watch the game live on ESPN+ <a href=\"https://www.espn.com/watch/player?id=0e06ac10-e45e-4f40-8086-78d6d8a67e91\">in English</a> and <a href=\"https://www.espn.com/watch/player?id=ecaabfa3-bab6-4f60-b3b5-a53859b78595\">in Hindi</a>.</b>"}, {"type": "HTML", "html": "<B>5.20pm</B> So, the day's first result is in, and <a href=\"https://www.espncricinfo.com/series/icc-men-s-t20-world-cup-2021-22-1267897/namibia-vs-netherlands-7th-match-first-round-group-a-1273718/live-cricket-score\">Namibia have bounced back </a>from that 96 all out with a fully-ignited batting display from their mid-innings 'bomb squad' ... which leaves the Netherlands winless after two, and perhaps changes today's equation for Ireland in particular, who could yet be facing a winner-takes-all scenario when they face Namibia in their final game. Plenty to ponder ..."}, {"type": "HTML", "html": "Sampath has the permutations. \"Only way Netherlands can go through to the Super-12s from here is by defeating Sri Lanka by a decent margin and hope Ireland win their next two games (vs SL and Namibia).\""}, {"type": "HTML", "html": "And who has just pulled off the highest run-chase in T20Is in Abu Dhabi? <A href=https://www.espncricinfo.com/ask/cricket-qna/Highest-target-chased-in-Abu-Dhabi&tournament=t20imen>Let's Ask Statsguru</A>!"}, {"type": "HTML", "html": "CJ: \"cong. Namibia this is a very important game for Srilanka. hope Chandimal get some runs today.\""}, {"type": "HTML", "html": "Siripala Ayya: \"Sri Lanka's top 3 better perform today or I'm calling the president to complain.\""}, {"type": "HTML", "html": "Channa: \"Since Malinga got four in four twice, Nobody did \" A Malinga\" Yet. :)\" Well, I'd argue they did A Malinga, but not yet B Malinga..."}, {"type": "HTML", "html": "StatDan: \"\"a place in the first-round proper all but guaranteed to today's victor\" - Ireland can win today and then easily go out with a loss to Namibia\" Fair. The ease of that chase puts a lot on that final group game."}, {"type": "HTML", "html": "<B>5.15pm</B> As for Campher's four-in-four feat, well, that was once a Sri Lanka speciality. How does it feel to 'do a Malinga'?<a href=\"https://www.espncricinfo.com/story/curtis-campher-on-emulating-lasith-malinga-maybe-it-will-set-in-a-bit-later-1283692\"> Let's find out...</a>"}, {"type": "HTML", "html": "<B>5.05pm</B> So, what of today's prospects then? Well, Sri Lanka may have done the needful in their opening game against Namibia, but Ireland promise a significantly stiffer challenge."}, {"type": "HTML", "html": "As we saw from their shortcomings on their tour of England in the summer, Dasun Shanaka's team are a far cry from the threat that Sri Lanka have traditionally posed for the past 25 years or so, and even if Ireland themselves are a notch below the standards achieved by their Golden Generation from the 2007 World Cup onwards, then in Curtis Campher they've hit upon a true nugget. His four wickets in four balls overwhelmed the Netherlands in their opening fixture, and if a couple of those wickets owed a bit to luck, then Gareth Delany's brisk 44 from 29 ensured there would be no way back into the contest. Andrew Fernando has the full <A href=https://www.espncricinfo.com/series/icc-men-s-t20-world-cup-2021-22-1267897/ireland-vs-sri-lanka-8th-match-first-round-group-a-1273719/match-preview>lowdown for you in his preview</A>."}, {"type": "HTML", "html": "At least Mickey Arthur has faith in the bowlers at his disposal, as well he might after seeing off a team for 96 at less than 5 runs a ball. <a href=\"https://www.espncricinfo.com/story/2021-t20-world-cup-mickey-arthur-sri-lankas-bowling-attack-is-almost-ideal-for-t20-world-cup-challenge-1283927\">He reckons they are 'almost ideal' for the conditions.</a> We shall soon see..."}, {"type": "HTML", "html": "<B>4.50pm</B> Afternoon all, and welcome to Abu Dhabi for a clash of the Group A titans... it's Ireland versus Sri Lanka, opening match winners both, with a place in the first-round proper all but guaranteed to today's victor. The toss is coming up in just about 40 minutes' time. Sit tight!"}, {"type": "HTML", "html": "Meanwhile, there's drama brewing in the day's other contest... with <a href=https://www.espncricinfo.com/series/icc-men-s-t20-world-cup-2021-22-1267897/namibia-vs-netherlands-7th-match-first-round-group-a-1273718/live-cricket-score>Namibia climbing onto the offensive against Netherlands</A>"}], "commentTextItems": [{"type": "HTML", "html": "tossed up, eased back down the ground to get SL, and Nissanka, off the mark"}], "commentPostTextItems": null, "commentVideos": [], "commentImages": [], "events": [], "over": null, "batsmanStatText": null, "bowlerStatText": null, "smartStats": []}, {"_uid": 35051133, "id": 35051133, "inningNumber": 1, "ballsActual": null, "ballsUnique": null, "oversUnique": 0.02, "oversActual": 0.2, "overNumber": 1, "ballNumber": 2, "totalRuns": 0, "batsmanRuns": 0, "isFour": false, "isSix": false, "isWicket": true, "dismissalType": 1, "byes": 0, "legbyes": 0, "wides": 0, "noballs": 0, "penalties": 0, "wagonX": 217, "wagonY": 187, "wagonZone": 3, "pitchLine": "OUTSIDE_OFFSTUMP", "pitchLength": "GOOD_LENGTH", "shotType": "PUSH", "shotControl": 2, "timestamp": "2021-10-20T14:06:53.000Z", "modified": "2021-10-20T14:06:56.000Z", "batsmanPlayerId": 52373, "bowlerPlayerId": 52631, "outPlayerId": 52373, "totalInningRuns": 1, "totalInningWickets": 1, "predictions": {"score": 158, "winProbability": 45.41}, "title": "Stirling to Perera", "dismissalText": {"short": "caught", "long": "c Delany b Stirling", "commentary": "Kusal Perera c Delany b Stirling 0 (1b 0x4 0x6 7m) SR: 0"}, "commentPreTextItems": null, "commentTextItems": [{"type": "HTML", "html": "he's claiming it, is he? No, he wants the umpires top consult, but <strong>Perera might be on his way!</strong>. A bit of a nothing shot, he spooned it just short of cover, but Dockerell puts in a brilliant dive in front of him - but has he cupped his fingers underneath it? The <strong>soft signal is out</strong>. I think it's going to be given, there's no clear pictures of the ball bouncing in front of him. <strong>Yep, it's given</strong>, Perera goes for a first-ball duck!"}], "commentPostTextItems": null, "commentVideos": [], "commentImages": [], "events": [], "over": null, "batsmanStatText": null, "bowlerStatText": null, "smartStats": []}, {"_uid": 35051146, "id": 35051146, "inningNumber": 1, "ballsActual": null, "ballsUnique": null, "oversUnique": 0.03, "oversActual": 0.3, "overNumber": 1, "ballNumber": 3, "totalRuns": 1, "batsmanRuns": 1, "isFour": false, "isSix": false, "isWicket": false, "dismissalType": null, "byes": 0, "legbyes": 0, "wides": 0, "noballs": 0, "penalties": 0, "wagonX": 213, "wagonY": 241, "wagonZone": 4, "pitchLine": "ON_THE_STUMPS", "pitchLength": "GOOD_LENGTH", "shotType": "ON_DRIVE", "shotControl": 1, "timestamp": "2021-10-20T14:08:24.000Z", "modified": "2021-10-20T14:08:27.000Z", "batsmanPlayerId": 52371, "bowlerPlayerId": 52631, "outPlayerId": null, "totalInningRuns": 2, "totalInningWickets": 1, "predictions": {"score": 157, "winProbability": 44.3}, "title": "Stirling to Chandimal", "dismissalText": null, "commentPreTextItems": [{"type": "HTML", "html": "John: \"Worth pointing it out that the Netherlands will still be in it with an Ireland win. \" Yep, a Sri Lanka win will mean we have our first elimination, but otherwise, it's all to play for"}], "commentTextItems": [{"type": "HTML", "html": "a bit of flight, keeping it straight and simple for now. Guided back down the ground"}], "commentPostTextItems": null, "commentVideos": [], "commentImages": [], "events": [], "over": null, "batsmanStatText": null, "bowlerStatText": null, "smartStats": []}, {"_uid": 35051150, "id": 35051150, "inningNumber": 1, "ballsActual": null, "ballsUnique": null, "oversUnique": 0.04, "oversActual": 0.4, "overNumber": 1, "ballNumber": 4, "totalRuns": 1, "batsmanRuns": 1, "isFour": false, "isSix": false, "isWicket": false, "dismissalType": null, "byes": 0, "legbyes": 0, "wides": 0, "noballs": 0, "penalties": 0, "wagonX": 228, "wagonY": 264, "wagonZone": 4, "pitchLine": "ON_THE_STUMPS", "pitchLength": "GOOD_LENGTH", "shotType": "ON_DRIVE", "shotControl": 1, "timestamp": "2021-10-20T14:08:48.000Z", "modified": "2021-10-20T14:08:51.000Z", "batsmanPlayerId": 93033, "bowlerPlayerId": 52631, "outPlayerId": null, "totalInningRuns": 3, "totalInningWickets": 1, "predictions": {"score": 157, "winProbability": 44.3}, "title": "Stirling to Nissanka", "dismissalText": null, "commentPreTextItems": null, "commentTextItems": [{"type": "HTML", "html": "another nudge down to long-on"}], "commentPostTextItems": null, "commentVideos": [], "commentImages": [], "events": [], "over": null, "batsmanStatText": null, "bowlerStatText": null, "smartStats": []}, {"_uid": 35051155, "id": 35051155, "inningNumber": 1, "ballsActual": null, "ballsUnique": null, "oversUnique": 0.05, "oversActual": 0.5, "overNumber": 1, "ballNumber": 5, "totalRuns": 0, "batsmanRuns": 0, "isFour": false, "isSix": false, "isWicket": false, "dismissalType": null, "byes": 0, "legbyes": 0, "wides": 0, "noballs": 0, "penalties": 0, "wagonX": 164, "wagonY": 189, "wagonZone": 5, "pitchLine": "OUTSIDE_OFFSTUMP", "pitchLength": "GOOD_LENGTH", "shotType": "DEFENDED", "shotControl": 1, "timestamp": "2021-10-20T14:09:04.000Z", "modified": "2021-10-20T14:09:07.000Z", "batsmanPlayerId": 52371, "bowlerPlayerId": 52631, "outPlayerId": null, "totalInningRuns": 3, "totalInningWickets": 1, "predictions": {"score": 156, "winProbability": 43.2}, "title": "Stirling to Chandimal", "dismissalText": null, "commentPreTextItems": null, "commentTextItems": [{"type": "HTML", "html": "flatter and quicker on this occasion. Stirling collects the ball driven back at him"}], "commentPostTextItems": null, "commentVideos": [], "commentImages": [], "events": [], "over": null, "batsmanStatText": null, "bowlerStatText": null, "smartStats": []}, {"_uid": 35051158, "id": 35051158, "inningNumber": 1, "ballsActual": null, "ballsUnique": null, "oversUnique": 0.06, "oversActual": 0.6, "overNumber": 1, "ballNumber": 6, "totalRuns": 1, "batsmanRuns": 1, "isFour": false, "isSix": false, "isWicket": false, "dismissalType": null, "byes": 0, "legbyes": 0, "wides": 0, "noballs": 0, "penalties": 0, "wagonX": 301, "wagonY": 192, "wagonZone": 3, "pitchLine": "ON_THE_STUMPS", "pitchLength": "GOOD_LENGTH", "shotType": "FLICK", "shotControl": 1, "timestamp": "2021-10-20T14:09:30.000Z", "modified": "2021-10-20T14:09:33.000Z", "batsmanPlayerId": 52371, "bowlerPlayerId": 52631, "outPlayerId": null, "totalInningRuns": 4, "totalInningWickets": 1, "predictions": {"score": 156, "winProbability": 43.2}, "title": "Stirling to Chandimal", "dismissalText": null, "commentPreTextItems": null, "commentTextItems": [{"type": "HTML", "html": "tickled to square leg, and that ends an excellent first over for Ireland and old Stirlo"}], "commentPostTextItems": null, "commentVideos": [], "commentImages": [], "events": [], "over": {"team": {"id": 8, "objectId": 8, "scribeId": 8, "slug": "sri-lanka", "name": "Sri Lanka", "longName": "Sri Lanka", "abbreviation": "SL", "unofficialName": "", "imageUrl": "/db/PICTURES/CMS/340000/340047.png", "isCountry": true, "primaryColor": "#203d89", "image": {"id": 340047, "objectId": 1316921, "slug": "sri-lanka-team-flag", "url": "/db/PICTURES/CMS/340000/340047.png", "width": 500, "height": 500, "caption": "Sri Lanka team flag", "longCaption": "Sri Lanka team flag", "credit": "Google", "photographer": null, "peerUrls": null}, "country": {"id": 8, "objectId": 8, "name": "Sri Lanka", "shortName": "Sri Lanka", "abbreviation": "SL", "slug": "sri-lanka"}}, "inningNumber": 1, "overNumber": 1, "overRuns": 4, "overWickets": 1, "totalRuns": 4, "totalWickets": 1, "target": 0, "overLimit": 20, "ballLimit": 120, "isMaiden": false, "isComplete": true, "isSuperOver": false, "overEndBatsmen": [{"player": {"id": 52371, "objectId": 300628, "name": "LD Chandimal", "longName": "Dinesh Chandimal", "mobileName": "Chandimal", "indexName": "Chandimal, LD", "battingName": "LD Chandimal", "fieldingName": "Chandimal", "slug": "dinesh-chandimal", "imageUrl": "/db/PICTURES/CMS/325600/325673.5.jpg", "headshotImageUrl": "/db/PICTURES/CMS/326000/326001.png", "dateOfBirth": {"year": 1989, "month": 11, "date": 18}, "dateOfDeath": null, "gender": "M", "battingStyles": ["rhb"], "bowlingStyles": ["ob"], "longBattingStyles": ["right-hand bat"], "longBowlingStyles": ["right-arm offbreak"], "image": {"id": 325673, "objectId": 1273040, "slug": "dinesh-chandimal-player-portrait", "url": "/db/PICTURES/CMS/325600/325673.5.jpg", "width": 160, "height": 293, "caption": "Dinesh Chandimal, player portrait", "longCaption": "Dinesh Chandimal, player portrait", "credit": "Getty Images", "photographer": "Jono Searle", "peerUrls": null}, "countryTeamId": 8, "playerRoleTypeIds": [7], "playingRoles": ["wicketkeeper batter"], "headshotImage": {"id": 326001, "objectId": 1273963, "slug": "dinesh-chandimal-player-page-headshot-cutout-2021", "url": "/db/PICTURES/CMS/326000/326001.png", "width": 600, "height": 436, "caption": "Dinesh Chandimal, player page headshot cutout, 2021", "longCaption": "Dinesh Chandimal, player page headshot cutout, 2021", "credit": null, "photographer": null, "peerUrls": {"FILM": null, "WIDE": null, "SQUARE": "/db/PICTURES/CMS/326000/326001.square.png"}}}, "runs": 2, "balls": 3, "fours": 0, "sixes": 0}, {"player": {"id": 93033, "objectId": 1028655, "name": "P Nissanka", "longName": "Pathum Nissanka", "mobileName": "Nissanka", "indexName": "Nissanka, P", "battingName": "P Nissanka", "fieldingName": "Nissanka", "slug": "pathum-nissanka", "imageUrl": "/db/PICTURES/CMS/318400/318435.jpg", "headshotImageUrl": "/db/PICTURES/CMS/323000/323070.png", "dateOfBirth": {"year": 1998, "month": 5, "date": 18}, "dateOfDeath": null, "gender": "M", "battingStyles": ["rhb"], "bowlingStyles": [], "longBattingStyles": ["right-hand bat"], "longBowlingStyles": [], "image": {"id": 318435, "objectId": 1256641, "slug": "pathum-nissanka-portrait", "url": "/db/PICTURES/CMS/318400/318435.jpg", "width": 160, "height": 200, "caption": "Pathum Nissanka portrait", "longCaption": "Pathum Nissanka portrait, Antigua and Barbuda, March 12, 2021", "credit": "Getty Images", "photographer": null, "peerUrls": null}, "countryTeamId": 8, "playerRoleTypeIds": [2], "playingRoles": ["top-order batter"], "headshotImage": {"id": 323070, "objectId": 1266243, "slug": "pathum-nissaka-player-page-headshot-cutout-2021", "url": "/db/PICTURES/CMS/323000/323070.png", "width": 600, "height": 436, "caption": "Pathum Nissaka player page headshot cutout, 2021", "longCaption": "Pathum Nissaka player page headshot cutout, 2021", "credit": null, "photographer": null, "peerUrls": {"FILM": null, "WIDE": null, "SQUARE": "/db/PICTURES/CMS/323000/323070.square.png"}}}, "runs": 2, "balls": 2, "fours": 0, "sixes": 0}], "overEndBowlers": [{"player": {"id": 52631, "objectId": 303427, "name": "PR Stirling", "longName": "Paul Stirling", "mobileName": "Stirling", "indexName": "Stirling.PR", "battingName": "PR Stirling", "fieldingName": "Stirling", "slug": "paul-stirling", "imageUrl": "/db/PICTURES/CMS/305200/305247.jpg", "headshotImageUrl": "/db/PICTURES/CMS/316600/316638.png", "dateOfBirth": {"year": 1990, "month": 9, "date": 3}, "dateOfDeath": null, "gender": "M", "battingStyles": ["rhb"], "bowlingStyles": ["ob"], "longBattingStyles": ["right-hand bat"], "longBowlingStyles": ["right-arm offbreak"], "image": {"id": 305247, "objectId": 1224821, "slug": "paul-stirling-portrait", "url": "/db/PICTURES/CMS/305200/305247.jpg", "width": 160, "height": 200, "caption": "Paul Stirling portrait", "longCaption": "Paul Stirling, June 2020", "credit": "Getty Images", "photographer": null, "peerUrls": null}, "countryTeamId": 29, "playerRoleTypeIds": [10], "playingRoles": ["batting allrounder"], "headshotImage": {"id": 316638, "objectId": 1251271, "slug": "pr-stirling-headshot", "url": "/db/PICTURES/CMS/316600/316638.png", "width": 600, "height": 436, "caption": "PR Stirling headshot", "longCaption": "PR Stirling headshot", "credit": null, "photographer": null, "peerUrls": {"FILM": null, "WIDE": null, "SQUARE": null}}}, "overs": 1, "balls": 6, "maidens": 0, "conceded": 4, "wickets": 1, "currentType": 1}], "rollover": null}, "batsmanStatText": null, "bowlerStatText": null, "smartStats": []}]