[{"_uid": 35052106, "id": 35052106, "inningNumber": 2, "ballsActual": null, "ballsUnique": null, "oversUnique": 7.01, "oversActual": 7.1, "overNumber": 8, "ballNumber": 1, "totalRuns": 1, "batsmanRuns": 0, "isFour": false, "isSix": false, "isWicket": false, "dismissalType": null, "byes": 0, "legbyes": 1, "wides": 0, "noballs": 0, "penalties": 0, "wagonX": 0, "wagonY": 0, "wagonZone": 0, "pitchLine": "ON_THE_STUMPS", "pitchLength": "FULL", "shotType": "FLICK", "shotControl": 2, "timestamp": "2021-10-20T16:38:36.000Z", "modified": "2021-10-20T16:39:01.000Z", "batsmanPlayerId": 69644, "bowlerPlayerId": 70580, "outPlayerId": null, "totalInningRuns": 44, "totalInningWickets": 3, "predictions": {"score": 143, "winProbability": 13.21}, "title": "C Karunaratne to Campher", "dismissalText": null, "commentPreTextItems": [{"type": "HTML", "html": "<strong>Campher moved across to try and paddle it over fine leg, and Karunaratne pulls out of his action!</strong>"}, {"type": "HTML", "html": "Migara Kulaseka: \"As a SL fan closely followed SL cricket for past 1 year,it is refreshing to see SL peaking at the right time,if they will able to sort out their top order issue, they are going to be a team to beat in this world cup\""}], "commentTextItems": [{"type": "HTML", "html": "<strong>a beauty of a yorker </strong>that sends Karunaratne pleading to the umpire for lbw. It's not, but it swept the batter off his feet"}], "commentPostTextItems": null, "commentVideos": [], "commentImages": [], "events": [], "over": null, "batsmanStatText": null, "bowlerStatText": null, "smartStats": []}, {"_uid": 35052108, "id": 35052108, "inningNumber": 2, "ballsActual": null, "ballsUnique": null, "oversUnique": 7.02, "oversActual": 7.2, "overNumber": 8, "ballNumber": 2, "totalRuns": 0, "batsmanRuns": 0, "isFour": false, "isSix": false, "isWicket": false, "dismissalType": null, "byes": 0, "legbyes": 0, "wides": 0, "noballs": 0, "penalties": 0, "wagonX": 126, "wagonY": 184, "wagonZone": 6, "pitchLine": "OUTSIDE_OFFSTUMP", "pitchLength": "GOOD_LENGTH", "shotType": "DEFENDED", "shotControl": 1, "timestamp": "2021-10-20T16:38:49.000Z", "modified": "2021-10-20T16:39:06.000Z", "batsmanPlayerId": 52628, "bowlerPlayerId": 70580, "outPlayerId": null, "totalInningRuns": 44, "totalInningWickets": 3, "predictions": {"score": 143, "winProbability": 13.04}, "title": "C Karunaratne to Balbirnie", "dismissalText": null, "commentPreTextItems": null, "commentTextItems": [{"type": "HTML", "html": "driven to extra cover"}], "commentPostTextItems": null, "commentVideos": [], "commentImages": [], "events": [], "over": null, "batsmanStatText": null, "bowlerStatText": null, "smartStats": []}, {"_uid": 35052110, "id": 35052110, "inningNumber": 2, "ballsActual": null, "ballsUnique": null, "oversUnique": 7.03, "oversActual": 7.3, "overNumber": 8, "ballNumber": 3, "totalRuns": 6, "batsmanRuns": 6, "isFour": false, "isSix": true, "isWicket": false, "dismissalType": null, "byes": 0, "legbyes": 0, "wides": 0, "noballs": 0, "penalties": 0, "wagonX": 357, "wagonY": 210, "wagonZone": 3, "pitchLine": "ON_THE_STUMPS", "pitchLength": "SHORT_OF_A_GOOD_LENGTH", "shotType": "PULL", "shotControl": 1, "timestamp": "2021-10-20T16:39:23.000Z", "modified": "2021-10-20T16:40:37.000Z", "batsmanPlayerId": 52628, "bowlerPlayerId": 70580, "outPlayerId": null, "totalInningRuns": 50, "totalInningWickets": 3, "predictions": {"score": 148, "winProbability": 17.14}, "title": "C Karunaratne to Balbirnie", "dismissalText": null, "commentPreTextItems": null, "commentTextItems": [{"type": "HTML", "html": "connects off the middle for once. Wasn't much pace and it sat up to be smashed out of the park. Balbirnie obliged to <strong>deposit a 93m strike into over midwicket</strong>"}], "commentPostTextItems": null, "commentVideos": [], "commentImages": [], "events": [], "over": null, "batsmanStatText": null, "bowlerStatText": null, "smartStats": []}, {"_uid": 35052113, "id": 35052113, "inningNumber": 2, "ballsActual": null, "ballsUnique": null, "oversUnique": 7.04, "oversActual": 7.4, "overNumber": 8, "ballNumber": 4, "totalRuns": 1, "batsmanRuns": 1, "isFour": false, "isSix": false, "isWicket": false, "dismissalType": null, "byes": 0, "legbyes": 0, "wides": 0, "noballs": 0, "penalties": 0, "wagonX": 274, "wagonY": 53, "wagonZone": 1, "pitchLine": "OUTSIDE_OFFSTUMP", "pitchLength": "GOOD_LENGTH", "shotType": null, "shotControl": 1, "timestamp": "2021-10-20T16:39:52.000Z", "modified": "2021-10-20T16:40:46.000Z", "batsmanPlayerId": 52628, "bowlerPlayerId": 70580, "outPlayerId": null, "totalInningRuns": 51, "totalInningWickets": 3, "predictions": {"score": 150, "winProbability": 17.96}, "title": "C Karunaratne to Balbirnie", "dismissalText": null, "commentPreTextItems": null, "commentTextItems": [{"type": "HTML", "html": "paddled to midwicket - connected really well using the bowler's pace but it's straight to the man stationed there"}], "commentPostTextItems": null, "commentVideos": [], "commentImages": [], "events": [], "over": null, "batsmanStatText": null, "bowlerStatText": null, "smartStats": []}, {"_uid": 35052114, "id": 35052114, "inningNumber": 2, "ballsActual": null, "ballsUnique": null, "oversUnique": 7.05, "oversActual": 7.5, "overNumber": 8, "ballNumber": 5, "totalRuns": 0, "batsmanRuns": 0, "isFour": false, "isSix": false, "isWicket": false, "dismissalType": null, "byes": 0, "legbyes": 0, "wides": 0, "noballs": 0, "penalties": 0, "wagonX": 0, "wagonY": 0, "wagonZone": 0, "pitchLine": "OUTSIDE_OFFSTUMP", "pitchLength": "SHORT_OF_A_GOOD_LENGTH", "shotType": "CUT_SHOT", "shotControl": 2, "timestamp": "2021-10-20T16:40:26.000Z", "modified": "2021-10-20T16:40:30.000Z", "batsmanPlayerId": 69644, "bowlerPlayerId": 70580, "outPlayerId": null, "totalInningRuns": 51, "totalInningWickets": 3, "predictions": {"score": 149, "winProbability": 16.75}, "title": "C Karunaratne to Campher", "dismissalText": null, "commentPreTextItems": null, "commentTextItems": [{"type": "HTML", "html": "cunning. Slower ball - just 103 kph - beats the batter all ends up"}], "commentPostTextItems": null, "commentVideos": [], "commentImages": [], "events": [], "over": null, "batsmanStatText": null, "bowlerStatText": null, "smartStats": []}, {"_uid": 35052368, "id": 35052368, "inningNumber": 2, "ballsActual": null, "ballsUnique": null, "oversUnique": 7.06, "oversActual": 7.6, "overNumber": 8, "ballNumber": 6, "totalRuns": 1, "batsmanRuns": 1, "isFour": false, "isSix": false, "isWicket": false, "dismissalType": null, "byes": 0, "legbyes": 0, "wides": 0, "noballs": 0, "penalties": 0, "wagonX": 320, "wagonY": 109, "wagonZone": 2, "pitchLine": "ON_THE_STUMPS", "pitchLength": "GOOD_LENGTH", "shotType": "FLICK", "shotControl": 1, "timestamp": "2021-10-20T16:40:56.000Z", "modified": "2021-10-20T16:40:59.000Z", "batsmanPlayerId": 69644, "bowlerPlayerId": 70580, "outPlayerId": null, "totalInningRuns": 52, "totalInningWickets": 3, "predictions": {"score": 148, "winProbability": 16.38}, "title": "C Karunaratne to Campher", "dismissalText": null, "commentPreTextItems": null, "commentTextItems": [{"type": "HTML", "html": "didn't get the timing right and flat-bats it down to long-on"}], "commentPostTextItems": null, "commentVideos": [], "commentImages": [], "events": [], "over": {"team": {"id": 29, "objectId": 29, "scribeId": 29, "slug": "ireland", "name": "Ireland", "longName": "Ireland", "abbreviation": "IRE", "unofficialName": "", "imageUrl": "/db/PICTURES/CMS/313100/313149.logo.png", "isCountry": true, "primaryColor": null, "image": {"id": 313149, "objectId": 1241608, "slug": "ireland-logo", "url": "/db/PICTURES/CMS/313100/313149.logo.png", "width": 500, "height": 500, "caption": "Ireland logo", "longCaption": "Ireland logo", "credit": null, "photographer": null, "peerUrls": null}, "country": {"id": 29, "objectId": 29, "name": "Ireland", "shortName": "Ireland", "abbreviation": "IRE", "slug": "ireland"}}, "inningNumber": 2, "overNumber": 8, "overRuns": 9, "overWickets": 0, "totalRuns": 52, "totalWickets": 3, "target": 172, "overLimit": 20, "ballLimit": 120, "isMaiden": false, "isComplete": true, "isSuperOver": false, "overEndBatsmen": [{"player": {"id": 69644, "objectId": 595921, "name": "C Campher", "longName": "Curtis Campher", "mobileName": "Campher", "indexName": "Campher. C", "battingName": "C Campher", "fieldingName": "Campher", "slug": "curtis-campher", "imageUrl": "/db/PICTURES/CMS/306900/306931.1.jpg", "headshotImageUrl": "/db/PICTURES/CMS/321300/321343.png", "dateOfBirth": {"year": 1999, "month": 4, "date": 20}, "dateOfDeath": null, "gender": "M", "battingStyles": ["rhb"], "bowlingStyles": ["rmf"], "longBattingStyles": ["right-hand bat"], "longBowlingStyles": ["right-arm medium-fast"], "image": {"id": 306931, "objectId": 1228023, "slug": "curtis-campher-player-portrait", "url": "/db/PICTURES/CMS/306900/306931.1.jpg", "width": 160, "height": 200, "caption": "Curtis Campher player portrait", "longCaption": "Curtis Campher player portrait", "credit": "Getty Images", "photographer": null, "peerUrls": null}, "countryTeamId": 29, "playerRoleTypeIds": [5], "playingRoles": ["allrounder"], "headshotImage": {"id": 321343, "objectId": 1262935, "slug": "curtis-campher-player-page-headshot-cutout-2021", "url": "/db/PICTURES/CMS/321300/321343.png", "width": 600, "height": 436, "caption": "Curtis Campher player page headshot cutout, 2021", "longCaption": "Curtis Campher player page headshot cutout, 2021", "credit": null, "photographer": null, "peerUrls": {"FILM": null, "WIDE": null, "SQUARE": "/db/PICTURES/CMS/321300/321343.square.png"}}}, "runs": 11, "balls": 15, "fours": 2, "sixes": 0}, {"player": {"id": 52628, "objectId": 303423, "name": "A Balbirnie", "longName": "Andy Balbirnie", "mobileName": "Balbirnie", "indexName": "Balbirnie, A", "battingName": "A Balbirnie", "fieldingName": "Balbirnie", "slug": "andy-balbirnie", "imageUrl": "/db/PICTURES/CMS/305200/305250.jpg", "headshotImageUrl": "/db/PICTURES/CMS/316600/316637.png", "dateOfBirth": {"year": 1990, "month": 12, "date": 28}, "dateOfDeath": null, "gender": "M", "battingStyles": ["rhb"], "bowlingStyles": ["ob"], "longBattingStyles": ["right-hand bat"], "longBowlingStyles": ["right-arm offbreak"], "image": {"id": 305250, "objectId": 1224824, "slug": "andy-balbirnie-portrait", "url": "/db/PICTURES/CMS/305200/305250.jpg", "width": 160, "height": 200, "caption": "Andy Balbirnie portrait", "longCaption": "Andy Balbirnie, June 2020", "credit": "Getty Images", "photographer": null, "peerUrls": null}, "countryTeamId": 29, "playerRoleTypeIds": [8], "playingRoles": ["batter"], "headshotImage": {"id": 316637, "objectId": 1251270, "slug": "a-balbirnie-headshot", "url": "/db/PICTURES/CMS/316600/316637.png", "width": 600, "height": 436, "caption": "A Balbirnie headshot", "longCaption": "A Balbirnie headshot", "credit": null, "photographer": null, "peerUrls": {"FILM": null, "WIDE": null, "SQUARE": null}}}, "runs": 21, "balls": 19, "fours": 1, "sixes": 2}], "overEndBowlers": [{"player": {"id": 70580, "objectId": 623695, "name": "C Karunaratne", "longName": "Chamika Karunaratne", "mobileName": "", "indexName": "Karunaratne, C", "battingName": "C Karunaratne", "fieldingName": "Karunaratne", "slug": "chamika-karunaratne", "imageUrl": "/db/PICTURES/CMS/303800/303830.png", "headshotImageUrl": "/db/PICTURES/CMS/329900/329937.png", "dateOfBirth": {"year": 1996, "month": 5, "date": 29}, "dateOfDeath": null, "gender": "M", "battingStyles": ["rhb"], "bowlingStyles": ["rmf"], "longBattingStyles": ["right-hand bat"], "longBowlingStyles": ["right-arm medium-fast"], "image": {"id": 303830, "objectId": 1222664, "slug": "chamika-karunaratne-portrait", "url": "/db/PICTURES/CMS/303800/303830.png", "width": 160, "height": 202, "caption": "Chamika Karunaratne portrait", "longCaption": "Chamika Karunaratne, May 2020", "credit": "Getty Images", "photographer": null, "peerUrls": null}, "countryTeamId": 8, "playerRoleTypeIds": [11], "playingRoles": ["bowling allrounder"], "headshotImage": {"id": 329937, "objectId": 1287354, "slug": "chamika-karunaratne-player-page-headshot-cutout-2021", "url": "/db/PICTURES/CMS/329900/329937.png", "width": 600, "height": 436, "caption": "Chamika Karunaratne player page headshot cutout 2021", "longCaption": "Chamika Karunaratne player page headshot cutout 2021", "credit": null, "photographer": null, "peerUrls": {"FILM": null, "WIDE": null, "SQUARE": "/db/PICTURES/CMS/329900/329937.square.png"}}}, "overs": 2, "balls": 12, "maidens": 0, "conceded": 16, "wickets": 1, "currentType": 1}, {"player": {"id": 78239, "objectId": 784379, "name": "PW Hasaranga", "longName": "Wanindu Hasaranga", "mobileName": "Hasaranga", "indexName": "Hasaranga, PW", "battingName": "PW Hasaranga", "fieldingName": "Hasaranga", "slug": "wanindu-hasaranga", "imageUrl": "/db/PICTURES/CMS/294200/294296.jpg", "headshotImageUrl": "/db/PICTURES/CMS/322900/322946.png", "dateOfBirth": {"year": 1997, "month": 7, "date": 29}, "dateOfDeath": null, "gender": "M", "battingStyles": ["rhb"], "bowlingStyles": ["lb"], "longBattingStyles": ["right-hand bat"], "longBowlingStyles": ["legbreak"], "image": {"id": 294296, "objectId": 1199371, "slug": "wanindu-hasaranga", "url": "/db/PICTURES/CMS/294200/294296.jpg", "width": 160, "height": 210, "caption": "Wanindu Hasaranga", "longCaption": null, "credit": "Chaminda de Silva", "photographer": null, "peerUrls": null}, "countryTeamId": 8, "playerRoleTypeIds": [5], "playingRoles": ["allrounder"], "headshotImage": {"id": 322946, "objectId": 1266041, "slug": "wanindu-hasaranga-player-page-headshot-cutout-2021", "url": "/db/PICTURES/CMS/322900/322946.png", "width": 600, "height": 436, "caption": "Wanindu Hasaranga player page headshot cutout, 2021", "longCaption": "Wanindu Hasaranga player page headshot cutout, 2021", "credit": null, "photographer": null, "peerUrls": {"FILM": null, "WIDE": null, "SQUARE": "/db/PICTURES/CMS/322900/322946.square.png"}}}, "overs": 2, "balls": 12, "maidens": 0, "conceded": 4, "wickets": 1, "currentType": 2}], "rollover": null}, "batsmanStatText": null, "bowlerStatText": null, "smartStats": []}, {"_uid": 35052372, "id": 35052372, "inningNumber": 2, "ballsActual": null, "ballsUnique": null, "oversUnique": 8.01, "oversActual": 8.1, "overNumber": 9, "ballNumber": 1, "totalRuns": 0, "batsmanRuns": 0, "isFour": false, "isSix": false, "isWicket": false, "dismissalType": null, "byes": 0, "legbyes": 0, "wides": 0, "noballs": 0, "penalties": 0, "wagonX": 207, "wagonY": 196, "wagonZone": 4, "pitchLine": "ON_THE_STUMPS", "pitchLength": "GOOD_LENGTH", "shotType": "DEFENDED", "shotControl": 1, "timestamp": "2021-10-20T16:42:00.000Z", "modified": "2021-10-20T16:42:04.000Z", "batsmanPlayerId": 69644, "bowlerPlayerId": 101991, "outPlayerId": null, "totalInningRuns": 52, "totalInningWickets": 3, "predictions": {"score": 147, "winProbability": 15.27}, "title": "Theekshana to Campher", "dismissalText": null, "commentPreTextItems": null, "commentTextItems": [{"type": "HTML", "html": "keeps it straight, it's driven back to him"}], "commentPostTextItems": null, "commentVideos": [], "commentImages": [], "events": [], "over": null, "batsmanStatText": null, "bowlerStatText": null, "smartStats": []}, {"_uid": 35052375, "id": 35052375, "inningNumber": 2, "ballsActual": null, "ballsUnique": null, "oversUnique": 8.02, "oversActual": 8.2, "overNumber": 9, "ballNumber": 2, "totalRuns": 1, "batsmanRuns": 1, "isFour": false, "isSix": false, "isWicket": false, "dismissalType": null, "byes": 0, "legbyes": 0, "wides": 0, "noballs": 0, "penalties": 0, "wagonX": 230, "wagonY": 128, "wagonZone": 2, "pitchLine": "ON_THE_STUMPS", "pitchLength": "GOOD_LENGTH", "shotType": "SWEEP_SHOT", "shotControl": 1, "timestamp": "2021-10-20T16:42:21.000Z", "modified": "2021-10-20T16:42:24.000Z", "batsmanPlayerId": 69644, "bowlerPlayerId": 101991, "outPlayerId": null, "totalInningRuns": 53, "totalInningWickets": 3, "predictions": {"score": 146, "winProbability": 14.65}, "title": "Theekshana to Campher", "dismissalText": null, "commentPreTextItems": null, "commentTextItems": [{"type": "HTML", "html": "swept but didn't get the right connection"}], "commentPostTextItems": null, "commentVideos": [], "commentImages": [], "events": [], "over": null, "batsmanStatText": null, "bowlerStatText": null, "smartStats": []}, {"_uid": 35052377, "id": 35052377, "inningNumber": 2, "ballsActual": null, "ballsUnique": null, "oversUnique": 8.03, "oversActual": 8.3, "overNumber": 9, "ballNumber": 3, "totalRuns": 2, "batsmanRuns": 2, "isFour": false, "isSix": false, "isWicket": false, "dismissalType": null, "byes": 0, "legbyes": 0, "wides": 0, "noballs": 0, "penalties": 0, "wagonX": 261, "wagonY": 293, "wagonZone": 4, "pitchLine": "ON_THE_STUMPS", "pitchLength": "GOOD_LENGTH", "shotType": "FLICK", "shotControl": 1, "timestamp": "2021-10-20T16:42:56.000Z", "modified": "2021-10-20T16:42:59.000Z", "batsmanPlayerId": 52628, "bowlerPlayerId": 101991, "outPlayerId": null, "totalInningRuns": 55, "totalInningWickets": 3, "predictions": {"score": 147, "winProbability": 15.34}, "title": "Theekshana to Balbirnie", "dismissalText": null, "commentPreTextItems": null, "commentTextItems": [{"type": "HTML", "html": "tossed it up nicely. Balbirnie places it into the onside and scampers off for two. Direct hit might have had the non-striker"}], "commentPostTextItems": null, "commentVideos": [], "commentImages": [], "events": [], "over": null, "batsmanStatText": null, "bowlerStatText": null, "smartStats": []}, {"_uid": 35052380, "id": 35052380, "inningNumber": 2, "ballsActual": null, "ballsUnique": null, "oversUnique": 8.04, "oversActual": 8.4, "overNumber": 9, "ballNumber": 4, "totalRuns": 0, "batsmanRuns": 0, "isFour": false, "isSix": false, "isWicket": false, "dismissalType": null, "byes": 0, "legbyes": 0, "wides": 0, "noballs": 0, "penalties": 0, "wagonX": 148, "wagonY": 187, "wagonZone": 6, "pitchLine": "OUTSIDE_OFFSTUMP", "pitchLength": "GOOD_LENGTH", "shotType": "COVER_DRIVE", "shotControl": 1, "timestamp": "2021-10-20T16:43:28.000Z", "modified": "2021-10-20T16:43:32.000Z", "batsmanPlayerId": 52628, "bowlerPlayerId": 101991, "outPlayerId": null, "totalInningRuns": 55, "totalInningWickets": 3, "predictions": {"score": 146, "winProbability": 14.23}, "title": "Theekshana to Balbirnie", "dismissalText": null, "commentPreTextItems": null, "commentTextItems": [{"type": "HTML", "html": "flatter this time, pushed into the offside"}], "commentPostTextItems": null, "commentVideos": [], "commentImages": [], "events": [], "over": null, "batsmanStatText": null, "bowlerStatText": null, "smartStats": []}, {"_uid": 35052384, "id": 35052384, "inningNumber": 2, "ballsActual": null, "ballsUnique": null, "oversUnique": 8.05, "oversActual": 8.5, "overNumber": 9, "ballNumber": 5, "totalRuns": 1, "batsmanRuns": 1, "isFour": false, "isSix": false, "isWicket": false, "dismissalType": null, "byes": 0, "legbyes": 0, "wides": 0, "noballs": 0, "penalties": 0, "wagonX": 33, "wagonY": 192, "wagonZone": 6, "pitchLine": "OUTSIDE_OFFSTUMP", "pitchLength": "GOOD_LENGTH", "shotType": "COVER_DRIVE", "shotControl": 1, "timestamp": "2021-10-20T16:43:56.000Z", "modified": "2021-10-20T16:43:59.000Z", "batsmanPlayerId": 52628, "bowlerPlayerId": 101991, "outPlayerId": null, "totalInningRuns": 56, "totalInningWickets": 3, "predictions": {"score": 146, "winProbability": 14}, "title": "Theekshana to Balbirnie", "dismissalText": null, "commentPreTextItems": null, "commentTextItems": [{"type": "HTML", "html": "nicely placed into the deep on the offside. Sweeper cover collects"}], "commentPostTextItems": null, "commentVideos": [], "commentImages": [], "events": [], "over": null, "batsmanStatText": null, "bowlerStatText": null, "smartStats": []}, {"_uid": 35052386, "id": 35052386, "inningNumber": 2, "ballsActual": null, "ballsUnique": null, "oversUnique": 8.06, "oversActual": 8.6, "overNumber": 9, "ballNumber": 6, "totalRuns": 0, "batsmanRuns": 0, "isFour": false, "isSix": false, "isWicket": false, "dismissalType": null, "byes": 0, "legbyes": 0, "wides": 0, "noballs": 0, "penalties": 0, "wagonX": 138, "wagonY": 187, "wagonZone": 6, "pitchLine": "ON_THE_STUMPS", "pitchLength": "GOOD_LENGTH", "shotType": "DEFENDED", "shotControl": 1, "timestamp": "2021-10-20T16:44:19.000Z", "modified": "2021-10-20T16:44:23.000Z", "batsmanPlayerId": 69644, "bowlerPlayerId": 101991, "outPlayerId": null, "totalInningRuns": 56, "totalInningWickets": 3, "predictions": {"score": 145, "winProbability": 13.4}, "title": "Theekshana to Campher", "dismissalText": null, "commentPreTextItems": null, "commentTextItems": [{"type": "HTML", "html": "came down the wicket but Theekshana adjusts his length, pulling it back. Finishes with a dot ball"}], "commentPostTextItems": null, "commentVideos": [], "commentImages": [], "events": [], "over": {"team": {"id": 29, "objectId": 29, "scribeId": 29, "slug": "ireland", "name": "Ireland", "longName": "Ireland", "abbreviation": "IRE", "unofficialName": "", "imageUrl": "/db/PICTURES/CMS/313100/313149.logo.png", "isCountry": true, "primaryColor": null, "image": {"id": 313149, "objectId": 1241608, "slug": "ireland-logo", "url": "/db/PICTURES/CMS/313100/313149.logo.png", "width": 500, "height": 500, "caption": "Ireland logo", "longCaption": "Ireland logo", "credit": null, "photographer": null, "peerUrls": null}, "country": {"id": 29, "objectId": 29, "name": "Ireland", "shortName": "Ireland", "abbreviation": "IRE", "slug": "ireland"}}, "inningNumber": 2, "overNumber": 9, "overRuns": 4, "overWickets": 0, "totalRuns": 56, "totalWickets": 3, "target": 172, "overLimit": 20, "ballLimit": 120, "isMaiden": false, "isComplete": true, "isSuperOver": false, "overEndBatsmen": [{"player": {"id": 69644, "objectId": 595921, "name": "C Campher", "longName": "Curtis Campher", "mobileName": "Campher", "indexName": "Campher. C", "battingName": "C Campher", "fieldingName": "Campher", "slug": "curtis-campher", "imageUrl": "/db/PICTURES/CMS/306900/306931.1.jpg", "headshotImageUrl": "/db/PICTURES/CMS/321300/321343.png", "dateOfBirth": {"year": 1999, "month": 4, "date": 20}, "dateOfDeath": null, "gender": "M", "battingStyles": ["rhb"], "bowlingStyles": ["rmf"], "longBattingStyles": ["right-hand bat"], "longBowlingStyles": ["right-arm medium-fast"], "image": {"id": 306931, "objectId": 1228023, "slug": "curtis-campher-player-portrait", "url": "/db/PICTURES/CMS/306900/306931.1.jpg", "width": 160, "height": 200, "caption": "Curtis Campher player portrait", "longCaption": "Curtis Campher player portrait", "credit": "Getty Images", "photographer": null, "peerUrls": null}, "countryTeamId": 29, "playerRoleTypeIds": [5], "playingRoles": ["allrounder"], "headshotImage": {"id": 321343, "objectId": 1262935, "slug": "curtis-campher-player-page-headshot-cutout-2021", "url": "/db/PICTURES/CMS/321300/321343.png", "width": 600, "height": 436, "caption": "Curtis Campher player page headshot cutout, 2021", "longCaption": "Curtis Campher player page headshot cutout, 2021", "credit": null, "photographer": null, "peerUrls": {"FILM": null, "WIDE": null, "SQUARE": "/db/PICTURES/CMS/321300/321343.square.png"}}}, "runs": 12, "balls": 18, "fours": 2, "sixes": 0}, {"player": {"id": 52628, "objectId": 303423, "name": "A Balbirnie", "longName": "Andy Balbirnie", "mobileName": "Balbirnie", "indexName": "Balbirnie, A", "battingName": "A Balbirnie", "fieldingName": "Balbirnie", "slug": "andy-balbirnie", "imageUrl": "/db/PICTURES/CMS/305200/305250.jpg", "headshotImageUrl": "/db/PICTURES/CMS/316600/316637.png", "dateOfBirth": {"year": 1990, "month": 12, "date": 28}, "dateOfDeath": null, "gender": "M", "battingStyles": ["rhb"], "bowlingStyles": ["ob"], "longBattingStyles": ["right-hand bat"], "longBowlingStyles": ["right-arm offbreak"], "image": {"id": 305250, "objectId": 1224824, "slug": "andy-balbirnie-portrait", "url": "/db/PICTURES/CMS/305200/305250.jpg", "width": 160, "height": 200, "caption": "Andy Balbirnie portrait", "longCaption": "Andy Balbirnie, June 2020", "credit": "Getty Images", "photographer": null, "peerUrls": null}, "countryTeamId": 29, "playerRoleTypeIds": [8], "playingRoles": ["batter"], "headshotImage": {"id": 316637, "objectId": 1251270, "slug": "a-balbirnie-headshot", "url": "/db/PICTURES/CMS/316600/316637.png", "width": 600, "height": 436, "caption": "A Balbirnie headshot", "longCaption": "A Balbirnie headshot", "credit": null, "photographer": null, "peerUrls": {"FILM": null, "WIDE": null, "SQUARE": null}}}, "runs": 24, "balls": 22, "fours": 1, "sixes": 2}], "overEndBowlers": [{"player": {"id": 101991, "objectId": 1138316, "name": "M Theekshana", "longName": "Maheesh Theekshana", "mobileName": "Theekshana", "indexName": "Theekshana, M", "battingName": "M Theekshana", "fieldingName": "Theekshana", "slug": "maheesh-theekshana", "imageUrl": "/db/PICTURES/CMS/336200/336296.4.jpg", "headshotImageUrl": "/db/PICTURES/CMS/347800/347825.png", "dateOfBirth": {"year": 2000, "month": 8, "date": 1}, "dateOfDeath": null, "gender": "M", "battingStyles": ["rhb"], "bowlingStyles": ["ob"], "longBattingStyles": ["right-hand bat"], "longBowlingStyles": ["right-arm offbreak"], "image": {"id": 336296, "objectId": 1306203, "slug": "mahesh-theekshana-player-portrait", "url": "/db/PICTURES/CMS/336200/336296.4.jpg", "width": 160, "height": 221, "caption": "Mahesh Theekshana, player portrait", "longCaption": "Mahesh Theekshana, player portrait", "credit": "Cricket Australia/Getty Images", "photographer": "Brendon Thorne", "peerUrls": null}, "countryTeamId": 8, "playerRoleTypeIds": [4], "playingRoles": ["bowler"], "headshotImage": {"id": 347825, "objectId": 1340657, "slug": "maheesh-theekshana-player-page-headshot-cutout-2022", "url": "/db/PICTURES/CMS/347800/347825.png", "width": 600, "height": 436, "caption": "Maheesh Theekshana, player page headshot cutout 2022", "longCaption": "Maheesh Theekshana, player page headshot cutout 2022", "credit": null, "photographer": null, "peerUrls": {"FILM": null, "WIDE": null, "SQUARE": "/db/PICTURES/CMS/347800/347825.square.png"}}}, "overs": 2, "balls": 12, "maidens": 0, "conceded": 10, "wickets": 1, "currentType": 1}, {"player": {"id": 70580, "objectId": 623695, "name": "C Karunaratne", "longName": "Chamika Karunaratne", "mobileName": "", "indexName": "Karunaratne, C", "battingName": "C Karunaratne", "fieldingName": "Karunaratne", "slug": "chamika-karunaratne", "imageUrl": "/db/PICTURES/CMS/303800/303830.png", "headshotImageUrl": "/db/PICTURES/CMS/329900/329937.png", "dateOfBirth": {"year": 1996, "month": 5, "date": 29}, "dateOfDeath": null, "gender": "M", "battingStyles": ["rhb"], "bowlingStyles": ["rmf"], "longBattingStyles": ["right-hand bat"], "longBowlingStyles": ["right-arm medium-fast"], "image": {"id": 303830, "objectId": 1222664, "slug": "chamika-karunaratne-portrait", "url": "/db/PICTURES/CMS/303800/303830.png", "width": 160, "height": 202, "caption": "Chamika Karunaratne portrait", "longCaption": "Chamika Karunaratne, May 2020", "credit": "Getty Images", "photographer": null, "peerUrls": null}, "countryTeamId": 8, "playerRoleTypeIds": [11], "playingRoles": ["bowling allrounder"], "headshotImage": {"id": 329937, "objectId": 1287354, "slug": "chamika-karunaratne-player-page-headshot-cutout-2021", "url": "/db/PICTURES/CMS/329900/329937.png", "width": 600, "height": 436, "caption": "Chamika Karunaratne player page headshot cutout 2021", "longCaption": "Chamika Karunaratne player page headshot cutout 2021", "credit": null, "photographer": null, "peerUrls": {"FILM": null, "WIDE": null, "SQUARE": "/db/PICTURES/CMS/329900/329937.square.png"}}}, "overs": 2, "balls": 12, "maidens": 0, "conceded": 16, "wickets": 1, "currentType": 2}], "rollover": null}, "batsmanStatText": null, "bowlerStatText": null, "smartStats": []}]