[{"_uid": 35078762, "id": 35078762, "inningNumber": 2, "ballsActual": null, "ballsUnique": null, "oversUnique": 1.01, "oversActual": 1.1, "overNumber": 2, "ballNumber": 1, "totalRuns": 0, "batsmanRuns": 0, "isFour": false, "isSix": false, "isWicket": false, "dismissalType": null, "byes": 0, "legbyes": 0, "wides": 0, "noballs": 0, "penalties": 0, "wagonX": 228, "wagonY": 194, "wagonZone": 3, "pitchLine": "OUTSIDE_OFFSTUMP", "pitchLength": "GOOD_LENGTH", "shotType": "PUSH", "shotControl": 1, "timestamp": "2021-10-26T12:01:50.000Z", "modified": "2021-10-26T12:01:54.000Z", "batsmanPlayerId": 55398, "bowlerPlayerId": 45258, "outPlayerId": null, "totalInningRuns": 4, "totalInningWickets": 1, "predictions": {"score": 154, "winProbability": 62.38}, "title": "Rampaul to van der Dussen", "dismissalText": null, "commentPreTextItems": [{"type": "HTML", "html": "Ravi Rampaul. Slip in"}], "commentTextItems": [{"type": "HTML", "html": "good length, off stump, he leans forward and defends off an inside edge"}], "commentPostTextItems": null, "commentVideos": [], "commentImages": [], "events": [], "over": null, "batsmanStatText": null, "bowlerStatText": null, "smartStats": []}, {"_uid": 35078763, "id": 35078763, "inningNumber": 2, "ballsActual": null, "ballsUnique": null, "oversUnique": 1.02, "oversActual": 1.2, "overNumber": 2, "ballNumber": 2, "totalRuns": 1, "batsmanRuns": 1, "isFour": false, "isSix": false, "isWicket": false, "dismissalType": null, "byes": 0, "legbyes": 0, "wides": 0, "noballs": 0, "penalties": 0, "wagonX": 60, "wagonY": 236, "wagonZone": 6, "pitchLine": "OUTSIDE_OFFSTUMP", "pitchLength": "SHORT_OF_A_GOOD_LENGTH", "shotType": "COVER_DRIVE", "shotControl": 1, "timestamp": "2021-10-26T12:02:29.000Z", "modified": "2021-10-26T12:02:33.000Z", "batsmanPlayerId": 55398, "bowlerPlayerId": 45258, "outPlayerId": null, "totalInningRuns": 5, "totalInningWickets": 1, "predictions": {"score": 154, "winProbability": 62.67}, "title": "Rampaul to van der Dussen", "dismissalText": null, "commentPreTextItems": null, "commentTextItems": [{"type": "HTML", "html": "133kph, back of a length wide of off, he drives off the back foot through point to the man in the deep"}], "commentPostTextItems": null, "commentVideos": [], "commentImages": [], "events": [], "over": null, "batsmanStatText": null, "bowlerStatText": null, "smartStats": []}, {"_uid": 35078764, "id": 35078764, "inningNumber": 2, "ballsActual": null, "ballsUnique": null, "oversUnique": 1.03, "oversActual": 1.3, "overNumber": 2, "ballNumber": 3, "totalRuns": 0, "batsmanRuns": 0, "isFour": false, "isSix": false, "isWicket": false, "dismissalType": null, "byes": 0, "legbyes": 0, "wides": 0, "noballs": 0, "penalties": 0, "wagonX": 151, "wagonY": 190, "wagonZone": 6, "pitchLine": "OUTSIDE_OFFSTUMP", "pitchLength": "GOOD_LENGTH", "shotType": "PUSH", "shotControl": 1, "timestamp": "2021-10-26T12:03:12.000Z", "modified": "2021-10-26T12:03:16.000Z", "batsmanPlayerId": 50416, "bowlerPlayerId": 45258, "outPlayerId": null, "totalInningRuns": 5, "totalInningWickets": 1, "predictions": {"score": 152, "winProbability": 61.19}, "title": "Rampaul to Hendricks", "dismissalText": null, "commentPreTextItems": null, "commentTextItems": [{"type": "HTML", "html": "good length, fourth stump line, he defends on the front foot cover"}], "commentPostTextItems": null, "commentVideos": [], "commentImages": [], "events": [], "over": null, "batsmanStatText": null, "bowlerStatText": null, "smartStats": []}, {"_uid": 35078765, "id": 35078765, "inningNumber": 2, "ballsActual": null, "ballsUnique": null, "oversUnique": 1.04, "oversActual": 1.4, "overNumber": 2, "ballNumber": 4, "totalRuns": 0, "batsmanRuns": 0, "isFour": false, "isSix": false, "isWicket": false, "dismissalType": null, "byes": 0, "legbyes": 0, "wides": 0, "noballs": 0, "penalties": 0, "wagonX": 0, "wagonY": 0, "wagonZone": 0, "pitchLine": "OUTSIDE_OFFSTUMP", "pitchLength": "SHORT_OF_A_GOOD_LENGTH", "shotType": "PUSH", "shotControl": 2, "timestamp": "2021-10-26T12:03:43.000Z", "modified": "2021-10-26T12:03:45.000Z", "batsmanPlayerId": 50416, "bowlerPlayerId": 45258, "outPlayerId": null, "totalInningRuns": 5, "totalInningWickets": 1, "predictions": {"score": 151, "winProbability": 60.3}, "title": "Rampaul to Hendricks", "dismissalText": null, "commentPreTextItems": null, "commentTextItems": [{"type": "HTML", "html": "132kph, back of a length cutter, it comes off the inside edge onto the back hip and rolls to gully"}], "commentPostTextItems": null, "commentVideos": [], "commentImages": [], "events": [], "over": null, "batsmanStatText": null, "bowlerStatText": null, "smartStats": []}, {"_uid": 35078766, "id": 35078766, "inningNumber": 2, "ballsActual": null, "ballsUnique": null, "oversUnique": 1.05, "oversActual": 1.5, "overNumber": 2, "ballNumber": 5, "totalRuns": 1, "batsmanRuns": 1, "isFour": false, "isSix": false, "isWicket": false, "dismissalType": null, "byes": 0, "legbyes": 0, "wides": 0, "noballs": 0, "penalties": 0, "wagonX": 238, "wagonY": 206, "wagonZone": 3, "pitchLine": "OUTSIDE_OFFSTUMP", "pitchLength": "GOOD_LENGTH", "shotType": "FLICK", "shotControl": 1, "timestamp": "2021-10-26T12:04:16.000Z", "modified": "2021-10-26T12:04:19.000Z", "batsmanPlayerId": 50416, "bowlerPlayerId": 45258, "outPlayerId": null, "totalInningRuns": 6, "totalInningWickets": 1, "predictions": {"score": 150, "winProbability": 59.9}, "title": "Rampaul to Hendricks", "dismissalText": null, "commentPreTextItems": null, "commentTextItems": [{"type": "HTML", "html": "back of a length, 135kph, he's back and turning this square of midwicket for one"}], "commentPostTextItems": [{"type": "HTML", "html": "Mustafa Moudi: \"Whats the need of those risky running in the very first over ?? the Target isnt that great that you cant afford a dot ball. These kind of targets are chased by saving wickets. Disappointing that Bavuma being the captain is committing such silly mistakes !!\""}], "commentVideos": [], "commentImages": [], "events": [], "over": null, "batsmanStatText": null, "bowlerStatText": null, "smartStats": []}, {"_uid": 35078767, "id": 35078767, "inningNumber": 2, "ballsActual": null, "ballsUnique": null, "oversUnique": 1.06, "oversActual": 1.6, "overNumber": 2, "ballNumber": 6, "totalRuns": 0, "batsmanRuns": 0, "isFour": false, "isSix": false, "isWicket": false, "dismissalType": null, "byes": 0, "legbyes": 0, "wides": 0, "noballs": 0, "penalties": 0, "wagonX": 139, "wagonY": 155, "wagonZone": 7, "pitchLine": "OUTSIDE_OFFSTUMP", "pitchLength": "SHORT_OF_A_GOOD_LENGTH", "shotType": "DEFENDED", "shotControl": 1, "timestamp": "2021-10-26T12:05:01.000Z", "modified": "2021-10-26T12:05:05.000Z", "batsmanPlayerId": 55398, "bowlerPlayerId": 45258, "outPlayerId": null, "totalInningRuns": 6, "totalInningWickets": 1, "predictions": {"score": 149, "winProbability": 58.71}, "title": "Rampaul to van der Dussen", "dismissalText": null, "commentPreTextItems": null, "commentTextItems": [{"type": "HTML", "html": "126kph, good length, fifth stump, he defends from the crease into the off side"}], "commentPostTextItems": null, "commentVideos": [], "commentImages": [], "events": [], "over": {"team": {"id": 3, "objectId": 3, "scribeId": 3, "slug": "south-africa", "name": "South Africa", "longName": "South Africa", "abbreviation": "SA", "unofficialName": "", "imageUrl": "/db/PICTURES/CMS/313100/313125.logo.png", "isCountry": true, "primaryColor": "#ace411", "image": {"id": 313125, "objectId": 1241584, "slug": "south-africa-logo", "url": "/db/PICTURES/CMS/313100/313125.logo.png", "width": 500, "height": 500, "caption": "South Africa logo", "longCaption": "South Africa logo", "credit": null, "photographer": null, "peerUrls": null}, "country": {"id": 3, "objectId": 3, "name": "South Africa", "shortName": "South Africa", "abbreviation": "SA", "slug": "south-africa"}}, "inningNumber": 2, "overNumber": 2, "overRuns": 2, "overWickets": 0, "totalRuns": 6, "totalWickets": 1, "target": 144, "overLimit": 20, "ballLimit": 120, "isMaiden": false, "isComplete": true, "isSuperOver": false, "overEndBatsmen": [{"player": {"id": 55398, "objectId": 337790, "name": "HE van der Dussen", "longName": "Rassie van der Dussen", "mobileName": "van der Dussen", "indexName": "van der Dussen, HE", "battingName": "HE van der Dussen", "fieldingName": "van der Dussen", "slug": "rassie-van-der-dussen", "imageUrl": "/db/PICTURES/CMS/317900/317946.jpg", "headshotImageUrl": "/db/PICTURES/CMS/322000/322070.png", "dateOfBirth": {"year": 1989, "month": 2, "date": 7}, "dateOfDeath": null, "gender": "M", "battingStyles": ["rhb"], "bowlingStyles": ["lb"], "longBattingStyles": ["right-hand bat"], "longBowlingStyles": ["legbreak"], "image": {"id": 317946, "objectId": 1254912, "slug": "rassie-van-der-dussen-portrait", "url": "/db/PICTURES/CMS/317900/317946.jpg", "width": 160, "height": 200, "caption": "Rassie van der Dussen portrait", "longCaption": "Rassie van der Dussen portrait, November 19, 2020", "credit": "Cricket South Africa", "photographer": null, "peerUrls": null}, "countryTeamId": 3, "playerRoleTypeIds": [2], "playingRoles": ["top-order batter"], "headshotImage": {"id": 322070, "objectId": 1264440, "slug": "rassie-van-der-dussen-player-page-headshot-cutout-2021", "url": "/db/PICTURES/CMS/322000/322070.png", "width": 600, "height": 436, "caption": "Rassie van der Dussen player page headshot cutout, 2021", "longCaption": "Rassie van der Dussen player page headshot cutout, 2021", "credit": null, "photographer": null, "peerUrls": {"FILM": null, "WIDE": null, "SQUARE": "/db/PICTURES/CMS/322000/322070.square.png"}}}, "runs": 1, "balls": 3, "fours": 0, "sixes": 0}, {"player": {"id": 50416, "objectId": 269280, "name": "RR Hendricks", "longName": "Reeza Hendricks", "mobileName": "Hendricks", "indexName": "Hendricks, RR", "battingName": "RR Hendricks", "fieldingName": "Hendricks", "slug": "reeza-hendricks", "imageUrl": "/db/PICTURES/CMS/317900/317945.jpg", "headshotImageUrl": "/db/PICTURES/CMS/322000/322071.png", "dateOfBirth": {"year": 1989, "month": 8, "date": 14}, "dateOfDeath": null, "gender": "M", "battingStyles": ["rhb"], "bowlingStyles": ["ob"], "longBattingStyles": ["right-hand bat"], "longBowlingStyles": ["right-arm offbreak"], "image": {"id": 317945, "objectId": 1254911, "slug": "reeza-hendricks-portrait", "url": "/db/PICTURES/CMS/317900/317945.jpg", "width": 160, "height": 200, "caption": "Reeza Hendricks portrait", "longCaption": "Reeza Hendricks portrait, November 19, 2020", "credit": "Cricket South Africa", "photographer": null, "peerUrls": null}, "countryTeamId": 3, "playerRoleTypeIds": [1], "playingRoles": ["opening batter"], "headshotImage": {"id": 322071, "objectId": 1264441, "slug": "reeza-hendricks-player-page-headshot-cutout-2021", "url": "/db/PICTURES/CMS/322000/322071.png", "width": 600, "height": 436, "caption": "Reeza Hendricks player page headshot cutout, 2021", "longCaption": "Reeza Hendricks player page headshot cutout, 2021", "credit": null, "photographer": null, "peerUrls": {"FILM": null, "WIDE": null, "SQUARE": "/db/PICTURES/CMS/322000/322071.square.png"}}}, "runs": 3, "balls": 6, "fours": 0, "sixes": 0}], "overEndBowlers": [{"player": {"id": 45258, "objectId": 52912, "name": "R Rampaul", "longName": "Ravi Rampaul", "mobileName": "Rampaul", "indexName": "Rampaul, R", "battingName": "R Rampaul", "fieldingName": "Rampaul", "slug": "ravi-rampaul", "imageUrl": "/db/PICTURES/CMS/203200/203291.1.jpg", "headshotImageUrl": "/db/PICTURES/CMS/320100/320111.png", "dateOfBirth": {"year": 1984, "month": 10, "date": 15}, "dateOfDeath": null, "gender": "M", "battingStyles": ["lhb"], "bowlingStyles": ["rfm"], "longBattingStyles": ["left-hand bat"], "longBowlingStyles": ["right-arm fast-medium"], "image": {"id": 203291, "objectId": 818693, "slug": "ravi-rampaul", "url": "/db/PICTURES/CMS/203200/203291.1.jpg", "width": 160, "height": 192, "caption": "Ravi Rampaul", "longCaption": "Ravi Rampaul", "credit": "Getty Images", "photographer": null, "peerUrls": null}, "countryTeamId": 4, "playerRoleTypeIds": [4], "playingRoles": ["bowler"], "headshotImage": {"id": 320111, "objectId": 1260566, "slug": "ravi-rampaul-player-page-headshot-cutout-2021", "url": "/db/PICTURES/CMS/320100/320111.png", "width": 600, "height": 436, "caption": "Ravi Rampaul player page headshot cutout, 2021", "longCaption": "Ravi Rampaul player page headshot cutout, 2021", "credit": null, "photographer": null, "peerUrls": {"FILM": null, "WIDE": null, "SQUARE": "/db/PICTURES/CMS/320100/320111.square.png"}}}, "overs": 1, "balls": 6, "maidens": 0, "conceded": 2, "wickets": 0, "currentType": 1}, {"player": {"id": 66259, "objectId": 530812, "name": "AJ Hosein", "longName": "Akeal Hosein", "mobileName": "Hosein", "indexName": "Hosein, AJ", "battingName": "AJ Hosein", "fieldingName": "Hosein", "slug": "akeal-hosein", "imageUrl": "/db/PICTURES/CMS/326100/326139.4.jpg", "headshotImageUrl": "/db/PICTURES/CMS/321900/321939.png", "dateOfBirth": {"year": 1993, "month": 4, "date": 25}, "dateOfDeath": null, "gender": "M", "battingStyles": ["lhb"], "bowlingStyles": ["sla"], "longBattingStyles": ["left-hand bat"], "longBowlingStyles": ["slow left-arm orthodox"], "image": {"id": 326139, "objectId": 1274398, "slug": "akeal-hosein-player-portrait", "url": "/db/PICTURES/CMS/326100/326139.4.jpg", "width": 160, "height": 292, "caption": "Akeal Hosein, player portrait", "longCaption": "Akeal Hosein, player portrait", "credit": "AFP/Getty Images", "photographer": "Randy Brooks", "peerUrls": null}, "countryTeamId": 4, "playerRoleTypeIds": [4], "playingRoles": ["bowler"], "headshotImage": {"id": 321939, "objectId": 1264222, "slug": "akeal-hosein-player-page-headshot-cutout-2021", "url": "/db/PICTURES/CMS/321900/321939.png", "width": 600, "height": 436, "caption": "Akeal Hosein player page headshot cutout, 2021", "longCaption": "Akeal Hosein player page headshot cutout, 2021", "credit": null, "photographer": null, "peerUrls": {"FILM": null, "WIDE": null, "SQUARE": "/db/PICTURES/CMS/321900/321939.square.png"}}}, "overs": 1, "balls": 6, "maidens": 0, "conceded": 4, "wickets": 0, "currentType": 2}], "rollover": null}, "batsmanStatText": null, "bowlerStatText": null, "smartStats": []}, {"_uid": 35078768, "id": 35078768, "inningNumber": 2, "ballsActual": null, "ballsUnique": null, "oversUnique": 2.01, "oversActual": 2.1, "overNumber": 3, "ballNumber": 1, "totalRuns": 6, "batsmanRuns": 6, "isFour": false, "isSix": true, "isWicket": false, "dismissalType": null, "byes": 0, "legbyes": 0, "wides": 0, "noballs": 0, "penalties": 0, "wagonX": 298, "wagonY": 328, "wagonZone": 4, "pitchLine": "ON_THE_STUMPS", "pitchLength": "GOOD_LENGTH", "shotType": "SLOG_SHOT", "shotControl": 1, "timestamp": "2021-10-26T12:06:00.000Z", "modified": "2021-10-26T12:06:04.000Z", "batsmanPlayerId": 50416, "bowlerPlayerId": 66259, "outPlayerId": null, "totalInningRuns": 12, "totalInningWickets": 1, "predictions": {"score": 153, "winProbability": 64.14}, "title": "Hosein to Hendricks", "dismissalText": null, "commentPreTextItems": [{"type": "HTML", "html": "Slip remains"}], "commentTextItems": [{"type": "HTML", "html": "<strong>tossed up and it disappears over wide long on!</strong> First one looped up from Hosein and it's a step hit for Hendricks who reaches out and lofts it high over wide long on"}], "commentPostTextItems": [{"type": "HTML", "html": "Hendricks reaches 1000 T20I runs with that blow"}], "commentVideos": [], "commentImages": [], "events": [], "over": null, "batsmanStatText": null, "bowlerStatText": null, "smartStats": []}, {"_uid": 35078769, "id": 35078769, "inningNumber": 2, "ballsActual": null, "ballsUnique": null, "oversUnique": 2.02, "oversActual": 2.2, "overNumber": 3, "ballNumber": 2, "totalRuns": 4, "batsmanRuns": 4, "isFour": true, "isSix": false, "isWicket": false, "dismissalType": null, "byes": 0, "legbyes": 0, "wides": 0, "noballs": 0, "penalties": 0, "wagonX": 332, "wagonY": 61, "wagonZone": 2, "pitchLine": "ON_THE_STUMPS", "pitchLength": "SHORT_OF_A_GOOD_LENGTH", "shotType": "PULL", "shotControl": 1, "timestamp": "2021-10-26T12:07:02.000Z", "modified": "2021-10-26T12:07:06.000Z", "batsmanPlayerId": 50416, "bowlerPlayerId": 66259, "outPlayerId": null, "totalInningRuns": 16, "totalInningWickets": 1, "predictions": {"score": 158, "winProbability": 68.97}, "title": "Hosein to Hendricks", "dismissalText": null, "commentPreTextItems": null, "commentTextItems": [{"type": "HTML", "html": "<strong>pulled behind square!</strong> Overcorrection gets taxed. He drags this down on leg, Hendricks is sitting back to swivel and slap it behind square. No one back there"}], "commentPostTextItems": null, "commentVideos": [], "commentImages": [], "events": [], "over": null, "batsmanStatText": null, "bowlerStatText": null, "smartStats": []}, {"_uid": 35078770, "id": 35078770, "inningNumber": 2, "ballsActual": null, "ballsUnique": null, "oversUnique": 2.03, "oversActual": 2.3, "overNumber": 3, "ballNumber": 3, "totalRuns": 1, "batsmanRuns": 1, "isFour": false, "isSix": false, "isWicket": false, "dismissalType": null, "byes": 0, "legbyes": 0, "wides": 0, "noballs": 0, "penalties": 0, "wagonX": 282, "wagonY": 241, "wagonZone": 3, "pitchLine": "ON_THE_STUMPS", "pitchLength": "GOOD_LENGTH", "shotType": "FLICK", "shotControl": 1, "timestamp": "2021-10-26T12:08:13.000Z", "modified": "2021-10-26T12:08:17.000Z", "batsmanPlayerId": 50416, "bowlerPlayerId": 66259, "outPlayerId": null, "totalInningRuns": 17, "totalInningWickets": 1, "predictions": {"score": 159, "winProbability": 69.81}, "title": "Hosein to Hendricks", "dismissalText": null, "commentPreTextItems": null, "commentTextItems": [{"type": "HTML", "html": "darted into middle and leg, he clips with the angle to wide mid on"}], "commentPostTextItems": null, "commentVideos": [], "commentImages": [], "events": [], "over": null, "batsmanStatText": null, "bowlerStatText": null, "smartStats": []}, {"_uid": 35078771, "id": 35078771, "inningNumber": 2, "ballsActual": null, "ballsUnique": null, "oversUnique": 2.04, "oversActual": 2.4, "overNumber": 3, "ballNumber": 4, "totalRuns": 0, "batsmanRuns": 0, "isFour": false, "isSix": false, "isWicket": false, "dismissalType": null, "byes": 0, "legbyes": 0, "wides": 0, "noballs": 0, "penalties": 0, "wagonX": 226, "wagonY": 192, "wagonZone": 3, "pitchLine": "OUTSIDE_OFFSTUMP", "pitchLength": "SHORT_OF_A_GOOD_LENGTH", "shotType": "FLICK", "shotControl": 2, "timestamp": "2021-10-26T12:09:03.000Z", "modified": "2021-10-26T12:09:07.000Z", "batsmanPlayerId": 55398, "bowlerPlayerId": 66259, "outPlayerId": null, "totalInningRuns": 17, "totalInningWickets": 1, "predictions": {"score": 158, "winProbability": 68.98}, "title": "Hosein to van der Dussen", "dismissalText": null, "commentPreTextItems": [{"type": "HTML", "html": "Deep square and long on for Rassie"}], "commentTextItems": [{"type": "HTML", "html": "chipped just short of Pollard at midwicket! Good effort. Slight leading edge trying to work square and it just lands short"}], "commentPostTextItems": null, "commentVideos": [], "commentImages": [], "events": [], "over": null, "batsmanStatText": null, "bowlerStatText": null, "smartStats": []}, {"_uid": 35078772, "id": 35078772, "inningNumber": 2, "ballsActual": null, "ballsUnique": null, "oversUnique": 2.05, "oversActual": 2.5, "overNumber": 3, "ballNumber": 5, "totalRuns": 0, "batsmanRuns": 0, "isFour": false, "isSix": false, "isWicket": false, "dismissalType": null, "byes": 0, "legbyes": 0, "wides": 0, "noballs": 0, "penalties": 0, "wagonX": 235, "wagonY": 195, "wagonZone": 3, "pitchLine": "OUTSIDE_OFFSTUMP", "pitchLength": "SHORT_OF_A_GOOD_LENGTH", "shotType": "FLICK", "shotControl": 1, "timestamp": "2021-10-26T12:09:33.000Z", "modified": "2021-10-26T12:09:36.000Z", "batsmanPlayerId": 55398, "bowlerPlayerId": 66259, "outPlayerId": null, "totalInningRuns": 17, "totalInningWickets": 1, "predictions": {"score": 157, "winProbability": 68.11}, "title": "Hosein to van der Dussen", "dismissalText": null, "commentPreTextItems": null, "commentTextItems": [{"type": "HTML", "html": "back of a length on leg, he defends this to Pollard this time"}], "commentPostTextItems": null, "commentVideos": [], "commentImages": [], "events": [], "over": null, "batsmanStatText": null, "bowlerStatText": null, "smartStats": []}, {"_uid": 35078773, "id": 35078773, "inningNumber": 2, "ballsActual": null, "ballsUnique": null, "oversUnique": 2.06, "oversActual": 2.6, "overNumber": 3, "ballNumber": 6, "totalRuns": 0, "batsmanRuns": 0, "isFour": false, "isSix": false, "isWicket": false, "dismissalType": null, "byes": 0, "legbyes": 0, "wides": 0, "noballs": 0, "penalties": 0, "wagonX": 217, "wagonY": 197, "wagonZone": 3, "pitchLine": "OUTSIDE_OFFSTUMP", "pitchLength": "SHORT_OF_A_GOOD_LENGTH", "shotType": "FLICK", "shotControl": 1, "timestamp": "2021-10-26T12:09:54.000Z", "modified": "2021-10-26T12:09:57.000Z", "batsmanPlayerId": 55398, "bowlerPlayerId": 66259, "outPlayerId": null, "totalInningRuns": 17, "totalInningWickets": 1, "predictions": {"score": 155, "winProbability": 66.57}, "title": "Hosein to van der Dussen", "dismissalText": null, "commentPreTextItems": null, "commentTextItems": [{"type": "HTML", "html": "fired into leg, he's back and defending again"}], "commentPostTextItems": null, "commentVideos": [], "commentImages": [], "events": [], "over": {"team": {"id": 3, "objectId": 3, "scribeId": 3, "slug": "south-africa", "name": "South Africa", "longName": "South Africa", "abbreviation": "SA", "unofficialName": "", "imageUrl": "/db/PICTURES/CMS/313100/313125.logo.png", "isCountry": true, "primaryColor": "#ace411", "image": {"id": 313125, "objectId": 1241584, "slug": "south-africa-logo", "url": "/db/PICTURES/CMS/313100/313125.logo.png", "width": 500, "height": 500, "caption": "South Africa logo", "longCaption": "South Africa logo", "credit": null, "photographer": null, "peerUrls": null}, "country": {"id": 3, "objectId": 3, "name": "South Africa", "shortName": "South Africa", "abbreviation": "SA", "slug": "south-africa"}}, "inningNumber": 2, "overNumber": 3, "overRuns": 11, "overWickets": 0, "totalRuns": 17, "totalWickets": 1, "target": 144, "overLimit": 20, "ballLimit": 120, "isMaiden": false, "isComplete": true, "isSuperOver": false, "overEndBatsmen": [{"player": {"id": 55398, "objectId": 337790, "name": "HE van der Dussen", "longName": "Rassie van der Dussen", "mobileName": "van der Dussen", "indexName": "van der Dussen, HE", "battingName": "HE van der Dussen", "fieldingName": "van der Dussen", "slug": "rassie-van-der-dussen", "imageUrl": "/db/PICTURES/CMS/317900/317946.jpg", "headshotImageUrl": "/db/PICTURES/CMS/322000/322070.png", "dateOfBirth": {"year": 1989, "month": 2, "date": 7}, "dateOfDeath": null, "gender": "M", "battingStyles": ["rhb"], "bowlingStyles": ["lb"], "longBattingStyles": ["right-hand bat"], "longBowlingStyles": ["legbreak"], "image": {"id": 317946, "objectId": 1254912, "slug": "rassie-van-der-dussen-portrait", "url": "/db/PICTURES/CMS/317900/317946.jpg", "width": 160, "height": 200, "caption": "Rassie van der Dussen portrait", "longCaption": "Rassie van der Dussen portrait, November 19, 2020", "credit": "Cricket South Africa", "photographer": null, "peerUrls": null}, "countryTeamId": 3, "playerRoleTypeIds": [2], "playingRoles": ["top-order batter"], "headshotImage": {"id": 322070, "objectId": 1264440, "slug": "rassie-van-der-dussen-player-page-headshot-cutout-2021", "url": "/db/PICTURES/CMS/322000/322070.png", "width": 600, "height": 436, "caption": "Rassie van der Dussen player page headshot cutout, 2021", "longCaption": "Rassie van der Dussen player page headshot cutout, 2021", "credit": null, "photographer": null, "peerUrls": {"FILM": null, "WIDE": null, "SQUARE": "/db/PICTURES/CMS/322000/322070.square.png"}}}, "runs": 1, "balls": 6, "fours": 0, "sixes": 0}, {"player": {"id": 50416, "objectId": 269280, "name": "RR Hendricks", "longName": "Reeza Hendricks", "mobileName": "Hendricks", "indexName": "Hendricks, RR", "battingName": "RR Hendricks", "fieldingName": "Hendricks", "slug": "reeza-hendricks", "imageUrl": "/db/PICTURES/CMS/317900/317945.jpg", "headshotImageUrl": "/db/PICTURES/CMS/322000/322071.png", "dateOfBirth": {"year": 1989, "month": 8, "date": 14}, "dateOfDeath": null, "gender": "M", "battingStyles": ["rhb"], "bowlingStyles": ["ob"], "longBattingStyles": ["right-hand bat"], "longBowlingStyles": ["right-arm offbreak"], "image": {"id": 317945, "objectId": 1254911, "slug": "reeza-hendricks-portrait", "url": "/db/PICTURES/CMS/317900/317945.jpg", "width": 160, "height": 200, "caption": "Reeza Hendricks portrait", "longCaption": "Reeza Hendricks portrait, November 19, 2020", "credit": "Cricket South Africa", "photographer": null, "peerUrls": null}, "countryTeamId": 3, "playerRoleTypeIds": [1], "playingRoles": ["opening batter"], "headshotImage": {"id": 322071, "objectId": 1264441, "slug": "reeza-hendricks-player-page-headshot-cutout-2021", "url": "/db/PICTURES/CMS/322000/322071.png", "width": 600, "height": 436, "caption": "Reeza Hendricks player page headshot cutout, 2021", "longCaption": "Reeza Hendricks player page headshot cutout, 2021", "credit": null, "photographer": null, "peerUrls": {"FILM": null, "WIDE": null, "SQUARE": "/db/PICTURES/CMS/322000/322071.square.png"}}}, "runs": 14, "balls": 9, "fours": 1, "sixes": 1}], "overEndBowlers": [{"player": {"id": 66259, "objectId": 530812, "name": "AJ Hosein", "longName": "Akeal Hosein", "mobileName": "Hosein", "indexName": "Hosein, AJ", "battingName": "AJ Hosein", "fieldingName": "Hosein", "slug": "akeal-hosein", "imageUrl": "/db/PICTURES/CMS/326100/326139.4.jpg", "headshotImageUrl": "/db/PICTURES/CMS/321900/321939.png", "dateOfBirth": {"year": 1993, "month": 4, "date": 25}, "dateOfDeath": null, "gender": "M", "battingStyles": ["lhb"], "bowlingStyles": ["sla"], "longBattingStyles": ["left-hand bat"], "longBowlingStyles": ["slow left-arm orthodox"], "image": {"id": 326139, "objectId": 1274398, "slug": "akeal-hosein-player-portrait", "url": "/db/PICTURES/CMS/326100/326139.4.jpg", "width": 160, "height": 292, "caption": "Akeal Hosein, player portrait", "longCaption": "Akeal Hosein, player portrait", "credit": "AFP/Getty Images", "photographer": "Randy Brooks", "peerUrls": null}, "countryTeamId": 4, "playerRoleTypeIds": [4], "playingRoles": ["bowler"], "headshotImage": {"id": 321939, "objectId": 1264222, "slug": "akeal-hosein-player-page-headshot-cutout-2021", "url": "/db/PICTURES/CMS/321900/321939.png", "width": 600, "height": 436, "caption": "Akeal Hosein player page headshot cutout, 2021", "longCaption": "Akeal Hosein player page headshot cutout, 2021", "credit": null, "photographer": null, "peerUrls": {"FILM": null, "WIDE": null, "SQUARE": "/db/PICTURES/CMS/321900/321939.square.png"}}}, "overs": 2, "balls": 12, "maidens": 0, "conceded": 15, "wickets": 0, "currentType": 1}, {"player": {"id": 45258, "objectId": 52912, "name": "R Rampaul", "longName": "Ravi Rampaul", "mobileName": "Rampaul", "indexName": "Rampaul, R", "battingName": "R Rampaul", "fieldingName": "Rampaul", "slug": "ravi-rampaul", "imageUrl": "/db/PICTURES/CMS/203200/203291.1.jpg", "headshotImageUrl": "/db/PICTURES/CMS/320100/320111.png", "dateOfBirth": {"year": 1984, "month": 10, "date": 15}, "dateOfDeath": null, "gender": "M", "battingStyles": ["lhb"], "bowlingStyles": ["rfm"], "longBattingStyles": ["left-hand bat"], "longBowlingStyles": ["right-arm fast-medium"], "image": {"id": 203291, "objectId": 818693, "slug": "ravi-rampaul", "url": "/db/PICTURES/CMS/203200/203291.1.jpg", "width": 160, "height": 192, "caption": "Ravi Rampaul", "longCaption": "Ravi Rampaul", "credit": "Getty Images", "photographer": null, "peerUrls": null}, "countryTeamId": 4, "playerRoleTypeIds": [4], "playingRoles": ["bowler"], "headshotImage": {"id": 320111, "objectId": 1260566, "slug": "ravi-rampaul-player-page-headshot-cutout-2021", "url": "/db/PICTURES/CMS/320100/320111.png", "width": 600, "height": 436, "caption": "Ravi Rampaul player page headshot cutout, 2021", "longCaption": "Ravi Rampaul player page headshot cutout, 2021", "credit": null, "photographer": null, "peerUrls": {"FILM": null, "WIDE": null, "SQUARE": "/db/PICTURES/CMS/320100/320111.square.png"}}}, "overs": 1, "balls": 6, "maidens": 0, "conceded": 2, "wickets": 0, "currentType": 2}], "rollover": null}, "batsmanStatText": null, "bowlerStatText": null, "smartStats": []}]