[{"_uid": 35065222, "id": 35065222, "inningNumber": 2, "ballsActual": null, "ballsUnique": null, "oversUnique": 13.01, "oversActual": 13.1, "overNumber": 14, "ballNumber": 1, "totalRuns": 4, "batsmanRuns": 4, "isFour": true, "isSix": false, "isWicket": false, "dismissalType": null, "byes": 0, "legbyes": 0, "wides": 0, "noballs": 0, "penalties": 0, "wagonX": 17, "wagonY": 119, "wagonZone": 7, "pitchLine": "OUTSIDE_OFFSTUMP", "pitchLength": "FULL", "shotType": null, "shotControl": 1, "timestamp": "2021-10-23T12:52:41.000Z", "modified": "2021-10-23T12:52:45.000Z", "batsmanPlayerId": 54222, "bowlerPlayerId": 58408, "outPlayerId": null, "totalInningRuns": 72, "totalInningWickets": 3, "predictions": {"score": 133, "winProbability": 88.95}, "title": "Shamsi to Maxwell", "dismissalText": null, "commentPreTextItems": [{"type": "HTML", "html": "Will you choose pace or spin to wow our experts with a magic delivery? Record your #BestBallEver and post your reels on Instagram. If it's awesome, it will get featured on ESPNcricinfo's Instagram handle. Here's <a href=\"https://www.instagram.com/reel/CVXcNZrgSi6/\" target=\"_blank\">some inspiration</a>."}], "commentTextItems": [{"type": "HTML", "html": "<b>swatted over backward point!</b> Puts pressure on Shamsi straight away and they can get this over out of the way without risks now. Good length and at off stump, gets low, gets his right leg well into the off side to create room and reverses this"}], "commentPostTextItems": null, "commentVideos": [], "commentImages": [], "events": [], "over": null, "batsmanStatText": null, "bowlerStatText": null, "smartStats": []}, {"_uid": 35065223, "id": 35065223, "inningNumber": 2, "ballsActual": null, "ballsUnique": null, "oversUnique": 13.02, "oversActual": 13.2, "overNumber": 14, "ballNumber": 2, "totalRuns": 1, "batsmanRuns": 1, "isFour": false, "isSix": false, "isWicket": false, "dismissalType": null, "byes": 0, "legbyes": 0, "wides": 0, "noballs": 0, "penalties": 0, "wagonX": 147, "wagonY": 315, "wagonZone": 5, "pitchLine": "ON_THE_STUMPS", "pitchLength": "FULL", "shotType": "ON_DRIVE", "shotControl": 1, "timestamp": "2021-10-23T12:53:21.000Z", "modified": "2021-10-23T12:53:24.000Z", "batsmanPlayerId": 54222, "bowlerPlayerId": 58408, "outPlayerId": null, "totalInningRuns": 73, "totalInningWickets": 3, "predictions": {"score": 134, "winProbability": 89.95}, "title": "Shamsi to Maxwell", "dismissalText": null, "commentPreTextItems": null, "commentTextItems": [{"type": "HTML", "html": "tossed up at off stump, driven past the non-striker to long-off"}], "commentPostTextItems": null, "commentVideos": [], "commentImages": [], "events": [], "over": null, "batsmanStatText": null, "bowlerStatText": null, "smartStats": []}, {"_uid": 35065224, "id": 35065224, "inningNumber": 2, "ballsActual": null, "ballsUnique": null, "oversUnique": 13.03, "oversActual": 13.3, "overNumber": 14, "ballNumber": 3, "totalRuns": 0, "batsmanRuns": 0, "isFour": false, "isSix": false, "isWicket": false, "dismissalType": null, "byes": 0, "legbyes": 0, "wides": 0, "noballs": 0, "penalties": 0, "wagonX": 208, "wagonY": 197, "wagonZone": 4, "pitchLine": "ON_THE_STUMPS", "pitchLength": "GOOD_LENGTH", "shotType": "DEFENDED", "shotControl": 1, "timestamp": "2021-10-23T12:53:54.000Z", "modified": "2021-10-23T12:53:57.000Z", "batsmanPlayerId": 50281, "bowlerPlayerId": 58408, "outPlayerId": null, "totalInningRuns": 73, "totalInningWickets": 3, "predictions": {"score": 133, "winProbability": 89.2}, "title": "Shamsi to Smith", "dismissalText": null, "commentPreTextItems": [{"type": "HTML", "html": "Ashish: \"Smith is going to be a permanent fixture in this Aus eleven. The pitches here are not all slam bang go tyoes, his style of batting will get plenty of value.\""}], "commentTextItems": [{"type": "HTML", "html": "good length and flat at off stump, flicked to midwicket off the front foot"}], "commentPostTextItems": null, "commentVideos": [], "commentImages": [], "events": [], "over": null, "batsmanStatText": null, "bowlerStatText": null, "smartStats": []}, {"_uid": 35065225, "id": 35065225, "inningNumber": 2, "ballsActual": null, "ballsUnique": null, "oversUnique": 13.04, "oversActual": 13.4, "overNumber": 14, "ballNumber": 4, "totalRuns": 1, "batsmanRuns": 1, "isFour": false, "isSix": false, "isWicket": false, "dismissalType": null, "byes": 0, "legbyes": 0, "wides": 0, "noballs": 0, "penalties": 0, "wagonX": 142, "wagonY": 345, "wagonZone": 5, "pitchLine": "OUTSIDE_OFFSTUMP", "pitchLength": "FULL", "shotType": "ON_DRIVE", "shotControl": 1, "timestamp": "2021-10-23T12:54:18.000Z", "modified": "2021-10-23T12:54:21.000Z", "batsmanPlayerId": 50281, "bowlerPlayerId": 58408, "outPlayerId": null, "totalInningRuns": 74, "totalInningWickets": 3, "predictions": {"score": 132, "winProbability": 88.91}, "title": "Shamsi to Smith", "dismissalText": null, "commentPreTextItems": null, "commentTextItems": [{"type": "HTML", "html": "tossed up outside off, leans in and drills this past Maxwell's head, long-off cleans up"}], "commentPostTextItems": null, "commentVideos": [], "commentImages": [], "events": [], "over": null, "batsmanStatText": null, "bowlerStatText": null, "smartStats": []}, {"_uid": 35065226, "id": 35065226, "inningNumber": 2, "ballsActual": null, "ballsUnique": null, "oversUnique": 13.05, "oversActual": 13.5, "overNumber": 14, "ballNumber": 5, "totalRuns": 1, "batsmanRuns": 1, "isFour": false, "isSix": false, "isWicket": false, "dismissalType": null, "byes": 0, "legbyes": 0, "wides": 0, "noballs": 0, "penalties": 0, "wagonX": 47, "wagonY": 118, "wagonZone": 7, "pitchLine": "ON_THE_STUMPS", "pitchLength": "GOOD_LENGTH", "shotType": null, "shotControl": 1, "timestamp": "2021-10-23T12:54:56.000Z", "modified": "2021-10-23T12:55:00.000Z", "batsmanPlayerId": 54222, "bowlerPlayerId": 58408, "outPlayerId": null, "totalInningRuns": 75, "totalInningWickets": 3, "predictions": {"score": 132, "winProbability": 89.29}, "title": "Shamsi to Maxwell", "dismissalText": null, "commentPreTextItems": null, "commentTextItems": [{"type": "HTML", "html": "good length at middle stump, gets another reverse hoick out, but along the ground to deep backward point"}], "commentPostTextItems": null, "commentVideos": [], "commentImages": [], "events": [], "over": null, "batsmanStatText": null, "bowlerStatText": null, "smartStats": []}, {"_uid": 35065228, "id": 35065228, "inningNumber": 2, "ballsActual": null, "ballsUnique": null, "oversUnique": 13.06, "oversActual": 13.6, "overNumber": 14, "ballNumber": 6, "totalRuns": 0, "batsmanRuns": 0, "isFour": false, "isSix": false, "isWicket": false, "dismissalType": null, "byes": 0, "legbyes": 0, "wides": 0, "noballs": 0, "penalties": 0, "wagonX": 127, "wagonY": 145, "wagonZone": 7, "pitchLine": "OUTSIDE_OFFSTUMP", "pitchLength": "FULL", "shotType": "STEERED", "shotControl": 1, "timestamp": "2021-10-23T12:55:21.000Z", "modified": "2021-10-23T12:55:25.000Z", "batsmanPlayerId": 50281, "bowlerPlayerId": 58408, "outPlayerId": null, "totalInningRuns": 75, "totalInningWickets": 3, "predictions": {"score": 130, "winProbability": 87.3}, "title": "Shamsi to Smith", "dismissalText": null, "commentPreTextItems": null, "commentTextItems": [{"type": "HTML", "html": "short of a length and across off stump, backs away and slices straight to backward point"}], "commentPostTextItems": [{"type": "HTML", "html": "Nortje now."}], "commentVideos": [], "commentImages": [], "events": [], "over": {"team": {"id": 2, "objectId": 2, "scribeId": 2, "slug": "australia", "name": "Australia", "longName": "Australia", "abbreviation": "AUS", "unofficialName": "", "imageUrl": "/db/PICTURES/CMS/340400/340493.png", "isCountry": true, "primaryColor": "#f3f702", "image": {"id": 340493, "objectId": 1318684, "slug": "australia-team-flag-latest", "url": "/db/PICTURES/CMS/340400/340493.png", "width": 500, "height": 500, "caption": "Australia team flag-latest", "longCaption": "Australia team flag-latest", "credit": "Getty Images", "photographer": null, "peerUrls": null}, "country": {"id": 2, "objectId": 2, "name": "Australia", "shortName": "Australia", "abbreviation": "AUS", "slug": "australia"}}, "inningNumber": 2, "overNumber": 14, "overRuns": 7, "overWickets": 0, "totalRuns": 75, "totalWickets": 3, "target": 119, "overLimit": 20, "ballLimit": 120, "isMaiden": false, "isComplete": true, "isSuperOver": false, "overEndBatsmen": [{"player": {"id": 50281, "objectId": 267192, "name": "SPD Smith", "longName": "Steven Smith", "mobileName": "Smith", "indexName": "Smith, SPD", "battingName": "SPD Smith", "fieldingName": "Smith", "slug": "steven-smith", "imageUrl": "/db/PICTURES/CMS/309500/309571.1.jpg", "headshotImageUrl": "/db/PICTURES/CMS/316600/316609.png", "dateOfBirth": {"year": 1989, "month": 6, "date": 2}, "dateOfDeath": null, "gender": "M", "battingStyles": ["rhb"], "bowlingStyles": ["lbg"], "longBattingStyles": ["right-hand bat"], "longBowlingStyles": ["legbreak googly"], "image": {"id": 309571, "objectId": 1233596, "slug": "steven-smith-player-portrait", "url": "/db/PICTURES/CMS/309500/309571.1.jpg", "width": 160, "height": 198, "caption": "Steven Smith player portrait", "longCaption": "Steven Smith player portrait", "credit": "Getty Images", "photographer": null, "peerUrls": null}, "countryTeamId": 2, "playerRoleTypeIds": [2], "playingRoles": ["top-order batter"], "headshotImage": {"id": 316609, "objectId": 1251241, "slug": "spd-smith-headshot", "url": "/db/PICTURES/CMS/316600/316609.png", "width": 600, "height": 436, "caption": "SPD Smith headshot", "longCaption": "SPD Smith headshot", "credit": null, "photographer": null, "peerUrls": {"FILM": null, "WIDE": null, "SQUARE": null}}}, "runs": 31, "balls": 30, "fours": 2, "sixes": 0}, {"player": {"id": 54222, "objectId": 325026, "name": "GJ Maxwell", "longName": "Glenn Maxwell", "mobileName": "Maxwell", "indexName": "Maxwell, GJ", "battingName": "GJ Maxwell", "fieldingName": "Maxwell", "slug": "glenn-maxwell", "imageUrl": "/db/PICTURES/CMS/263500/263539.1.jpg", "headshotImageUrl": "/db/PICTURES/CMS/316600/316657.png", "dateOfBirth": {"year": 1988, "month": 10, "date": 14}, "dateOfDeath": null, "gender": "M", "battingStyles": ["rhb"], "bowlingStyles": ["ob"], "longBattingStyles": ["right-hand bat"], "longBowlingStyles": ["right-arm offbreak"], "image": {"id": 263539, "objectId": 1099529, "slug": "glenn-maxwell", "url": "/db/PICTURES/CMS/263500/263539.1.jpg", "width": 160, "height": 200, "caption": "Glenn Maxwell", "longCaption": "Glenn Maxwell", "credit": "Getty Images", "photographer": null, "peerUrls": null}, "countryTeamId": 2, "playerRoleTypeIds": [10], "playingRoles": ["batting allrounder"], "headshotImage": {"id": 316657, "objectId": 1251290, "slug": "gj-maxwell-headshot", "url": "/db/PICTURES/CMS/316600/316657.png", "width": 600, "height": 436, "caption": "GJ Maxwell headshot", "longCaption": "GJ Maxwell headshot", "credit": null, "photographer": null, "peerUrls": {"FILM": null, "WIDE": null, "SQUARE": null}}}, "runs": 17, "balls": 17, "fours": 1, "sixes": 0}], "overEndBowlers": [{"player": {"id": 58408, "objectId": 379145, "name": "T Shamsi", "longName": "Tabraiz Shamsi", "mobileName": "Shamsi", "indexName": "Shamsi, T", "battingName": "T Shamsi", "fieldingName": "Shamsi", "slug": "tabraiz-shamsi", "imageUrl": "/db/PICTURES/CMS/317900/317943.jpg", "headshotImageUrl": "/db/PICTURES/CMS/322000/322068.png", "dateOfBirth": {"year": 1990, "month": 2, "date": 18}, "dateOfDeath": null, "gender": "M", "battingStyles": ["rhb"], "bowlingStyles": ["lws"], "longBattingStyles": ["right-hand bat"], "longBowlingStyles": ["left-arm wrist-spin"], "image": {"id": 317943, "objectId": 1254909, "slug": "tabraiz-shamsi-portrait", "url": "/db/PICTURES/CMS/317900/317943.jpg", "width": 160, "height": 200, "caption": "Tabraiz Shamsi portrait", "longCaption": "Tabraiz Shamsi portrait, November 19, 2020", "credit": "Cricket South Africa", "photographer": null, "peerUrls": null}, "countryTeamId": 3, "playerRoleTypeIds": [4], "playingRoles": ["bowler"], "headshotImage": {"id": 322068, "objectId": 1264437, "slug": "tabraiz-shamsi-player-page-headshot-cutout-2021", "url": "/db/PICTURES/CMS/322000/322068.png", "width": 600, "height": 436, "caption": "Tabraiz Shamsi player page headshot cutout, 2021", "longCaption": "Tabraiz Shamsi player page headshot cutout, 2021", "credit": null, "photographer": null, "peerUrls": {"FILM": null, "WIDE": null, "SQUARE": "/db/PICTURES/CMS/322000/322068.square.png"}}}, "overs": 3, "balls": 18, "maidens": 0, "conceded": 20, "wickets": 0, "currentType": 1}, {"player": {"id": 50309, "objectId": 267724, "name": "KA Maharaj", "longName": "Keshav Maharaj", "mobileName": "Maharaj", "indexName": "Maharaj, KA", "battingName": "KA Maharaj", "fieldingName": "Maharaj", "slug": "keshav-maharaj", "imageUrl": "/db/PICTURES/CMS/317900/317953.jpg", "headshotImageUrl": "/db/PICTURES/CMS/322000/322072.png", "dateOfBirth": {"year": 1990, "month": 2, "date": 7}, "dateOfDeath": null, "gender": "M", "battingStyles": ["rhb"], "bowlingStyles": ["sla"], "longBattingStyles": ["right-hand bat"], "longBowlingStyles": ["slow left-arm orthodox"], "image": {"id": 317953, "objectId": 1254921, "slug": "keshav-maharaj-portrait", "url": "/db/PICTURES/CMS/317900/317953.jpg", "width": 160, "height": 200, "caption": "Keshav Maharaj portrait", "longCaption": "Keshav Maharaj portrait, November 19, 2020", "credit": "Cricket South Africa", "photographer": null, "peerUrls": null}, "countryTeamId": 3, "playerRoleTypeIds": [4], "playingRoles": ["bowler"], "headshotImage": {"id": 322072, "objectId": 1264443, "slug": "keshav-maharaj-player-page-headshot-cutout-2021", "url": "/db/PICTURES/CMS/322000/322072.png", "width": 600, "height": 436, "caption": "Keshav Maharaj player page headshot cutout, 2021", "longCaption": "Keshav Maharaj player page headshot cutout, 2021", "credit": null, "photographer": null, "peerUrls": {"FILM": null, "WIDE": null, "SQUARE": "/db/PICTURES/CMS/322000/322072.square.png"}}}, "overs": 4, "balls": 24, "maidens": 0, "conceded": 23, "wickets": 1, "currentType": 2}], "rollover": null}, "batsmanStatText": null, "bowlerStatText": null, "smartStats": []}, {"_uid": 35065229, "id": 35065229, "inningNumber": 2, "ballsActual": null, "ballsUnique": null, "oversUnique": 14.01, "oversActual": 14.1, "overNumber": 15, "ballNumber": 1, "totalRuns": 1, "batsmanRuns": 0, "isFour": false, "isSix": false, "isWicket": false, "dismissalType": null, "byes": 0, "legbyes": 1, "wides": 0, "noballs": 0, "penalties": 0, "wagonX": 0, "wagonY": 0, "wagonZone": 0, "pitchLine": "ON_THE_STUMPS", "pitchLength": "SHORT_OF_A_GOOD_LENGTH", "shotType": "FLICK", "shotControl": 2, "timestamp": "2021-10-23T12:57:01.000Z", "modified": "2021-10-23T12:57:06.000Z", "batsmanPlayerId": 54222, "bowlerPlayerId": 63651, "outPlayerId": null, "totalInningRuns": 76, "totalInningWickets": 3, "predictions": {"score": 130, "winProbability": 87.77}, "title": "Nortje to Maxwell", "dismissalText": null, "commentPreTextItems": null, "commentTextItems": [{"type": "HTML", "html": "short of a length and into the pads, looks to swipe that with the angle and gets it off the thigh guard"}], "commentPostTextItems": null, "commentVideos": [], "commentImages": [], "events": [], "over": null, "batsmanStatText": null, "bowlerStatText": null, "smartStats": []}, {"_uid": 35065230, "id": 35065230, "inningNumber": 2, "ballsActual": null, "ballsUnique": null, "oversUnique": 14.02, "oversActual": 14.2, "overNumber": 15, "ballNumber": 2, "totalRuns": 0, "batsmanRuns": 0, "isFour": false, "isSix": false, "isWicket": false, "dismissalType": null, "byes": 0, "legbyes": 0, "wides": 0, "noballs": 0, "penalties": 0, "wagonX": 121, "wagonY": 158, "wagonZone": 7, "pitchLine": "OUTSIDE_OFFSTUMP", "pitchLength": "GOOD_LENGTH", "shotType": "SQUARE_DRIVE", "shotControl": 1, "timestamp": "2021-10-23T12:57:26.000Z", "modified": "2021-10-23T12:57:29.000Z", "batsmanPlayerId": 50281, "bowlerPlayerId": 63651, "outPlayerId": null, "totalInningRuns": 76, "totalInningWickets": 3, "predictions": {"score": 128, "winProbability": 85.67}, "title": "Nortje to Smith", "dismissalText": null, "commentPreTextItems": null, "commentTextItems": [{"type": "HTML", "html": "good length and outside off, 141kph. Comes on nicely as Smith crouches into a flowing square drive. Straight to point"}], "commentPostTextItems": null, "commentVideos": [], "commentImages": [], "events": [], "over": null, "batsmanStatText": null, "bowlerStatText": null, "smartStats": []}, {"_uid": 35065231, "id": 35065231, "inningNumber": 2, "ballsActual": null, "ballsUnique": null, "oversUnique": 14.03, "oversActual": 14.3, "overNumber": 15, "ballNumber": 3, "totalRuns": 0, "batsmanRuns": 0, "isFour": false, "isSix": false, "isWicket": false, "dismissalType": null, "byes": 0, "legbyes": 0, "wides": 0, "noballs": 0, "penalties": 0, "wagonX": 0, "wagonY": 0, "wagonZone": 0, "pitchLine": "OUTSIDE_OFFSTUMP", "pitchLength": "SHORT_OF_A_GOOD_LENGTH", "shotType": "FLICK", "shotControl": 2, "timestamp": "2021-10-23T12:58:19.000Z", "modified": "2021-10-23T12:58:30.000Z", "batsmanPlayerId": 50281, "bowlerPlayerId": 63651, "outPlayerId": null, "totalInningRuns": 76, "totalInningWickets": 3, "predictions": {"score": 126, "winProbability": 82.99}, "title": "Nortje to Smith", "dismissalText": null, "commentPreTextItems": null, "commentTextItems": [{"type": "HTML", "html": "<b>shout for lbw</b> and a good one, I thought. South Africa won't review it. Good length and slanted into off stump, he shuffles to flick and is caught in front. But on the thigh guard, so possibly going over"}], "commentPostTextItems": null, "commentVideos": [], "commentImages": [], "events": [], "over": null, "batsmanStatText": null, "bowlerStatText": null, "smartStats": []}, {"_uid": 35065232, "id": 35065232, "inningNumber": 2, "ballsActual": null, "ballsUnique": null, "oversUnique": 14.04, "oversActual": 14.4, "overNumber": 15, "ballNumber": 4, "totalRuns": 4, "batsmanRuns": 4, "isFour": true, "isSix": false, "isWicket": false, "dismissalType": null, "byes": 0, "legbyes": 0, "wides": 0, "noballs": 0, "penalties": 0, "wagonX": 338, "wagonY": 296, "wagonZone": 3, "pitchLine": "OUTSIDE_OFFSTUMP", "pitchLength": "SHORT", "shotType": "PULL", "shotControl": 1, "timestamp": "2021-10-23T12:58:50.000Z", "modified": "2021-10-23T12:58:54.000Z", "batsmanPlayerId": 50281, "bowlerPlayerId": 63651, "outPlayerId": null, "totalInningRuns": 80, "totalInningWickets": 3, "predictions": {"score": 129, "winProbability": 88.85}, "title": "Nortje to Smith", "dismissalText": null, "commentPreTextItems": null, "commentTextItems": [{"type": "HTML", "html": "swung away over midwicket. Marginally short outside off, shuffles and pulls it - a bit off the inside half - and gets it over the only fielder in that region"}], "commentPostTextItems": null, "commentVideos": [], "commentImages": [], "events": [], "over": null, "batsmanStatText": null, "bowlerStatText": null, "smartStats": []}, {"_uid": 35065233, "id": 35065233, "inningNumber": 2, "ballsActual": null, "ballsUnique": null, "oversUnique": 14.05, "oversActual": 14.5, "overNumber": 15, "ballNumber": 5, "totalRuns": 0, "batsmanRuns": 0, "isFour": false, "isSix": false, "isWicket": true, "dismissalType": 1, "byes": 0, "legbyes": 0, "wides": 0, "noballs": 0, "penalties": 0, "wagonX": 279, "wagonY": 291, "wagonZone": 4, "pitchLine": "OUTSIDE_OFFSTUMP", "pitchLength": "SHORT", "shotType": "PULL", "shotControl": 2, "timestamp": "2021-10-23T12:59:55.000Z", "modified": "2021-10-23T12:59:58.000Z", "batsmanPlayerId": 50281, "bowlerPlayerId": 63651, "outPlayerId": 50281, "totalInningRuns": 80, "totalInningWickets": 4, "predictions": {"score": 128, "winProbability": 84.66}, "title": "Nortje to Smith", "dismissalText": {"short": "caught", "long": "c Markram b Nortje", "commentary": "Steven Smith c Markram b Nortje 35 (34b 3x4 0x6 46m) SR: 102.94"}, "commentPreTextItems": null, "commentTextItems": [{"type": "HTML", "html": "<b>sensational work from Markram!</b> My word. They don't have the runs but South Africa have been world class in the field. It's another short of a length ball in the corridor and this time Smith gets good connection on the pull. But it's straighter than the last shot and Markram is fielding about 20 yards in from the long-on boundary. He bursts to his right and keeps his eyes on this until the last moment. By the time he's prepared for this stunning full-stretched dive to his right, the ball is behind him. But he's got two hands safely around it to grab inches from the ground. Superb, superb stuff. Add this to the list of SA's heroics in the field already after that Bavuma catch in the warm-ups"}], "commentPostTextItems": [{"type": "HTML", "html": "Naman: \"They just showed a Smith interview on broadcast where he says one ball can change the game. This was that ball. What a catch!\""}], "commentVideos": [], "commentImages": [], "events": [], "over": null, "batsmanStatText": null, "bowlerStatText": null, "smartStats": []}, {"_uid": 35065256, "id": 35065256, "inningNumber": 2, "ballsActual": null, "ballsUnique": null, "oversUnique": 14.06, "oversActual": 14.6, "overNumber": 15, "ballNumber": 6, "totalRuns": 1, "batsmanRuns": 1, "isFour": false, "isSix": false, "isWicket": false, "dismissalType": null, "byes": 0, "legbyes": 0, "wides": 0, "noballs": 0, "penalties": 0, "wagonX": 325, "wagonY": 86, "wagonZone": 2, "pitchLine": "ON_THE_STUMPS", "pitchLength": "SHORT_OF_A_GOOD_LENGTH", "shotType": "PULL", "shotControl": 1, "timestamp": "2021-10-23T13:01:38.000Z", "modified": "2021-10-23T13:01:42.000Z", "batsmanPlayerId": 54222, "bowlerPlayerId": 63651, "outPlayerId": null, "totalInningRuns": 81, "totalInningWickets": 4, "predictions": {"score": 128, "winProbability": 84.81}, "title": "Nortje to Maxwell", "dismissalText": null, "commentPreTextItems": null, "commentTextItems": [{"type": "HTML", "html": "short and up at the ribs, pulled firmly to deep square's left and Rabada puts in a slide to get behind that"}], "commentPostTextItems": [{"type": "HTML", "html": "Peter: \"Catch of the tournament already sewn up. \""}], "commentVideos": [], "commentImages": [], "events": [], "over": {"team": {"id": 2, "objectId": 2, "scribeId": 2, "slug": "australia", "name": "Australia", "longName": "Australia", "abbreviation": "AUS", "unofficialName": "", "imageUrl": "/db/PICTURES/CMS/340400/340493.png", "isCountry": true, "primaryColor": "#f3f702", "image": {"id": 340493, "objectId": 1318684, "slug": "australia-team-flag-latest", "url": "/db/PICTURES/CMS/340400/340493.png", "width": 500, "height": 500, "caption": "Australia team flag-latest", "longCaption": "Australia team flag-latest", "credit": "Getty Images", "photographer": null, "peerUrls": null}, "country": {"id": 2, "objectId": 2, "name": "Australia", "shortName": "Australia", "abbreviation": "AUS", "slug": "australia"}}, "inningNumber": 2, "overNumber": 15, "overRuns": 6, "overWickets": 1, "totalRuns": 81, "totalWickets": 4, "target": 119, "overLimit": 20, "ballLimit": 120, "isMaiden": false, "isComplete": true, "isSuperOver": false, "overEndBatsmen": [{"player": {"id": 54222, "objectId": 325026, "name": "GJ Maxwell", "longName": "Glenn Maxwell", "mobileName": "Maxwell", "indexName": "Maxwell, GJ", "battingName": "GJ Maxwell", "fieldingName": "Maxwell", "slug": "glenn-maxwell", "imageUrl": "/db/PICTURES/CMS/263500/263539.1.jpg", "headshotImageUrl": "/db/PICTURES/CMS/316600/316657.png", "dateOfBirth": {"year": 1988, "month": 10, "date": 14}, "dateOfDeath": null, "gender": "M", "battingStyles": ["rhb"], "bowlingStyles": ["ob"], "longBattingStyles": ["right-hand bat"], "longBowlingStyles": ["right-arm offbreak"], "image": {"id": 263539, "objectId": 1099529, "slug": "glenn-maxwell", "url": "/db/PICTURES/CMS/263500/263539.1.jpg", "width": 160, "height": 200, "caption": "Glenn Maxwell", "longCaption": "Glenn Maxwell", "credit": "Getty Images", "photographer": null, "peerUrls": null}, "countryTeamId": 2, "playerRoleTypeIds": [10], "playingRoles": ["batting allrounder"], "headshotImage": {"id": 316657, "objectId": 1251290, "slug": "gj-maxwell-headshot", "url": "/db/PICTURES/CMS/316600/316657.png", "width": 600, "height": 436, "caption": "GJ Maxwell headshot", "longCaption": "GJ Maxwell headshot", "credit": null, "photographer": null, "peerUrls": {"FILM": null, "WIDE": null, "SQUARE": null}}}, "runs": 18, "balls": 19, "fours": 1, "sixes": 0}, {"player": {"id": 54212, "objectId": 325012, "name": "MP Stoinis", "longName": "Marcus Stoinis", "mobileName": "Stoinis", "indexName": "Stoinis, MP", "battingName": "MP Stoinis", "fieldingName": "Stoinis", "slug": "marcus-stoinis", "imageUrl": "/db/PICTURES/CMS/309100/309100.jpg", "headshotImageUrl": "/db/PICTURES/CMS/321500/321596.png", "dateOfBirth": {"year": 1989, "month": 8, "date": 16}, "dateOfDeath": null, "gender": "M", "battingStyles": ["rhb"], "bowlingStyles": ["rm"], "longBattingStyles": ["right-hand bat"], "longBowlingStyles": ["right-arm medium"], "image": {"id": 309100, "objectId": 1232617, "slug": "marcus-stoinis-portrait", "url": "/db/PICTURES/CMS/309100/309100.jpg", "width": 160, "height": 200, "caption": "Marcus Stoinis portrait", "longCaption": "Marcus Stoinis portrait, September 2020", "credit": "Getty Images", "photographer": null, "peerUrls": null}, "countryTeamId": 2, "playerRoleTypeIds": [10], "playingRoles": ["batting allrounder"], "headshotImage": {"id": 321596, "objectId": 1263530, "slug": "marcus-stoinis-player-page-headshot-cutout-2021", "url": "/db/PICTURES/CMS/321500/321596.png", "width": 600, "height": 436, "caption": "Marcus Stoinis player page headshot cutout, 2021", "longCaption": "Marcus Stoinis player page headshot cutout, 2021", "credit": null, "photographer": null, "peerUrls": {"FILM": null, "WIDE": null, "SQUARE": "/db/PICTURES/CMS/321500/321596.square.png"}}}, "runs": 0, "balls": 0, "fours": 0, "sixes": 0}], "overEndBowlers": [{"player": {"id": 63651, "objectId": 481979, "name": "A Nortje", "longName": "Anrich Nortje", "mobileName": "Nortje", "indexName": "Nortje, A", "battingName": "A Nortje", "fieldingName": "Nortje", "slug": "anrich-nortje", "imageUrl": "/db/PICTURES/CMS/317900/317968.jpg", "headshotImageUrl": "/db/PICTURES/CMS/322000/322080.png", "dateOfBirth": {"year": 1993, "month": 11, "date": 16}, "dateOfDeath": null, "gender": "M", "battingStyles": ["rhb"], "bowlingStyles": ["rf"], "longBattingStyles": ["right-hand bat"], "longBowlingStyles": ["right-arm fast"], "image": {"id": 317968, "objectId": 1254936, "slug": "anrich-nortje-portrait", "url": "/db/PICTURES/CMS/317900/317968.jpg", "width": 160, "height": 200, "caption": "Anrich Nortje portrait", "longCaption": "Anrich Nortje portrait, November 19, 2020", "credit": "Cricket South Africa", "photographer": null, "peerUrls": null}, "countryTeamId": 3, "playerRoleTypeIds": [4], "playingRoles": ["bowler"], "headshotImage": {"id": 322080, "objectId": 1264454, "slug": "anrich-nortje-player-page-headshot-cutout-2021", "url": "/db/PICTURES/CMS/322000/322080.png", "width": 600, "height": 436, "caption": "Anrich Nortje player page headshot cutout, 2021", "longCaption": "Anrich Nortje player page headshot cutout, 2021", "credit": null, "photographer": null, "peerUrls": {"FILM": null, "WIDE": null, "SQUARE": "/db/PICTURES/CMS/322000/322080.square.png"}}}, "overs": 3, "balls": 18, "maidens": 0, "conceded": 11, "wickets": 2, "currentType": 1}, {"player": {"id": 58408, "objectId": 379145, "name": "T Shamsi", "longName": "Tabraiz Shamsi", "mobileName": "Shamsi", "indexName": "Shamsi, T", "battingName": "T Shamsi", "fieldingName": "Shamsi", "slug": "tabraiz-shamsi", "imageUrl": "/db/PICTURES/CMS/317900/317943.jpg", "headshotImageUrl": "/db/PICTURES/CMS/322000/322068.png", "dateOfBirth": {"year": 1990, "month": 2, "date": 18}, "dateOfDeath": null, "gender": "M", "battingStyles": ["rhb"], "bowlingStyles": ["lws"], "longBattingStyles": ["right-hand bat"], "longBowlingStyles": ["left-arm wrist-spin"], "image": {"id": 317943, "objectId": 1254909, "slug": "tabraiz-shamsi-portrait", "url": "/db/PICTURES/CMS/317900/317943.jpg", "width": 160, "height": 200, "caption": "Tabraiz Shamsi portrait", "longCaption": "Tabraiz Shamsi portrait, November 19, 2020", "credit": "Cricket South Africa", "photographer": null, "peerUrls": null}, "countryTeamId": 3, "playerRoleTypeIds": [4], "playingRoles": ["bowler"], "headshotImage": {"id": 322068, "objectId": 1264437, "slug": "tabraiz-shamsi-player-page-headshot-cutout-2021", "url": "/db/PICTURES/CMS/322000/322068.png", "width": 600, "height": 436, "caption": "Tabraiz Shamsi player page headshot cutout, 2021", "longCaption": "Tabraiz Shamsi player page headshot cutout, 2021", "credit": null, "photographer": null, "peerUrls": {"FILM": null, "WIDE": null, "SQUARE": "/db/PICTURES/CMS/322000/322068.square.png"}}}, "overs": 3, "balls": 18, "maidens": 0, "conceded": 20, "wickets": 0, "currentType": 2}], "rollover": null}, "batsmanStatText": null, "bowlerStatText": null, "smartStats": []}]