[{"_uid": 35058605, "id": 35058605, "inningNumber": 1, "ballsActual": null, "ballsUnique": null, "oversUnique": 15.01, "oversActual": 15.1, "overNumber": 16, "ballNumber": 1, "totalRuns": 1, "batsmanRuns": 1, "isFour": false, "isSix": false, "isWicket": false, "dismissalType": null, "byes": 0, "legbyes": 0, "wides": 0, "noballs": 0, "penalties": 0, "wagonX": 151, "wagonY": 191, "wagonZone": 6, "pitchLine": "OUTSIDE_OFFSTUMP", "pitchLength": "YORKER", "shotType": "PUSH", "shotControl": 1, "timestamp": "2021-10-22T11:08:55.000Z", "modified": "2021-10-22T11:08:59.000Z", "batsmanPlayerId": 69644, "bowlerPlayerId": 74479, "outPlayerId": null, "totalInningRuns": 96, "totalInningWickets": 3, "predictions": {"score": 141, "winProbability": 26.4}, "title": "Trumpelmann to Campher", "dismissalText": null, "commentPreTextItems": [{"type": "HTML", "html": "Trumpelmann is back. Left arm around the stumps."}], "commentTextItems": [{"type": "HTML", "html": "119 kph yorker on off stump, jammed out through point."}], "commentPostTextItems": [{"type": "HTML", "html": "Alten: \"This is fantastic from Namibia. Could have lost the plot after that powerplay, but they have been so disciplined. Really impressive.\""}], "commentVideos": [], "commentImages": [], "events": [], "over": null, "batsmanStatText": null, "bowlerStatText": null, "smartStats": []}, {"_uid": 35058609, "id": 35058609, "inningNumber": 1, "ballsActual": null, "ballsUnique": null, "oversUnique": 15.02, "oversActual": 15.2, "overNumber": 16, "ballNumber": 2, "totalRuns": 2, "batsmanRuns": 2, "isFour": false, "isSix": false, "isWicket": false, "dismissalType": null, "byes": 0, "legbyes": 0, "wides": 0, "noballs": 0, "penalties": 0, "wagonX": 311, "wagonY": 235, "wagonZone": 3, "pitchLine": "ON_THE_STUMPS", "pitchLength": "FULL", "shotType": "FLICK", "shotControl": 1, "timestamp": "2021-10-22T11:09:36.000Z", "modified": "2021-10-22T11:09:40.000Z", "batsmanPlayerId": 52628, "bowlerPlayerId": 74479, "outPlayerId": null, "totalInningRuns": 98, "totalInningWickets": 3, "predictions": {"score": 140, "winProbability": 25.54}, "title": "Trumpelmann to Balbirnie", "dismissalText": null, "commentPreTextItems": null, "commentTextItems": [{"type": "HTML", "html": "full on the legs, flicked in the air through midwicket for a pair. Direct hit by Frylinck from the boundary at the striker's end but Balbirnie was in."}], "commentPostTextItems": null, "commentVideos": [], "commentImages": [], "events": [], "over": null, "batsmanStatText": null, "bowlerStatText": null, "smartStats": []}, {"_uid": 35058615, "id": 35058615, "inningNumber": 1, "ballsActual": null, "ballsUnique": null, "oversUnique": 15.03, "oversActual": 15.3, "overNumber": 16, "ballNumber": 3, "totalRuns": 0, "batsmanRuns": 0, "isFour": false, "isSix": false, "isWicket": false, "dismissalType": null, "byes": 0, "legbyes": 0, "wides": 0, "noballs": 0, "penalties": 0, "wagonX": 0, "wagonY": 0, "wagonZone": 0, "pitchLine": "ON_THE_STUMPS", "pitchLength": "SHORT_OF_A_GOOD_LENGTH", "shotType": "PULL", "shotControl": 2, "timestamp": "2021-10-22T11:10:40.000Z", "modified": "2021-10-22T11:10:44.000Z", "batsmanPlayerId": 52628, "bowlerPlayerId": 74479, "outPlayerId": null, "totalInningRuns": 98, "totalInningWickets": 3, "predictions": {"score": 140, "winProbability": 25.54}, "title": "Trumpelmann to Balbirnie", "dismissalText": null, "commentPreTextItems": null, "commentTextItems": [{"type": "HTML", "html": "length ball follows Balbirnie backing away from leg and is beaten trying to pull."}], "commentPostTextItems": null, "commentVideos": [], "commentImages": [], "events": [], "over": null, "batsmanStatText": null, "bowlerStatText": null, "smartStats": []}, {"_uid": 35058620, "id": 35058620, "inningNumber": 1, "ballsActual": null, "ballsUnique": null, "oversUnique": 15.04, "oversActual": 15.4, "overNumber": 16, "ballNumber": 4, "totalRuns": 0, "batsmanRuns": 0, "isFour": false, "isSix": false, "isWicket": false, "dismissalType": null, "byes": 0, "legbyes": 0, "wides": 0, "noballs": 0, "penalties": 0, "wagonX": 212, "wagonY": 198, "wagonZone": 4, "pitchLine": "ON_THE_STUMPS", "pitchLength": "SHORT_OF_A_GOOD_LENGTH", "shotType": "PULL", "shotControl": 2, "timestamp": "2021-10-22T11:11:19.000Z", "modified": "2021-10-22T11:11:23.000Z", "batsmanPlayerId": 52628, "bowlerPlayerId": 74479, "outPlayerId": null, "totalInningRuns": 98, "totalInningWickets": 3, "predictions": {"score": 139, "winProbability": 24.69}, "title": "Trumpelmann to Balbirnie", "dismissalText": null, "commentPreTextItems": null, "commentTextItems": [{"type": "HTML", "html": "good length ball on the legs, flicked to midwicket."}], "commentPostTextItems": null, "commentVideos": [], "commentImages": [], "events": [], "over": null, "batsmanStatText": null, "bowlerStatText": null, "smartStats": []}, {"_uid": 35058625, "id": 35058625, "inningNumber": 1, "ballsActual": null, "ballsUnique": null, "oversUnique": 15.05, "oversActual": 15.5, "overNumber": 16, "ballNumber": 5, "totalRuns": 1, "batsmanRuns": 1, "isFour": false, "isSix": false, "isWicket": false, "dismissalType": null, "byes": 0, "legbyes": 0, "wides": 0, "noballs": 0, "penalties": 0, "wagonX": 176, "wagonY": 193, "wagonZone": 5, "pitchLine": "DOWN_LEG", "pitchLength": "FULL", "shotType": "ON_DRIVE", "shotControl": 1, "timestamp": "2021-10-22T11:11:57.000Z", "modified": "2021-10-22T11:12:00.000Z", "batsmanPlayerId": 52628, "bowlerPlayerId": 74479, "outPlayerId": null, "totalInningRuns": 99, "totalInningWickets": 3, "predictions": {"score": 138, "winProbability": 23.87}, "title": "Trumpelmann to Balbirnie", "dismissalText": null, "commentPreTextItems": null, "commentTextItems": [{"type": "HTML", "html": "full on off, backs away again and drives back to Trumpelmann, who fires a very unnecessary throw at the stumps that hits and ricochets for an overthrow."}], "commentPostTextItems": null, "commentVideos": [], "commentImages": [], "events": [], "over": null, "batsmanStatText": null, "bowlerStatText": null, "smartStats": []}, {"_uid": 35058631, "id": 35058631, "inningNumber": 1, "ballsActual": null, "ballsUnique": null, "oversUnique": 15.06, "oversActual": 15.6, "overNumber": 16, "ballNumber": 6, "totalRuns": 2, "batsmanRuns": 2, "isFour": false, "isSix": false, "isWicket": false, "dismissalType": null, "byes": 0, "legbyes": 0, "wides": 0, "noballs": 0, "penalties": 0, "wagonX": 333, "wagonY": 198, "wagonZone": 3, "pitchLine": "OUTSIDE_OFFSTUMP", "pitchLength": "SHORT_OF_A_GOOD_LENGTH", "shotType": "PULL", "shotControl": 1, "timestamp": "2021-10-22T11:12:43.000Z", "modified": "2021-10-22T11:12:47.000Z", "batsmanPlayerId": 69644, "bowlerPlayerId": 74479, "outPlayerId": null, "totalInningRuns": 101, "totalInningWickets": 3, "predictions": {"score": 139, "winProbability": 24.69}, "title": "Trumpelmann to Campher", "dismissalText": null, "commentPreTextItems": null, "commentTextItems": [{"type": "HTML", "html": "length ball on middle, pulls this high behind square and deep midwicket has to trek some distance to relay it in for a pair."}], "commentPostTextItems": null, "commentVideos": [], "commentImages": [], "events": [], "over": {"team": {"id": 29, "objectId": 29, "scribeId": 29, "slug": "ireland", "name": "Ireland", "longName": "Ireland", "abbreviation": "IRE", "unofficialName": "", "imageUrl": "/db/PICTURES/CMS/313100/313149.logo.png", "isCountry": true, "primaryColor": null, "image": {"id": 313149, "objectId": 1241608, "slug": "ireland-logo", "url": "/db/PICTURES/CMS/313100/313149.logo.png", "width": 500, "height": 500, "caption": "Ireland logo", "longCaption": "Ireland logo", "credit": null, "photographer": null, "peerUrls": null}, "country": {"id": 29, "objectId": 29, "name": "Ireland", "shortName": "Ireland", "abbreviation": "IRE", "slug": "ireland"}}, "inningNumber": 1, "overNumber": 16, "overRuns": 6, "overWickets": 0, "totalRuns": 101, "totalWickets": 3, "target": 0, "overLimit": 20, "ballLimit": 120, "isMaiden": false, "isComplete": true, "isSuperOver": false, "overEndBatsmen": [{"player": {"id": 69644, "objectId": 595921, "name": "C Campher", "longName": "Curtis Campher", "mobileName": "Campher", "indexName": "Campher. C", "battingName": "C Campher", "fieldingName": "Campher", "slug": "curtis-campher", "imageUrl": "/db/PICTURES/CMS/306900/306931.1.jpg", "headshotImageUrl": "/db/PICTURES/CMS/321300/321343.png", "dateOfBirth": {"year": 1999, "month": 4, "date": 20}, "dateOfDeath": null, "gender": "M", "battingStyles": ["rhb"], "bowlingStyles": ["rmf"], "longBattingStyles": ["right-hand bat"], "longBowlingStyles": ["right-arm medium-fast"], "image": {"id": 306931, "objectId": 1228023, "slug": "curtis-campher-player-portrait", "url": "/db/PICTURES/CMS/306900/306931.1.jpg", "width": 160, "height": 200, "caption": "Curtis Campher player portrait", "longCaption": "Curtis Campher player portrait", "credit": "Getty Images", "photographer": null, "peerUrls": null}, "countryTeamId": 29, "playerRoleTypeIds": [5], "playingRoles": ["allrounder"], "headshotImage": {"id": 321343, "objectId": 1262935, "slug": "curtis-campher-player-page-headshot-cutout-2021", "url": "/db/PICTURES/CMS/321300/321343.png", "width": 600, "height": 436, "caption": "Curtis Campher player page headshot cutout, 2021", "longCaption": "Curtis Campher player page headshot cutout, 2021", "credit": null, "photographer": null, "peerUrls": {"FILM": null, "WIDE": null, "SQUARE": "/db/PICTURES/CMS/321300/321343.square.png"}}}, "runs": 4, "balls": 3, "fours": 0, "sixes": 0}, {"player": {"id": 52628, "objectId": 303423, "name": "A Balbirnie", "longName": "Andy Balbirnie", "mobileName": "Balbirnie", "indexName": "Balbirnie, A", "battingName": "A Balbirnie", "fieldingName": "Balbirnie", "slug": "andy-balbirnie", "imageUrl": "/db/PICTURES/CMS/305200/305250.jpg", "headshotImageUrl": "/db/PICTURES/CMS/316600/316637.png", "dateOfBirth": {"year": 1990, "month": 12, "date": 28}, "dateOfDeath": null, "gender": "M", "battingStyles": ["rhb"], "bowlingStyles": ["ob"], "longBattingStyles": ["right-hand bat"], "longBowlingStyles": ["right-arm offbreak"], "image": {"id": 305250, "objectId": 1224824, "slug": "andy-balbirnie-portrait", "url": "/db/PICTURES/CMS/305200/305250.jpg", "width": 160, "height": 200, "caption": "Andy Balbirnie portrait", "longCaption": "Andy Balbirnie, June 2020", "credit": "Getty Images", "photographer": null, "peerUrls": null}, "countryTeamId": 29, "playerRoleTypeIds": [8], "playingRoles": ["batter"], "headshotImage": {"id": 316637, "objectId": 1251270, "slug": "a-balbirnie-headshot", "url": "/db/PICTURES/CMS/316600/316637.png", "width": 600, "height": 436, "caption": "A Balbirnie headshot", "longCaption": "A Balbirnie headshot", "credit": null, "photographer": null, "peerUrls": {"FILM": null, "WIDE": null, "SQUARE": null}}}, "runs": 21, "balls": 27, "fours": 2, "sixes": 0}], "overEndBowlers": [{"player": {"id": 74479, "objectId": 698317, "name": "R Trumpelmann", "longName": "Ruben Trumpelmann", "mobileName": "Trumpelmann", "indexName": "Trumpelmann,R", "battingName": "R Trumpelmann", "fieldingName": "Trumpelmann", "slug": "ruben-trumpelmann", "imageUrl": "/db/PICTURES/CMS/347800/347845.4.jpg", "headshotImageUrl": "/db/PICTURES/CMS/348600/348607.png", "dateOfBirth": {"year": 1998, "month": 2, "date": 1}, "dateOfDeath": null, "gender": "M", "battingStyles": ["rhb"], "bowlingStyles": ["lf"], "longBattingStyles": ["right-hand bat"], "longBowlingStyles": ["left-arm fast"], "image": {"id": 347845, "objectId": 1340684, "slug": "ruben-trumpelmann-player-portrait", "url": "/db/PICTURES/CMS/347800/347845.4.jpg", "width": 160, "height": 244, "caption": "Ruben Trumpelmann, player portrait", "longCaption": "Ruben Trumpelmann, player portrait", "credit": "ICC/Getty Images", "photographer": "Matt King", "peerUrls": null}, "countryTeamId": 28, "playerRoleTypeIds": [4], "playingRoles": ["bowler"], "headshotImage": {"id": 348607, "objectId": 1342901, "slug": "ruben-trumpelmann-player-page-headshot-cutout-2022", "url": "/db/PICTURES/CMS/348600/348607.png", "width": 600, "height": 436, "caption": "Ruben Trumpelmann, player page headshot cutout 2022", "longCaption": "Ruben Trumpelmann, player page headshot cutout 2022", "credit": null, "photographer": null, "peerUrls": {"FILM": null, "WIDE": null, "SQUARE": "/db/PICTURES/CMS/348600/348607.square.png"}}}, "overs": 3, "balls": 18, "maidens": 0, "conceded": 18, "wickets": 0, "currentType": 1}, {"player": {"id": 48777, "objectId": 221140, "name": "D Wiese", "longName": "David Wiese", "mobileName": "Wiese", "indexName": "Wiese, D", "battingName": "D Wiese", "fieldingName": "Wiese", "slug": "david-wiese", "imageUrl": "/db/PICTURES/CMS/312100/312185.png", "headshotImageUrl": "/db/PICTURES/CMS/322000/322079.png", "dateOfBirth": {"year": 1985, "month": 5, "date": 18}, "dateOfDeath": null, "gender": "M", "battingStyles": ["rhb"], "bowlingStyles": ["rmf"], "longBattingStyles": ["right-hand bat"], "longBowlingStyles": ["right-arm medium-fast"], "image": {"id": 312185, "objectId": 1239252, "slug": "david-wiese-portrait", "url": "/db/PICTURES/CMS/312100/312185.png", "width": 160, "height": 200, "caption": "David Wiese portrait", "longCaption": "David Wiese portrait, November 2020", "credit": "Getty Images", "photographer": null, "peerUrls": null}, "countryTeamId": 28, "playerRoleTypeIds": [5], "playingRoles": ["allrounder"], "headshotImage": {"id": 322079, "objectId": 1264453, "slug": "david-wiese-player-page-headshot-cutout-2021", "url": "/db/PICTURES/CMS/322000/322079.png", "width": 600, "height": 436, "caption": "David Wiese player page headshot cutout, 2021", "longCaption": "David Wiese player page headshot cutout, 2021", "credit": null, "photographer": null, "peerUrls": {"FILM": null, "WIDE": null, "SQUARE": "/db/PICTURES/CMS/322000/322079.square.png"}}}, "overs": 2, "balls": 12, "maidens": 0, "conceded": 7, "wickets": 1, "currentType": 2}], "rollover": null}, "batsmanStatText": null, "bowlerStatText": null, "smartStats": []}, {"_uid": 35058868, "id": 35058868, "inningNumber": 1, "ballsActual": null, "ballsUnique": null, "oversUnique": 16.01, "oversActual": 16.1, "overNumber": 17, "ballNumber": 1, "totalRuns": 0, "batsmanRuns": 0, "isFour": false, "isSix": false, "isWicket": true, "dismissalType": 3, "byes": 0, "legbyes": 0, "wides": 0, "noballs": 0, "penalties": 0, "wagonX": 0, "wagonY": 0, "wagonZone": 0, "pitchLine": "OUTSIDE_OFFSTUMP", "pitchLength": "GOOD_LENGTH", "shotType": "SLOG_SWEEP", "shotControl": 2, "timestamp": "2021-10-22T11:15:10.000Z", "modified": "2021-10-22T11:15:14.000Z", "batsmanPlayerId": 52628, "bowlerPlayerId": 63683, "outPlayerId": 52628, "totalInningRuns": 101, "totalInningWickets": 4, "predictions": {"score": 138, "winProbability": 23.87}, "title": "Frylinck to Balbirnie", "dismissalText": {"short": "lbw", "long": "lbw b Frylinck", "commentary": "Andy Balbirnie lbw b Frylinck 21 (28b 2x4 0x6 41m) SR: 75"}, "commentPreTextItems": [{"type": "HTML", "html": "Frylinck to bowl his last over now."}], "commentTextItems": [{"type": "HTML", "html": "full and angled into the pads, Balbirnie misses a slog and a huge lbw shout is upheld but <b>Balbirnie goes for the review.</b> May have been sliding down leg, and also was hit quite high on the belt line while crouching down to slog. Ball-tracking shows three reds as the bounce on this pitch just isn't there today."}], "commentPostTextItems": null, "commentVideos": [], "commentImages": [], "events": [{"type": "DRS_REVIEW", "inningNumber": 1, "oversUnique": 16.01, "teamId": 29, "isSuccessful": false}], "over": null, "batsmanStatText": null, "bowlerStatText": null, "smartStats": []}, {"_uid": 35058878, "id": 35058878, "inningNumber": 1, "ballsActual": null, "ballsUnique": null, "oversUnique": 16.02, "oversActual": 16.2, "overNumber": 17, "ballNumber": 2, "totalRuns": 0, "batsmanRuns": 0, "isFour": false, "isSix": false, "isWicket": false, "dismissalType": null, "byes": 0, "legbyes": 0, "wides": 0, "noballs": 0, "penalties": 0, "wagonX": 0, "wagonY": 0, "wagonZone": 0, "pitchLine": "WIDE_OUTSIDE_OFFSTUMP", "pitchLength": "GOOD_LENGTH", "shotType": "COVER_DRIVE", "shotControl": 2, "timestamp": "2021-10-22T11:16:21.000Z", "modified": "2021-10-22T11:16:25.000Z", "batsmanPlayerId": 89741, "bowlerPlayerId": 63683, "outPlayerId": null, "totalInningRuns": 101, "totalInningWickets": 4, "predictions": {"score": 139, "winProbability": 24.69}, "title": "Frylinck to Tector", "dismissalText": null, "commentPreTextItems": [{"type": "HTML", "html": "Harry Tector enters."}], "commentTextItems": [{"type": "HTML", "html": "good length ball on seventh stump, goes to slap this and is beaten."}], "commentPostTextItems": null, "commentVideos": [], "commentImages": [], "events": [], "over": null, "batsmanStatText": null, "bowlerStatText": null, "smartStats": []}, {"_uid": 35058881, "id": 35058881, "inningNumber": 1, "ballsActual": null, "ballsUnique": null, "oversUnique": 16.03, "oversActual": 16.3, "overNumber": 17, "ballNumber": 3, "totalRuns": 2, "batsmanRuns": 2, "isFour": false, "isSix": false, "isWicket": false, "dismissalType": null, "byes": 0, "legbyes": 0, "wides": 0, "noballs": 0, "penalties": 0, "wagonX": 44, "wagonY": 217, "wagonZone": 6, "pitchLine": "OUTSIDE_OFFSTUMP", "pitchLength": "SHORT_OF_A_GOOD_LENGTH", "shotType": "CUT_SHOT", "shotControl": 1, "timestamp": "2021-10-22T11:16:53.000Z", "modified": "2021-10-22T11:16:58.000Z", "batsmanPlayerId": 89741, "bowlerPlayerId": 63683, "outPlayerId": null, "totalInningRuns": 103, "totalInningWickets": 4, "predictions": {"score": 138, "winProbability": 23.87}, "title": "Frylinck to Tector", "dismissalText": null, "commentPreTextItems": null, "commentTextItems": [{"type": "HTML", "html": "good length ball on fifth stump, slaps this through cover for one."}], "commentPostTextItems": null, "commentVideos": [], "commentImages": [], "events": [], "over": null, "batsmanStatText": null, "bowlerStatText": null, "smartStats": []}, {"_uid": 35058882, "id": 35058882, "inningNumber": 1, "ballsActual": null, "ballsUnique": null, "oversUnique": 16.04, "oversActual": 16.4, "overNumber": 17, "ballNumber": 4, "totalRuns": 1, "batsmanRuns": 1, "isFour": false, "isSix": false, "isWicket": false, "dismissalType": null, "byes": 0, "legbyes": 0, "wides": 0, "noballs": 0, "penalties": 0, "wagonX": 141, "wagonY": 322, "wagonZone": 5, "pitchLine": "ON_THE_STUMPS", "pitchLength": "FULL", "shotType": "ON_DRIVE", "shotControl": 1, "timestamp": "2021-10-22T11:17:16.000Z", "modified": "2021-10-22T11:17:20.000Z", "batsmanPlayerId": 89741, "bowlerPlayerId": 63683, "outPlayerId": null, "totalInningRuns": 104, "totalInningWickets": 4, "predictions": {"score": 139, "winProbability": 24.69}, "title": "Frylinck to Tector", "dismissalText": null, "commentPreTextItems": null, "commentTextItems": [{"type": "HTML", "html": "full on off stump, driven to long-off."}], "commentPostTextItems": null, "commentVideos": [], "commentImages": [], "events": [], "over": null, "batsmanStatText": null, "bowlerStatText": null, "smartStats": []}, {"_uid": 35058889, "id": 35058889, "inningNumber": 1, "ballsActual": null, "ballsUnique": null, "oversUnique": 16.05, "oversActual": 16.5, "overNumber": 17, "ballNumber": 5, "totalRuns": 0, "batsmanRuns": 0, "isFour": false, "isSix": false, "isWicket": false, "dismissalType": null, "byes": 0, "legbyes": 0, "wides": 0, "noballs": 0, "penalties": 0, "wagonX": 0, "wagonY": 0, "wagonZone": 0, "pitchLine": "ON_THE_STUMPS", "pitchLength": "FULL", "shotType": "SLOG_SHOT", "shotControl": 2, "timestamp": "2021-10-22T11:18:03.000Z", "modified": "2021-10-22T11:18:08.000Z", "batsmanPlayerId": 69644, "bowlerPlayerId": 63683, "outPlayerId": null, "totalInningRuns": 104, "totalInningWickets": 4, "predictions": {"score": 137, "winProbability": 23.06}, "title": "Frylinck to Campher", "dismissalText": null, "commentPreTextItems": null, "commentTextItems": [{"type": "HTML", "html": "full on the legs, goes to slog and misses as the ball caroms to point off the pads."}], "commentPostTextItems": null, "commentVideos": [], "commentImages": [], "events": [], "over": null, "batsmanStatText": null, "bowlerStatText": null, "smartStats": []}, {"_uid": 35058895, "id": 35058895, "inningNumber": 1, "ballsActual": null, "ballsUnique": null, "oversUnique": 16.06, "oversActual": 16.6, "overNumber": 17, "ballNumber": 6, "totalRuns": 0, "batsmanRuns": 0, "isFour": false, "isSix": false, "isWicket": true, "dismissalType": 2, "byes": 0, "legbyes": 0, "wides": 0, "noballs": 0, "penalties": 0, "wagonX": 183, "wagonY": 161, "wagonZone": 1, "pitchLine": "ON_THE_STUMPS", "pitchLength": "FULL", "shotType": "SLOG_SHOT", "shotControl": 2, "timestamp": "2021-10-22T11:18:44.000Z", "modified": "2021-10-22T11:18:48.000Z", "batsmanPlayerId": 69644, "bowlerPlayerId": 63683, "outPlayerId": 69644, "totalInningRuns": 104, "totalInningWickets": 5, "predictions": {"score": 136, "winProbability": 22.27}, "title": "Frylinck to Campher", "dismissalText": {"short": "bowled", "long": " b Frylinck", "commentary": "Curtis Campher b Frylinck 4 (5b 0x4 0x6 14m) SR: 80"}, "commentPreTextItems": null, "commentTextItems": [{"type": "HTML", "html": "slower ball at 107 kph lands full on middle, Campher way out in front of a slog and is castled! Ball skids into leg stump and Frylinck roars with a fist pump!"}], "commentPostTextItems": [{"type": "HTML", "html": "rupak sapkota: \"What are your views on this sort of pitch decreasing cricket fans ?\" Fans? No. The egos of batters? Yes. This will be a gripping low-scoring chase."}], "commentVideos": [], "commentImages": [], "events": [], "over": {"team": {"id": 29, "objectId": 29, "scribeId": 29, "slug": "ireland", "name": "Ireland", "longName": "Ireland", "abbreviation": "IRE", "unofficialName": "", "imageUrl": "/db/PICTURES/CMS/313100/313149.logo.png", "isCountry": true, "primaryColor": null, "image": {"id": 313149, "objectId": 1241608, "slug": "ireland-logo", "url": "/db/PICTURES/CMS/313100/313149.logo.png", "width": 500, "height": 500, "caption": "Ireland logo", "longCaption": "Ireland logo", "credit": null, "photographer": null, "peerUrls": null}, "country": {"id": 29, "objectId": 29, "name": "Ireland", "shortName": "Ireland", "abbreviation": "IRE", "slug": "ireland"}}, "inningNumber": 1, "overNumber": 17, "overRuns": 3, "overWickets": 2, "totalRuns": 104, "totalWickets": 5, "target": 0, "overLimit": 20, "ballLimit": 120, "isMaiden": false, "isComplete": true, "isSuperOver": false, "overEndBatsmen": [{"player": {"id": 89741, "objectId": 961407, "name": "HT Tector", "longName": "Harry Tector", "mobileName": "Tector", "indexName": "Tector, HT", "battingName": "HT Tector", "fieldingName": "Tector", "slug": "harry-tector", "imageUrl": "/db/PICTURES/CMS/305200/305273.jpg", "headshotImageUrl": "/db/PICTURES/CMS/319800/319873.png", "dateOfBirth": {"year": 1999, "month": 12, "date": 6}, "dateOfDeath": null, "gender": "M", "battingStyles": ["rhb"], "bowlingStyles": ["ob"], "longBattingStyles": ["right-hand bat"], "longBowlingStyles": ["right-arm offbreak"], "image": {"id": 305273, "objectId": 1224860, "slug": "harry-tector-portrait", "url": "/db/PICTURES/CMS/305200/305273.jpg", "width": 160, "height": 200, "caption": "Harry Tector portrait", "longCaption": "Harry Tector, June 2020", "credit": "Getty Images", "photographer": null, "peerUrls": null}, "countryTeamId": 29, "playerRoleTypeIds": [3], "playingRoles": ["middle-order batter"], "headshotImage": {"id": 319873, "objectId": 1259946, "slug": "harry-tector-player-page-headshot-cutout-2021", "url": "/db/PICTURES/CMS/319800/319873.png", "width": 600, "height": 436, "caption": "Harry Tector player page headshot cutout, 2021", "longCaption": "Harry Tector player page headshot cutout, 2021", "credit": null, "photographer": null, "peerUrls": {"FILM": null, "WIDE": null, "SQUARE": "/db/PICTURES/CMS/319800/319873.square.png"}}}, "runs": 3, "balls": 3, "fours": 0, "sixes": 0}], "overEndBowlers": [{"player": {"id": 63683, "objectId": 482478, "name": "JN Frylinck", "longName": "Jan Frylinck", "mobileName": "Frylinck", "indexName": "Frylinck, JN", "battingName": "JN Frylinck", "fieldingName": "Frylinck", "slug": "jan-frylinck", "imageUrl": "/db/PICTURES/CMS/347800/347843.4.jpg", "headshotImageUrl": "/db/PICTURES/CMS/348600/348605.png", "dateOfBirth": {"year": 1994, "month": 4, "date": 6}, "dateOfDeath": null, "gender": "M", "battingStyles": ["lhb"], "bowlingStyles": ["lfm"], "longBattingStyles": ["left-hand bat"], "longBowlingStyles": ["left-arm fast-medium"], "image": {"id": 347843, "objectId": 1340682, "slug": "jan-frylinck-player-portrait", "url": "/db/PICTURES/CMS/347800/347843.4.jpg", "width": 160, "height": 233, "caption": "Jan Frylinck, player portrait", "longCaption": "Jan Frylinck, player portrait", "credit": "ICC/Getty Images", "photographer": "Matt King", "peerUrls": null}, "countryTeamId": 28, "playerRoleTypeIds": [5], "playingRoles": ["allrounder"], "headshotImage": {"id": 348605, "objectId": 1342899, "slug": "jan-frylinck-player-page-headshot-cutout-2022", "url": "/db/PICTURES/CMS/348600/348605.png", "width": 600, "height": 436, "caption": "Jan Frylinck, player page headshot cutout 2022", "longCaption": "Jan Frylinck, player page headshot cutout 2022", "credit": null, "photographer": null, "peerUrls": {"FILM": null, "WIDE": null, "SQUARE": "/db/PICTURES/CMS/348600/348605.square.png"}}}, "overs": 4, "balls": 24, "maidens": 0, "conceded": 21, "wickets": 3, "currentType": 1}, {"player": {"id": 74479, "objectId": 698317, "name": "R Trumpelmann", "longName": "Ruben Trumpelmann", "mobileName": "Trumpelmann", "indexName": "Trumpelmann,R", "battingName": "R Trumpelmann", "fieldingName": "Trumpelmann", "slug": "ruben-trumpelmann", "imageUrl": "/db/PICTURES/CMS/347800/347845.4.jpg", "headshotImageUrl": "/db/PICTURES/CMS/348600/348607.png", "dateOfBirth": {"year": 1998, "month": 2, "date": 1}, "dateOfDeath": null, "gender": "M", "battingStyles": ["rhb"], "bowlingStyles": ["lf"], "longBattingStyles": ["right-hand bat"], "longBowlingStyles": ["left-arm fast"], "image": {"id": 347845, "objectId": 1340684, "slug": "ruben-trumpelmann-player-portrait", "url": "/db/PICTURES/CMS/347800/347845.4.jpg", "width": 160, "height": 244, "caption": "Ruben Trumpelmann, player portrait", "longCaption": "Ruben Trumpelmann, player portrait", "credit": "ICC/Getty Images", "photographer": "Matt King", "peerUrls": null}, "countryTeamId": 28, "playerRoleTypeIds": [4], "playingRoles": ["bowler"], "headshotImage": {"id": 348607, "objectId": 1342901, "slug": "ruben-trumpelmann-player-page-headshot-cutout-2022", "url": "/db/PICTURES/CMS/348600/348607.png", "width": 600, "height": 436, "caption": "Ruben Trumpelmann, player page headshot cutout 2022", "longCaption": "Ruben Trumpelmann, player page headshot cutout 2022", "credit": null, "photographer": null, "peerUrls": {"FILM": null, "WIDE": null, "SQUARE": "/db/PICTURES/CMS/348600/348607.square.png"}}}, "overs": 3, "balls": 18, "maidens": 0, "conceded": 18, "wickets": 0, "currentType": 2}], "rollover": null}, "batsmanStatText": null, "bowlerStatText": null, "smartStats": []}]