[{"_uid": 35078631, "id": 35078631, "inningNumber": 1, "ballsActual": null, "ballsUnique": null, "oversUnique": 13.01, "oversActual": 13.1, "overNumber": 14, "ballNumber": 1, "totalRuns": 0, "batsmanRuns": 0, "isFour": false, "isSix": false, "isWicket": false, "dismissalType": null, "byes": 0, "legbyes": 0, "wides": 0, "noballs": 0, "penalties": 0, "wagonX": 243, "wagonY": 197, "wagonZone": 3, "pitchLine": "ON_THE_STUMPS", "pitchLength": "SHORT_OF_A_GOOD_LENGTH", "shotType": "PULL", "shotControl": 2, "timestamp": "2021-10-26T10:58:20.000Z", "modified": "2021-10-26T10:58:23.000Z", "batsmanPlayerId": 45256, "bowlerPlayerId": 67296, "outPlayerId": null, "totalInningRuns": 89, "totalInningWickets": 2, "predictions": {"score": 149, "winProbability": 36.28}, "title": "Rabada to Simmons", "dismissalText": null, "commentPreTextItems": [{"type": "HTML", "html": "Rabada replaces Shamsi for his third."}], "commentTextItems": [{"type": "HTML", "html": "back of a length on middle at 143 kph, mistimes a pull slamming it into the turf fielded at short midwicket."}], "commentPostTextItems": null, "commentVideos": [], "commentImages": [], "events": [], "over": null, "batsmanStatText": null, "bowlerStatText": null, "smartStats": []}, {"_uid": 35078632, "id": 35078632, "inningNumber": 1, "ballsActual": null, "ballsUnique": null, "oversUnique": 13.02, "oversActual": 13.2, "overNumber": 14, "ballNumber": 2, "totalRuns": 0, "batsmanRuns": 0, "isFour": false, "isSix": false, "isWicket": true, "dismissalType": 2, "byes": 0, "legbyes": 0, "wides": 0, "noballs": 0, "penalties": 0, "wagonX": 0, "wagonY": 0, "wagonZone": 0, "pitchLine": "ON_THE_STUMPS", "pitchLength": "GOOD_LENGTH", "shotType": "SLOG_SHOT", "shotControl": 2, "timestamp": "2021-10-26T10:58:56.000Z", "modified": "2021-10-26T10:59:23.000Z", "batsmanPlayerId": 45256, "bowlerPlayerId": 67296, "outPlayerId": 45256, "totalInningRuns": 89, "totalInningWickets": 3, "predictions": {"score": 152, "winProbability": 39.47}, "title": "Rabada to Simmons", "dismissalText": {"short": "bowled", "long": " b Rabada", "commentary": "Lendl Simmons b Rabada 16 (35b 0x4 0x6 61m) SR: 45.71"}, "commentPreTextItems": null, "commentTextItems": [{"type": "HTML", "html": "Simmons finally put out of his misery by a clever slower ball from Rabada at 119 kph. Fullish length legcutter on leg stump. Simmons backs away for another leg side heave, leg stump cartwheels backward. Simmons can walk off to meditate a bit on his 45.7 strike rate."}], "commentPostTextItems": null, "commentVideos": [], "commentImages": [], "events": [], "over": null, "batsmanStatText": null, "bowlerStatText": null, "smartStats": []}, {"_uid": 35078637, "id": 35078637, "inningNumber": 1, "ballsActual": null, "ballsUnique": null, "oversUnique": 13.03, "oversActual": 13.3, "overNumber": 14, "ballNumber": 3, "totalRuns": 2, "batsmanRuns": 2, "isFour": false, "isSix": false, "isWicket": false, "dismissalType": null, "byes": 0, "legbyes": 0, "wides": 0, "noballs": 0, "penalties": 0, "wagonX": 332, "wagonY": 220, "wagonZone": 3, "pitchLine": "ON_THE_STUMPS", "pitchLength": "FULL_TOSS", "shotType": "FLICK", "shotControl": 1, "timestamp": "2021-10-26T11:00:55.000Z", "modified": "2021-10-26T11:00:59.000Z", "batsmanPlayerId": 49040, "bowlerPlayerId": 67296, "outPlayerId": null, "totalInningRuns": 91, "totalInningWickets": 3, "predictions": {"score": 153, "winProbability": 40.55}, "title": "Rabada to Pollard", "dismissalText": null, "commentPreTextItems": [{"type": "HTML", "html": "Captain Pollard in at No. 5."}], "commentTextItems": [{"type": "HTML", "html": "full on the legs, flicks this flat to deep midwicket and they hustle a pair."}], "commentPostTextItems": null, "commentVideos": [], "commentImages": [], "events": [], "over": null, "batsmanStatText": null, "bowlerStatText": null, "smartStats": []}, {"_uid": 35078638, "id": 35078638, "inningNumber": 1, "ballsActual": null, "ballsUnique": null, "oversUnique": 13.04, "oversActual": 13.4, "overNumber": 14, "ballNumber": 4, "totalRuns": 1, "batsmanRuns": 1, "isFour": false, "isSix": false, "isWicket": false, "dismissalType": null, "byes": 0, "legbyes": 0, "wides": 0, "noballs": 0, "penalties": 0, "wagonX": 153, "wagonY": 194, "wagonZone": 5, "pitchLine": "OUTSIDE_OFFSTUMP", "pitchLength": "GOOD_LENGTH", "shotType": "PUSH", "shotControl": 1, "timestamp": "2021-10-26T11:01:24.000Z", "modified": "2021-10-26T11:01:28.000Z", "batsmanPlayerId": 49040, "bowlerPlayerId": 67296, "outPlayerId": null, "totalInningRuns": 92, "totalInningWickets": 3, "predictions": {"score": 152, "winProbability": 39.47}, "title": "Rabada to Pollard", "dismissalText": null, "commentPreTextItems": null, "commentTextItems": [{"type": "HTML", "html": "good length ball on fourth stump, tap and run into the covers."}], "commentPostTextItems": [{"type": "HTML", "html": "chandima: \"Poor bowling by Rabada. Taking Simmons wicket is not a ideal thing to do.\""}], "commentVideos": [], "commentImages": [], "events": [], "over": null, "batsmanStatText": null, "bowlerStatText": null, "smartStats": []}, {"_uid": 35078640, "id": 35078640, "inningNumber": 1, "ballsActual": null, "ballsUnique": null, "oversUnique": 13.05, "oversActual": 13.5, "overNumber": 14, "ballNumber": 5, "totalRuns": 1, "batsmanRuns": 1, "isFour": false, "isSix": false, "isWicket": false, "dismissalType": null, "byes": 0, "legbyes": 0, "wides": 0, "noballs": 0, "penalties": 0, "wagonX": 243, "wagonY": 130, "wagonZone": 2, "pitchLine": "ON_THE_STUMPS", "pitchLength": "SHORT_OF_A_GOOD_LENGTH", "shotType": "PUSH", "shotControl": 1, "timestamp": "2021-10-26T11:02:15.000Z", "modified": "2021-10-26T11:02:18.000Z", "batsmanPlayerId": 7568, "bowlerPlayerId": 67296, "outPlayerId": null, "totalInningRuns": 93, "totalInningWickets": 3, "predictions": {"score": 152, "winProbability": 39.47}, "title": "Rabada to Gayle", "dismissalText": null, "commentPreTextItems": null, "commentTextItems": [{"type": "HTML", "html": "good length ball on fourth stump, taps this into the covers for one."}], "commentPostTextItems": null, "commentVideos": [], "commentImages": [], "events": [], "over": null, "batsmanStatText": null, "bowlerStatText": null, "smartStats": []}, {"_uid": 35078642, "id": 35078642, "inningNumber": 1, "ballsActual": null, "ballsUnique": null, "oversUnique": 13.06, "oversActual": 13.6, "overNumber": 14, "ballNumber": 6, "totalRuns": 0, "batsmanRuns": 0, "isFour": false, "isSix": false, "isWicket": false, "dismissalType": null, "byes": 0, "legbyes": 0, "wides": 0, "noballs": 0, "penalties": 0, "wagonX": 138, "wagonY": 196, "wagonZone": 6, "pitchLine": "OUTSIDE_OFFSTUMP", "pitchLength": "GOOD_LENGTH", "shotType": "PUSH", "shotControl": 1, "timestamp": "2021-10-26T11:02:48.000Z", "modified": "2021-10-26T11:02:52.000Z", "batsmanPlayerId": 49040, "bowlerPlayerId": 67296, "outPlayerId": null, "totalInningRuns": 93, "totalInningWickets": 3, "predictions": {"score": 150, "winProbability": 37.33}, "title": "Rabada to Pollard", "dismissalText": null, "commentPreTextItems": null, "commentTextItems": [{"type": "HTML", "html": "good length ball on fifth stump, tries to tap and run into short cover but Rabada chases it down off his own bowling."}], "commentPostTextItems": null, "commentVideos": [], "commentImages": [], "events": [], "over": {"team": {"id": 4, "objectId": 4, "scribeId": 4, "slug": "west-indies", "name": "West Indies", "longName": "West Indies", "abbreviation": "WI", "unofficialName": "", "imageUrl": "/db/PICTURES/CMS/317600/317615.png", "isCountry": true, "primaryColor": "#790d1a", "image": {"id": 317615, "objectId": 1254181, "slug": "west-indies-team-logo", "url": "/db/PICTURES/CMS/317600/317615.png", "width": 500, "height": 500, "caption": "West Indies team logo", "longCaption": "West Indies team logo", "credit": "West Indies Cricket", "photographer": null, "peerUrls": null}, "country": {"id": 4, "objectId": 4, "name": "West Indies", "shortName": "West Indies", "abbreviation": "WI", "slug": "west-indies"}}, "inningNumber": 1, "overNumber": 14, "overRuns": 4, "overWickets": 1, "totalRuns": 93, "totalWickets": 3, "target": 0, "overLimit": 20, "ballLimit": 120, "isMaiden": false, "isComplete": true, "isSuperOver": false, "overEndBatsmen": [{"player": {"id": 49040, "objectId": 230559, "name": "KA Pollard", "longName": "Kieron Pollard", "mobileName": "Pollard", "indexName": "Pollard, KA", "battingName": "KA Pollard", "fieldingName": "Pollard", "slug": "kieron-pollard", "imageUrl": "/db/PICTURES/CMS/203300/203305.1.jpg", "headshotImageUrl": "/db/PICTURES/CMS/320100/320107.png", "dateOfBirth": {"year": 1987, "month": 5, "date": 12}, "dateOfDeath": null, "gender": "M", "battingStyles": ["rhb"], "bowlingStyles": ["rm"], "longBattingStyles": ["right-hand bat"], "longBowlingStyles": ["right-arm medium"], "image": {"id": 203305, "objectId": 818707, "slug": "kieron-pollard", "url": "/db/PICTURES/CMS/203300/203305.1.jpg", "width": 160, "height": 192, "caption": "Kieron Pollard", "longCaption": "Kieron Pollard", "credit": "Getty Images", "photographer": null, "peerUrls": null}, "countryTeamId": 4, "playerRoleTypeIds": [10], "playingRoles": ["batting allrounder"], "headshotImage": {"id": 320107, "objectId": 1260562, "slug": "kieron-pollard-player-page-headshot-cutout-2021", "url": "/db/PICTURES/CMS/320100/320107.png", "width": 600, "height": 436, "caption": "Kieron Pollard player page headshot cutout, 2021", "longCaption": "Kieron Pollard player page headshot cutout, 2021", "credit": null, "photographer": null, "peerUrls": {"FILM": null, "WIDE": null, "SQUARE": "/db/PICTURES/CMS/320100/320107.square.png"}}}, "runs": 3, "balls": 3, "fours": 0, "sixes": 0}, {"player": {"id": 7568, "objectId": 51880, "name": "CH Gayle", "longName": "Chris Gayle", "mobileName": "Gayle", "indexName": "Gayle, CH", "battingName": "CH Gayle", "fieldingName": "Gayle", "slug": "chris-gayle", "imageUrl": "/db/PICTURES/CMS/309000/309058.png", "headshotImageUrl": "/db/PICTURES/CMS/316400/316494.png", "dateOfBirth": {"year": 1979, "month": 9, "date": 21}, "dateOfDeath": null, "gender": "M", "battingStyles": ["lhb"], "bowlingStyles": ["ob"], "longBattingStyles": ["left-hand bat"], "longBowlingStyles": ["right-arm offbreak"], "image": {"id": 309058, "objectId": 1232572, "slug": "chris-gayle-portrait", "url": "/db/PICTURES/CMS/309000/309058.png", "width": 160, "height": 200, "caption": "Chris Gayle portrait", "longCaption": "Chris Gayle portrait, September 2020", "credit": "Getty Images", "photographer": null, "peerUrls": null}, "countryTeamId": 4, "playerRoleTypeIds": [5], "playingRoles": ["allrounder"], "headshotImage": {"id": 316494, "objectId": 1251123, "slug": "ch-gayle-headshot", "url": "/db/PICTURES/CMS/316400/316494.png", "width": 600, "height": 436, "caption": "CH Gayle headshot", "longCaption": "CH Gayle headshot", "credit": null, "photographer": null, "peerUrls": {"FILM": null, "WIDE": null, "SQUARE": null}}}, "runs": 2, "balls": 4, "fours": 0, "sixes": 0}], "overEndBowlers": [{"player": {"id": 67296, "objectId": 550215, "name": "K Rabada", "longName": "Kagiso Rabada", "mobileName": "Rabada", "indexName": "Rabada, K", "battingName": "K Rabada", "fieldingName": "Rabada", "slug": "kagiso-rabada", "imageUrl": "/db/PICTURES/CMS/317900/317954.jpg", "headshotImageUrl": "/db/PICTURES/CMS/320300/320376.png", "dateOfBirth": {"year": 1995, "month": 5, "date": 25}, "dateOfDeath": null, "gender": "M", "battingStyles": ["lhb"], "bowlingStyles": ["rf"], "longBattingStyles": ["left-hand bat"], "longBowlingStyles": ["right-arm fast"], "image": {"id": 317954, "objectId": 1254922, "slug": "kagiso-rabada-portrait", "url": "/db/PICTURES/CMS/317900/317954.jpg", "width": 160, "height": 200, "caption": "Kagiso Rabada portrait", "longCaption": "Kagiso Rabada portrait, November 19, 2020", "credit": "Cricket South Africa", "photographer": null, "peerUrls": null}, "countryTeamId": 3, "playerRoleTypeIds": [4], "playingRoles": ["bowler"], "headshotImage": {"id": 320376, "objectId": 1261170, "slug": "kagiso-rabada-player-page-headshot-cutout-2021", "url": "/db/PICTURES/CMS/320300/320376.png", "width": 600, "height": 436, "caption": "Kagiso Rabada player page headshot cutout, 2021", "longCaption": "Kagiso Rabada player page headshot cutout, 2021", "credit": null, "photographer": null, "peerUrls": {"FILM": null, "WIDE": null, "SQUARE": "/db/PICTURES/CMS/320300/320376.square.png"}}}, "overs": 3, "balls": 18, "maidens": 0, "conceded": 17, "wickets": 1, "currentType": 1}, {"player": {"id": 50309, "objectId": 267724, "name": "KA Maharaj", "longName": "Keshav Maharaj", "mobileName": "Maharaj", "indexName": "Maharaj, KA", "battingName": "KA Maharaj", "fieldingName": "Maharaj", "slug": "keshav-maharaj", "imageUrl": "/db/PICTURES/CMS/317900/317953.jpg", "headshotImageUrl": "/db/PICTURES/CMS/322000/322072.png", "dateOfBirth": {"year": 1990, "month": 2, "date": 7}, "dateOfDeath": null, "gender": "M", "battingStyles": ["rhb"], "bowlingStyles": ["sla"], "longBattingStyles": ["right-hand bat"], "longBowlingStyles": ["slow left-arm orthodox"], "image": {"id": 317953, "objectId": 1254921, "slug": "keshav-maharaj-portrait", "url": "/db/PICTURES/CMS/317900/317953.jpg", "width": 160, "height": 200, "caption": "Keshav Maharaj portrait", "longCaption": "Keshav Maharaj portrait, November 19, 2020", "credit": "Cricket South Africa", "photographer": null, "peerUrls": null}, "countryTeamId": 3, "playerRoleTypeIds": [4], "playingRoles": ["bowler"], "headshotImage": {"id": 322072, "objectId": 1264443, "slug": "keshav-maharaj-player-page-headshot-cutout-2021", "url": "/db/PICTURES/CMS/322000/322072.png", "width": 600, "height": 436, "caption": "Keshav Maharaj player page headshot cutout, 2021", "longCaption": "Keshav Maharaj player page headshot cutout, 2021", "credit": null, "photographer": null, "peerUrls": {"FILM": null, "WIDE": null, "SQUARE": "/db/PICTURES/CMS/322000/322072.square.png"}}}, "overs": 4, "balls": 24, "maidens": 0, "conceded": 24, "wickets": 2, "currentType": 2}], "rollover": null}, "batsmanStatText": null, "bowlerStatText": null, "smartStats": []}, {"_uid": 35078646, "id": 35078646, "inningNumber": 1, "ballsActual": null, "ballsUnique": null, "oversUnique": 14.01, "oversActual": 14.1, "overNumber": 15, "ballNumber": 1, "totalRuns": 0, "batsmanRuns": 0, "isFour": false, "isSix": false, "isWicket": false, "dismissalType": null, "byes": 0, "legbyes": 0, "wides": 0, "noballs": 0, "penalties": 0, "wagonX": 246, "wagonY": 146, "wagonZone": 2, "pitchLine": "ON_THE_STUMPS", "pitchLength": "GOOD_LENGTH", "shotType": "PUSH", "shotControl": 1, "timestamp": "2021-10-26T11:04:11.000Z", "modified": "2021-10-26T11:04:15.000Z", "batsmanPlayerId": 7568, "bowlerPlayerId": 63651, "outPlayerId": null, "totalInningRuns": 93, "totalInningWickets": 3, "predictions": {"score": 148, "winProbability": 35.25}, "title": "Nortje to Gayle", "dismissalText": null, "commentPreTextItems": [{"type": "HTML", "html": "Nortje returns."}], "commentTextItems": [{"type": "HTML", "html": "full on off at 123 kph, Gayle defends a slower ball into the covers."}], "commentPostTextItems": null, "commentVideos": [], "commentImages": [], "events": [], "over": null, "batsmanStatText": null, "bowlerStatText": null, "smartStats": []}, {"_uid": 35078649, "id": 35078649, "inningNumber": 1, "ballsActual": null, "ballsUnique": null, "oversUnique": 14.02, "oversActual": 14.2, "overNumber": 15, "ballNumber": 2, "totalRuns": 1, "batsmanRuns": 1, "isFour": false, "isSix": false, "isWicket": false, "dismissalType": null, "byes": 0, "legbyes": 0, "wides": 0, "noballs": 0, "penalties": 0, "wagonX": 145, "wagonY": 204, "wagonZone": 5, "pitchLine": "DOWN_LEG", "pitchLength": "SHORT_OF_A_GOOD_LENGTH", "shotType": "PUSH", "shotControl": 1, "timestamp": "2021-10-26T11:04:43.000Z", "modified": "2021-10-26T11:04:47.000Z", "batsmanPlayerId": 7568, "bowlerPlayerId": 63651, "outPlayerId": null, "totalInningRuns": 94, "totalInningWickets": 3, "predictions": {"score": 147, "winProbability": 34.22}, "title": "Nortje to Gayle", "dismissalText": null, "commentPreTextItems": null, "commentTextItems": [{"type": "HTML", "html": "good length ball into the legs at 143 kph, flicks this into the leg side gently for one."}], "commentPostTextItems": null, "commentVideos": [], "commentImages": [], "events": [], "over": null, "batsmanStatText": null, "bowlerStatText": null, "smartStats": []}, {"_uid": 35078651, "id": 35078651, "inningNumber": 1, "ballsActual": null, "ballsUnique": null, "oversUnique": 14.03, "oversActual": 14.3, "overNumber": 15, "ballNumber": 3, "totalRuns": 0, "batsmanRuns": 0, "isFour": false, "isSix": false, "isWicket": false, "dismissalType": null, "byes": 0, "legbyes": 0, "wides": 0, "noballs": 0, "penalties": 0, "wagonX": 184, "wagonY": 191, "wagonZone": 4, "pitchLine": "OUTSIDE_OFFSTUMP", "pitchLength": "GOOD_LENGTH", "shotType": "PUSH", "shotControl": 1, "timestamp": "2021-10-26T11:05:35.000Z", "modified": "2021-10-26T11:05:39.000Z", "batsmanPlayerId": 49040, "bowlerPlayerId": 63651, "outPlayerId": null, "totalInningRuns": 94, "totalInningWickets": 3, "predictions": {"score": 146, "winProbability": 33.22}, "title": "Nortje to Pollard", "dismissalText": null, "commentPreTextItems": null, "commentTextItems": [{"type": "HTML", "html": "good length ball on off stump, defended back to Nortje."}], "commentPostTextItems": null, "commentVideos": [], "commentImages": [], "events": [], "over": null, "batsmanStatText": null, "bowlerStatText": null, "smartStats": []}, {"_uid": 35078653, "id": 35078653, "inningNumber": 1, "ballsActual": null, "ballsUnique": null, "oversUnique": 14.04, "oversActual": 14.4, "overNumber": 15, "ballNumber": 4, "totalRuns": 0, "batsmanRuns": 0, "isFour": false, "isSix": false, "isWicket": false, "dismissalType": null, "byes": 0, "legbyes": 0, "wides": 0, "noballs": 0, "penalties": 0, "wagonX": 130, "wagonY": 137, "wagonZone": 7, "pitchLine": "OUTSIDE_OFFSTUMP", "pitchLength": "GOOD_LENGTH", "shotType": "SQUARE_DRIVE", "shotControl": 1, "timestamp": "2021-10-26T11:06:15.000Z", "modified": "2021-10-26T11:06:18.000Z", "batsmanPlayerId": 49040, "bowlerPlayerId": 63651, "outPlayerId": null, "totalInningRuns": 94, "totalInningWickets": 3, "predictions": {"score": 145, "winProbability": 32.22}, "title": "Nortje to Pollard", "dismissalText": null, "commentPreTextItems": null, "commentTextItems": [{"type": "HTML", "html": "fullish length ball on fifth stump, punched straight to backward point."}], "commentPostTextItems": null, "commentVideos": [], "commentImages": [], "events": [], "over": null, "batsmanStatText": null, "bowlerStatText": null, "smartStats": []}, {"_uid": 35078654, "id": 35078654, "inningNumber": 1, "ballsActual": null, "ballsUnique": null, "oversUnique": 14.05, "oversActual": 14.5, "overNumber": 15, "ballNumber": 5, "totalRuns": 1, "batsmanRuns": 1, "isFour": false, "isSix": false, "isWicket": false, "dismissalType": null, "byes": 0, "legbyes": 0, "wides": 0, "noballs": 0, "penalties": 0, "wagonX": 261, "wagonY": 311, "wagonZone": 4, "pitchLine": "OUTSIDE_OFFSTUMP", "pitchLength": "FULL_TOSS", "shotType": "ON_DRIVE", "shotControl": 1, "timestamp": "2021-10-26T11:06:53.000Z", "modified": "2021-10-26T11:06:56.000Z", "batsmanPlayerId": 49040, "bowlerPlayerId": 63651, "outPlayerId": null, "totalInningRuns": 95, "totalInningWickets": 3, "predictions": {"score": 143, "winProbability": 30.28}, "title": "Nortje to Pollard", "dismissalText": null, "commentPreTextItems": null, "commentTextItems": [{"type": "HTML", "html": "attempted yorker is a shin high full toss on off, flicked away for one."}], "commentPostTextItems": null, "commentVideos": [], "commentImages": [], "events": [], "over": null, "batsmanStatText": null, "bowlerStatText": null, "smartStats": []}, {"_uid": 35078656, "id": 35078656, "inningNumber": 1, "ballsActual": null, "ballsUnique": null, "oversUnique": 14.06, "oversActual": 14.6, "overNumber": 15, "ballNumber": 6, "totalRuns": 0, "batsmanRuns": 0, "isFour": false, "isSix": false, "isWicket": false, "dismissalType": null, "byes": 0, "legbyes": 0, "wides": 0, "noballs": 0, "penalties": 0, "wagonX": 239, "wagonY": 177, "wagonZone": 3, "pitchLine": "DOWN_LEG", "pitchLength": "SHORT_OF_A_GOOD_LENGTH", "shotType": "PUSH", "shotControl": 1, "timestamp": "2021-10-26T11:07:38.000Z", "modified": "2021-10-26T11:07:42.000Z", "batsmanPlayerId": 7568, "bowlerPlayerId": 63651, "outPlayerId": null, "totalInningRuns": 95, "totalInningWickets": 3, "predictions": {"score": 142, "winProbability": 29.33}, "title": "Nortje to Gayle", "dismissalText": null, "commentPreTextItems": null, "commentTextItems": [{"type": "HTML", "html": "good length ball on middle and off at 126 kph, slower ball guided behind point for one."}], "commentPostTextItems": [{"type": "HTML", "html": "Adarsh: \"Simmons's innings reminded me of Yuvraj in 2014 T20 World Cup final. No matter how great you are, sometimes it's just not your day.\""}], "commentVideos": [], "commentImages": [], "events": [], "over": {"team": {"id": 4, "objectId": 4, "scribeId": 4, "slug": "west-indies", "name": "West Indies", "longName": "West Indies", "abbreviation": "WI", "unofficialName": "", "imageUrl": "/db/PICTURES/CMS/317600/317615.png", "isCountry": true, "primaryColor": "#790d1a", "image": {"id": 317615, "objectId": 1254181, "slug": "west-indies-team-logo", "url": "/db/PICTURES/CMS/317600/317615.png", "width": 500, "height": 500, "caption": "West Indies team logo", "longCaption": "West Indies team logo", "credit": "West Indies Cricket", "photographer": null, "peerUrls": null}, "country": {"id": 4, "objectId": 4, "name": "West Indies", "shortName": "West Indies", "abbreviation": "WI", "slug": "west-indies"}}, "inningNumber": 1, "overNumber": 15, "overRuns": 2, "overWickets": 0, "totalRuns": 95, "totalWickets": 3, "target": 0, "overLimit": 20, "ballLimit": 120, "isMaiden": false, "isComplete": true, "isSuperOver": false, "overEndBatsmen": [{"player": {"id": 7568, "objectId": 51880, "name": "CH Gayle", "longName": "Chris Gayle", "mobileName": "Gayle", "indexName": "Gayle, CH", "battingName": "CH Gayle", "fieldingName": "Gayle", "slug": "chris-gayle", "imageUrl": "/db/PICTURES/CMS/309000/309058.png", "headshotImageUrl": "/db/PICTURES/CMS/316400/316494.png", "dateOfBirth": {"year": 1979, "month": 9, "date": 21}, "dateOfDeath": null, "gender": "M", "battingStyles": ["lhb"], "bowlingStyles": ["ob"], "longBattingStyles": ["left-hand bat"], "longBowlingStyles": ["right-arm offbreak"], "image": {"id": 309058, "objectId": 1232572, "slug": "chris-gayle-portrait", "url": "/db/PICTURES/CMS/309000/309058.png", "width": 160, "height": 200, "caption": "Chris Gayle portrait", "longCaption": "Chris Gayle portrait, September 2020", "credit": "Getty Images", "photographer": null, "peerUrls": null}, "countryTeamId": 4, "playerRoleTypeIds": [5], "playingRoles": ["allrounder"], "headshotImage": {"id": 316494, "objectId": 1251123, "slug": "ch-gayle-headshot", "url": "/db/PICTURES/CMS/316400/316494.png", "width": 600, "height": 436, "caption": "CH Gayle headshot", "longCaption": "CH Gayle headshot", "credit": null, "photographer": null, "peerUrls": {"FILM": null, "WIDE": null, "SQUARE": null}}}, "runs": 3, "balls": 7, "fours": 0, "sixes": 0}, {"player": {"id": 49040, "objectId": 230559, "name": "KA Pollard", "longName": "Kieron Pollard", "mobileName": "Pollard", "indexName": "Pollard, KA", "battingName": "KA Pollard", "fieldingName": "Pollard", "slug": "kieron-pollard", "imageUrl": "/db/PICTURES/CMS/203300/203305.1.jpg", "headshotImageUrl": "/db/PICTURES/CMS/320100/320107.png", "dateOfBirth": {"year": 1987, "month": 5, "date": 12}, "dateOfDeath": null, "gender": "M", "battingStyles": ["rhb"], "bowlingStyles": ["rm"], "longBattingStyles": ["right-hand bat"], "longBowlingStyles": ["right-arm medium"], "image": {"id": 203305, "objectId": 818707, "slug": "kieron-pollard", "url": "/db/PICTURES/CMS/203300/203305.1.jpg", "width": 160, "height": 192, "caption": "Kieron Pollard", "longCaption": "Kieron Pollard", "credit": "Getty Images", "photographer": null, "peerUrls": null}, "countryTeamId": 4, "playerRoleTypeIds": [10], "playingRoles": ["batting allrounder"], "headshotImage": {"id": 320107, "objectId": 1260562, "slug": "kieron-pollard-player-page-headshot-cutout-2021", "url": "/db/PICTURES/CMS/320100/320107.png", "width": 600, "height": 436, "caption": "Kieron Pollard player page headshot cutout, 2021", "longCaption": "Kieron Pollard player page headshot cutout, 2021", "credit": null, "photographer": null, "peerUrls": {"FILM": null, "WIDE": null, "SQUARE": "/db/PICTURES/CMS/320100/320107.square.png"}}}, "runs": 4, "balls": 6, "fours": 0, "sixes": 0}], "overEndBowlers": [{"player": {"id": 63651, "objectId": 481979, "name": "A Nortje", "longName": "Anrich Nortje", "mobileName": "Nortje", "indexName": "Nortje, A", "battingName": "A Nortje", "fieldingName": "Nortje", "slug": "anrich-nortje", "imageUrl": "/db/PICTURES/CMS/317900/317968.jpg", "headshotImageUrl": "/db/PICTURES/CMS/322000/322080.png", "dateOfBirth": {"year": 1993, "month": 11, "date": 16}, "dateOfDeath": null, "gender": "M", "battingStyles": ["rhb"], "bowlingStyles": ["rf"], "longBattingStyles": ["right-hand bat"], "longBowlingStyles": ["right-arm fast"], "image": {"id": 317968, "objectId": 1254936, "slug": "anrich-nortje-portrait", "url": "/db/PICTURES/CMS/317900/317968.jpg", "width": 160, "height": 200, "caption": "Anrich Nortje portrait", "longCaption": "Anrich Nortje portrait, November 19, 2020", "credit": "Cricket South Africa", "photographer": null, "peerUrls": null}, "countryTeamId": 3, "playerRoleTypeIds": [4], "playingRoles": ["bowler"], "headshotImage": {"id": 322080, "objectId": 1264454, "slug": "anrich-nortje-player-page-headshot-cutout-2021", "url": "/db/PICTURES/CMS/322000/322080.png", "width": 600, "height": 436, "caption": "Anrich Nortje player page headshot cutout, 2021", "longCaption": "Anrich Nortje player page headshot cutout, 2021", "credit": null, "photographer": null, "peerUrls": {"FILM": null, "WIDE": null, "SQUARE": "/db/PICTURES/CMS/322000/322080.square.png"}}}, "overs": 3, "balls": 18, "maidens": 0, "conceded": 9, "wickets": 0, "currentType": 1}, {"player": {"id": 67296, "objectId": 550215, "name": "K Rabada", "longName": "Kagiso Rabada", "mobileName": "Rabada", "indexName": "Rabada, K", "battingName": "K Rabada", "fieldingName": "Rabada", "slug": "kagiso-rabada", "imageUrl": "/db/PICTURES/CMS/317900/317954.jpg", "headshotImageUrl": "/db/PICTURES/CMS/320300/320376.png", "dateOfBirth": {"year": 1995, "month": 5, "date": 25}, "dateOfDeath": null, "gender": "M", "battingStyles": ["lhb"], "bowlingStyles": ["rf"], "longBattingStyles": ["left-hand bat"], "longBowlingStyles": ["right-arm fast"], "image": {"id": 317954, "objectId": 1254922, "slug": "kagiso-rabada-portrait", "url": "/db/PICTURES/CMS/317900/317954.jpg", "width": 160, "height": 200, "caption": "Kagiso Rabada portrait", "longCaption": "Kagiso Rabada portrait, November 19, 2020", "credit": "Cricket South Africa", "photographer": null, "peerUrls": null}, "countryTeamId": 3, "playerRoleTypeIds": [4], "playingRoles": ["bowler"], "headshotImage": {"id": 320376, "objectId": 1261170, "slug": "kagiso-rabada-player-page-headshot-cutout-2021", "url": "/db/PICTURES/CMS/320300/320376.png", "width": 600, "height": 436, "caption": "Kagiso Rabada player page headshot cutout, 2021", "longCaption": "Kagiso Rabada player page headshot cutout, 2021", "credit": null, "photographer": null, "peerUrls": {"FILM": null, "WIDE": null, "SQUARE": "/db/PICTURES/CMS/320300/320376.square.png"}}}, "overs": 3, "balls": 18, "maidens": 0, "conceded": 17, "wickets": 1, "currentType": 2}], "rollover": null}, "batsmanStatText": null, "bowlerStatText": null, "smartStats": []}]