[{"_uid": 35054635, "id": 35054635, "inningNumber": 1, "ballsActual": null, "ballsUnique": null, "oversUnique": 17.01, "oversActual": 17.1, "overNumber": 18, "ballNumber": 1, "totalRuns": 1, "batsmanRuns": 0, "isFour": false, "isSix": false, "isWicket": false, "dismissalType": null, "byes": 0, "legbyes": 0, "wides": 1, "noballs": 0, "penalties": 0, "wagonX": 0, "wagonY": 0, "wagonZone": 0, "pitchLine": "OUTSIDE_OFFSTUMP", "pitchLength": "SHORT_OF_A_GOOD_LENGTH", "shotType": "LEFT_ALONE", "shotControl": 1, "timestamp": "2021-10-21T11:28:14.000Z", "modified": "2021-10-21T11:28:18.000Z", "batsmanPlayerId": 87075, "bowlerPlayerId": 101285, "outPlayerId": null, "totalInningRuns": 143, "totalInningWickets": 4, "predictions": {"score": 172, "winProbability": 65.48}, "title": "Ravu to Afif", "dismissalText": null, "commentPreTextItems": [{"type": "HTML", "html": "Jamil : \"Captain Mahmudullah Silently carrying team by maintaining 170 SR... Weldone CAPTAIN \""}], "commentTextItems": [{"type": "HTML", "html": "full and wide outside off, just past the marker and called wide"}], "commentPostTextItems": null, "commentVideos": [], "commentImages": [], "events": [], "over": null, "batsmanStatText": null, "bowlerStatText": null, "smartStats": []}, {"_uid": 35054641, "id": 35054641, "inningNumber": 1, "ballsActual": null, "ballsUnique": null, "oversUnique": 17.02, "oversActual": 17.1, "overNumber": 18, "ballNumber": 2, "totalRuns": 1, "batsmanRuns": 1, "isFour": false, "isSix": false, "isWicket": false, "dismissalType": null, "byes": 0, "legbyes": 0, "wides": 0, "noballs": 0, "penalties": 0, "wagonX": 56, "wagonY": 202, "wagonZone": 6, "pitchLine": "ON_THE_STUMPS", "pitchLength": "SHORT_OF_A_GOOD_LENGTH", "shotType": "PULL", "shotControl": 1, "timestamp": "2021-10-21T11:28:47.000Z", "modified": "2021-10-21T11:28:50.000Z", "batsmanPlayerId": 87075, "bowlerPlayerId": 101285, "outPlayerId": null, "totalInningRuns": 144, "totalInningWickets": 4, "predictions": {"score": 171, "winProbability": 64.51}, "title": "Ravu to Afif", "dismissalText": null, "commentPreTextItems": null, "commentTextItems": [{"type": "HTML", "html": "at the stumps and swung away towards deep midwicket"}], "commentPostTextItems": null, "commentVideos": [], "commentImages": [], "events": [], "over": null, "batsmanStatText": null, "bowlerStatText": null, "smartStats": []}, {"_uid": 35054655, "id": 35054655, "inningNumber": 1, "ballsActual": null, "ballsUnique": null, "oversUnique": 17.03, "oversActual": 17.2, "overNumber": 18, "ballNumber": 3, "totalRuns": 0, "batsmanRuns": 0, "isFour": false, "isSix": false, "isWicket": true, "dismissalType": 1, "byes": 0, "legbyes": 0, "wides": 0, "noballs": 0, "penalties": 0, "wagonX": 332, "wagonY": 104, "wagonZone": 2, "pitchLine": "ON_THE_STUMPS", "pitchLength": "FULL_TOSS", "shotType": "PULL", "shotControl": 2, "timestamp": "2021-10-21T11:31:16.000Z", "modified": "2021-10-21T11:31:20.000Z", "batsmanPlayerId": 47352, "bowlerPlayerId": 101285, "outPlayerId": 47352, "totalInningRuns": 144, "totalInningWickets": 5, "predictions": {"score": 167, "winProbability": 60.51}, "title": "Ravu to Mahmudullah", "dismissalText": {"short": "caught", "long": "c Soper b Ravu", "commentary": "Mahmudullah c Soper b Ravu 50 (28b 3x4 3x6 37m) SR: 178.57"}, "commentPreTextItems": null, "commentTextItems": [{"type": "HTML", "html": "<b>we're going upstairs to check for no-ball.</b> On height. It's a high full toss at leg stump, Mahmudullah is backing away as he swishes this into the leg side. He ends up hitting it to Chad Soper at deep square leg. Third umpire has a look at it, it's thigh height, so well under the waist. <B>But the screen flashes not-out</b> before they make amends and confirm Mahmudullah's innings is over. A complete gamechanger from the captain and he goes off with a smile at all that's just happened"}], "commentPostTextItems": null, "commentVideos": [], "commentImages": [], "events": [], "over": null, "batsmanStatText": null, "bowlerStatText": null, "smartStats": []}, {"_uid": 35054666, "id": 35054666, "inningNumber": 1, "ballsActual": null, "ballsUnique": null, "oversUnique": 17.04, "oversActual": 17.3, "overNumber": 18, "ballNumber": 4, "totalRuns": 4, "batsmanRuns": 4, "isFour": true, "isSix": false, "isWicket": false, "dismissalType": null, "byes": 0, "legbyes": 0, "wides": 0, "noballs": 0, "penalties": 0, "wagonX": 315, "wagonY": 79, "wagonZone": 2, "pitchLine": "WIDE_OUTSIDE_OFFSTUMP", "pitchLength": "FULL", "shotType": "CUT_SHOT", "shotControl": 2, "timestamp": "2021-10-21T11:32:38.000Z", "modified": "2021-10-21T11:32:41.000Z", "batsmanPlayerId": 87075, "bowlerPlayerId": 101285, "outPlayerId": null, "totalInningRuns": 148, "totalInningWickets": 5, "predictions": {"score": 172, "winProbability": 65.48}, "title": "Ravu to Afif", "dismissalText": null, "commentPreTextItems": null, "commentTextItems": [{"type": "HTML", "html": "full and wide outside off, reaches out and has a slash at that. Gets a thick outside edge for his efforts that rolls fine of short third"}], "commentPostTextItems": null, "commentVideos": [], "commentImages": [], "events": [], "over": null, "batsmanStatText": null, "bowlerStatText": null, "smartStats": []}, {"_uid": 35054670, "id": 35054670, "inningNumber": 1, "ballsActual": null, "ballsUnique": null, "oversUnique": 17.05, "oversActual": 17.4, "overNumber": 18, "ballNumber": 5, "totalRuns": 4, "batsmanRuns": 4, "isFour": true, "isSix": false, "isWicket": false, "dismissalType": null, "byes": 0, "legbyes": 0, "wides": 0, "noballs": 0, "penalties": 0, "wagonX": 175, "wagonY": 12, "wagonZone": 8, "pitchLine": "ON_THE_STUMPS", "pitchLength": "GOOD_LENGTH", "shotType": null, "shotControl": 1, "timestamp": "2021-10-21T11:33:35.000Z", "modified": "2021-10-21T11:33:39.000Z", "batsmanPlayerId": 87075, "bowlerPlayerId": 101285, "outPlayerId": null, "totalInningRuns": 152, "totalInningWickets": 5, "predictions": {"score": 174, "winProbability": 67.37}, "title": "Ravu to Afif", "dismissalText": null, "commentPreTextItems": null, "commentTextItems": [{"type": "HTML", "html": "smartly put away. Short of a length and rising at middle stump, shuffles into the off side and uses the rise on the ball to ramp it over the keeper"}], "commentPostTextItems": null, "commentVideos": [], "commentImages": [], "events": [], "over": null, "batsmanStatText": null, "bowlerStatText": null, "smartStats": []}, {"_uid": 35054675, "id": 35054675, "inningNumber": 1, "ballsActual": null, "ballsUnique": null, "oversUnique": 17.06, "oversActual": 17.5, "overNumber": 18, "ballNumber": 6, "totalRuns": 1, "batsmanRuns": 1, "isFour": false, "isSix": false, "isWicket": false, "dismissalType": null, "byes": 0, "legbyes": 0, "wides": 0, "noballs": 0, "penalties": 0, "wagonX": 271, "wagonY": 291, "wagonZone": 4, "pitchLine": "OUTSIDE_OFFSTUMP", "pitchLength": "FULL", "shotType": "ON_DRIVE", "shotControl": 1, "timestamp": "2021-10-21T11:34:16.000Z", "modified": "2021-10-21T11:34:20.000Z", "batsmanPlayerId": 87075, "bowlerPlayerId": 101285, "outPlayerId": null, "totalInningRuns": 153, "totalInningWickets": 5, "predictions": {"score": 174, "winProbability": 67.37}, "title": "Ravu to Afif", "dismissalText": null, "commentPreTextItems": null, "commentTextItems": [{"type": "HTML", "html": "full and just outside off, driven along the floor to long-off"}], "commentPostTextItems": null, "commentVideos": [], "commentImages": [], "events": [], "over": null, "batsmanStatText": null, "bowlerStatText": null, "smartStats": []}, {"_uid": 35054682, "id": 35054682, "inningNumber": 1, "ballsActual": null, "ballsUnique": null, "oversUnique": 17.07, "oversActual": 17.6, "overNumber": 18, "ballNumber": 7, "totalRuns": 0, "batsmanRuns": 0, "isFour": false, "isSix": false, "isWicket": true, "dismissalType": 1, "byes": 0, "legbyes": 0, "wides": 0, "noballs": 0, "penalties": 0, "wagonX": 135, "wagonY": 132, "wagonZone": 7, "pitchLine": "OUTSIDE_OFFSTUMP", "pitchLength": "SHORT_OF_A_GOOD_LENGTH", "shotType": "CUT_SHOT", "shotControl": 2, "timestamp": "2021-10-21T11:36:14.000Z", "modified": "2021-10-21T11:36:17.000Z", "batsmanPlayerId": 60030, "bowlerPlayerId": 101285, "outPlayerId": 60030, "totalInningRuns": 153, "totalInningWickets": 6, "predictions": {"score": 172, "winProbability": 65.48}, "title": "Ravu to Nurul", "dismissalText": {"short": "caught", "long": "c Bau b Ravu", "commentary": "Nurul Hasan c Bau b Ravu 0 (1b 0x4 0x6 5m) SR: 0"}, "commentPreTextItems": null, "commentTextItems": [{"type": "HTML", "html": "<b>stabbed straight to short third!</b> Short and wide outside off, nice pace to attempt the shot that Nurul just has. But there isn't enough pace on it and it's an easy one for the fielder"}], "commentPostTextItems": [{"type": "HTML", "html": "Rutul shah: \"Thanks for the reply VarunI use the iphone app and its not showing! Next to the dark mode icon there's only the notification icon. Wish I could share the screenshot. Anyways please let the team know if there's any bugs.. my app version is up to date, just checked. Thank you once again!\" ---- Just been informed by the product team that it is available only on Android at the moment. For iOS - you can download the scores and news widgets for now."}], "commentVideos": [], "commentImages": [], "events": [], "over": {"team": {"id": 25, "objectId": 25, "scribeId": 25, "slug": "bangladesh", "name": "Bangladesh", "longName": "Bangladesh", "abbreviation": "BAN", "unofficialName": "", "imageUrl": "/db/PICTURES/CMS/341400/341456.png", "isCountry": true, "primaryColor": "#ed3507", "image": {"id": 341456, "objectId": 1321180, "slug": "bangladesh-latest-team-flag", "url": "/db/PICTURES/CMS/341400/341456.png", "width": 500, "height": 500, "caption": "Bangladesh latest-team flag", "longCaption": "Bangladesh latest-team flag", "credit": "Getty Images", "photographer": null, "peerUrls": null}, "country": {"id": 25, "objectId": 25, "name": "Bangladesh", "shortName": "Bangladesh", "abbreviation": "BAN", "slug": "bangladesh"}}, "inningNumber": 1, "overNumber": 18, "overRuns": 11, "overWickets": 2, "totalRuns": 153, "totalWickets": 6, "target": 0, "overLimit": 20, "ballLimit": 120, "isMaiden": false, "isComplete": true, "isSuperOver": false, "overEndBatsmen": [{"player": {"id": 87075, "objectId": 935995, "name": "Afif Hossain", "longName": "Afif Hossain", "mobileName": "Afif", "indexName": "Afif Hossain", "battingName": "Afif Hossain", "fieldingName": "Afif Hossain", "slug": "afif-hossain", "imageUrl": "/db/PICTURES/CMS/306000/306068.1.jpg", "headshotImageUrl": "/db/PICTURES/CMS/323100/323159.png", "dateOfBirth": {"year": 1999, "month": 9, "date": 22}, "dateOfDeath": null, "gender": "M", "battingStyles": ["lhb"], "bowlingStyles": ["ob"], "longBattingStyles": ["left-hand bat"], "longBowlingStyles": ["right-arm offbreak"], "image": {"id": 306068, "objectId": 1226197, "slug": "afif-hossain-player-portrait", "url": "/db/PICTURES/CMS/306000/306068.1.jpg", "width": 160, "height": 203, "caption": "Afif Hossain player portrait", "longCaption": "Afif Hossain player portrait", "credit": "Unknown", "photographer": null, "peerUrls": null}, "countryTeamId": 25, "playerRoleTypeIds": [5], "playingRoles": ["allrounder"], "headshotImage": {"id": 323159, "objectId": 1266407, "slug": "afif-hossain-player-page-headshot-cutout-2021", "url": "/db/PICTURES/CMS/323100/323159.png", "width": 600, "height": 436, "caption": "Afif Hossain player page headshot cutout, 2021", "longCaption": "Afif Hossain player page headshot cutout, 2021", "credit": null, "photographer": null, "peerUrls": {"FILM": null, "WIDE": null, "SQUARE": "/db/PICTURES/CMS/323100/323159.square.png"}}}, "runs": 15, "balls": 10, "fours": 2, "sixes": 0}], "overEndBowlers": [{"player": {"id": 101285, "objectId": 1122557, "name": "D Ravu", "longName": "Damien Ravu", "mobileName": "Ravu", "indexName": "Ravu, D", "battingName": "D Ravu", "fieldingName": "Ravu", "slug": "damien-ravu", "imageUrl": "/db/PICTURES/CMS/321100/321140.png", "headshotImageUrl": "/db/PICTURES/CMS/321100/321140.png", "dateOfBirth": {"year": 1994, "month": 5, "date": 3}, "dateOfDeath": null, "gender": "M", "battingStyles": ["rhb"], "bowlingStyles": ["rmf"], "longBattingStyles": ["right-hand bat"], "longBowlingStyles": ["right-arm medium-fast"], "image": {"id": 321140, "objectId": 1262668, "slug": "damien-apa-ravu-player-page-headshot-cutout-2021", "url": "/db/PICTURES/CMS/321100/321140.png", "width": 600, "height": 436, "caption": "Damien Apa Ravu player page headshot cutout, 2021", "longCaption": "Damien Apa Ravu player page headshot cutout, 2021", "credit": null, "photographer": null, "peerUrls": null}, "countryTeamId": 20, "playerRoleTypeIds": [4], "playingRoles": ["bowler"], "headshotImage": {"id": 321140, "objectId": 1262668, "slug": "damien-apa-ravu-player-page-headshot-cutout-2021", "url": "/db/PICTURES/CMS/321100/321140.png", "width": 600, "height": 436, "caption": "Damien Apa Ravu player page headshot cutout, 2021", "longCaption": "Damien Apa Ravu player page headshot cutout, 2021", "credit": null, "photographer": null, "peerUrls": {"FILM": null, "WIDE": null, "SQUARE": "/db/PICTURES/CMS/321100/321140.square.png"}}}, "overs": 4, "balls": 24, "maidens": 0, "conceded": 40, "wickets": 2, "currentType": 1}, {"player": {"id": 68066, "objectId": 574287, "name": "CA Soper", "longName": "Chad Soper", "mobileName": "Soper", "indexName": "Soper, CA", "battingName": "CA Soper", "fieldingName": "Soper", "slug": "chad-soper", "imageUrl": "/db/PICTURES/CMS/148200/148220.jpg", "headshotImageUrl": "/db/PICTURES/CMS/321100/321137.png", "dateOfBirth": {"year": 1991, "month": 11, "date": 19}, "dateOfDeath": null, "gender": "M", "battingStyles": ["rhb"], "bowlingStyles": ["rmf"], "longBattingStyles": ["right-hand bat"], "longBowlingStyles": ["right-arm medium-fast"], "image": {"id": 148220, "objectId": 575907, "slug": "chad-soper", "url": "/db/PICTURES/CMS/148200/148220.jpg", "width": 160, "height": 206, "caption": "Chad Soper", "longCaption": "Chad Soper, player portrait, August 6, 2012", "credit": "Getty Images", "photographer": null, "peerUrls": null}, "countryTeamId": 20, "playerRoleTypeIds": [4], "playingRoles": ["bowler"], "headshotImage": {"id": 321137, "objectId": 1262665, "slug": "chad-aiwati-soper-player-page-headshot-cutout-2021", "url": "/db/PICTURES/CMS/321100/321137.png", "width": 600, "height": 436, "caption": "Chad Aiwati Soper player page headshot cutout, 2021", "longCaption": "Chad Aiwati Soper player page headshot cutout, 2021", "credit": null, "photographer": null, "peerUrls": {"FILM": null, "WIDE": null, "SQUARE": "/db/PICTURES/CMS/321100/321137.square.png"}}}, "overs": 3, "balls": 18, "maidens": 0, "conceded": 33, "wickets": 0, "currentType": 2}], "rollover": null}, "batsmanStatText": null, "bowlerStatText": null, "smartStats": []}, {"_uid": 35054690, "id": 35054690, "inningNumber": 1, "ballsActual": null, "ballsUnique": null, "oversUnique": 18.01, "oversActual": 18.1, "overNumber": 19, "ballNumber": 1, "totalRuns": 1, "batsmanRuns": 1, "isFour": false, "isSix": false, "isWicket": false, "dismissalType": null, "byes": 0, "legbyes": 0, "wides": 0, "noballs": 0, "penalties": 0, "wagonX": 121, "wagonY": 313, "wagonZone": 5, "pitchLine": "OUTSIDE_OFFSTUMP", "pitchLength": "GOOD_LENGTH", "shotType": "SLOG_SHOT", "shotControl": 2, "timestamp": "2021-10-21T11:37:08.000Z", "modified": "2021-10-21T11:37:11.000Z", "batsmanPlayerId": 87075, "bowlerPlayerId": 65889, "outPlayerId": null, "totalInningRuns": 154, "totalInningWickets": 6, "predictions": {"score": 171, "winProbability": 64.51}, "title": "Morea to Afif", "dismissalText": null, "commentPreTextItems": null, "commentTextItems": [{"type": "HTML", "html": "length and at the stumps, walks down at it and miscues it towards the straight boundary"}], "commentPostTextItems": null, "commentVideos": [], "commentImages": [], "events": [], "over": null, "batsmanStatText": null, "bowlerStatText": null, "smartStats": []}, {"_uid": 35054694, "id": 35054694, "inningNumber": 1, "ballsActual": null, "ballsUnique": null, "oversUnique": 18.02, "oversActual": 18.2, "overNumber": 19, "ballNumber": 2, "totalRuns": 1, "batsmanRuns": 1, "isFour": false, "isSix": false, "isWicket": false, "dismissalType": null, "byes": 0, "legbyes": 0, "wides": 0, "noballs": 0, "penalties": 0, "wagonX": 240, "wagonY": 190, "wagonZone": 3, "pitchLine": "OUTSIDE_OFFSTUMP", "pitchLength": "GOOD_LENGTH", "shotType": "PUSH", "shotControl": 1, "timestamp": "2021-10-21T11:37:35.000Z", "modified": "2021-10-21T11:37:39.000Z", "batsmanPlayerId": 70884, "bowlerPlayerId": 65889, "outPlayerId": null, "totalInningRuns": 155, "totalInningWickets": 6, "predictions": {"score": 171, "winProbability": 64.51}, "title": "Morea to Saifuddin", "dismissalText": null, "commentPreTextItems": null, "commentTextItems": [{"type": "HTML", "html": "good length and just outside off, dabbed into the covers with soft hands"}], "commentPostTextItems": null, "commentVideos": [], "commentImages": [], "events": [], "over": null, "batsmanStatText": null, "bowlerStatText": null, "smartStats": []}, {"_uid": 35054698, "id": 35054698, "inningNumber": 1, "ballsActual": null, "ballsUnique": null, "oversUnique": 18.03, "oversActual": 18.3, "overNumber": 19, "ballNumber": 3, "totalRuns": 1, "batsmanRuns": 1, "isFour": false, "isSix": false, "isWicket": false, "dismissalType": null, "byes": 0, "legbyes": 0, "wides": 0, "noballs": 0, "penalties": 0, "wagonX": 40, "wagonY": 243, "wagonZone": 6, "pitchLine": "OUTSIDE_OFFSTUMP", "pitchLength": "SHORT_OF_A_GOOD_LENGTH", "shotType": "PULL", "shotControl": 1, "timestamp": "2021-10-21T11:38:09.000Z", "modified": "2021-10-21T11:38:12.000Z", "batsmanPlayerId": 87075, "bowlerPlayerId": 65889, "outPlayerId": null, "totalInningRuns": 156, "totalInningWickets": 6, "predictions": {"score": 170, "winProbability": 63.53}, "title": "Morea to Afif", "dismissalText": null, "commentPreTextItems": null, "commentTextItems": [{"type": "HTML", "html": "good connection but only one. Length ball, slower, outside off and he walks into the line and swipes across this. Picked up on the bounce by long-on to his left"}], "commentPostTextItems": null, "commentVideos": [], "commentImages": [], "events": [], "over": null, "batsmanStatText": null, "bowlerStatText": null, "smartStats": []}, {"_uid": 35054702, "id": 35054702, "inningNumber": 1, "ballsActual": null, "ballsUnique": null, "oversUnique": 18.04, "oversActual": 18.4, "overNumber": 19, "ballNumber": 4, "totalRuns": 1, "batsmanRuns": 1, "isFour": false, "isSix": false, "isWicket": false, "dismissalType": null, "byes": 0, "legbyes": 0, "wides": 0, "noballs": 0, "penalties": 0, "wagonX": 105, "wagonY": 194, "wagonZone": 6, "pitchLine": "ON_THE_STUMPS", "pitchLength": "GOOD_LENGTH", "shotType": "FLICK", "shotControl": 1, "timestamp": "2021-10-21T11:38:42.000Z", "modified": "2021-10-21T11:38:46.000Z", "batsmanPlayerId": 70884, "bowlerPlayerId": 65889, "outPlayerId": null, "totalInningRuns": 157, "totalInningWickets": 6, "predictions": {"score": 170, "winProbability": 63.53}, "title": "Morea to Saifuddin", "dismissalText": null, "commentPreTextItems": null, "commentTextItems": [{"type": "HTML", "html": "slower ball at a length outside off, shuffles and clips into vacant square leg"}], "commentPostTextItems": null, "commentVideos": [], "commentImages": [], "events": [], "over": null, "batsmanStatText": null, "bowlerStatText": null, "smartStats": []}, {"_uid": 35054705, "id": 35054705, "inningNumber": 1, "ballsActual": null, "ballsUnique": null, "oversUnique": 18.05, "oversActual": 18.5, "overNumber": 19, "ballNumber": 5, "totalRuns": 4, "batsmanRuns": 4, "isFour": true, "isSix": false, "isWicket": false, "dismissalType": null, "byes": 0, "legbyes": 0, "wides": 0, "noballs": 0, "penalties": 0, "wagonX": 23, "wagonY": 108, "wagonZone": 7, "pitchLine": "DOWN_LEG", "pitchLength": "FULL", "shotType": "FLICK", "shotControl": 1, "timestamp": "2021-10-21T11:39:15.000Z", "modified": "2021-10-21T11:39:19.000Z", "batsmanPlayerId": 87075, "bowlerPlayerId": 65889, "outPlayerId": null, "totalInningRuns": 161, "totalInningWickets": 6, "predictions": {"score": 172, "winProbability": 65.48}, "title": "Morea to Afif", "dismissalText": null, "commentPreTextItems": null, "commentTextItems": [{"type": "HTML", "html": "oh poor ball. Overpitched and on the pads, with fine leg inside. Afif clips it away gratefully to the long leg boundary"}], "commentPostTextItems": null, "commentVideos": [], "commentImages": [], "events": [], "over": null, "batsmanStatText": null, "bowlerStatText": null, "smartStats": []}, {"_uid": 35054708, "id": 35054708, "inningNumber": 1, "ballsActual": null, "ballsUnique": null, "oversUnique": 18.06, "oversActual": 18.6, "overNumber": 19, "ballNumber": 6, "totalRuns": 0, "batsmanRuns": 0, "isFour": false, "isSix": false, "isWicket": true, "dismissalType": 1, "byes": 0, "legbyes": 0, "wides": 0, "noballs": 0, "penalties": 0, "wagonX": 127, "wagonY": 197, "wagonZone": 6, "pitchLine": "OUTSIDE_OFFSTUMP", "pitchLength": "FULL", "shotType": "SLOG_SHOT", "shotControl": 2, "timestamp": "2021-10-21T11:40:19.000Z", "modified": "2021-10-21T11:40:22.000Z", "batsmanPlayerId": 87075, "bowlerPlayerId": 65889, "outPlayerId": 87075, "totalInningRuns": 161, "totalInningWickets": 7, "predictions": {"score": 170, "winProbability": 63.53}, "title": "Morea to Afif", "dismissalText": {"short": "caught", "long": "c Ravu b Morea", "commentary": "Afif Hossain c Ravu b Morea 21 (14b 3x4 0x6 32m) SR: 150"}, "commentPreTextItems": null, "commentTextItems": [{"type": "HTML", "html": "<b>another superb catch!</b> What a joy it's been to watch them catch today. This is full and dipping outside off. He gets down on a knee for the slog sweep and gets a good connection on it. But he's too far under it and has absolutely skied it. Ravu runs in from the long midwicket boundary and stays stable enough that he can cover for the swerve - and it swerves gradually to his right and behind. He manages to keep his eye on it and dive about two yards to hold on"}], "commentPostTextItems": [{"type": "HTML", "html": "Andy: \"The PNG catching is out of this world!!! WOW!! \""}], "commentVideos": [], "commentImages": [], "events": [], "over": {"team": {"id": 25, "objectId": 25, "scribeId": 25, "slug": "bangladesh", "name": "Bangladesh", "longName": "Bangladesh", "abbreviation": "BAN", "unofficialName": "", "imageUrl": "/db/PICTURES/CMS/341400/341456.png", "isCountry": true, "primaryColor": "#ed3507", "image": {"id": 341456, "objectId": 1321180, "slug": "bangladesh-latest-team-flag", "url": "/db/PICTURES/CMS/341400/341456.png", "width": 500, "height": 500, "caption": "Bangladesh latest-team flag", "longCaption": "Bangladesh latest-team flag", "credit": "Getty Images", "photographer": null, "peerUrls": null}, "country": {"id": 25, "objectId": 25, "name": "Bangladesh", "shortName": "Bangladesh", "abbreviation": "BAN", "slug": "bangladesh"}}, "inningNumber": 1, "overNumber": 19, "overRuns": 8, "overWickets": 1, "totalRuns": 161, "totalWickets": 7, "target": 0, "overLimit": 20, "ballLimit": 120, "isMaiden": false, "isComplete": true, "isSuperOver": false, "overEndBatsmen": [{"player": {"id": 70884, "objectId": 629070, "name": "Mohammad Saifuddin", "longName": "Mohammad Saifuddin", "mobileName": "Saifuddin", "indexName": "Mohammad Saifuddin", "battingName": "Mohammad Saifuddin", "fieldingName": "Mohammad Saifuddin", "slug": "mohammad-saifuddin", "imageUrl": "/db/PICTURES/CMS/303200/303236.jpg", "headshotImageUrl": "/db/PICTURES/CMS/322800/322800.png", "dateOfBirth": {"year": 1996, "month": 11, "date": 1}, "dateOfDeath": null, "gender": "M", "battingStyles": ["lhb"], "bowlingStyles": ["rmf"], "longBattingStyles": ["left-hand bat"], "longBowlingStyles": ["right-arm medium-fast"], "image": {"id": 303236, "objectId": 1221730, "slug": "mohammad-saifuddin-portrait", "url": "/db/PICTURES/CMS/303200/303236.jpg", "width": 160, "height": 203, "caption": "Mohammad Saifuddin portrait", "longCaption": "Mohammad Saifuddin portrait, April 2020", "credit": "Getty Images", "photographer": null, "peerUrls": null}, "countryTeamId": 25, "playerRoleTypeIds": [11], "playingRoles": ["bowling allrounder"], "headshotImage": {"id": 322800, "objectId": 1265797, "slug": "mohammad-saifuddin-player-page-headshot-cutout-2021", "url": "/db/PICTURES/CMS/322800/322800.png", "width": 600, "height": 436, "caption": "Mohammad Saifuddin  player page headshot cutout, 2021", "longCaption": "Mohammad Saifuddin  player page headshot cutout, 2021", "credit": null, "photographer": null, "peerUrls": {"FILM": null, "WIDE": null, "SQUARE": "/db/PICTURES/CMS/322800/322800.square.png"}}}, "runs": 2, "balls": 2, "fours": 0, "sixes": 0}], "overEndBowlers": [{"player": {"id": 65889, "objectId": 524255, "name": "KV Morea", "longName": "Kabua Morea", "mobileName": "Morea", "indexName": "Morea, KV", "battingName": "KV Morea", "fieldingName": "Morea", "slug": "kabua-morea", "imageUrl": "/db/PICTURES/CMS/179800/179895.1.jpg", "headshotImageUrl": "/db/PICTURES/CMS/329700/329753.png", "dateOfBirth": {"year": 1993, "month": 9, "date": 30}, "dateOfDeath": null, "gender": "M", "battingStyles": ["rhb"], "bowlingStyles": ["lm"], "longBattingStyles": ["right-hand bat"], "longBowlingStyles": ["left-arm medium"], "image": {"id": 179895, "objectId": 721975, "slug": "kabua-morea", "url": "/db/PICTURES/CMS/179800/179895.1.jpg", "width": 160, "height": 192, "caption": "Kabua Morea", "longCaption": "Kabua Morea", "credit": "International Cricket Council", "photographer": null, "peerUrls": null}, "countryTeamId": 20, "playerRoleTypeIds": [4], "playingRoles": ["bowler"], "headshotImage": {"id": 329753, "objectId": 1286749, "slug": "kabua-morea-player-page-headshot-cutout-2021", "url": "/db/PICTURES/CMS/329700/329753.png", "width": 600, "height": 436, "caption": "Kabua Morea player page headshot cutout 2021", "longCaption": "Kabua Morea player page headshot cutout 2021", "credit": null, "photographer": null, "peerUrls": {"FILM": null, "WIDE": null, "SQUARE": "/db/PICTURES/CMS/329700/329753.square.png"}}}, "overs": 4, "balls": 24, "maidens": 0, "conceded": 26, "wickets": 2, "currentType": 1}, {"player": {"id": 101285, "objectId": 1122557, "name": "D Ravu", "longName": "Damien Ravu", "mobileName": "Ravu", "indexName": "Ravu, D", "battingName": "D Ravu", "fieldingName": "Ravu", "slug": "damien-ravu", "imageUrl": "/db/PICTURES/CMS/321100/321140.png", "headshotImageUrl": "/db/PICTURES/CMS/321100/321140.png", "dateOfBirth": {"year": 1994, "month": 5, "date": 3}, "dateOfDeath": null, "gender": "M", "battingStyles": ["rhb"], "bowlingStyles": ["rmf"], "longBattingStyles": ["right-hand bat"], "longBowlingStyles": ["right-arm medium-fast"], "image": {"id": 321140, "objectId": 1262668, "slug": "damien-apa-ravu-player-page-headshot-cutout-2021", "url": "/db/PICTURES/CMS/321100/321140.png", "width": 600, "height": 436, "caption": "Damien Apa Ravu player page headshot cutout, 2021", "longCaption": "Damien Apa Ravu player page headshot cutout, 2021", "credit": null, "photographer": null, "peerUrls": null}, "countryTeamId": 20, "playerRoleTypeIds": [4], "playingRoles": ["bowler"], "headshotImage": {"id": 321140, "objectId": 1262668, "slug": "damien-apa-ravu-player-page-headshot-cutout-2021", "url": "/db/PICTURES/CMS/321100/321140.png", "width": 600, "height": 436, "caption": "Damien Apa Ravu player page headshot cutout, 2021", "longCaption": "Damien Apa Ravu player page headshot cutout, 2021", "credit": null, "photographer": null, "peerUrls": {"FILM": null, "WIDE": null, "SQUARE": "/db/PICTURES/CMS/321100/321140.square.png"}}}, "overs": 4, "balls": 24, "maidens": 0, "conceded": 40, "wickets": 2, "currentType": 2}], "rollover": null}, "batsmanStatText": null, "bowlerStatText": null, "smartStats": []}]