[{"_uid": 35100565, "id": 35100565, "inningNumber": 1, "ballsActual": null, "ballsUnique": null, "oversUnique": 9.01, "oversActual": 9.1, "overNumber": 10, "ballNumber": 1, "totalRuns": 1, "batsmanRuns": 1, "isFour": false, "isSix": false, "isWicket": false, "dismissalType": null, "byes": 0, "legbyes": 0, "wides": 0, "noballs": 0, "penalties": 0, "wagonX": 244, "wagonY": 182, "wagonZone": 3, "pitchLine": "ON_THE_STUMPS", "pitchLength": "FULL", "shotType": "FLICK", "shotControl": 2, "timestamp": "2021-10-27T14:44:02.000Z", "modified": "2021-10-27T14:44:05.000Z", "batsmanPlayerId": 60303, "bowlerPlayerId": 63683, "outPlayerId": null, "totalInningRuns": 40, "totalInningWickets": 4, "predictions": {"score": 124, "winProbability": 15.86}, "title": "Frylinck to Cross", "dismissalText": null, "commentPreTextItems": [{"type": "HTML", "html": "Frylinck back into the attack, this time around the stumps."}], "commentTextItems": [{"type": "HTML", "html": "full on off, flicked in the air over the leg side just wide of midwicket for one."}], "commentPostTextItems": null, "commentVideos": [], "commentImages": [], "events": [], "over": null, "batsmanStatText": null, "bowlerStatText": null, "smartStats": []}, {"_uid": 35100566, "id": 35100566, "inningNumber": 1, "ballsActual": null, "ballsUnique": null, "oversUnique": 9.02, "oversActual": 9.2, "overNumber": 10, "ballNumber": 2, "totalRuns": 0, "batsmanRuns": 0, "isFour": false, "isSix": false, "isWicket": false, "dismissalType": null, "byes": 0, "legbyes": 0, "wides": 0, "noballs": 0, "penalties": 0, "wagonX": 0, "wagonY": 0, "wagonZone": 0, "pitchLine": "OUTSIDE_OFFSTUMP", "pitchLength": "SHORT_OF_A_GOOD_LENGTH", "shotType": "CUT_SHOT", "shotControl": 2, "timestamp": "2021-10-27T14:44:23.000Z", "modified": "2021-10-27T14:44:26.000Z", "batsmanPlayerId": 60198, "bowlerPlayerId": 63683, "outPlayerId": null, "totalInningRuns": 40, "totalInningWickets": 4, "predictions": {"score": 123, "winProbability": 15.27}, "title": "Frylinck to Leask", "dismissalText": null, "commentPreTextItems": null, "commentTextItems": [{"type": "HTML", "html": "offcutter on fifth stump straightens at 123 kph and beats Leask prodding forward."}], "commentPostTextItems": null, "commentVideos": [], "commentImages": [], "events": [], "over": null, "batsmanStatText": null, "bowlerStatText": null, "smartStats": []}, {"_uid": 35100567, "id": 35100567, "inningNumber": 1, "ballsActual": null, "ballsUnique": null, "oversUnique": 9.03, "oversActual": 9.3, "overNumber": 10, "ballNumber": 3, "totalRuns": 1, "batsmanRuns": 1, "isFour": false, "isSix": false, "isWicket": false, "dismissalType": null, "byes": 0, "legbyes": 0, "wides": 0, "noballs": 0, "penalties": 0, "wagonX": 279, "wagonY": 209, "wagonZone": 3, "pitchLine": "ON_THE_STUMPS", "pitchLength": "GOOD_LENGTH", "shotType": "FLICK", "shotControl": 1, "timestamp": "2021-10-27T14:44:58.000Z", "modified": "2021-10-27T14:45:01.000Z", "batsmanPlayerId": 60198, "bowlerPlayerId": 63683, "outPlayerId": null, "totalInningRuns": 41, "totalInningWickets": 4, "predictions": {"score": 123, "winProbability": 15.27}, "title": "Frylinck to Leask", "dismissalText": null, "commentPreTextItems": null, "commentTextItems": [{"type": "HTML", "html": "good length ball on off, shuffles across and flicks into midwicket for one."}], "commentPostTextItems": null, "commentVideos": [], "commentImages": [], "events": [], "over": null, "batsmanStatText": null, "bowlerStatText": null, "smartStats": []}, {"_uid": 35100568, "id": 35100568, "inningNumber": 1, "ballsActual": null, "ballsUnique": null, "oversUnique": 9.04, "oversActual": 9.4, "overNumber": 10, "ballNumber": 4, "totalRuns": 0, "batsmanRuns": 0, "isFour": false, "isSix": false, "isWicket": false, "dismissalType": null, "byes": 0, "legbyes": 0, "wides": 0, "noballs": 0, "penalties": 0, "wagonX": 121, "wagonY": 138, "wagonZone": 7, "pitchLine": "OUTSIDE_OFFSTUMP", "pitchLength": "SHORT_OF_A_GOOD_LENGTH", "shotType": "CUT_SHOT", "shotControl": 1, "timestamp": "2021-10-27T14:45:22.000Z", "modified": "2021-10-27T14:45:26.000Z", "batsmanPlayerId": 60303, "bowlerPlayerId": 63683, "outPlayerId": null, "totalInningRuns": 41, "totalInningWickets": 4, "predictions": {"score": 122, "winProbability": 14.69}, "title": "Frylinck to Cross", "dismissalText": null, "commentPreTextItems": null, "commentTextItems": [{"type": "HTML", "html": "back of a length on fifth stump, punched straight to backward point."}], "commentPostTextItems": null, "commentVideos": [], "commentImages": [], "events": [], "over": null, "batsmanStatText": null, "bowlerStatText": null, "smartStats": []}, {"_uid": 35100569, "id": 35100569, "inningNumber": 1, "ballsActual": null, "ballsUnique": null, "oversUnique": 9.05, "oversActual": 9.5, "overNumber": 10, "ballNumber": 5, "totalRuns": 1, "batsmanRuns": 1, "isFour": false, "isSix": false, "isWicket": false, "dismissalType": null, "byes": 0, "legbyes": 0, "wides": 0, "noballs": 0, "penalties": 0, "wagonX": 61, "wagonY": 206, "wagonZone": 6, "pitchLine": "OUTSIDE_OFFSTUMP", "pitchLength": "GOOD_LENGTH", "shotType": "CUT_SHOT", "shotControl": 1, "timestamp": "2021-10-27T14:45:53.000Z", "modified": "2021-10-27T14:45:57.000Z", "batsmanPlayerId": 60303, "bowlerPlayerId": 63683, "outPlayerId": null, "totalInningRuns": 42, "totalInningWickets": 4, "predictions": {"score": 122, "winProbability": 14.69}, "title": "Frylinck to Cross", "dismissalText": null, "commentPreTextItems": null, "commentTextItems": [{"type": "HTML", "html": "back of a length on fourth stump, punched into the off side for one."}], "commentPostTextItems": null, "commentVideos": [], "commentImages": [], "events": [], "over": null, "batsmanStatText": null, "bowlerStatText": null, "smartStats": []}, {"_uid": 35100570, "id": 35100570, "inningNumber": 1, "ballsActual": null, "ballsUnique": null, "oversUnique": 9.06, "oversActual": 9.6, "overNumber": 10, "ballNumber": 6, "totalRuns": 1, "batsmanRuns": 1, "isFour": false, "isSix": false, "isWicket": false, "dismissalType": null, "byes": 0, "legbyes": 0, "wides": 0, "noballs": 0, "penalties": 0, "wagonX": 267, "wagonY": 196, "wagonZone": 3, "pitchLine": "ON_THE_STUMPS", "pitchLength": "FULL", "shotType": "FLICK", "shotControl": 1, "timestamp": "2021-10-27T14:46:24.000Z", "modified": "2021-10-27T14:46:28.000Z", "batsmanPlayerId": 60198, "bowlerPlayerId": 63683, "outPlayerId": null, "totalInningRuns": 43, "totalInningWickets": 4, "predictions": {"score": 122, "winProbability": 14.69}, "title": "Frylinck to Leask", "dismissalText": null, "commentPreTextItems": null, "commentTextItems": [{"type": "HTML", "html": "full on middle, flicked along the ground through midwicket for one."}], "commentPostTextItems": [{"type": "HTML", "html": "Drinks called. Scotland have recovered somewhat after a seismic Powerplay shock delivered by Trumpelmann. Still plenty of rubble to sift through though. Here's Vishal with his hardhat flashlight and shovel."}], "commentVideos": [], "commentImages": [], "events": [], "over": {"team": {"id": 30, "objectId": 30, "scribeId": 30, "slug": "scotland", "name": "Scotland", "longName": "Scotland", "abbreviation": "SCOT", "unofficialName": "", "imageUrl": "/db/PICTURES/CMS/313100/313150.logo.png", "isCountry": true, "primaryColor": null, "image": {"id": 313150, "objectId": 1241609, "slug": "scotland-logo", "url": "/db/PICTURES/CMS/313100/313150.logo.png", "width": 500, "height": 500, "caption": "Scotland logo", "longCaption": "Scotland logo", "credit": null, "photographer": null, "peerUrls": null}, "country": {"id": 30, "objectId": 30, "name": "Scotland", "shortName": "Scotland", "abbreviation": "SCOT", "slug": "scotland"}}, "inningNumber": 1, "overNumber": 10, "overRuns": 4, "overWickets": 0, "totalRuns": 43, "totalWickets": 4, "target": 0, "overLimit": 20, "ballLimit": 120, "isMaiden": false, "isComplete": true, "isSuperOver": false, "overEndBatsmen": [{"player": {"id": 60198, "objectId": 414966, "name": "MA Leask", "longName": "Michael Leask", "mobileName": "Leask", "indexName": "Leask, MA", "battingName": "MA Leask", "fieldingName": "Leask", "slug": "michael-leask", "imageUrl": "/db/PICTURES/CMS/172800/172875.1.jpg", "headshotImageUrl": "/db/PICTURES/CMS/316600/316678.png", "dateOfBirth": {"year": 1990, "month": 10, "date": 29}, "dateOfDeath": null, "gender": "M", "battingStyles": ["rhb"], "bowlingStyles": ["ob"], "longBattingStyles": ["right-hand bat"], "longBowlingStyles": ["right-arm offbreak"], "image": {"id": 172875, "objectId": 694519, "slug": "michael-leask", "url": "/db/PICTURES/CMS/172800/172875.1.jpg", "width": 160, "height": 192, "caption": "Michael Leask", "longCaption": "Michael Leask", "credit": "International Cricket Council", "photographer": null, "peerUrls": null}, "countryTeamId": 30, "playerRoleTypeIds": [5], "playingRoles": ["allrounder"], "headshotImage": {"id": 316678, "objectId": 1251311, "slug": "ma-leask-headshot", "url": "/db/PICTURES/CMS/316600/316678.png", "width": 600, "height": 436, "caption": "MA Leask headshot", "longCaption": "MA Leask headshot", "credit": null, "photographer": null, "peerUrls": {"FILM": null, "WIDE": null, "SQUARE": null}}}, "runs": 15, "balls": 13, "fours": 2, "sixes": 0}, {"player": {"id": 60303, "objectId": 417268, "name": "MH Cross", "longName": "Matthew Cross", "mobileName": "Cross", "indexName": "Cross, MH", "battingName": "MH Cross", "fieldingName": "Cross", "slug": "matthew-cross", "imageUrl": "/db/PICTURES/CMS/172800/172881.1.jpg", "headshotImageUrl": "/db/PICTURES/CMS/316600/316680.png", "dateOfBirth": {"year": 1992, "month": 10, "date": 15}, "dateOfDeath": null, "gender": "M", "battingStyles": ["rhb"], "bowlingStyles": [], "longBattingStyles": ["right-hand bat"], "longBowlingStyles": [], "image": {"id": 172881, "objectId": 694525, "slug": "matty-cross", "url": "/db/PICTURES/CMS/172800/172881.1.jpg", "width": 160, "height": 192, "caption": "Matty Cross", "longCaption": "Matty Cross", "credit": "International Cricket Council", "photographer": null, "peerUrls": null}, "countryTeamId": 30, "playerRoleTypeIds": [7], "playingRoles": ["wicketkeeper batter"], "headshotImage": {"id": 316680, "objectId": 1251313, "slug": "mh-cross-headshot", "url": "/db/PICTURES/CMS/316600/316680.png", "width": 600, "height": 436, "caption": "MH Cross headshot", "longCaption": "MH Cross headshot", "credit": null, "photographer": null, "peerUrls": {"FILM": null, "WIDE": null, "SQUARE": null}}}, "runs": 19, "balls": 30, "fours": 1, "sixes": 0}], "overEndBowlers": [{"player": {"id": 63683, "objectId": 482478, "name": "JN Frylinck", "longName": "Jan Frylinck", "mobileName": "Frylinck", "indexName": "Frylinck, JN", "battingName": "JN Frylinck", "fieldingName": "Frylinck", "slug": "jan-frylinck", "imageUrl": "/db/PICTURES/CMS/347800/347843.4.jpg", "headshotImageUrl": "/db/PICTURES/CMS/348600/348605.png", "dateOfBirth": {"year": 1994, "month": 4, "date": 6}, "dateOfDeath": null, "gender": "M", "battingStyles": ["lhb"], "bowlingStyles": ["lfm"], "longBattingStyles": ["left-hand bat"], "longBowlingStyles": ["left-arm fast-medium"], "image": {"id": 347843, "objectId": 1340682, "slug": "jan-frylinck-player-portrait", "url": "/db/PICTURES/CMS/347800/347843.4.jpg", "width": 160, "height": 233, "caption": "Jan Frylinck, player portrait", "longCaption": "Jan Frylinck, player portrait", "credit": "ICC/Getty Images", "photographer": "Matt King", "peerUrls": null}, "countryTeamId": 28, "playerRoleTypeIds": [5], "playingRoles": ["allrounder"], "headshotImage": {"id": 348605, "objectId": 1342899, "slug": "jan-frylinck-player-page-headshot-cutout-2022", "url": "/db/PICTURES/CMS/348600/348605.png", "width": 600, "height": 436, "caption": "Jan Frylinck, player page headshot cutout 2022", "longCaption": "Jan Frylinck, player page headshot cutout 2022", "credit": null, "photographer": null, "peerUrls": {"FILM": null, "WIDE": null, "SQUARE": "/db/PICTURES/CMS/348600/348605.square.png"}}}, "overs": 2, "balls": 12, "maidens": 0, "conceded": 6, "wickets": 0, "currentType": 1}, {"player": {"id": 48777, "objectId": 221140, "name": "D Wiese", "longName": "David Wiese", "mobileName": "Wiese", "indexName": "Wiese, D", "battingName": "D Wiese", "fieldingName": "Wiese", "slug": "david-wiese", "imageUrl": "/db/PICTURES/CMS/312100/312185.png", "headshotImageUrl": "/db/PICTURES/CMS/322000/322079.png", "dateOfBirth": {"year": 1985, "month": 5, "date": 18}, "dateOfDeath": null, "gender": "M", "battingStyles": ["rhb"], "bowlingStyles": ["rmf"], "longBattingStyles": ["right-hand bat"], "longBowlingStyles": ["right-arm medium-fast"], "image": {"id": 312185, "objectId": 1239252, "slug": "david-wiese-portrait", "url": "/db/PICTURES/CMS/312100/312185.png", "width": 160, "height": 200, "caption": "David Wiese portrait", "longCaption": "David Wiese portrait, November 2020", "credit": "Getty Images", "photographer": null, "peerUrls": null}, "countryTeamId": 28, "playerRoleTypeIds": [5], "playingRoles": ["allrounder"], "headshotImage": {"id": 322079, "objectId": 1264453, "slug": "david-wiese-player-page-headshot-cutout-2021", "url": "/db/PICTURES/CMS/322000/322079.png", "width": 600, "height": 436, "caption": "David Wiese player page headshot cutout, 2021", "longCaption": "David Wiese player page headshot cutout, 2021", "credit": null, "photographer": null, "peerUrls": {"FILM": null, "WIDE": null, "SQUARE": "/db/PICTURES/CMS/322000/322079.square.png"}}}, "overs": 2, "balls": 12, "maidens": 0, "conceded": 12, "wickets": 1, "currentType": 2}], "rollover": null}, "batsmanStatText": null, "bowlerStatText": null, "smartStats": []}, {"_uid": 35100571, "id": 35100571, "inningNumber": 1, "ballsActual": null, "ballsUnique": null, "oversUnique": 10.01, "oversActual": 10.1, "overNumber": 11, "ballNumber": 1, "totalRuns": 1, "batsmanRuns": 1, "isFour": false, "isSix": false, "isWicket": false, "dismissalType": null, "byes": 0, "legbyes": 0, "wides": 0, "noballs": 0, "penalties": 0, "wagonX": 75, "wagonY": 62, "wagonZone": 7, "pitchLine": "OUTSIDE_OFFSTUMP", "pitchLength": "GOOD_LENGTH", "shotType": "CUT_SHOT", "shotControl": 2, "timestamp": "2021-10-27T14:50:41.000Z", "modified": "2021-10-27T14:50:44.000Z", "batsmanPlayerId": 60198, "bowlerPlayerId": 80905, "outPlayerId": null, "totalInningRuns": 44, "totalInningWickets": 4, "predictions": {"score": 122, "winProbability": 14.69}, "title": "van Lingen to Leask", "dismissalText": null, "commentPreTextItems": [{"type": "HTML", "html": "That's a lot of tools I allegedly possess. Thanks, PDP. What tools do Scotland have though? Michael van Lingen into the attack now from around the wicket, another left-arm seamer"}], "commentTextItems": [{"type": "HTML", "html": "starts with a cutter outside off and Leask slices it to third man with hard hands"}], "commentPostTextItems": null, "commentVideos": [], "commentImages": [], "events": [], "over": null, "batsmanStatText": null, "bowlerStatText": null, "smartStats": []}, {"_uid": 35100572, "id": 35100572, "inningNumber": 1, "ballsActual": null, "ballsUnique": null, "oversUnique": 10.02, "oversActual": 10.2, "overNumber": 11, "ballNumber": 2, "totalRuns": 1, "batsmanRuns": 0, "isFour": false, "isSix": false, "isWicket": false, "dismissalType": null, "byes": 0, "legbyes": 1, "wides": 0, "noballs": 0, "penalties": 0, "wagonX": 0, "wagonY": 0, "wagonZone": 0, "pitchLine": "ON_THE_STUMPS", "pitchLength": "SHORT_OF_A_GOOD_LENGTH", "shotType": "PULL", "shotControl": 2, "timestamp": "2021-10-27T14:51:17.000Z", "modified": "2021-10-27T14:52:00.000Z", "batsmanPlayerId": 60303, "bowlerPlayerId": 80905, "outPlayerId": null, "totalInningRuns": 45, "totalInningWickets": 4, "predictions": {"score": 122, "winProbability": 14.69}, "title": "van Lingen to Cross", "dismissalText": null, "commentPreTextItems": null, "commentTextItems": [{"type": "HTML", "html": "into Cross' pads and a tad shorter, he pulls but doesn't middle and get one behind square"}], "commentPostTextItems": null, "commentVideos": [], "commentImages": [], "events": [], "over": null, "batsmanStatText": null, "bowlerStatText": null, "smartStats": []}, {"_uid": 35100573, "id": 35100573, "inningNumber": 1, "ballsActual": null, "ballsUnique": null, "oversUnique": 10.03, "oversActual": 10.3, "overNumber": 11, "ballNumber": 3, "totalRuns": 1, "batsmanRuns": 1, "isFour": false, "isSix": false, "isWicket": false, "dismissalType": null, "byes": 0, "legbyes": 0, "wides": 0, "noballs": 0, "penalties": 0, "wagonX": 150, "wagonY": 234, "wagonZone": 5, "pitchLine": "OUTSIDE_OFFSTUMP", "pitchLength": "SHORT_OF_A_GOOD_LENGTH", "shotType": "ON_DRIVE", "shotControl": 1, "timestamp": "2021-10-27T14:51:38.000Z", "modified": "2021-10-27T14:51:41.000Z", "batsmanPlayerId": 60198, "bowlerPlayerId": 80905, "outPlayerId": null, "totalInningRuns": 46, "totalInningWickets": 4, "predictions": {"score": 122, "winProbability": 14.69}, "title": "van Lingen to Leask", "dismissalText": null, "commentPreTextItems": null, "commentTextItems": [{"type": "HTML", "html": "backs away to attack on the off side but he doesn't middle it either. A single to cover"}], "commentPostTextItems": null, "commentVideos": [], "commentImages": [], "events": [], "over": null, "batsmanStatText": null, "bowlerStatText": null, "smartStats": []}, {"_uid": 35100574, "id": 35100574, "inningNumber": 1, "ballsActual": null, "ballsUnique": null, "oversUnique": 10.04, "oversActual": 10.4, "overNumber": 11, "ballNumber": 4, "totalRuns": 1, "batsmanRuns": 0, "isFour": false, "isSix": false, "isWicket": false, "dismissalType": null, "byes": 0, "legbyes": 1, "wides": 0, "noballs": 0, "penalties": 0, "wagonX": 222, "wagonY": 128, "wagonZone": 2, "pitchLine": "ON_THE_STUMPS", "pitchLength": "GOOD_LENGTH", "shotType": "FLICK", "shotControl": 1, "timestamp": "2021-10-27T14:52:22.000Z", "modified": "2021-10-27T14:52:25.000Z", "batsmanPlayerId": 60303, "bowlerPlayerId": 80905, "outPlayerId": null, "totalInningRuns": 47, "totalInningWickets": 4, "predictions": {"score": 122, "winProbability": 14.69}, "title": "van Lingen to Cross", "dismissalText": null, "commentPreTextItems": null, "commentTextItems": [{"type": "HTML", "html": "<strong>in the block hole</strong>, right on the toe with a cross-seam but he's struck well outside leg, replays confirm"}], "commentPostTextItems": null, "commentVideos": [], "commentImages": [], "events": [], "over": null, "batsmanStatText": null, "bowlerStatText": null, "smartStats": []}, {"_uid": 35100575, "id": 35100575, "inningNumber": 1, "ballsActual": null, "ballsUnique": null, "oversUnique": 10.05, "oversActual": 10.5, "overNumber": 11, "ballNumber": 5, "totalRuns": 4, "batsmanRuns": 4, "isFour": true, "isSix": false, "isWicket": false, "dismissalType": null, "byes": 0, "legbyes": 0, "wides": 0, "noballs": 0, "penalties": 0, "wagonX": 201, "wagonY": 355, "wagonZone": 4, "pitchLine": "ON_THE_STUMPS", "pitchLength": "FULL", "shotType": "STRAIGHT_DRIVE", "shotControl": 1, "timestamp": "2021-10-27T14:52:47.000Z", "modified": "2021-10-27T14:52:49.000Z", "batsmanPlayerId": 60198, "bowlerPlayerId": 80905, "outPlayerId": null, "totalInningRuns": 51, "totalInningWickets": 4, "predictions": {"score": 124, "winProbability": 15.86}, "title": "van Lingen to Leask", "dismissalText": null, "commentPreTextItems": null, "commentTextItems": [{"type": "HTML", "html": "attempts another yorker but it's a touch shorter, and almost a half-volley for Leask to club right straight down the ground and over the umpire's head"}], "commentPostTextItems": null, "commentVideos": [], "commentImages": [], "events": [], "over": null, "batsmanStatText": null, "bowlerStatText": null, "smartStats": []}, {"_uid": 35100576, "id": 35100576, "inningNumber": 1, "ballsActual": null, "ballsUnique": null, "oversUnique": 10.06, "oversActual": 10.6, "overNumber": 11, "ballNumber": 6, "totalRuns": 6, "batsmanRuns": 6, "isFour": false, "isSix": true, "isWicket": false, "dismissalType": null, "byes": 0, "legbyes": 0, "wides": 0, "noballs": 0, "penalties": 0, "wagonX": 325, "wagonY": 306, "wagonZone": 3, "pitchLine": "ON_THE_STUMPS", "pitchLength": "FULL", "shotType": "SLOG_SHOT", "shotControl": 1, "timestamp": "2021-10-27T14:53:09.000Z", "modified": "2021-10-27T14:53:12.000Z", "batsmanPlayerId": 60198, "bowlerPlayerId": 80905, "outPlayerId": null, "totalInningRuns": 57, "totalInningWickets": 4, "predictions": {"score": 130, "winProbability": 19.83}, "title": "van Lingen to Leask", "dismissalText": null, "commentPreTextItems": null, "commentTextItems": [{"type": "HTML", "html": "and ends the over with a heave over wide long-on for six! Got into an attacking position early, got another ball in the slot and smoked it on the leg side"}], "commentPostTextItems": [{"type": "HTML", "html": "14 from the over!"}], "commentVideos": [], "commentImages": [], "events": [], "over": {"team": {"id": 30, "objectId": 30, "scribeId": 30, "slug": "scotland", "name": "Scotland", "longName": "Scotland", "abbreviation": "SCOT", "unofficialName": "", "imageUrl": "/db/PICTURES/CMS/313100/313150.logo.png", "isCountry": true, "primaryColor": null, "image": {"id": 313150, "objectId": 1241609, "slug": "scotland-logo", "url": "/db/PICTURES/CMS/313100/313150.logo.png", "width": 500, "height": 500, "caption": "Scotland logo", "longCaption": "Scotland logo", "credit": null, "photographer": null, "peerUrls": null}, "country": {"id": 30, "objectId": 30, "name": "Scotland", "shortName": "Scotland", "abbreviation": "SCOT", "slug": "scotland"}}, "inningNumber": 1, "overNumber": 11, "overRuns": 14, "overWickets": 0, "totalRuns": 57, "totalWickets": 4, "target": 0, "overLimit": 20, "ballLimit": 120, "isMaiden": false, "isComplete": true, "isSuperOver": false, "overEndBatsmen": [{"player": {"id": 60198, "objectId": 414966, "name": "MA Leask", "longName": "Michael Leask", "mobileName": "Leask", "indexName": "Leask, MA", "battingName": "MA Leask", "fieldingName": "Leask", "slug": "michael-leask", "imageUrl": "/db/PICTURES/CMS/172800/172875.1.jpg", "headshotImageUrl": "/db/PICTURES/CMS/316600/316678.png", "dateOfBirth": {"year": 1990, "month": 10, "date": 29}, "dateOfDeath": null, "gender": "M", "battingStyles": ["rhb"], "bowlingStyles": ["ob"], "longBattingStyles": ["right-hand bat"], "longBowlingStyles": ["right-arm offbreak"], "image": {"id": 172875, "objectId": 694519, "slug": "michael-leask", "url": "/db/PICTURES/CMS/172800/172875.1.jpg", "width": 160, "height": 192, "caption": "Michael Leask", "longCaption": "Michael Leask", "credit": "International Cricket Council", "photographer": null, "peerUrls": null}, "countryTeamId": 30, "playerRoleTypeIds": [5], "playingRoles": ["allrounder"], "headshotImage": {"id": 316678, "objectId": 1251311, "slug": "ma-leask-headshot", "url": "/db/PICTURES/CMS/316600/316678.png", "width": 600, "height": 436, "caption": "MA Leask headshot", "longCaption": "MA Leask headshot", "credit": null, "photographer": null, "peerUrls": {"FILM": null, "WIDE": null, "SQUARE": null}}}, "runs": 27, "balls": 17, "fours": 3, "sixes": 1}, {"player": {"id": 60303, "objectId": 417268, "name": "MH Cross", "longName": "Matthew Cross", "mobileName": "Cross", "indexName": "Cross, MH", "battingName": "MH Cross", "fieldingName": "Cross", "slug": "matthew-cross", "imageUrl": "/db/PICTURES/CMS/172800/172881.1.jpg", "headshotImageUrl": "/db/PICTURES/CMS/316600/316680.png", "dateOfBirth": {"year": 1992, "month": 10, "date": 15}, "dateOfDeath": null, "gender": "M", "battingStyles": ["rhb"], "bowlingStyles": [], "longBattingStyles": ["right-hand bat"], "longBowlingStyles": [], "image": {"id": 172881, "objectId": 694525, "slug": "matty-cross", "url": "/db/PICTURES/CMS/172800/172881.1.jpg", "width": 160, "height": 192, "caption": "Matty Cross", "longCaption": "Matty Cross", "credit": "International Cricket Council", "photographer": null, "peerUrls": null}, "countryTeamId": 30, "playerRoleTypeIds": [7], "playingRoles": ["wicketkeeper batter"], "headshotImage": {"id": 316680, "objectId": 1251313, "slug": "mh-cross-headshot", "url": "/db/PICTURES/CMS/316600/316680.png", "width": 600, "height": 436, "caption": "MH Cross headshot", "longCaption": "MH Cross headshot", "credit": null, "photographer": null, "peerUrls": {"FILM": null, "WIDE": null, "SQUARE": null}}}, "runs": 19, "balls": 32, "fours": 1, "sixes": 0}], "overEndBowlers": [{"player": {"id": 80905, "objectId": 833777, "name": "M van Lingen", "longName": "Michael van Lingen", "mobileName": "van Lingen", "indexName": "van Lingen, M", "battingName": "M van Lingen", "fieldingName": "van Lingen", "slug": "michael-van-lingen", "imageUrl": "/db/PICTURES/CMS/347800/347844.4.jpg", "headshotImageUrl": "/db/PICTURES/CMS/350300/350305.png", "dateOfBirth": {"year": 1997, "month": 10, "date": 24}, "dateOfDeath": null, "gender": "M", "battingStyles": ["lhb"], "bowlingStyles": ["lm", "sla"], "longBattingStyles": ["left-hand bat"], "longBowlingStyles": ["left-arm medium", "slow left-arm orthodox"], "image": {"id": 347844, "objectId": 1340683, "slug": "michael-van-lingen-player-portrait", "url": "/db/PICTURES/CMS/347800/347844.4.jpg", "width": 160, "height": 221, "caption": "Michael van Lingen, player portrait", "longCaption": "Michael van Lingen, player portrait", "credit": "ICC/Getty Images", "photographer": "Matt King", "peerUrls": null}, "countryTeamId": 28, "playerRoleTypeIds": [11], "playingRoles": ["bowling allrounder"], "headshotImage": {"id": 350305, "objectId": 1348250, "slug": "michael-van-lingen-player-page-headshot-cutout-2022", "url": "/db/PICTURES/CMS/350300/350305.png", "width": 600, "height": 436, "caption": "Michael van Lingen, player page headshot cutout 2022", "longCaption": "Michael van Lingen, player page headshot cutout 2022", "credit": null, "photographer": null, "peerUrls": {"FILM": null, "WIDE": null, "SQUARE": "/db/PICTURES/CMS/350300/350305.square.png"}}}, "overs": 1, "balls": 6, "maidens": 0, "conceded": 12, "wickets": 0, "currentType": 1}, {"player": {"id": 63683, "objectId": 482478, "name": "JN Frylinck", "longName": "Jan Frylinck", "mobileName": "Frylinck", "indexName": "Frylinck, JN", "battingName": "JN Frylinck", "fieldingName": "Frylinck", "slug": "jan-frylinck", "imageUrl": "/db/PICTURES/CMS/347800/347843.4.jpg", "headshotImageUrl": "/db/PICTURES/CMS/348600/348605.png", "dateOfBirth": {"year": 1994, "month": 4, "date": 6}, "dateOfDeath": null, "gender": "M", "battingStyles": ["lhb"], "bowlingStyles": ["lfm"], "longBattingStyles": ["left-hand bat"], "longBowlingStyles": ["left-arm fast-medium"], "image": {"id": 347843, "objectId": 1340682, "slug": "jan-frylinck-player-portrait", "url": "/db/PICTURES/CMS/347800/347843.4.jpg", "width": 160, "height": 233, "caption": "Jan Frylinck, player portrait", "longCaption": "Jan Frylinck, player portrait", "credit": "ICC/Getty Images", "photographer": "Matt King", "peerUrls": null}, "countryTeamId": 28, "playerRoleTypeIds": [5], "playingRoles": ["allrounder"], "headshotImage": {"id": 348605, "objectId": 1342899, "slug": "jan-frylinck-player-page-headshot-cutout-2022", "url": "/db/PICTURES/CMS/348600/348605.png", "width": 600, "height": 436, "caption": "Jan Frylinck, player page headshot cutout 2022", "longCaption": "Jan Frylinck, player page headshot cutout 2022", "credit": null, "photographer": null, "peerUrls": {"FILM": null, "WIDE": null, "SQUARE": "/db/PICTURES/CMS/348600/348605.square.png"}}}, "overs": 2, "balls": 12, "maidens": 0, "conceded": 6, "wickets": 0, "currentType": 2}], "rollover": null}, "batsmanStatText": null, "bowlerStatText": null, "smartStats": []}]