[{"_uid": 35066592, "id": 35066592, "inningNumber": 2, "ballsActual": null, "ballsUnique": null, "oversUnique": 1.01, "oversActual": 1.1, "overNumber": 2, "ballNumber": 1, "totalRuns": 0, "batsmanRuns": 0, "isFour": false, "isSix": false, "isWicket": false, "dismissalType": null, "byes": 0, "legbyes": 0, "wides": 0, "noballs": 0, "penalties": 0, "wagonX": 149, "wagonY": 191, "wagonZone": 6, "pitchLine": "OUTSIDE_OFFSTUMP", "pitchLength": "GOOD_LENGTH", "shotType": "COVER_DRIVE", "shotControl": 1, "timestamp": "2021-10-23T15:39:32.000Z", "modified": "2021-10-23T15:39:35.000Z", "batsmanPlayerId": 52290, "bowlerPlayerId": 45258, "outPlayerId": null, "totalInningRuns": 5, "totalInningWickets": 0, "predictions": {"score": 162, "winProbability": 99.31}, "title": "Rampaul to Roy", "dismissalText": null, "commentPreTextItems": [{"type": "HTML", "html": "Ravi Rampaul from the other end"}], "commentTextItems": [{"type": "HTML", "html": "fullish length in the channel, 132kph/82mph and tapped away"}], "commentPostTextItems": null, "commentVideos": [], "commentImages": [], "events": [], "over": null, "batsmanStatText": null, "bowlerStatText": null, "smartStats": []}, {"_uid": 35066593, "id": 35066593, "inningNumber": 2, "ballsActual": null, "ballsUnique": null, "oversUnique": 1.02, "oversActual": 1.2, "overNumber": 2, "ballNumber": 2, "totalRuns": 0, "batsmanRuns": 0, "isFour": false, "isSix": false, "isWicket": false, "dismissalType": null, "byes": 0, "legbyes": 0, "wides": 0, "noballs": 0, "penalties": 0, "wagonX": 138, "wagonY": 129, "wagonZone": 7, "pitchLine": "OUTSIDE_OFFSTUMP", "pitchLength": "SHORT_OF_A_GOOD_LENGTH", "shotType": "PUSH", "shotControl": 2, "timestamp": "2021-10-23T15:40:05.000Z", "modified": "2021-10-23T15:40:09.000Z", "batsmanPlayerId": 52290, "bowlerPlayerId": 45258, "outPlayerId": null, "totalInningRuns": 5, "totalInningWickets": 0, "predictions": {"score": 160, "winProbability": 99.3}, "title": "Rampaul to Roy", "dismissalText": null, "commentPreTextItems": null, "commentTextItems": [{"type": "HTML", "html": "Roy gets slight squared up coming across, squirts a thickish edge to backward point on the bounce"}], "commentPostTextItems": null, "commentVideos": [], "commentImages": [], "events": [], "over": null, "batsmanStatText": null, "bowlerStatText": null, "smartStats": []}, {"_uid": 35066594, "id": 35066594, "inningNumber": 2, "ballsActual": null, "ballsUnique": null, "oversUnique": 1.03, "oversActual": 1.3, "overNumber": 2, "ballNumber": 3, "totalRuns": 1, "batsmanRuns": 1, "isFour": false, "isSix": false, "isWicket": false, "dismissalType": null, "byes": 0, "legbyes": 0, "wides": 0, "noballs": 0, "penalties": 0, "wagonX": 220, "wagonY": 230, "wagonZone": 4, "pitchLine": "OUTSIDE_OFFSTUMP", "pitchLength": "GOOD_LENGTH", "shotType": "PUSH", "shotControl": 1, "timestamp": "2021-10-23T15:41:18.000Z", "modified": "2021-10-23T15:41:21.000Z", "batsmanPlayerId": 52290, "bowlerPlayerId": 45258, "outPlayerId": null, "totalInningRuns": 6, "totalInningWickets": 0, "predictions": {"score": 159, "winProbability": 99.33}, "title": "Rampaul to Roy", "dismissalText": null, "commentPreTextItems": [{"type": "HTML", "html": "\"I have serious reservations in calling this group commonly called as the 'Group of Death' based on what I saw today. It's just the stature the teams in this group have built that makes upsets apparently lesser in magnitude - Nothing else.\" My tongue was firmly in cheek, Aravint"}], "commentTextItems": [{"type": "HTML", "html": "good length angling in on the stumps, prodded back towards mid-on for one"}], "commentPostTextItems": null, "commentVideos": [], "commentImages": [], "events": [], "over": null, "batsmanStatText": null, "bowlerStatText": null, "smartStats": []}, {"_uid": 35066595, "id": 35066595, "inningNumber": 2, "ballsActual": null, "ballsUnique": null, "oversUnique": 1.04, "oversActual": 1.4, "overNumber": 2, "ballNumber": 4, "totalRuns": 0, "batsmanRuns": 0, "isFour": false, "isSix": false, "isWicket": false, "dismissalType": null, "byes": 0, "legbyes": 0, "wides": 0, "noballs": 0, "penalties": 0, "wagonX": 132, "wagonY": 140, "wagonZone": 7, "pitchLine": "OUTSIDE_OFFSTUMP", "pitchLength": "GOOD_LENGTH", "shotType": "PUSH", "shotControl": 1, "timestamp": "2021-10-23T15:42:05.000Z", "modified": "2021-10-23T15:42:09.000Z", "batsmanPlayerId": 53271, "bowlerPlayerId": 45258, "outPlayerId": null, "totalInningRuns": 6, "totalInningWickets": 0, "predictions": {"score": 158, "winProbability": 99.33}, "title": "Rampaul to Buttler", "dismissalText": null, "commentPreTextItems": null, "commentTextItems": [{"type": "HTML", "html": "length on fourth stump, 133kph and Buttler steers it away square"}], "commentPostTextItems": null, "commentVideos": [], "commentImages": [], "events": [], "over": null, "batsmanStatText": null, "bowlerStatText": null, "smartStats": []}, {"_uid": 35066596, "id": 35066596, "inningNumber": 2, "ballsActual": null, "ballsUnique": null, "oversUnique": 1.05, "oversActual": 1.5, "overNumber": 2, "ballNumber": 5, "totalRuns": 4, "batsmanRuns": 4, "isFour": true, "isSix": false, "isWicket": false, "dismissalType": null, "byes": 0, "legbyes": 0, "wides": 0, "noballs": 0, "penalties": 0, "wagonX": 32, "wagonY": 78, "wagonZone": 7, "pitchLine": "OUTSIDE_OFFSTUMP", "pitchLength": "GOOD_LENGTH", "shotType": "SQUARE_DRIVE", "shotControl": 1, "timestamp": "2021-10-23T15:42:43.000Z", "modified": "2021-10-23T15:42:47.000Z", "batsmanPlayerId": 53271, "bowlerPlayerId": 45258, "outPlayerId": null, "totalInningRuns": 10, "totalInningWickets": 0, "predictions": {"score": 160, "winProbability": 99.44}, "title": "Rampaul to Buttler", "dismissalText": null, "commentPreTextItems": null, "commentTextItems": [{"type": "HTML", "html": "<b>overpitched and Buttler rams through point!</b> Slightly wide and he just reaches out and fizzes the hands"}], "commentPostTextItems": null, "commentVideos": [], "commentImages": [], "events": [], "over": null, "batsmanStatText": null, "bowlerStatText": null, "smartStats": []}, {"_uid": 35066597, "id": 35066597, "inningNumber": 2, "ballsActual": null, "ballsUnique": null, "oversUnique": 1.06, "oversActual": 1.6, "overNumber": 2, "ballNumber": 6, "totalRuns": 0, "batsmanRuns": 0, "isFour": false, "isSix": false, "isWicket": false, "dismissalType": null, "byes": 0, "legbyes": 0, "wides": 0, "noballs": 0, "penalties": 0, "wagonX": 143, "wagonY": 128, "wagonZone": 7, "pitchLine": "OUTSIDE_OFFSTUMP", "pitchLength": "SHORT_OF_A_GOOD_LENGTH", "shotType": "DAB", "shotControl": 1, "timestamp": "2021-10-23T15:43:30.000Z", "modified": "2021-10-23T15:43:34.000Z", "batsmanPlayerId": 53271, "bowlerPlayerId": 45258, "outPlayerId": null, "totalInningRuns": 10, "totalInningWickets": 0, "predictions": {"score": 160, "winProbability": 99.45}, "title": "Rampaul to Buttler", "dismissalText": null, "commentPreTextItems": null, "commentTextItems": [{"type": "HTML", "html": "short of a length outside off, dabbed to backward point"}], "commentPostTextItems": null, "commentVideos": [], "commentImages": [], "events": [], "over": {"team": {"id": 1, "objectId": 1, "scribeId": 1, "slug": "england", "name": "England", "longName": "England", "abbreviation": "ENG", "unofficialName": "", "imageUrl": "/db/PICTURES/CMS/313100/313114.logo.png", "isCountry": true, "primaryColor": "#0673c1", "image": {"id": 313114, "objectId": 1241522, "slug": "england-logo", "url": "/db/PICTURES/CMS/313100/313114.logo.png", "width": 500, "height": 500, "caption": "England logo", "longCaption": "England logo", "credit": null, "photographer": null, "peerUrls": null}, "country": {"id": 1, "objectId": 1, "name": "England", "shortName": "England", "abbreviation": "ENG", "slug": "england"}}, "inningNumber": 2, "overNumber": 2, "overRuns": 5, "overWickets": 0, "totalRuns": 10, "totalWickets": 0, "target": 56, "overLimit": 20, "ballLimit": 120, "isMaiden": false, "isComplete": true, "isSuperOver": false, "overEndBatsmen": [{"player": {"id": 53271, "objectId": 308967, "name": "JC Buttler", "longName": "Jos Buttler", "mobileName": "Buttler", "indexName": "Buttler, JC", "battingName": "JC Buttler", "fieldingName": "Buttler", "slug": "jos-buttler", "imageUrl": "/db/PICTURES/CMS/303900/303969.jpg", "headshotImageUrl": "/db/PICTURES/CMS/316600/316642.png", "dateOfBirth": {"year": 1990, "month": 9, "date": 8}, "dateOfDeath": null, "gender": "M", "battingStyles": ["rhb"], "bowlingStyles": [], "longBattingStyles": ["right-hand bat"], "longBowlingStyles": [], "image": {"id": 303969, "objectId": 1222871, "slug": "jos-buttler-portrait", "url": "/db/PICTURES/CMS/303900/303969.jpg", "width": 160, "height": 200, "caption": "Jos Buttler portrait", "longCaption": "Jos Buttler, May 2020", "credit": "Getty Images", "photographer": null, "peerUrls": null}, "countryTeamId": 1, "playerRoleTypeIds": [7], "playingRoles": ["wicketkeeper batter"], "headshotImage": {"id": 316642, "objectId": 1251275, "slug": "jc-buttler-headshot", "url": "/db/PICTURES/CMS/316600/316642.png", "width": 600, "height": 436, "caption": "JC Buttler headshot", "longCaption": "JC Buttler headshot", "credit": null, "photographer": null, "peerUrls": {"FILM": null, "WIDE": null, "SQUARE": null}}}, "runs": 8, "balls": 7, "fours": 2, "sixes": 0}, {"player": {"id": 52290, "objectId": 298438, "name": "JJ Roy", "longName": "Jason Roy", "mobileName": "Roy", "indexName": "Roy, JJ", "battingName": "JJ Roy", "fieldingName": "Roy", "slug": "jason-roy", "imageUrl": "/db/PICTURES/CMS/303900/303963.jpg", "headshotImageUrl": "/db/PICTURES/CMS/319700/319791.png", "dateOfBirth": {"year": 1990, "month": 7, "date": 21}, "dateOfDeath": null, "gender": "M", "battingStyles": ["rhb"], "bowlingStyles": [], "longBattingStyles": ["right-hand bat"], "longBowlingStyles": [], "image": {"id": 303963, "objectId": 1222865, "slug": "jason-roy-portrait", "url": "/db/PICTURES/CMS/303900/303963.jpg", "width": 160, "height": 200, "caption": "Jason Roy portrait", "longCaption": "Jason Roy, May 2020", "credit": "Getty Images", "photographer": null, "peerUrls": null}, "countryTeamId": 1, "playerRoleTypeIds": [1], "playingRoles": ["opening batter"], "headshotImage": {"id": 319791, "objectId": 1259802, "slug": "jason-roy-player-page-headshot-cutout-2021", "url": "/db/PICTURES/CMS/319700/319791.png", "width": 600, "height": 436, "caption": "Jason Roy player page headshot cutout, 2021", "longCaption": "Jason Roy player page headshot cutout, 2021", "credit": null, "photographer": null, "peerUrls": {"FILM": null, "WIDE": null, "SQUARE": "/db/PICTURES/CMS/319700/319791.square.png"}}}, "runs": 2, "balls": 5, "fours": 0, "sixes": 0}], "overEndBowlers": [{"player": {"id": 45258, "objectId": 52912, "name": "R Rampaul", "longName": "Ravi Rampaul", "mobileName": "Rampaul", "indexName": "Rampaul, R", "battingName": "R Rampaul", "fieldingName": "Rampaul", "slug": "ravi-rampaul", "imageUrl": "/db/PICTURES/CMS/203200/203291.1.jpg", "headshotImageUrl": "/db/PICTURES/CMS/320100/320111.png", "dateOfBirth": {"year": 1984, "month": 10, "date": 15}, "dateOfDeath": null, "gender": "M", "battingStyles": ["lhb"], "bowlingStyles": ["rfm"], "longBattingStyles": ["left-hand bat"], "longBowlingStyles": ["right-arm fast-medium"], "image": {"id": 203291, "objectId": 818693, "slug": "ravi-rampaul", "url": "/db/PICTURES/CMS/203200/203291.1.jpg", "width": 160, "height": 192, "caption": "Ravi Rampaul", "longCaption": "Ravi Rampaul", "credit": "Getty Images", "photographer": null, "peerUrls": null}, "countryTeamId": 4, "playerRoleTypeIds": [4], "playingRoles": ["bowler"], "headshotImage": {"id": 320111, "objectId": 1260566, "slug": "ravi-rampaul-player-page-headshot-cutout-2021", "url": "/db/PICTURES/CMS/320100/320111.png", "width": 600, "height": 436, "caption": "Ravi Rampaul player page headshot cutout, 2021", "longCaption": "Ravi Rampaul player page headshot cutout, 2021", "credit": null, "photographer": null, "peerUrls": {"FILM": null, "WIDE": null, "SQUARE": "/db/PICTURES/CMS/320100/320111.square.png"}}}, "overs": 1, "balls": 6, "maidens": 0, "conceded": 5, "wickets": 0, "currentType": 1}, {"player": {"id": 66259, "objectId": 530812, "name": "AJ Hosein", "longName": "Akeal Hosein", "mobileName": "Hosein", "indexName": "Hosein, AJ", "battingName": "AJ Hosein", "fieldingName": "Hosein", "slug": "akeal-hosein", "imageUrl": "/db/PICTURES/CMS/326100/326139.4.jpg", "headshotImageUrl": "/db/PICTURES/CMS/321900/321939.png", "dateOfBirth": {"year": 1993, "month": 4, "date": 25}, "dateOfDeath": null, "gender": "M", "battingStyles": ["lhb"], "bowlingStyles": ["sla"], "longBattingStyles": ["left-hand bat"], "longBowlingStyles": ["slow left-arm orthodox"], "image": {"id": 326139, "objectId": 1274398, "slug": "akeal-hosein-player-portrait", "url": "/db/PICTURES/CMS/326100/326139.4.jpg", "width": 160, "height": 292, "caption": "Akeal Hosein, player portrait", "longCaption": "Akeal Hosein, player portrait", "credit": "AFP/Getty Images", "photographer": "Randy Brooks", "peerUrls": null}, "countryTeamId": 4, "playerRoleTypeIds": [4], "playingRoles": ["bowler"], "headshotImage": {"id": 321939, "objectId": 1264222, "slug": "akeal-hosein-player-page-headshot-cutout-2021", "url": "/db/PICTURES/CMS/321900/321939.png", "width": 600, "height": 436, "caption": "Akeal Hosein player page headshot cutout, 2021", "longCaption": "Akeal Hosein player page headshot cutout, 2021", "credit": null, "photographer": null, "peerUrls": {"FILM": null, "WIDE": null, "SQUARE": "/db/PICTURES/CMS/321900/321939.square.png"}}}, "overs": 1, "balls": 6, "maidens": 0, "conceded": 5, "wickets": 0, "currentType": 2}], "rollover": null}, "batsmanStatText": null, "bowlerStatText": null, "smartStats": []}, {"_uid": 35066598, "id": 35066598, "inningNumber": 2, "ballsActual": null, "ballsUnique": null, "oversUnique": 2.01, "oversActual": 2.1, "overNumber": 3, "ballNumber": 1, "totalRuns": 6, "batsmanRuns": 6, "isFour": false, "isSix": true, "isWicket": false, "dismissalType": null, "byes": 0, "legbyes": 0, "wides": 0, "noballs": 0, "penalties": 0, "wagonX": 33, "wagonY": 287, "wagonZone": 6, "pitchLine": "ON_THE_STUMPS", "pitchLength": "GOOD_LENGTH", "shotType": "COVER_DRIVE", "shotControl": 1, "timestamp": "2021-10-23T15:44:45.000Z", "modified": "2021-10-23T15:44:49.000Z", "batsmanPlayerId": 52290, "bowlerPlayerId": 66259, "outPlayerId": null, "totalInningRuns": 16, "totalInningWickets": 0, "predictions": {"score": 164, "winProbability": 99.58}, "title": "Hosein to Roy", "dismissalText": null, "commentPreTextItems": null, "commentTextItems": [{"type": "HTML", "html": "<b>smashed over extra cover, goes all the way!</b> Roy tucks in with his first shot in anger - and quite a stroke that is. Plants the front foot and takes Hosein to the cleaners"}], "commentPostTextItems": null, "commentVideos": [], "commentImages": [], "events": [], "over": null, "batsmanStatText": null, "bowlerStatText": null, "smartStats": []}, {"_uid": 35066599, "id": 35066599, "inningNumber": 2, "ballsActual": null, "ballsUnique": null, "oversUnique": 2.02, "oversActual": 2.2, "overNumber": 3, "ballNumber": 2, "totalRuns": 1, "batsmanRuns": 1, "isFour": false, "isSix": false, "isWicket": false, "dismissalType": null, "byes": 0, "legbyes": 0, "wides": 0, "noballs": 0, "penalties": 0, "wagonX": 90, "wagonY": 304, "wagonZone": 5, "pitchLine": "OUTSIDE_OFFSTUMP", "pitchLength": "SHORT_OF_A_GOOD_LENGTH", "shotType": "ON_DRIVE", "shotControl": 1, "timestamp": "2021-10-23T15:45:59.000Z", "modified": "2021-10-23T15:46:04.000Z", "batsmanPlayerId": 52290, "bowlerPlayerId": 66259, "outPlayerId": null, "totalInningRuns": 17, "totalInningWickets": 0, "predictions": {"score": 165, "winProbability": 99.61}, "title": "Hosein to Roy", "dismissalText": null, "commentPreTextItems": [{"type": "HTML", "html": "<b>Our win predictor has England at 99.45% after that six</b>"}], "commentTextItems": [{"type": "HTML", "html": "fired down outside off, 94kph, punched to long-off for one"}], "commentPostTextItems": null, "commentVideos": [], "commentImages": [], "events": [], "over": null, "batsmanStatText": null, "bowlerStatText": null, "smartStats": []}, {"_uid": 35066600, "id": 35066600, "inningNumber": 2, "ballsActual": null, "ballsUnique": null, "oversUnique": 2.03, "oversActual": 2.3, "overNumber": 3, "ballNumber": 3, "totalRuns": 1, "batsmanRuns": 1, "isFour": false, "isSix": false, "isWicket": false, "dismissalType": null, "byes": 0, "legbyes": 0, "wides": 0, "noballs": 0, "penalties": 0, "wagonX": 109, "wagonY": 196, "wagonZone": 6, "pitchLine": "OUTSIDE_OFFSTUMP", "pitchLength": "SHORT_OF_A_GOOD_LENGTH", "shotType": "COVER_DRIVE", "shotControl": 1, "timestamp": "2021-10-23T15:46:35.000Z", "modified": "2021-10-23T15:46:39.000Z", "batsmanPlayerId": 53271, "bowlerPlayerId": 66259, "outPlayerId": null, "totalInningRuns": 18, "totalInningWickets": 0, "predictions": {"score": 164, "winProbability": 99.62}, "title": "Hosein to Buttler", "dismissalText": null, "commentPreTextItems": null, "commentTextItems": [{"type": "HTML", "html": "jabbed into the covers and they scurry one"}], "commentPostTextItems": null, "commentVideos": [], "commentImages": [], "events": [], "over": null, "batsmanStatText": null, "bowlerStatText": null, "smartStats": []}, {"_uid": 35066601, "id": 35066601, "inningNumber": 2, "ballsActual": null, "ballsUnique": null, "oversUnique": 2.04, "oversActual": 2.4, "overNumber": 3, "ballNumber": 4, "totalRuns": 1, "batsmanRuns": 1, "isFour": false, "isSix": false, "isWicket": false, "dismissalType": null, "byes": 0, "legbyes": 0, "wides": 0, "noballs": 0, "penalties": 0, "wagonX": 58, "wagonY": 273, "wagonZone": 6, "pitchLine": "OUTSIDE_OFFSTUMP", "pitchLength": "SHORT_OF_A_GOOD_LENGTH", "shotType": "COVER_DRIVE", "shotControl": 1, "timestamp": "2021-10-23T15:47:13.000Z", "modified": "2021-10-23T15:47:17.000Z", "batsmanPlayerId": 52290, "bowlerPlayerId": 66259, "outPlayerId": null, "totalInningRuns": 19, "totalInningWickets": 0, "predictions": {"score": 164, "winProbability": 99.64}, "title": "Hosein to Roy", "dismissalText": null, "commentPreTextItems": null, "commentTextItems": [{"type": "HTML", "html": "pushed through and Roy punches this past extra cover, Buttler wants two but won't get it"}], "commentPostTextItems": null, "commentVideos": [], "commentImages": [], "events": [], "over": null, "batsmanStatText": null, "bowlerStatText": null, "smartStats": []}, {"_uid": 35066602, "id": 35066602, "inningNumber": 2, "ballsActual": null, "ballsUnique": null, "oversUnique": 2.05, "oversActual": 2.5, "overNumber": 3, "ballNumber": 5, "totalRuns": 1, "batsmanRuns": 1, "isFour": false, "isSix": false, "isWicket": false, "dismissalType": null, "byes": 0, "legbyes": 0, "wides": 0, "noballs": 0, "penalties": 0, "wagonX": 243, "wagonY": 212, "wagonZone": 3, "pitchLine": "ON_THE_STUMPS", "pitchLength": "GOOD_LENGTH", "shotType": "FLICK", "shotControl": 1, "timestamp": "2021-10-23T15:47:54.000Z", "modified": "2021-10-23T15:47:58.000Z", "batsmanPlayerId": 53271, "bowlerPlayerId": 66259, "outPlayerId": null, "totalInningRuns": 20, "totalInningWickets": 0, "predictions": {"score": 163, "winProbability": 99.66}, "title": "Hosein to Buttler", "dismissalText": null, "commentPreTextItems": null, "commentTextItems": [{"type": "HTML", "html": "angled in flat and nudged leg side"}], "commentPostTextItems": null, "commentVideos": [], "commentImages": [], "events": [], "over": null, "batsmanStatText": null, "bowlerStatText": null, "smartStats": []}, {"_uid": 35066603, "id": 35066603, "inningNumber": 2, "ballsActual": null, "ballsUnique": null, "oversUnique": 2.06, "oversActual": 2.6, "overNumber": 3, "ballNumber": 6, "totalRuns": 1, "batsmanRuns": 1, "isFour": false, "isSix": false, "isWicket": false, "dismissalType": null, "byes": 0, "legbyes": 0, "wides": 0, "noballs": 0, "penalties": 0, "wagonX": 307, "wagonY": 251, "wagonZone": 3, "pitchLine": "OUTSIDE_OFFSTUMP", "pitchLength": "SHORT_OF_A_GOOD_LENGTH", "shotType": "FLICK", "shotControl": 1, "timestamp": "2021-10-23T15:48:31.000Z", "modified": "2021-10-23T15:48:35.000Z", "batsmanPlayerId": 52290, "bowlerPlayerId": 66259, "outPlayerId": null, "totalInningRuns": 21, "totalInningWickets": 0, "predictions": {"score": 163, "winProbability": 99.72}, "title": "Hosein to Roy", "dismissalText": null, "commentPreTextItems": null, "commentTextItems": [{"type": "HTML", "html": "darted on the stumps, worked away through midwicket"}], "commentPostTextItems": null, "commentVideos": [], "commentImages": [], "events": [], "over": {"team": {"id": 1, "objectId": 1, "scribeId": 1, "slug": "england", "name": "England", "longName": "England", "abbreviation": "ENG", "unofficialName": "", "imageUrl": "/db/PICTURES/CMS/313100/313114.logo.png", "isCountry": true, "primaryColor": "#0673c1", "image": {"id": 313114, "objectId": 1241522, "slug": "england-logo", "url": "/db/PICTURES/CMS/313100/313114.logo.png", "width": 500, "height": 500, "caption": "England logo", "longCaption": "England logo", "credit": null, "photographer": null, "peerUrls": null}, "country": {"id": 1, "objectId": 1, "name": "England", "shortName": "England", "abbreviation": "ENG", "slug": "england"}}, "inningNumber": 2, "overNumber": 3, "overRuns": 11, "overWickets": 0, "totalRuns": 21, "totalWickets": 0, "target": 56, "overLimit": 20, "ballLimit": 120, "isMaiden": false, "isComplete": true, "isSuperOver": false, "overEndBatsmen": [{"player": {"id": 52290, "objectId": 298438, "name": "JJ Roy", "longName": "Jason Roy", "mobileName": "Roy", "indexName": "Roy, JJ", "battingName": "JJ Roy", "fieldingName": "Roy", "slug": "jason-roy", "imageUrl": "/db/PICTURES/CMS/303900/303963.jpg", "headshotImageUrl": "/db/PICTURES/CMS/319700/319791.png", "dateOfBirth": {"year": 1990, "month": 7, "date": 21}, "dateOfDeath": null, "gender": "M", "battingStyles": ["rhb"], "bowlingStyles": [], "longBattingStyles": ["right-hand bat"], "longBowlingStyles": [], "image": {"id": 303963, "objectId": 1222865, "slug": "jason-roy-portrait", "url": "/db/PICTURES/CMS/303900/303963.jpg", "width": 160, "height": 200, "caption": "Jason Roy portrait", "longCaption": "Jason Roy, May 2020", "credit": "Getty Images", "photographer": null, "peerUrls": null}, "countryTeamId": 1, "playerRoleTypeIds": [1], "playingRoles": ["opening batter"], "headshotImage": {"id": 319791, "objectId": 1259802, "slug": "jason-roy-player-page-headshot-cutout-2021", "url": "/db/PICTURES/CMS/319700/319791.png", "width": 600, "height": 436, "caption": "Jason Roy player page headshot cutout, 2021", "longCaption": "Jason Roy player page headshot cutout, 2021", "credit": null, "photographer": null, "peerUrls": {"FILM": null, "WIDE": null, "SQUARE": "/db/PICTURES/CMS/319700/319791.square.png"}}}, "runs": 11, "balls": 9, "fours": 0, "sixes": 1}, {"player": {"id": 53271, "objectId": 308967, "name": "JC Buttler", "longName": "Jos Buttler", "mobileName": "Buttler", "indexName": "Buttler, JC", "battingName": "JC Buttler", "fieldingName": "Buttler", "slug": "jos-buttler", "imageUrl": "/db/PICTURES/CMS/303900/303969.jpg", "headshotImageUrl": "/db/PICTURES/CMS/316600/316642.png", "dateOfBirth": {"year": 1990, "month": 9, "date": 8}, "dateOfDeath": null, "gender": "M", "battingStyles": ["rhb"], "bowlingStyles": [], "longBattingStyles": ["right-hand bat"], "longBowlingStyles": [], "image": {"id": 303969, "objectId": 1222871, "slug": "jos-buttler-portrait", "url": "/db/PICTURES/CMS/303900/303969.jpg", "width": 160, "height": 200, "caption": "Jos Buttler portrait", "longCaption": "Jos Buttler, May 2020", "credit": "Getty Images", "photographer": null, "peerUrls": null}, "countryTeamId": 1, "playerRoleTypeIds": [7], "playingRoles": ["wicketkeeper batter"], "headshotImage": {"id": 316642, "objectId": 1251275, "slug": "jc-buttler-headshot", "url": "/db/PICTURES/CMS/316600/316642.png", "width": 600, "height": 436, "caption": "JC Buttler headshot", "longCaption": "JC Buttler headshot", "credit": null, "photographer": null, "peerUrls": {"FILM": null, "WIDE": null, "SQUARE": null}}}, "runs": 10, "balls": 9, "fours": 2, "sixes": 0}], "overEndBowlers": [{"player": {"id": 66259, "objectId": 530812, "name": "AJ Hosein", "longName": "Akeal Hosein", "mobileName": "Hosein", "indexName": "Hosein, AJ", "battingName": "AJ Hosein", "fieldingName": "Hosein", "slug": "akeal-hosein", "imageUrl": "/db/PICTURES/CMS/326100/326139.4.jpg", "headshotImageUrl": "/db/PICTURES/CMS/321900/321939.png", "dateOfBirth": {"year": 1993, "month": 4, "date": 25}, "dateOfDeath": null, "gender": "M", "battingStyles": ["lhb"], "bowlingStyles": ["sla"], "longBattingStyles": ["left-hand bat"], "longBowlingStyles": ["slow left-arm orthodox"], "image": {"id": 326139, "objectId": 1274398, "slug": "akeal-hosein-player-portrait", "url": "/db/PICTURES/CMS/326100/326139.4.jpg", "width": 160, "height": 292, "caption": "Akeal Hosein, player portrait", "longCaption": "Akeal Hosein, player portrait", "credit": "AFP/Getty Images", "photographer": "Randy Brooks", "peerUrls": null}, "countryTeamId": 4, "playerRoleTypeIds": [4], "playingRoles": ["bowler"], "headshotImage": {"id": 321939, "objectId": 1264222, "slug": "akeal-hosein-player-page-headshot-cutout-2021", "url": "/db/PICTURES/CMS/321900/321939.png", "width": 600, "height": 436, "caption": "Akeal Hosein player page headshot cutout, 2021", "longCaption": "Akeal Hosein player page headshot cutout, 2021", "credit": null, "photographer": null, "peerUrls": {"FILM": null, "WIDE": null, "SQUARE": "/db/PICTURES/CMS/321900/321939.square.png"}}}, "overs": 2, "balls": 12, "maidens": 0, "conceded": 16, "wickets": 0, "currentType": 1}, {"player": {"id": 45258, "objectId": 52912, "name": "R Rampaul", "longName": "Ravi Rampaul", "mobileName": "Rampaul", "indexName": "Rampaul, R", "battingName": "R Rampaul", "fieldingName": "Rampaul", "slug": "ravi-rampaul", "imageUrl": "/db/PICTURES/CMS/203200/203291.1.jpg", "headshotImageUrl": "/db/PICTURES/CMS/320100/320111.png", "dateOfBirth": {"year": 1984, "month": 10, "date": 15}, "dateOfDeath": null, "gender": "M", "battingStyles": ["lhb"], "bowlingStyles": ["rfm"], "longBattingStyles": ["left-hand bat"], "longBowlingStyles": ["right-arm fast-medium"], "image": {"id": 203291, "objectId": 818693, "slug": "ravi-rampaul", "url": "/db/PICTURES/CMS/203200/203291.1.jpg", "width": 160, "height": 192, "caption": "Ravi Rampaul", "longCaption": "Ravi Rampaul", "credit": "Getty Images", "photographer": null, "peerUrls": null}, "countryTeamId": 4, "playerRoleTypeIds": [4], "playingRoles": ["bowler"], "headshotImage": {"id": 320111, "objectId": 1260566, "slug": "ravi-rampaul-player-page-headshot-cutout-2021", "url": "/db/PICTURES/CMS/320100/320111.png", "width": 600, "height": 436, "caption": "Ravi Rampaul player page headshot cutout, 2021", "longCaption": "Ravi Rampaul player page headshot cutout, 2021", "credit": null, "photographer": null, "peerUrls": {"FILM": null, "WIDE": null, "SQUARE": "/db/PICTURES/CMS/320100/320111.square.png"}}}, "overs": 1, "balls": 6, "maidens": 0, "conceded": 5, "wickets": 0, "currentType": 2}], "rollover": null}, "batsmanStatText": null, "bowlerStatText": null, "smartStats": []}]