[{"_uid": 35098317, "id": 35098317, "inningNumber": 1, "ballsActual": null, "ballsUnique": null, "oversUnique": 15.01, "oversActual": 15.1, "overNumber": 16, "ballNumber": 1, "totalRuns": 1, "batsmanRuns": 1, "isFour": false, "isSix": false, "isWicket": false, "dismissalType": null, "byes": 0, "legbyes": 0, "wides": 0, "noballs": 0, "penalties": 0, "wagonX": 120, "wagonY": 41, "wagonZone": 8, "pitchLine": "ON_THE_STUMPS", "pitchLength": "GOOD_LENGTH", "shotType": "STEERED", "shotControl": 1, "timestamp": "2021-10-27T11:18:35.000Z", "modified": "2021-10-27T11:21:31.000Z", "batsmanPlayerId": 60030, "bowlerPlayerId": 62490, "outPlayerId": null, "totalInningRuns": 84, "totalInningWickets": 6, "predictions": {"score": 123, "winProbability": 13.5}, "title": "Mills to Nurul", "dismissalText": null, "commentPreTextItems": [{"type": "HTML", "html": "\"Big T\" back, he can bowl his final three through the death"}], "commentTextItems": [{"type": "HTML", "html": "over the wicket, back of a length with pace off, dabbed for one"}], "commentPostTextItems": null, "commentVideos": [], "commentImages": [], "events": [], "over": null, "batsmanStatText": null, "bowlerStatText": null, "smartStats": []}, {"_uid": 35098325, "id": 35098325, "inningNumber": 1, "ballsActual": null, "ballsUnique": null, "oversUnique": 15.02, "oversActual": 15.2, "overNumber": 16, "ballNumber": 2, "totalRuns": 0, "batsmanRuns": 0, "isFour": false, "isSix": false, "isWicket": false, "dismissalType": null, "byes": 0, "legbyes": 0, "wides": 0, "noballs": 0, "penalties": 0, "wagonX": 0, "wagonY": 0, "wagonZone": 0, "pitchLine": "OUTSIDE_OFFSTUMP", "pitchLength": "SHORT_OF_A_GOOD_LENGTH", "shotType": "CUT_SHOT", "shotControl": 2, "timestamp": "2021-10-27T11:19:10.000Z", "modified": "2021-10-27T11:19:13.000Z", "batsmanPlayerId": 80875, "bowlerPlayerId": 62490, "outPlayerId": null, "totalInningRuns": 84, "totalInningWickets": 6, "predictions": {"score": 122, "winProbability": 12.99}, "title": "Mills to Mahedi Hasan", "dismissalText": null, "commentPreTextItems": null, "commentTextItems": [{"type": "HTML", "html": "short and quick, this one whistles through in the channel as Mahedi keeps his hands down"}], "commentPostTextItems": null, "commentVideos": [], "commentImages": [], "events": [], "over": null, "batsmanStatText": null, "bowlerStatText": null, "smartStats": []}, {"_uid": 35098383, "id": 35098383, "inningNumber": 1, "ballsActual": null, "ballsUnique": null, "oversUnique": 15.03, "oversActual": 15.3, "overNumber": 16, "ballNumber": 3, "totalRuns": 1, "batsmanRuns": 1, "isFour": false, "isSix": false, "isWicket": false, "dismissalType": null, "byes": 0, "legbyes": 0, "wides": 0, "noballs": 0, "penalties": 0, "wagonX": 224, "wagonY": 186, "wagonZone": 3, "pitchLine": "DOWN_LEG", "pitchLength": "SHORT_OF_A_GOOD_LENGTH", "shotType": "FLICK", "shotControl": 1, "timestamp": "2021-10-27T11:19:56.000Z", "modified": "2021-10-27T11:19:59.000Z", "batsmanPlayerId": 80875, "bowlerPlayerId": 62490, "outPlayerId": null, "totalInningRuns": 85, "totalInningWickets": 6, "predictions": {"score": 121, "winProbability": 12.5}, "title": "Mills to Mahedi Hasan", "dismissalText": null, "commentPreTextItems": null, "commentTextItems": [{"type": "HTML", "html": "banged in again, 137kph/85mph and Mahedi hangs back, flinches one off the splice into the leg side"}], "commentPostTextItems": null, "commentVideos": [], "commentImages": [], "events": [], "over": null, "batsmanStatText": null, "bowlerStatText": null, "smartStats": []}, {"_uid": 35098391, "id": 35098391, "inningNumber": 1, "ballsActual": null, "ballsUnique": null, "oversUnique": 15.04, "oversActual": 15.4, "overNumber": 16, "ballNumber": 4, "totalRuns": 1, "batsmanRuns": 1, "isFour": false, "isSix": false, "isWicket": false, "dismissalType": null, "byes": 0, "legbyes": 0, "wides": 0, "noballs": 0, "penalties": 0, "wagonX": 123, "wagonY": 104, "wagonZone": 8, "pitchLine": "OUTSIDE_OFFSTUMP", "pitchLength": "SHORT_OF_A_GOOD_LENGTH", "shotType": "CUT_SHOT", "shotControl": 1, "timestamp": "2021-10-27T11:20:31.000Z", "modified": "2021-10-27T11:20:34.000Z", "batsmanPlayerId": 60030, "bowlerPlayerId": 62490, "outPlayerId": null, "totalInningRuns": 86, "totalInningWickets": 6, "predictions": {"score": 121, "winProbability": 12.5}, "title": "Mills to Nurul", "dismissalText": null, "commentPreTextItems": [{"type": "HTML", "html": "\"It seems that even 57 of the last seven overs is not possible,\" murmurs Venkat"}], "commentTextItems": [{"type": "HTML", "html": "short of a length, played off the back foot and half-stopped by the diving Roy at backward point"}], "commentPostTextItems": null, "commentVideos": [], "commentImages": [], "events": [], "over": null, "batsmanStatText": null, "bowlerStatText": null, "smartStats": []}, {"_uid": 35098446, "id": 35098446, "inningNumber": 1, "ballsActual": null, "ballsUnique": null, "oversUnique": 15.05, "oversActual": 15.5, "overNumber": 16, "ballNumber": 5, "totalRuns": 0, "batsmanRuns": 0, "isFour": false, "isSix": false, "isWicket": false, "dismissalType": null, "byes": 0, "legbyes": 0, "wides": 0, "noballs": 0, "penalties": 0, "wagonX": 126, "wagonY": 148, "wagonZone": 7, "pitchLine": "DOWN_LEG", "pitchLength": "SHORT_OF_A_GOOD_LENGTH", "shotType": "PUSH", "shotControl": 1, "timestamp": "2021-10-27T11:21:16.000Z", "modified": "2021-10-27T11:21:19.000Z", "batsmanPlayerId": 80875, "bowlerPlayerId": 62490, "outPlayerId": null, "totalInningRuns": 86, "totalInningWickets": 6, "predictions": {"score": 120, "winProbability": 12.02}, "title": "Mills to Mahedi Hasan", "dismissalText": null, "commentPreTextItems": null, "commentTextItems": [{"type": "HTML", "html": "into the pitch, back-of-the-hander from Mills, played from deep in the crease into the covers"}], "commentPostTextItems": null, "commentVideos": [], "commentImages": [], "events": [], "over": null, "batsmanStatText": null, "bowlerStatText": null, "smartStats": []}, {"_uid": 35098505, "id": 35098505, "inningNumber": 1, "ballsActual": null, "ballsUnique": null, "oversUnique": 15.06, "oversActual": 15.6, "overNumber": 16, "ballNumber": 6, "totalRuns": 4, "batsmanRuns": 4, "isFour": true, "isSix": false, "isWicket": false, "dismissalType": null, "byes": 0, "legbyes": 0, "wides": 0, "noballs": 0, "penalties": 0, "wagonX": 145, "wagonY": 6, "wagonZone": 8, "pitchLine": "OUTSIDE_OFFSTUMP", "pitchLength": "GOOD_LENGTH", "shotType": "PUSH", "shotControl": 2, "timestamp": "2021-10-27T11:21:53.000Z", "modified": "2021-10-27T11:21:57.000Z", "batsmanPlayerId": 80875, "bowlerPlayerId": 62490, "outPlayerId": null, "totalInningRuns": 90, "totalInningWickets": 6, "predictions": {"score": 123, "winProbability": 13.5}, "title": "Mills to Mahedi Hasan", "dismissalText": null, "commentPreTextItems": null, "commentTextItems": [{"type": "HTML", "html": "<b>pace on and a thick edge beats the dive at third!</b> Mahedi just hung the bat out and got something on it, and Rashid couldn't quite get across. Only Bangladesh's second boundary since the 10th over"}], "commentPostTextItems": null, "commentVideos": [], "commentImages": [], "events": [], "over": {"team": {"id": 25, "objectId": 25, "scribeId": 25, "slug": "bangladesh", "name": "Bangladesh", "longName": "Bangladesh", "abbreviation": "BAN", "unofficialName": "", "imageUrl": "/db/PICTURES/CMS/341400/341456.png", "isCountry": true, "primaryColor": "#ed3507", "image": {"id": 341456, "objectId": 1321180, "slug": "bangladesh-latest-team-flag", "url": "/db/PICTURES/CMS/341400/341456.png", "width": 500, "height": 500, "caption": "Bangladesh latest-team flag", "longCaption": "Bangladesh latest-team flag", "credit": "Getty Images", "photographer": null, "peerUrls": null}, "country": {"id": 25, "objectId": 25, "name": "Bangladesh", "shortName": "Bangladesh", "abbreviation": "BAN", "slug": "bangladesh"}}, "inningNumber": 1, "overNumber": 16, "overRuns": 7, "overWickets": 0, "totalRuns": 90, "totalWickets": 6, "target": 0, "overLimit": 20, "ballLimit": 120, "isMaiden": false, "isComplete": true, "isSuperOver": false, "overEndBatsmen": [{"player": {"id": 80875, "objectId": 833087, "name": "Mahedi Hasan", "longName": "Mahedi Hasan", "mobileName": "Mahedi Hasan", "indexName": "Mahedi Hasan", "battingName": "Mahedi Hasan", "fieldingName": "Mahedi Hasan", "slug": "mahedi-hasan", "imageUrl": "/db/PICTURES/CMS/377500/377581.4.jpg", "headshotImageUrl": "/db/PICTURES/CMS/380200/380237.png", "dateOfBirth": {"year": 1994, "month": 12, "date": 12}, "dateOfDeath": null, "gender": "M", "battingStyles": ["rhb"], "bowlingStyles": ["ob"], "longBattingStyles": ["right-hand bat"], "longBowlingStyles": ["right-arm offbreak"], "image": {"id": 377581, "objectId": 1424432, "slug": "mahedi-hasan-player-portrait", "url": "/db/PICTURES/CMS/377500/377581.4.jpg", "width": 160, "height": 265, "caption": "Mahedi Hasan, player portrait", "longCaption": "Mahedi Hasan, player portrait", "credit": "Bangladesh Cricket Board", "photographer": null, "peerUrls": null}, "countryTeamId": 25, "playerRoleTypeIds": [5], "playingRoles": ["allrounder"], "headshotImage": {"id": 380237, "objectId": 1432041, "slug": "mahedi-hasan-player-page-headshot-cutout-2024", "url": "/db/PICTURES/CMS/380200/380237.png", "width": 600, "height": 436, "caption": "Mahedi Hasan, player page headshot cutout, 2024", "longCaption": "Mahedi Hasan, player page headshot cutout, 2024", "credit": null, "photographer": null, "peerUrls": {"FILM": null, "WIDE": null, "SQUARE": "/db/PICTURES/CMS/380200/380237.square.png"}}}, "runs": 5, "balls": 5, "fours": 1, "sixes": 0}, {"player": {"id": 60030, "objectId": 410765, "name": "Nurul Hasan", "longName": "Nurul Hasan", "mobileName": "Nurul", "indexName": "Nurul Hasan", "battingName": "Nurul Hasan", "fieldingName": "Nurul Hasan", "slug": "nurul-hasan", "imageUrl": "/db/PICTURES/CMS/303200/303243.jpg", "headshotImageUrl": "/db/PICTURES/CMS/323100/323162.png", "dateOfBirth": {"year": 1993, "month": 11, "date": 21}, "dateOfDeath": null, "gender": "M", "battingStyles": ["rhb"], "bowlingStyles": [], "longBattingStyles": ["right-hand bat"], "longBowlingStyles": [], "image": {"id": 303243, "objectId": 1221737, "slug": "nurul-hasan-portrait", "url": "/db/PICTURES/CMS/303200/303243.jpg", "width": 160, "height": 201, "caption": "Nurul Hasan portrait", "longCaption": "Nurul Hasan portrait, April 2020", "credit": "Getty Images", "photographer": null, "peerUrls": null}, "countryTeamId": 25, "playerRoleTypeIds": [7], "playingRoles": ["wicketkeeper batter"], "headshotImage": {"id": 323162, "objectId": 1266410, "slug": "nurul-hasan-player-page-headshot-cutout-2021", "url": "/db/PICTURES/CMS/323100/323162.png", "width": 600, "height": 436, "caption": "Nurul Hasan player page headshot cutout, 2021", "longCaption": "Nurul Hasan player page headshot cutout, 2021", "credit": null, "photographer": null, "peerUrls": {"FILM": null, "WIDE": null, "SQUARE": "/db/PICTURES/CMS/323100/323162.square.png"}}}, "runs": 9, "balls": 9, "fours": 0, "sixes": 0}], "overEndBowlers": [{"player": {"id": 62490, "objectId": 459257, "name": "TS Mills", "longName": "Tymal Mills", "mobileName": "Mills", "indexName": "Mills, TS", "battingName": "TS Mills", "fieldingName": "Mills", "slug": "tymal-mills", "imageUrl": "/db/PICTURES/CMS/305000/305042.jpg", "headshotImageUrl": "/db/PICTURES/CMS/323100/323104.png", "dateOfBirth": {"year": 1992, "month": 8, "date": 12}, "dateOfDeath": null, "gender": "M", "battingStyles": ["rhb"], "bowlingStyles": ["lf"], "longBattingStyles": ["right-hand bat"], "longBowlingStyles": ["left-arm fast"], "image": {"id": 305042, "objectId": 1224557, "slug": "tymal-mills-portrait", "url": "/db/PICTURES/CMS/305000/305042.jpg", "width": 160, "height": 200, "caption": "Tymal Mills portrait", "longCaption": "Tymal Mills, June 2020", "credit": "Getty Images", "photographer": null, "peerUrls": null}, "countryTeamId": 1, "playerRoleTypeIds": [4], "playingRoles": ["bowler"], "headshotImage": {"id": 323104, "objectId": 1266298, "slug": "tymal-mills-player-page-headshot-cutout-2021", "url": "/db/PICTURES/CMS/323100/323104.png", "width": 600, "height": 436, "caption": "Tymal Mills player page headshot cutout, 2021", "longCaption": "Tymal Mills player page headshot cutout, 2021", "credit": null, "photographer": null, "peerUrls": {"FILM": null, "WIDE": null, "SQUARE": "/db/PICTURES/CMS/323100/323104.square.png"}}}, "overs": 2, "balls": 12, "maidens": 0, "conceded": 18, "wickets": 0, "currentType": 1}, {"player": {"id": 59832, "objectId": 403902, "name": "LS Livingstone", "longName": "Liam Livingstone", "mobileName": "Livingstone", "indexName": "Livingstone, LS", "battingName": "LS Livingstone", "fieldingName": "Livingstone", "slug": "liam-livingstone", "imageUrl": "/db/PICTURES/CMS/356700/356798.1.png", "headshotImageUrl": "/db/PICTURES/CMS/323100/323103.png", "dateOfBirth": {"year": 1993, "month": 8, "date": 4}, "dateOfDeath": null, "gender": "M", "battingStyles": ["rhb"], "bowlingStyles": ["ob", "lb"], "longBattingStyles": ["right-hand bat"], "longBowlingStyles": ["right-arm offbreak", "legbreak"], "image": {"id": 356798, "objectId": 1365010, "slug": "liam-livingstone-player-portrait", "url": "/db/PICTURES/CMS/356700/356798.1.png", "width": 160, "height": 194, "caption": "Liam Livingstone player portrait", "longCaption": "Liam Livingstone player portrait", "credit": "Getty Images", "photographer": null, "peerUrls": null}, "countryTeamId": 1, "playerRoleTypeIds": [10], "playingRoles": ["batting allrounder"], "headshotImage": {"id": 323103, "objectId": 1266297, "slug": "liam-livingstone-player-page-headshot-cutout-2021", "url": "/db/PICTURES/CMS/323100/323103.png", "width": 600, "height": 436, "caption": "Liam Livingstone player page headshot cutout, 2021", "longCaption": "Liam Livingstone player page headshot cutout, 2021", "credit": null, "photographer": null, "peerUrls": {"FILM": null, "WIDE": null, "SQUARE": "/db/PICTURES/CMS/323100/323103.square.png"}}}, "overs": 3, "balls": 18, "maidens": 0, "conceded": 15, "wickets": 2, "currentType": 2}], "rollover": null}, "batsmanStatText": null, "bowlerStatText": null, "smartStats": []}, {"_uid": 35098580, "id": 35098580, "inningNumber": 1, "ballsActual": null, "ballsUnique": null, "oversUnique": 16.01, "oversActual": 16.1, "overNumber": 17, "ballNumber": 1, "totalRuns": 1, "batsmanRuns": 1, "isFour": false, "isSix": false, "isWicket": false, "dismissalType": null, "byes": 0, "legbyes": 0, "wides": 0, "noballs": 0, "penalties": 0, "wagonX": 276, "wagonY": 232, "wagonZone": 3, "pitchLine": "OUTSIDE_OFFSTUMP", "pitchLength": "GOOD_LENGTH", "shotType": "FLICK", "shotControl": 1, "timestamp": "2021-10-27T11:23:16.000Z", "modified": "2021-10-27T11:23:20.000Z", "batsmanPlayerId": 60030, "bowlerPlayerId": 49427, "outPlayerId": null, "totalInningRuns": 91, "totalInningWickets": 6, "predictions": {"score": 123, "winProbability": 13.5}, "title": "Rashid to Nurul", "dismissalText": null, "commentPreTextItems": [{"type": "HTML", "html": "Rashid replaces Livingstone"}, {"type": "HTML", "html": "Here's David K: \"I thought it was odd that when Livingstone went to play the IPL he was never thrown the ball, even in matches where 7 bowlers were used. I think Royals missed a trick there, perhaps the franchises will pay more attention now...\""}], "commentTextItems": [{"type": "HTML", "html": "pushes through a googly, worked leg side off the back foot"}], "commentPostTextItems": null, "commentVideos": [], "commentImages": [], "events": [], "over": null, "batsmanStatText": null, "bowlerStatText": null, "smartStats": []}, {"_uid": 35098582, "id": 35098582, "inningNumber": 1, "ballsActual": null, "ballsUnique": null, "oversUnique": 16.02, "oversActual": 16.2, "overNumber": 17, "ballNumber": 2, "totalRuns": 1, "batsmanRuns": 1, "isFour": false, "isSix": false, "isWicket": false, "dismissalType": null, "byes": 0, "legbyes": 0, "wides": 0, "noballs": 0, "penalties": 0, "wagonX": 222, "wagonY": 183, "wagonZone": 3, "pitchLine": "ON_THE_STUMPS", "pitchLength": "SHORT_OF_A_GOOD_LENGTH", "shotType": "FLICK", "shotControl": 2, "timestamp": "2021-10-27T11:23:46.000Z", "modified": "2021-10-27T11:23:50.000Z", "batsmanPlayerId": 80875, "bowlerPlayerId": 49427, "outPlayerId": null, "totalInningRuns": 92, "totalInningWickets": 6, "predictions": {"score": 122, "winProbability": 12.99}, "title": "Rashid to Mahedi Hasan", "dismissalText": null, "commentPreTextItems": null, "commentTextItems": [{"type": "HTML", "html": "length delivery, 86kph/53mph and Mahedi comes down to shovel one off his pads"}], "commentPostTextItems": null, "commentVideos": [], "commentImages": [], "events": [], "over": null, "batsmanStatText": null, "bowlerStatText": null, "smartStats": []}, {"_uid": 35098589, "id": 35098589, "inningNumber": 1, "ballsActual": null, "ballsUnique": null, "oversUnique": 16.03, "oversActual": 16.3, "overNumber": 17, "ballNumber": 3, "totalRuns": 1, "batsmanRuns": 1, "isFour": false, "isSix": false, "isWicket": false, "dismissalType": null, "byes": 0, "legbyes": 0, "wides": 0, "noballs": 0, "penalties": 0, "wagonX": 236, "wagonY": 203, "wagonZone": 3, "pitchLine": "ON_THE_STUMPS", "pitchLength": "GOOD_LENGTH", "shotType": "FLICK", "shotControl": 1, "timestamp": "2021-10-27T11:24:11.000Z", "modified": "2021-10-27T11:24:14.000Z", "batsmanPlayerId": 60030, "bowlerPlayerId": 49427, "outPlayerId": null, "totalInningRuns": 93, "totalInningWickets": 6, "predictions": {"score": 122, "winProbability": 12.99}, "title": "Rashid to Nurul", "dismissalText": null, "commentPreTextItems": null, "commentTextItems": [{"type": "HTML", "html": "googly, skidding through and tapped to leg, Rashid gives chase off his own bowling"}], "commentPostTextItems": null, "commentVideos": [], "commentImages": [], "events": [], "over": null, "batsmanStatText": null, "bowlerStatText": null, "smartStats": []}, {"_uid": 35098595, "id": 35098595, "inningNumber": 1, "ballsActual": null, "ballsUnique": null, "oversUnique": 16.04, "oversActual": 16.4, "overNumber": 17, "ballNumber": 4, "totalRuns": 4, "batsmanRuns": 4, "isFour": true, "isSix": false, "isWicket": false, "dismissalType": null, "byes": 0, "legbyes": 0, "wides": 0, "noballs": 0, "penalties": 0, "wagonX": 31, "wagonY": 282, "wagonZone": 6, "pitchLine": "OUTSIDE_OFFSTUMP", "pitchLength": "GOOD_LENGTH", "shotType": "COVER_DRIVE", "shotControl": 1, "timestamp": "2021-10-27T11:24:42.000Z", "modified": "2021-10-27T11:24:45.000Z", "batsmanPlayerId": 80875, "bowlerPlayerId": 49427, "outPlayerId": null, "totalInningRuns": 97, "totalInningWickets": 6, "predictions": {"score": 125, "winProbability": 14.58}, "title": "Rashid to Mahedi Hasan", "dismissalText": null, "commentPreTextItems": null, "commentTextItems": [{"type": "HTML", "html": "<b>goes in to out and smokes four!</b> Tossed up and he's down the pitch to crunch a vital boundary up and over"}], "commentPostTextItems": null, "commentVideos": [], "commentImages": [], "events": [], "over": null, "batsmanStatText": null, "bowlerStatText": null, "smartStats": []}, {"_uid": 35098655, "id": 35098655, "inningNumber": 1, "ballsActual": null, "ballsUnique": null, "oversUnique": 16.05, "oversActual": 16.5, "overNumber": 17, "ballNumber": 5, "totalRuns": 0, "batsmanRuns": 0, "isFour": false, "isSix": false, "isWicket": false, "dismissalType": null, "byes": 0, "legbyes": 0, "wides": 0, "noballs": 0, "penalties": 0, "wagonX": 200, "wagonY": 188, "wagonZone": 4, "pitchLine": "ON_THE_STUMPS", "pitchLength": "GOOD_LENGTH", "shotType": "PUSH", "shotControl": 1, "timestamp": "2021-10-27T11:25:14.000Z", "modified": "2021-10-27T11:25:18.000Z", "batsmanPlayerId": 80875, "bowlerPlayerId": 49427, "outPlayerId": null, "totalInningRuns": 97, "totalInningWickets": 6, "predictions": {"score": 124, "winProbability": 14.03}, "title": "Rashid to Mahedi Hasan", "dismissalText": null, "commentPreTextItems": null, "commentTextItems": [{"type": "HTML", "html": "flighted legbreak, very full and defended warily on off"}], "commentPostTextItems": null, "commentVideos": [], "commentImages": [], "events": [], "over": null, "batsmanStatText": null, "bowlerStatText": null, "smartStats": []}, {"_uid": 35098660, "id": 35098660, "inningNumber": 1, "ballsActual": null, "ballsUnique": null, "oversUnique": 16.06, "oversActual": 16.6, "overNumber": 17, "ballNumber": 6, "totalRuns": 1, "batsmanRuns": 1, "isFour": false, "isSix": false, "isWicket": false, "dismissalType": null, "byes": 0, "legbyes": 0, "wides": 0, "noballs": 0, "penalties": 0, "wagonX": 288, "wagonY": 224, "wagonZone": 3, "pitchLine": "ON_THE_STUMPS", "pitchLength": "SHORT_OF_A_GOOD_LENGTH", "shotType": "FLICK", "shotControl": 1, "timestamp": "2021-10-27T11:25:37.000Z", "modified": "2021-10-27T11:25:41.000Z", "batsmanPlayerId": 80875, "bowlerPlayerId": 49427, "outPlayerId": null, "totalInningRuns": 98, "totalInningWickets": 6, "predictions": {"score": 123, "winProbability": 13.5}, "title": "Rashid to Mahedi Hasan", "dismissalText": null, "commentPreTextItems": [{"type": "HTML", "html": "\"I see that Mahedi's profile lists his role as a 'Top Order Batter',\" notes Jabba. \"Time to live up to the description?\" That lofted drive was a touch of class"}], "commentTextItems": [{"type": "HTML", "html": "pushed through and clipped off the pads through square leg"}], "commentPostTextItems": null, "commentVideos": [], "commentImages": [], "events": [], "over": {"team": {"id": 25, "objectId": 25, "scribeId": 25, "slug": "bangladesh", "name": "Bangladesh", "longName": "Bangladesh", "abbreviation": "BAN", "unofficialName": "", "imageUrl": "/db/PICTURES/CMS/341400/341456.png", "isCountry": true, "primaryColor": "#ed3507", "image": {"id": 341456, "objectId": 1321180, "slug": "bangladesh-latest-team-flag", "url": "/db/PICTURES/CMS/341400/341456.png", "width": 500, "height": 500, "caption": "Bangladesh latest-team flag", "longCaption": "Bangladesh latest-team flag", "credit": "Getty Images", "photographer": null, "peerUrls": null}, "country": {"id": 25, "objectId": 25, "name": "Bangladesh", "shortName": "Bangladesh", "abbreviation": "BAN", "slug": "bangladesh"}}, "inningNumber": 1, "overNumber": 17, "overRuns": 8, "overWickets": 0, "totalRuns": 98, "totalWickets": 6, "target": 0, "overLimit": 20, "ballLimit": 120, "isMaiden": false, "isComplete": true, "isSuperOver": false, "overEndBatsmen": [{"player": {"id": 80875, "objectId": 833087, "name": "Mahedi Hasan", "longName": "Mahedi Hasan", "mobileName": "Mahedi Hasan", "indexName": "Mahedi Hasan", "battingName": "Mahedi Hasan", "fieldingName": "Mahedi Hasan", "slug": "mahedi-hasan", "imageUrl": "/db/PICTURES/CMS/377500/377581.4.jpg", "headshotImageUrl": "/db/PICTURES/CMS/380200/380237.png", "dateOfBirth": {"year": 1994, "month": 12, "date": 12}, "dateOfDeath": null, "gender": "M", "battingStyles": ["rhb"], "bowlingStyles": ["ob"], "longBattingStyles": ["right-hand bat"], "longBowlingStyles": ["right-arm offbreak"], "image": {"id": 377581, "objectId": 1424432, "slug": "mahedi-hasan-player-portrait", "url": "/db/PICTURES/CMS/377500/377581.4.jpg", "width": 160, "height": 265, "caption": "Mahedi Hasan, player portrait", "longCaption": "Mahedi Hasan, player portrait", "credit": "Bangladesh Cricket Board", "photographer": null, "peerUrls": null}, "countryTeamId": 25, "playerRoleTypeIds": [5], "playingRoles": ["allrounder"], "headshotImage": {"id": 380237, "objectId": 1432041, "slug": "mahedi-hasan-player-page-headshot-cutout-2024", "url": "/db/PICTURES/CMS/380200/380237.png", "width": 600, "height": 436, "caption": "Mahedi Hasan, player page headshot cutout, 2024", "longCaption": "Mahedi Hasan, player page headshot cutout, 2024", "credit": null, "photographer": null, "peerUrls": {"FILM": null, "WIDE": null, "SQUARE": "/db/PICTURES/CMS/380200/380237.square.png"}}}, "runs": 11, "balls": 9, "fours": 2, "sixes": 0}, {"player": {"id": 60030, "objectId": 410765, "name": "Nurul Hasan", "longName": "Nurul Hasan", "mobileName": "Nurul", "indexName": "Nurul Hasan", "battingName": "Nurul Hasan", "fieldingName": "Nurul Hasan", "slug": "nurul-hasan", "imageUrl": "/db/PICTURES/CMS/303200/303243.jpg", "headshotImageUrl": "/db/PICTURES/CMS/323100/323162.png", "dateOfBirth": {"year": 1993, "month": 11, "date": 21}, "dateOfDeath": null, "gender": "M", "battingStyles": ["rhb"], "bowlingStyles": [], "longBattingStyles": ["right-hand bat"], "longBowlingStyles": [], "image": {"id": 303243, "objectId": 1221737, "slug": "nurul-hasan-portrait", "url": "/db/PICTURES/CMS/303200/303243.jpg", "width": 160, "height": 201, "caption": "Nurul Hasan portrait", "longCaption": "Nurul Hasan portrait, April 2020", "credit": "Getty Images", "photographer": null, "peerUrls": null}, "countryTeamId": 25, "playerRoleTypeIds": [7], "playingRoles": ["wicketkeeper batter"], "headshotImage": {"id": 323162, "objectId": 1266410, "slug": "nurul-hasan-player-page-headshot-cutout-2021", "url": "/db/PICTURES/CMS/323100/323162.png", "width": 600, "height": 436, "caption": "Nurul Hasan player page headshot cutout, 2021", "longCaption": "Nurul Hasan player page headshot cutout, 2021", "credit": null, "photographer": null, "peerUrls": {"FILM": null, "WIDE": null, "SQUARE": "/db/PICTURES/CMS/323100/323162.square.png"}}}, "runs": 11, "balls": 11, "fours": 0, "sixes": 0}], "overEndBowlers": [{"player": {"id": 49427, "objectId": 244497, "name": "AU Rashid", "longName": "Adil Rashid", "mobileName": "Rashid", "indexName": "Rashid, AU", "battingName": "AU Rashid", "fieldingName": "Rashid", "slug": "adil-rashid", "imageUrl": "/db/PICTURES/CMS/289600/289662.1.jpg", "headshotImageUrl": "/db/PICTURES/CMS/319700/319741.png", "dateOfBirth": {"year": 1988, "month": 2, "date": 17}, "dateOfDeath": null, "gender": "M", "battingStyles": ["rhb"], "bowlingStyles": ["lb"], "longBattingStyles": ["right-hand bat"], "longBowlingStyles": ["legbreak"], "image": {"id": 289662, "objectId": 1185618, "slug": "rashid-player-portrait", "url": "/db/PICTURES/CMS/289600/289662.1.jpg", "width": 160, "height": 209, "caption": "Rashid player portrait", "longCaption": "Rashid player portrait", "credit": "Getty Images", "photographer": null, "peerUrls": null}, "countryTeamId": 1, "playerRoleTypeIds": [4], "playingRoles": ["bowler"], "headshotImage": {"id": 319741, "objectId": 1259747, "slug": "adil-rashid-player-page-headshot-cutout-2021", "url": "/db/PICTURES/CMS/319700/319741.png", "width": 600, "height": 436, "caption": "Adil Rashid player page headshot cutout, 2021", "longCaption": "Adil Rashid player page headshot cutout, 2021", "credit": null, "photographer": null, "peerUrls": {"FILM": null, "WIDE": null, "SQUARE": "/db/PICTURES/CMS/319700/319741.square.png"}}}, "overs": 3, "balls": 18, "maidens": 0, "conceded": 18, "wickets": 0, "currentType": 1}, {"player": {"id": 62490, "objectId": 459257, "name": "TS Mills", "longName": "Tymal Mills", "mobileName": "Mills", "indexName": "Mills, TS", "battingName": "TS Mills", "fieldingName": "Mills", "slug": "tymal-mills", "imageUrl": "/db/PICTURES/CMS/305000/305042.jpg", "headshotImageUrl": "/db/PICTURES/CMS/323100/323104.png", "dateOfBirth": {"year": 1992, "month": 8, "date": 12}, "dateOfDeath": null, "gender": "M", "battingStyles": ["rhb"], "bowlingStyles": ["lf"], "longBattingStyles": ["right-hand bat"], "longBowlingStyles": ["left-arm fast"], "image": {"id": 305042, "objectId": 1224557, "slug": "tymal-mills-portrait", "url": "/db/PICTURES/CMS/305000/305042.jpg", "width": 160, "height": 200, "caption": "Tymal Mills portrait", "longCaption": "Tymal Mills, June 2020", "credit": "Getty Images", "photographer": null, "peerUrls": null}, "countryTeamId": 1, "playerRoleTypeIds": [4], "playingRoles": ["bowler"], "headshotImage": {"id": 323104, "objectId": 1266298, "slug": "tymal-mills-player-page-headshot-cutout-2021", "url": "/db/PICTURES/CMS/323100/323104.png", "width": 600, "height": 436, "caption": "Tymal Mills player page headshot cutout, 2021", "longCaption": "Tymal Mills player page headshot cutout, 2021", "credit": null, "photographer": null, "peerUrls": {"FILM": null, "WIDE": null, "SQUARE": "/db/PICTURES/CMS/323100/323104.square.png"}}}, "overs": 2, "balls": 12, "maidens": 0, "conceded": 18, "wickets": 0, "currentType": 2}], "rollover": null}, "batsmanStatText": null, "bowlerStatText": null, "smartStats": []}]