[{"_uid": 35054983, "id": 35054983, "inningNumber": 2, "ballsActual": null, "ballsUnique": null, "oversUnique": 9.01, "oversActual": 9.1, "overNumber": 10, "ballNumber": 1, "totalRuns": 0, "batsmanRuns": 0, "isFour": false, "isSix": false, "isWicket": false, "dismissalType": null, "byes": 0, "legbyes": 0, "wides": 0, "noballs": 0, "penalties": 0, "wagonX": 182, "wagonY": 198, "wagonZone": 4, "pitchLine": "ON_THE_STUMPS", "pitchLength": "GOOD_LENGTH", "shotType": "DEFENDED", "shotControl": 1, "timestamp": "2021-10-21T12:40:41.000Z", "modified": "2021-10-21T12:40:44.000Z", "batsmanPlayerId": 65887, "bowlerPlayerId": 80875, "outPlayerId": null, "totalInningRuns": 24, "totalInningWickets": 5, "predictions": {"score": 88, "winProbability": 0.28}, "title": "Mahedi Hasan to Vanua", "dismissalText": null, "commentPreTextItems": null, "commentTextItems": [{"type": "HTML", "html": "good length ball on off, defended."}], "commentPostTextItems": [{"type": "HTML", "html": "Jamil: \"The SHAKIB SHOWS continues, How GOOOOOOOOOOOOD he is....!!!\" Clearly, good enough to break out the CAPS LOCK button."}], "commentVideos": [], "commentImages": [], "events": [], "over": null, "batsmanStatText": null, "bowlerStatText": null, "smartStats": []}, {"_uid": 35054984, "id": 35054984, "inningNumber": 2, "ballsActual": null, "ballsUnique": null, "oversUnique": 9.02, "oversActual": 9.2, "overNumber": 10, "ballNumber": 2, "totalRuns": 0, "batsmanRuns": 0, "isFour": false, "isSix": false, "isWicket": true, "dismissalType": 1, "byes": 0, "legbyes": 0, "wides": 0, "noballs": 0, "penalties": 0, "wagonX": 178, "wagonY": 349, "wagonZone": 5, "pitchLine": "ON_THE_STUMPS", "pitchLength": "FULL", "shotType": "STRAIGHT_DRIVE", "shotControl": 2, "timestamp": "2021-10-21T12:41:10.000Z", "modified": "2021-10-21T12:41:13.000Z", "batsmanPlayerId": 65887, "bowlerPlayerId": 80875, "outPlayerId": 65887, "totalInningRuns": 24, "totalInningWickets": 6, "predictions": {"score": 62, "winProbability": 0.15}, "title": "Mahedi Hasan to Vanua", "dismissalText": {"short": "caught", "long": "c Mushfiqur Rahim b Mahedi Hasan", "commentary": "Norman Vanua c Mushfiqur Rahim b Mahedi Hasan 0 (2b 0x4 0x6 4m) SR: 0"}, "commentPreTextItems": null, "commentTextItems": [{"type": "HTML", "html": "flighted full on fifth stump, Vanua with an impetuous slog second ball and skies this a mile high to Mushfiqur at long-off. He waits an eternity for it to come down. Limp end to the tournament from PNG as they continue to unravel."}], "commentPostTextItems": [{"type": "HTML", "html": "Thanks PDP. How's it going everyone?<Br><br>"}, {"type": "HTML", "html": "Bangladesh have rallied back strongly after their opening day loss and are storming into the Super 12s. PNG batting forlornly on their way home. Here's Varun to take you the rest of the way."}], "commentVideos": [], "commentImages": [], "events": [], "over": null, "batsmanStatText": null, "bowlerStatText": null, "smartStats": []}, {"_uid": 35054991, "id": 35054991, "inningNumber": 2, "ballsActual": null, "ballsUnique": null, "oversUnique": 9.03, "oversActual": 9.3, "overNumber": 10, "ballNumber": 3, "totalRuns": 0, "batsmanRuns": 0, "isFour": false, "isSix": false, "isWicket": false, "dismissalType": null, "byes": 0, "legbyes": 0, "wides": 0, "noballs": 0, "penalties": 0, "wagonX": 225, "wagonY": 207, "wagonZone": 3, "pitchLine": "ON_THE_STUMPS", "pitchLength": "GOOD_LENGTH", "shotType": "DEFENDED", "shotControl": 1, "timestamp": "2021-10-21T12:44:35.000Z", "modified": "2021-10-21T12:44:38.000Z", "batsmanPlayerId": 71461, "bowlerPlayerId": 80875, "outPlayerId": null, "totalInningRuns": 24, "totalInningWickets": 6, "predictions": {"score": 63, "winProbability": 0.13}, "title": "Mahedi Hasan to Hiri", "dismissalText": null, "commentPreTextItems": null, "commentTextItems": [{"type": "HTML", "html": "good length and quicker at middle stump, hurriedly pushed to midwicket"}], "commentPostTextItems": null, "commentVideos": [], "commentImages": [], "events": [], "over": null, "batsmanStatText": null, "bowlerStatText": null, "smartStats": []}, {"_uid": 35054992, "id": 35054992, "inningNumber": 2, "ballsActual": null, "ballsUnique": null, "oversUnique": 9.04, "oversActual": 9.4, "overNumber": 10, "ballNumber": 4, "totalRuns": 0, "batsmanRuns": 0, "isFour": false, "isSix": false, "isWicket": false, "dismissalType": null, "byes": 0, "legbyes": 0, "wides": 0, "noballs": 0, "penalties": 0, "wagonX": 0, "wagonY": 0, "wagonZone": 0, "pitchLine": "ON_THE_STUMPS", "pitchLength": "GOOD_LENGTH", "shotType": "FLICK", "shotControl": 2, "timestamp": "2021-10-21T12:44:45.000Z", "modified": "2021-10-21T12:44:48.000Z", "batsmanPlayerId": 71461, "bowlerPlayerId": 80875, "outPlayerId": null, "totalInningRuns": 24, "totalInningWickets": 6, "predictions": {"score": 62, "winProbability": 0.12}, "title": "Mahedi Hasan to Hiri", "dismissalText": null, "commentPreTextItems": null, "commentTextItems": [{"type": "HTML", "html": "tossed up at a length on middle stump, steps out and deflects into the leg side off his pad"}], "commentPostTextItems": null, "commentVideos": [], "commentImages": [], "events": [], "over": null, "batsmanStatText": null, "bowlerStatText": null, "smartStats": []}, {"_uid": 35054993, "id": 35054993, "inningNumber": 2, "ballsActual": null, "ballsUnique": null, "oversUnique": 9.05, "oversActual": 9.5, "overNumber": 10, "ballNumber": 5, "totalRuns": 4, "batsmanRuns": 4, "isFour": true, "isSix": false, "isWicket": false, "dismissalType": null, "byes": 0, "legbyes": 0, "wides": 0, "noballs": 0, "penalties": 0, "wagonX": 358, "wagonY": 102, "wagonZone": 2, "pitchLine": "ON_THE_STUMPS", "pitchLength": "SHORT_OF_A_GOOD_LENGTH", "shotType": "SWEEP_SHOT", "shotControl": 1, "timestamp": "2021-10-21T12:45:37.000Z", "modified": "2021-10-21T12:45:40.000Z", "batsmanPlayerId": 71461, "bowlerPlayerId": 80875, "outPlayerId": null, "totalInningRuns": 28, "totalInningWickets": 6, "predictions": {"score": 66, "winProbability": 0.13}, "title": "Mahedi Hasan to Hiri", "dismissalText": null, "commentPreTextItems": null, "commentTextItems": [{"type": "HTML", "html": "shot. Tossed up at a length on middle stump, steps out and crunches this over midwicket with a powerful slog"}], "commentPostTextItems": null, "commentVideos": [], "commentImages": [], "events": [], "over": null, "batsmanStatText": null, "bowlerStatText": null, "smartStats": []}, {"_uid": 35054994, "id": 35054994, "inningNumber": 2, "ballsActual": null, "ballsUnique": null, "oversUnique": 9.06, "oversActual": 9.6, "overNumber": 10, "ballNumber": 6, "totalRuns": 0, "batsmanRuns": 0, "isFour": false, "isSix": false, "isWicket": false, "dismissalType": null, "byes": 0, "legbyes": 0, "wides": 0, "noballs": 0, "penalties": 0, "wagonX": 184, "wagonY": 184, "wagonZone": 4, "pitchLine": "ON_THE_STUMPS", "pitchLength": "GOOD_LENGTH", "shotType": "DEFENDED", "shotControl": 1, "timestamp": "2021-10-21T12:45:46.000Z", "modified": "2021-10-21T12:45:49.000Z", "batsmanPlayerId": 71461, "bowlerPlayerId": 80875, "outPlayerId": null, "totalInningRuns": 28, "totalInningWickets": 6, "predictions": {"score": 66, "winProbability": 0.13}, "title": "Mahedi Hasan to Hiri", "dismissalText": null, "commentPreTextItems": null, "commentTextItems": [{"type": "HTML", "html": "short of a length at middle stump, pushed to midwicket's right off the back foot"}], "commentPostTextItems": null, "commentVideos": [], "commentImages": [], "events": [], "over": {"team": {"id": 20, "objectId": 20, "scribeId": 20, "slug": "papua-new-guinea", "name": "P.N.G.", "longName": "Papua New Guinea", "abbreviation": "PNG", "unofficialName": null, "imageUrl": "/db/PICTURES/CMS/346100/346147.png", "isCountry": true, "primaryColor": null, "image": {"id": 346147, "objectId": 1335335, "slug": "png-team-flag", "url": "/db/PICTURES/CMS/346100/346147.png", "width": 500, "height": 500, "caption": "PNG Team flag", "longCaption": "PNG Team flag", "credit": "Getty Images", "photographer": null, "peerUrls": null}, "country": {"id": 20, "objectId": 20, "name": "Papua New Guinea", "shortName": "P.N.G.", "abbreviation": "PNG", "slug": "papua-new-guinea"}}, "inningNumber": 2, "overNumber": 10, "overRuns": 4, "overWickets": 1, "totalRuns": 28, "totalWickets": 6, "target": 182, "overLimit": 20, "ballLimit": 120, "isMaiden": false, "isComplete": true, "isSuperOver": false, "overEndBatsmen": [{"player": {"id": 71461, "objectId": 646175, "name": "H Hiri", "longName": "Hiri Hiri", "mobileName": "Hiri", "indexName": "Hiri, H", "battingName": "H Hiri", "fieldingName": "Hiri", "slug": "hiri-hiri", "imageUrl": "/db/PICTURES/CMS/179800/179889.1.jpg", "headshotImageUrl": "/db/PICTURES/CMS/321100/321144.png", "dateOfBirth": {"year": 1995, "month": 5, "date": 1}, "dateOfDeath": null, "gender": "M", "battingStyles": ["rhb"], "bowlingStyles": ["ob"], "longBattingStyles": ["right-hand bat"], "longBowlingStyles": ["right-arm offbreak"], "image": {"id": 179889, "objectId": 721959, "slug": "hiri-hiri", "url": "/db/PICTURES/CMS/179800/179889.1.jpg", "width": 160, "height": 192, "caption": "Hiri Hiri", "longCaption": "Hiri Hiri", "credit": "International Cricket Council", "photographer": null, "peerUrls": null}, "countryTeamId": 20, "playerRoleTypeIds": [3], "playingRoles": ["middle-order batter"], "headshotImage": {"id": 321144, "objectId": 1262672, "slug": "hiri-hiri-player-page-headshot-cutout-2021", "url": "/db/PICTURES/CMS/321100/321144.png", "width": 600, "height": 436, "caption": "Hiri Hiri player page headshot cutout, 2021", "longCaption": "Hiri Hiri player page headshot cutout, 2021", "credit": null, "photographer": null, "peerUrls": {"FILM": null, "WIDE": null, "SQUARE": "/db/PICTURES/CMS/321100/321144.square.png"}}}, "runs": 8, "balls": 14, "fours": 1, "sixes": 0}, {"player": {"id": 71459, "objectId": 646173, "name": "K Doriga", "longName": "Kiplin Doriga", "mobileName": "Doriga", "indexName": "Doriga, K", "battingName": "K Doriga", "fieldingName": "Doriga", "slug": "kiplin-doriga", "imageUrl": "/db/PICTURES/CMS/179800/179883.1.jpg", "headshotImageUrl": "/db/PICTURES/CMS/321100/321149.png", "dateOfBirth": {"year": 1995, "month": 10, "date": 18}, "dateOfDeath": null, "gender": "M", "battingStyles": ["rhb"], "bowlingStyles": [], "longBattingStyles": ["right-hand bat"], "longBowlingStyles": [], "image": {"id": 179883, "objectId": 721953, "slug": "kiplin-doriga", "url": "/db/PICTURES/CMS/179800/179883.1.jpg", "width": 160, "height": 192, "caption": "Kiplin Doriga", "longCaption": "Kiplin Doriga", "credit": "International Cricket Council", "photographer": null, "peerUrls": null}, "countryTeamId": 20, "playerRoleTypeIds": [7], "playingRoles": ["wicketkeeper batter"], "headshotImage": {"id": 321149, "objectId": 1262677, "slug": "kiplin-doriga-player-page-headshot-cutout-2021", "url": "/db/PICTURES/CMS/321100/321149.png", "width": 600, "height": 436, "caption": "Kiplin Doriga player page headshot cutout, 2021", "longCaption": "Kiplin Doriga player page headshot cutout, 2021", "credit": null, "photographer": null, "peerUrls": {"FILM": null, "WIDE": null, "SQUARE": "/db/PICTURES/CMS/321100/321149.square.png"}}}, "runs": 0, "balls": 0, "fours": 0, "sixes": 0}], "overEndBowlers": [{"player": {"id": 80875, "objectId": 833087, "name": "Mahedi Hasan", "longName": "Mahedi Hasan", "mobileName": "Mahedi Hasan", "indexName": "Mahedi Hasan", "battingName": "Mahedi Hasan", "fieldingName": "Mahedi Hasan", "slug": "mahedi-hasan", "imageUrl": "/db/PICTURES/CMS/377500/377581.4.jpg", "headshotImageUrl": "/db/PICTURES/CMS/380200/380237.png", "dateOfBirth": {"year": 1994, "month": 12, "date": 12}, "dateOfDeath": null, "gender": "M", "battingStyles": ["rhb"], "bowlingStyles": ["ob"], "longBattingStyles": ["right-hand bat"], "longBowlingStyles": ["right-arm offbreak"], "image": {"id": 377581, "objectId": 1424432, "slug": "mahedi-hasan-player-portrait", "url": "/db/PICTURES/CMS/377500/377581.4.jpg", "width": 160, "height": 265, "caption": "Mahedi Hasan, player portrait", "longCaption": "Mahedi Hasan, player portrait", "credit": "Bangladesh Cricket Board", "photographer": null, "peerUrls": null}, "countryTeamId": 25, "playerRoleTypeIds": [5], "playingRoles": ["allrounder"], "headshotImage": {"id": 380237, "objectId": 1432041, "slug": "mahedi-hasan-player-page-headshot-cutout-2024", "url": "/db/PICTURES/CMS/380200/380237.png", "width": 600, "height": 436, "caption": "Mahedi Hasan, player page headshot cutout, 2024", "longCaption": "Mahedi Hasan, player page headshot cutout, 2024", "credit": null, "photographer": null, "peerUrls": {"FILM": null, "WIDE": null, "SQUARE": "/db/PICTURES/CMS/380200/380237.square.png"}}}, "overs": 2, "balls": 12, "maidens": 0, "conceded": 6, "wickets": 1, "currentType": 1}, {"player": {"id": 48277, "objectId": 56143, "name": "Shakib Al Hasan", "longName": "Shakib Al Hasan", "mobileName": "Shakib", "indexName": "Shakib Al Hasan", "battingName": "Shakib Al Hasan", "fieldingName": "Shakib Al Hasan", "slug": "shakib-al-hasan", "imageUrl": "/db/PICTURES/CMS/303100/303157.jpg", "headshotImageUrl": "/db/PICTURES/CMS/316500/316581.png", "dateOfBirth": {"year": 1987, "month": 3, "date": 24}, "dateOfDeath": null, "gender": "M", "battingStyles": ["lhb"], "bowlingStyles": ["sla"], "longBattingStyles": ["left-hand bat"], "longBowlingStyles": ["slow left-arm orthodox"], "image": {"id": 303157, "objectId": 1221590, "slug": "shakib-al-hasan-portrait", "url": "/db/PICTURES/CMS/303100/303157.jpg", "width": 160, "height": 202, "caption": "Shakib Al Hasan portrait", "longCaption": "Shakib Al Hasan portrait, April 2020", "credit": "Getty Images", "photographer": null, "peerUrls": null}, "countryTeamId": 25, "playerRoleTypeIds": [5], "playingRoles": ["allrounder"], "headshotImage": {"id": 316581, "objectId": 1251210, "slug": "shakib-al-hasan-headshot", "url": "/db/PICTURES/CMS/316500/316581.png", "width": 600, "height": 436, "caption": "Shakib Al Hasan headshot", "longCaption": "Shakib Al Hasan headshot", "credit": null, "photographer": null, "peerUrls": {"FILM": null, "WIDE": null, "SQUARE": null}}}, "overs": 3, "balls": 18, "maidens": 0, "conceded": 7, "wickets": 3, "currentType": 2}], "rollover": null}, "batsmanStatText": null, "bowlerStatText": null, "smartStats": []}, {"_uid": 35054996, "id": 35054996, "inningNumber": 2, "ballsActual": null, "ballsUnique": null, "oversUnique": 10.01, "oversActual": 10.1, "overNumber": 11, "ballNumber": 1, "totalRuns": 0, "batsmanRuns": 0, "isFour": false, "isSix": false, "isWicket": false, "dismissalType": null, "byes": 0, "legbyes": 0, "wides": 0, "noballs": 0, "penalties": 0, "wagonX": 0, "wagonY": 0, "wagonZone": 0, "pitchLine": "OUTSIDE_OFFSTUMP", "pitchLength": "SHORT_OF_A_GOOD_LENGTH", "shotType": "LEFT_ALONE", "shotControl": 1, "timestamp": "2021-10-21T12:46:49.000Z", "modified": "2021-10-21T12:46:52.000Z", "batsmanPlayerId": 71459, "bowlerPlayerId": 48277, "outPlayerId": null, "totalInningRuns": 28, "totalInningWickets": 6, "predictions": {"score": 64, "winProbability": 0.11}, "title": "Shakib to Doriga", "dismissalText": null, "commentPreTextItems": null, "commentTextItems": [{"type": "HTML", "html": "good length outside off, turning away and left alone"}], "commentPostTextItems": null, "commentVideos": [], "commentImages": [], "events": [], "over": null, "batsmanStatText": null, "bowlerStatText": null, "smartStats": []}, {"_uid": 35054997, "id": 35054997, "inningNumber": 2, "ballsActual": null, "ballsUnique": null, "oversUnique": 10.02, "oversActual": 10.2, "overNumber": 11, "ballNumber": 2, "totalRuns": 1, "batsmanRuns": 1, "isFour": false, "isSix": false, "isWicket": false, "dismissalType": null, "byes": 0, "legbyes": 0, "wides": 0, "noballs": 0, "penalties": 0, "wagonX": 107, "wagonY": 222, "wagonZone": 6, "pitchLine": "OUTSIDE_OFFSTUMP", "pitchLength": "GOOD_LENGTH", "shotType": "COVER_DRIVE", "shotControl": 1, "timestamp": "2021-10-21T12:47:00.000Z", "modified": "2021-10-21T12:47:03.000Z", "batsmanPlayerId": 71459, "bowlerPlayerId": 48277, "outPlayerId": null, "totalInningRuns": 29, "totalInningWickets": 6, "predictions": {"score": 65, "winProbability": 0.1}, "title": "Shakib to Doriga", "dismissalText": null, "commentPreTextItems": null, "commentTextItems": [{"type": "HTML", "html": "good length outside off, opens the face and dabs that past slip"}], "commentPostTextItems": null, "commentVideos": [], "commentImages": [], "events": [], "over": null, "batsmanStatText": null, "bowlerStatText": null, "smartStats": []}, {"_uid": 35055001, "id": 35055001, "inningNumber": 2, "ballsActual": null, "ballsUnique": null, "oversUnique": 10.03, "oversActual": 10.3, "overNumber": 11, "ballNumber": 3, "totalRuns": 0, "batsmanRuns": 0, "isFour": false, "isSix": false, "isWicket": true, "dismissalType": 1, "byes": 0, "legbyes": 0, "wides": 0, "noballs": 0, "penalties": 0, "wagonX": 190, "wagonY": 145, "wagonZone": 1, "pitchLine": "OUTSIDE_OFFSTUMP", "pitchLength": "FULL", "shotType": "SLOG_SHOT", "shotControl": 2, "timestamp": "2021-10-21T12:47:21.000Z", "modified": "2021-10-21T12:47:25.000Z", "batsmanPlayerId": 71461, "bowlerPlayerId": 48277, "outPlayerId": 71461, "totalInningRuns": 29, "totalInningWickets": 7, "predictions": {"score": 53, "winProbability": 0.05}, "title": "Shakib to Hiri", "dismissalText": {"short": "caught", "long": "c \u2020Nurul Hasan b Shakib Al Hasan", "commentary": "Hiri Hiri c \u2020Nurul Hasan b Shakib Al Hasan 8 (15b 1x4 0x6 20m) SR: 53.33"}, "commentPreTextItems": null, "commentTextItems": [{"type": "HTML", "html": "<b>and another for Shakib.</b> Four wickets for him. This is lobbed up at a length on middle stump, he steps out and then looks for he slog sweep. Gets a top edge that hangs behin Nurul and he takes it easily"}], "commentPostTextItems": [{"type": "HTML", "html": "Amin Yusuf: \"Shakib reminds me of Mo Salah. You do wonder week in week out, but pundits are yet feel shy to talk about how great you are!\""}], "commentVideos": [], "commentImages": [], "events": [], "over": null, "batsmanStatText": null, "bowlerStatText": null, "smartStats": []}, {"_uid": 35055003, "id": 35055003, "inningNumber": 2, "ballsActual": null, "ballsUnique": null, "oversUnique": 10.04, "oversActual": 10.4, "overNumber": 11, "ballNumber": 4, "totalRuns": 0, "batsmanRuns": 0, "isFour": false, "isSix": false, "isWicket": false, "dismissalType": null, "byes": 0, "legbyes": 0, "wides": 0, "noballs": 0, "penalties": 0, "wagonX": 156, "wagonY": 188, "wagonZone": 6, "pitchLine": "OUTSIDE_OFFSTUMP", "pitchLength": "GOOD_LENGTH", "shotType": "DEFENDED", "shotControl": 1, "timestamp": "2021-10-21T12:48:13.000Z", "modified": "2021-10-21T12:48:34.000Z", "batsmanPlayerId": 71459, "bowlerPlayerId": 48277, "outPlayerId": null, "totalInningRuns": 29, "totalInningWickets": 7, "predictions": {"score": 53, "winProbability": 0.05}, "title": "Shakib to Doriga", "dismissalText": null, "commentPreTextItems": null, "commentTextItems": [{"type": "HTML", "html": "good length at off stump, defended on the front foot"}], "commentPostTextItems": null, "commentVideos": [], "commentImages": [], "events": [], "over": null, "batsmanStatText": null, "bowlerStatText": null, "smartStats": []}, {"_uid": 35055005, "id": 35055005, "inningNumber": 2, "ballsActual": null, "ballsUnique": null, "oversUnique": 10.05, "oversActual": 10.5, "overNumber": 11, "ballNumber": 5, "totalRuns": 0, "batsmanRuns": 0, "isFour": false, "isSix": false, "isWicket": false, "dismissalType": null, "byes": 0, "legbyes": 0, "wides": 0, "noballs": 0, "penalties": 0, "wagonX": 145, "wagonY": 202, "wagonZone": 5, "pitchLine": "OUTSIDE_OFFSTUMP", "pitchLength": "GOOD_LENGTH", "shotType": "DEFENDED", "shotControl": 1, "timestamp": "2021-10-21T12:48:44.000Z", "modified": "2021-10-21T12:48:47.000Z", "batsmanPlayerId": 71459, "bowlerPlayerId": 48277, "outPlayerId": null, "totalInningRuns": 29, "totalInningWickets": 7, "predictions": {"score": 53, "winProbability": 0.04}, "title": "Shakib to Doriga", "dismissalText": null, "commentPreTextItems": null, "commentTextItems": [{"type": "HTML", "html": "good length and dipping at off stump, looks for the slog sweep and is beaten"}], "commentPostTextItems": null, "commentVideos": [], "commentImages": [], "events": [], "over": null, "batsmanStatText": null, "bowlerStatText": null, "smartStats": []}, {"_uid": 35055007, "id": 35055007, "inningNumber": 2, "ballsActual": null, "ballsUnique": null, "oversUnique": 10.06, "oversActual": 10.6, "overNumber": 11, "ballNumber": 6, "totalRuns": 1, "batsmanRuns": 1, "isFour": false, "isSix": false, "isWicket": false, "dismissalType": null, "byes": 0, "legbyes": 0, "wides": 0, "noballs": 0, "penalties": 0, "wagonX": 132, "wagonY": 289, "wagonZone": 5, "pitchLine": "OUTSIDE_OFFSTUMP", "pitchLength": "GOOD_LENGTH", "shotType": "ON_DRIVE", "shotControl": 1, "timestamp": "2021-10-21T12:48:54.000Z", "modified": "2021-10-21T12:48:58.000Z", "batsmanPlayerId": 71459, "bowlerPlayerId": 48277, "outPlayerId": null, "totalInningRuns": 30, "totalInningWickets": 7, "predictions": {"score": 54, "winProbability": 0.05}, "title": "Shakib to Doriga", "dismissalText": null, "commentPreTextItems": null, "commentTextItems": [{"type": "HTML", "html": "short of a length outside off, punched to sweeper off the back foot"}], "commentPostTextItems": [{"type": "HTML", "html": "Rafid: \"No disrespect to PNG but Bangladesh needed this dominant performance after the first two matches to really boost up their confidence.\""}], "commentVideos": [], "commentImages": [], "events": [], "over": {"team": {"id": 20, "objectId": 20, "scribeId": 20, "slug": "papua-new-guinea", "name": "P.N.G.", "longName": "Papua New Guinea", "abbreviation": "PNG", "unofficialName": null, "imageUrl": "/db/PICTURES/CMS/346100/346147.png", "isCountry": true, "primaryColor": null, "image": {"id": 346147, "objectId": 1335335, "slug": "png-team-flag", "url": "/db/PICTURES/CMS/346100/346147.png", "width": 500, "height": 500, "caption": "PNG Team flag", "longCaption": "PNG Team flag", "credit": "Getty Images", "photographer": null, "peerUrls": null}, "country": {"id": 20, "objectId": 20, "name": "Papua New Guinea", "shortName": "P.N.G.", "abbreviation": "PNG", "slug": "papua-new-guinea"}}, "inningNumber": 2, "overNumber": 11, "overRuns": 2, "overWickets": 1, "totalRuns": 30, "totalWickets": 7, "target": 182, "overLimit": 20, "ballLimit": 120, "isMaiden": false, "isComplete": true, "isSuperOver": false, "overEndBatsmen": [{"player": {"id": 71459, "objectId": 646173, "name": "K Doriga", "longName": "Kiplin Doriga", "mobileName": "Doriga", "indexName": "Doriga, K", "battingName": "K Doriga", "fieldingName": "Doriga", "slug": "kiplin-doriga", "imageUrl": "/db/PICTURES/CMS/179800/179883.1.jpg", "headshotImageUrl": "/db/PICTURES/CMS/321100/321149.png", "dateOfBirth": {"year": 1995, "month": 10, "date": 18}, "dateOfDeath": null, "gender": "M", "battingStyles": ["rhb"], "bowlingStyles": [], "longBattingStyles": ["right-hand bat"], "longBowlingStyles": [], "image": {"id": 179883, "objectId": 721953, "slug": "kiplin-doriga", "url": "/db/PICTURES/CMS/179800/179883.1.jpg", "width": 160, "height": 192, "caption": "Kiplin Doriga", "longCaption": "Kiplin Doriga", "credit": "International Cricket Council", "photographer": null, "peerUrls": null}, "countryTeamId": 20, "playerRoleTypeIds": [7], "playingRoles": ["wicketkeeper batter"], "headshotImage": {"id": 321149, "objectId": 1262677, "slug": "kiplin-doriga-player-page-headshot-cutout-2021", "url": "/db/PICTURES/CMS/321100/321149.png", "width": 600, "height": 436, "caption": "Kiplin Doriga player page headshot cutout, 2021", "longCaption": "Kiplin Doriga player page headshot cutout, 2021", "credit": null, "photographer": null, "peerUrls": {"FILM": null, "WIDE": null, "SQUARE": "/db/PICTURES/CMS/321100/321149.square.png"}}}, "runs": 2, "balls": 5, "fours": 0, "sixes": 0}, {"player": {"id": 68066, "objectId": 574287, "name": "CA Soper", "longName": "Chad Soper", "mobileName": "Soper", "indexName": "Soper, CA", "battingName": "CA Soper", "fieldingName": "Soper", "slug": "chad-soper", "imageUrl": "/db/PICTURES/CMS/148200/148220.jpg", "headshotImageUrl": "/db/PICTURES/CMS/321100/321137.png", "dateOfBirth": {"year": 1991, "month": 11, "date": 19}, "dateOfDeath": null, "gender": "M", "battingStyles": ["rhb"], "bowlingStyles": ["rmf"], "longBattingStyles": ["right-hand bat"], "longBowlingStyles": ["right-arm medium-fast"], "image": {"id": 148220, "objectId": 575907, "slug": "chad-soper", "url": "/db/PICTURES/CMS/148200/148220.jpg", "width": 160, "height": 206, "caption": "Chad Soper", "longCaption": "Chad Soper, player portrait, August 6, 2012", "credit": "Getty Images", "photographer": null, "peerUrls": null}, "countryTeamId": 20, "playerRoleTypeIds": [4], "playingRoles": ["bowler"], "headshotImage": {"id": 321137, "objectId": 1262665, "slug": "chad-aiwati-soper-player-page-headshot-cutout-2021", "url": "/db/PICTURES/CMS/321100/321137.png", "width": 600, "height": 436, "caption": "Chad Aiwati Soper player page headshot cutout, 2021", "longCaption": "Chad Aiwati Soper player page headshot cutout, 2021", "credit": null, "photographer": null, "peerUrls": {"FILM": null, "WIDE": null, "SQUARE": "/db/PICTURES/CMS/321100/321137.square.png"}}}, "runs": 0, "balls": 0, "fours": 0, "sixes": 0}], "overEndBowlers": [{"player": {"id": 48277, "objectId": 56143, "name": "Shakib Al Hasan", "longName": "Shakib Al Hasan", "mobileName": "Shakib", "indexName": "Shakib Al Hasan", "battingName": "Shakib Al Hasan", "fieldingName": "Shakib Al Hasan", "slug": "shakib-al-hasan", "imageUrl": "/db/PICTURES/CMS/303100/303157.jpg", "headshotImageUrl": "/db/PICTURES/CMS/316500/316581.png", "dateOfBirth": {"year": 1987, "month": 3, "date": 24}, "dateOfDeath": null, "gender": "M", "battingStyles": ["lhb"], "bowlingStyles": ["sla"], "longBattingStyles": ["left-hand bat"], "longBowlingStyles": ["slow left-arm orthodox"], "image": {"id": 303157, "objectId": 1221590, "slug": "shakib-al-hasan-portrait", "url": "/db/PICTURES/CMS/303100/303157.jpg", "width": 160, "height": 202, "caption": "Shakib Al Hasan portrait", "longCaption": "Shakib Al Hasan portrait, April 2020", "credit": "Getty Images", "photographer": null, "peerUrls": null}, "countryTeamId": 25, "playerRoleTypeIds": [5], "playingRoles": ["allrounder"], "headshotImage": {"id": 316581, "objectId": 1251210, "slug": "shakib-al-hasan-headshot", "url": "/db/PICTURES/CMS/316500/316581.png", "width": 600, "height": 436, "caption": "Shakib Al Hasan headshot", "longCaption": "Shakib Al Hasan headshot", "credit": null, "photographer": null, "peerUrls": {"FILM": null, "WIDE": null, "SQUARE": null}}}, "overs": 4, "balls": 24, "maidens": 0, "conceded": 9, "wickets": 4, "currentType": 1}, {"player": {"id": 80875, "objectId": 833087, "name": "Mahedi Hasan", "longName": "Mahedi Hasan", "mobileName": "Mahedi Hasan", "indexName": "Mahedi Hasan", "battingName": "Mahedi Hasan", "fieldingName": "Mahedi Hasan", "slug": "mahedi-hasan", "imageUrl": "/db/PICTURES/CMS/377500/377581.4.jpg", "headshotImageUrl": "/db/PICTURES/CMS/380200/380237.png", "dateOfBirth": {"year": 1994, "month": 12, "date": 12}, "dateOfDeath": null, "gender": "M", "battingStyles": ["rhb"], "bowlingStyles": ["ob"], "longBattingStyles": ["right-hand bat"], "longBowlingStyles": ["right-arm offbreak"], "image": {"id": 377581, "objectId": 1424432, "slug": "mahedi-hasan-player-portrait", "url": "/db/PICTURES/CMS/377500/377581.4.jpg", "width": 160, "height": 265, "caption": "Mahedi Hasan, player portrait", "longCaption": "Mahedi Hasan, player portrait", "credit": "Bangladesh Cricket Board", "photographer": null, "peerUrls": null}, "countryTeamId": 25, "playerRoleTypeIds": [5], "playingRoles": ["allrounder"], "headshotImage": {"id": 380237, "objectId": 1432041, "slug": "mahedi-hasan-player-page-headshot-cutout-2024", "url": "/db/PICTURES/CMS/380200/380237.png", "width": 600, "height": 436, "caption": "Mahedi Hasan, player page headshot cutout, 2024", "longCaption": "Mahedi Hasan, player page headshot cutout, 2024", "credit": null, "photographer": null, "peerUrls": {"FILM": null, "WIDE": null, "SQUARE": "/db/PICTURES/CMS/380200/380237.square.png"}}}, "overs": 2, "balls": 12, "maidens": 0, "conceded": 6, "wickets": 1, "currentType": 2}], "rollover": null}, "batsmanStatText": null, "bowlerStatText": null, "smartStats": []}]