[{"_uid": 35050703, "id": 35050703, "inningNumber": 2, "ballsActual": null, "ballsUnique": null, "oversUnique": 13.01, "oversActual": 13.1, "overNumber": 14, "ballNumber": 1, "totalRuns": 2, "batsmanRuns": 2, "isFour": false, "isSix": false, "isWicket": false, "dismissalType": null, "byes": 0, "legbyes": 0, "wides": 0, "noballs": 0, "penalties": 0, "wagonX": 290, "wagonY": 254, "wagonZone": 3, "pitchLine": "ON_THE_STUMPS", "pitchLength": "GOOD_LENGTH", "shotType": "FLICK", "shotControl": 1, "timestamp": "2021-10-20T12:45:22.000Z", "modified": "2021-10-20T12:45:25.000Z", "batsmanPlayerId": 48777, "bowlerPlayerId": 93293, "outPlayerId": null, "totalInningRuns": 107, "totalInningWickets": 3, "predictions": {"score": 173, "winProbability": 75.4}, "title": "de Leede to Wiese", "dismissalText": null, "commentPreTextItems": [{"type": "HTML", "html": "From 100 off 60, it's down to 60 from 42. Pressure now on de Leede running in"}, {"type": "HTML", "html": "Aamir: \"Looks like David Wises is going to win it single handedly\""}], "commentTextItems": [{"type": "HTML", "html": "angling in towards the stumps, Wiese works it off the pads to deep midwicket for two"}], "commentPostTextItems": null, "commentVideos": [], "commentImages": [], "events": [], "over": null, "batsmanStatText": null, "bowlerStatText": null, "smartStats": []}, {"_uid": 35050707, "id": 35050707, "inningNumber": 2, "ballsActual": null, "ballsUnique": null, "oversUnique": 13.02, "oversActual": 13.2, "overNumber": 14, "ballNumber": 2, "totalRuns": 4, "batsmanRuns": 4, "isFour": true, "isSix": false, "isWicket": false, "dismissalType": null, "byes": 0, "legbyes": 0, "wides": 0, "noballs": 0, "penalties": 0, "wagonX": 12, "wagonY": 135, "wagonZone": 7, "pitchLine": "WIDE_OUTSIDE_OFFSTUMP", "pitchLength": "FULL", "shotType": "SQUARE_DRIVE", "shotControl": 1, "timestamp": "2021-10-20T12:45:47.000Z", "modified": "2021-10-20T12:45:50.000Z", "batsmanPlayerId": 48777, "bowlerPlayerId": 93293, "outPlayerId": null, "totalInningRuns": 111, "totalInningWickets": 3, "predictions": {"score": 176, "winProbability": 81.63}, "title": "de Leede to Wiese", "dismissalText": null, "commentPreTextItems": null, "commentTextItems": [{"type": "HTML", "html": "too much width and he dispatches that in the air and in no time past a diving backward point for a cracking four!"}], "commentPostTextItems": null, "commentVideos": [], "commentImages": [], "events": [], "over": null, "batsmanStatText": null, "bowlerStatText": null, "smartStats": []}, {"_uid": 35050709, "id": 35050709, "inningNumber": 2, "ballsActual": null, "ballsUnique": null, "oversUnique": 13.03, "oversActual": 13.3, "overNumber": 14, "ballNumber": 3, "totalRuns": 1, "batsmanRuns": 1, "isFour": false, "isSix": false, "isWicket": false, "dismissalType": null, "byes": 0, "legbyes": 0, "wides": 0, "noballs": 0, "penalties": 0, "wagonX": 118, "wagonY": 130, "wagonZone": 7, "pitchLine": "OUTSIDE_OFFSTUMP", "pitchLength": "GOOD_LENGTH", "shotType": "SQUARE_DRIVE", "shotControl": 1, "timestamp": "2021-10-20T12:46:29.000Z", "modified": "2021-10-20T12:46:33.000Z", "batsmanPlayerId": 48777, "bowlerPlayerId": 93293, "outPlayerId": null, "totalInningRuns": 112, "totalInningWickets": 3, "predictions": {"score": 176, "winProbability": 81.97}, "title": "de Leede to Wiese", "dismissalText": null, "commentPreTextItems": null, "commentTextItems": [{"type": "HTML", "html": "105kmh, digs this one out from off to cover for one more"}], "commentPostTextItems": null, "commentVideos": [], "commentImages": [], "events": [], "over": null, "batsmanStatText": null, "bowlerStatText": null, "smartStats": []}, {"_uid": 35050711, "id": 35050711, "inningNumber": 2, "ballsActual": null, "ballsUnique": null, "oversUnique": 13.04, "oversActual": 13.4, "overNumber": 14, "ballNumber": 4, "totalRuns": 0, "batsmanRuns": 0, "isFour": false, "isSix": false, "isWicket": false, "dismissalType": null, "byes": 0, "legbyes": 0, "wides": 0, "noballs": 0, "penalties": 0, "wagonX": 0, "wagonY": 0, "wagonZone": 0, "pitchLine": "ON_THE_STUMPS", "pitchLength": "GOOD_LENGTH", "shotType": "FLICK", "shotControl": 2, "timestamp": "2021-10-20T12:46:46.000Z", "modified": "2021-10-20T12:46:51.000Z", "batsmanPlayerId": 65478, "bowlerPlayerId": 93293, "outPlayerId": null, "totalInningRuns": 112, "totalInningWickets": 3, "predictions": {"score": 174, "winProbability": 79.38}, "title": "de Leede to Erasmus", "dismissalText": null, "commentPreTextItems": null, "commentTextItems": [{"type": "HTML", "html": "134kmh, strays towards leg and the bowler gets away with it. The ball deflects off the pad to the keeper"}], "commentPostTextItems": null, "commentVideos": [], "commentImages": [], "events": [], "over": null, "batsmanStatText": null, "bowlerStatText": null, "smartStats": []}, {"_uid": 35050716, "id": 35050716, "inningNumber": 2, "ballsActual": null, "ballsUnique": null, "oversUnique": 13.05, "oversActual": 13.5, "overNumber": 14, "ballNumber": 5, "totalRuns": 4, "batsmanRuns": 4, "isFour": true, "isSix": false, "isWicket": false, "dismissalType": null, "byes": 0, "legbyes": 0, "wides": 0, "noballs": 0, "penalties": 0, "wagonX": 142, "wagonY": 10, "wagonZone": 8, "pitchLine": "OUTSIDE_OFFSTUMP", "pitchLength": "GOOD_LENGTH", "shotType": "CUT_SHOT", "shotControl": 1, "timestamp": "2021-10-20T12:47:20.000Z", "modified": "2021-10-20T12:47:24.000Z", "batsmanPlayerId": 65478, "bowlerPlayerId": 93293, "outPlayerId": null, "totalInningRuns": 116, "totalInningWickets": 3, "predictions": {"score": 176, "winProbability": 84.32}, "title": "de Leede to Erasmus", "dismissalText": null, "commentPreTextItems": null, "commentTextItems": [{"type": "HTML", "html": "Erasmus gets an <strong>edge for four</strong>, he'll take that one. Slow and wide, cutting away further, Erasmus throws his hands at this one and it rolls away between the keeper and short third man"}], "commentPostTextItems": null, "commentVideos": [], "commentImages": [], "events": [], "over": null, "batsmanStatText": null, "bowlerStatText": null, "smartStats": []}, {"_uid": 35050719, "id": 35050719, "inningNumber": 2, "ballsActual": null, "ballsUnique": null, "oversUnique": 13.06, "oversActual": 13.6, "overNumber": 14, "ballNumber": 6, "totalRuns": 4, "batsmanRuns": 4, "isFour": true, "isSix": false, "isWicket": false, "dismissalType": null, "byes": 0, "legbyes": 0, "wides": 0, "noballs": 0, "penalties": 0, "wagonX": 20, "wagonY": 112, "wagonZone": 7, "pitchLine": "WIDE_OUTSIDE_OFFSTUMP", "pitchLength": "GOOD_LENGTH", "shotType": "CUT_SHOT", "shotControl": 1, "timestamp": "2021-10-20T12:47:56.000Z", "modified": "2021-10-20T12:47:59.000Z", "batsmanPlayerId": 65478, "bowlerPlayerId": 93293, "outPlayerId": null, "totalInningRuns": 120, "totalInningWickets": 3, "predictions": {"score": 180, "winProbability": 89.38}, "title": "de Leede to Erasmus", "dismissalText": null, "commentPreTextItems": null, "commentTextItems": [{"type": "HTML", "html": "middles it for four more, make that <b>15 from the over</b>! Wide and slightly full, Erasmus drives it square, in the gap and that races away for four more"}], "commentPostTextItems": null, "commentVideos": [], "commentImages": [], "events": [], "over": {"team": {"id": 28, "objectId": 28, "scribeId": 28, "slug": "namibia", "name": "Namibia", "longName": "Namibia", "abbreviation": "NAM", "unofficialName": null, "imageUrl": "/db/PICTURES/CMS/313100/313148.logo.png", "isCountry": true, "primaryColor": null, "image": {"id": 313148, "objectId": 1241607, "slug": "namibia-logo", "url": "/db/PICTURES/CMS/313100/313148.logo.png", "width": 500, "height": 500, "caption": "Namibia logo", "longCaption": "Namibia logo", "credit": null, "photographer": null, "peerUrls": null}, "country": {"id": 28, "objectId": 28, "name": "Namibia", "shortName": "Namibia", "abbreviation": "NAM", "slug": "namibia"}}, "inningNumber": 2, "overNumber": 14, "overRuns": 15, "overWickets": 0, "totalRuns": 120, "totalWickets": 3, "target": 165, "overLimit": 20, "ballLimit": 120, "isMaiden": false, "isComplete": true, "isSuperOver": false, "overEndBatsmen": [{"player": {"id": 65478, "objectId": 519070, "name": "MG Erasmus", "longName": "Gerhard Erasmus", "mobileName": "Erasmus", "indexName": "Erasmus, MG", "battingName": "MG Erasmus", "fieldingName": "Erasmus", "slug": "gerhard-erasmus", "imageUrl": "/db/PICTURES/CMS/179600/179639.1.jpg", "headshotImageUrl": "/db/PICTURES/CMS/329700/329755.png", "dateOfBirth": {"year": 1995, "month": 4, "date": 11}, "dateOfDeath": null, "gender": "M", "battingStyles": ["rhb"], "bowlingStyles": ["ob"], "longBattingStyles": ["right-hand bat"], "longBowlingStyles": ["right-arm offbreak"], "image": {"id": 179639, "objectId": 721483, "slug": "gerhard-erasmus", "url": "/db/PICTURES/CMS/179600/179639.1.jpg", "width": 160, "height": 192, "caption": "Gerhard Erasmus", "longCaption": "Gerhard Erasmus", "credit": "International Cricket Council", "photographer": null, "peerUrls": null}, "countryTeamId": 28, "playerRoleTypeIds": [5], "playingRoles": ["allrounder"], "headshotImage": {"id": 329755, "objectId": 1286754, "slug": "gerhard-erasmus-player-page-headshot-cutout-2021", "url": "/db/PICTURES/CMS/329700/329755.png", "width": 600, "height": 436, "caption": "Gerhard Erasmus player page headshot cutout 2021", "longCaption": "Gerhard Erasmus player page headshot cutout 2021", "credit": null, "photographer": null, "peerUrls": {"FILM": null, "WIDE": null, "SQUARE": "/db/PICTURES/CMS/329700/329755.square.png"}}}, "runs": 25, "balls": 16, "fours": 3, "sixes": 1}, {"player": {"id": 48777, "objectId": 221140, "name": "D Wiese", "longName": "David Wiese", "mobileName": "Wiese", "indexName": "Wiese, D", "battingName": "D Wiese", "fieldingName": "Wiese", "slug": "david-wiese", "imageUrl": "/db/PICTURES/CMS/312100/312185.png", "headshotImageUrl": "/db/PICTURES/CMS/322000/322079.png", "dateOfBirth": {"year": 1985, "month": 5, "date": 18}, "dateOfDeath": null, "gender": "M", "battingStyles": ["rhb"], "bowlingStyles": ["rmf"], "longBattingStyles": ["right-hand bat"], "longBowlingStyles": ["right-arm medium-fast"], "image": {"id": 312185, "objectId": 1239252, "slug": "david-wiese-portrait", "url": "/db/PICTURES/CMS/312100/312185.png", "width": 160, "height": 200, "caption": "David Wiese portrait", "longCaption": "David Wiese portrait, November 2020", "credit": "Getty Images", "photographer": null, "peerUrls": null}, "countryTeamId": 28, "playerRoleTypeIds": [5], "playingRoles": ["allrounder"], "headshotImage": {"id": 322079, "objectId": 1264453, "slug": "david-wiese-player-page-headshot-cutout-2021", "url": "/db/PICTURES/CMS/322000/322079.png", "width": 600, "height": 436, "caption": "David Wiese player page headshot cutout, 2021", "longCaption": "David Wiese player page headshot cutout, 2021", "credit": null, "photographer": null, "peerUrls": {"FILM": null, "WIDE": null, "SQUARE": "/db/PICTURES/CMS/322000/322079.square.png"}}}, "runs": 45, "balls": 24, "fours": 4, "sixes": 3}], "overEndBowlers": [{"player": {"id": 93293, "objectId": 1036191, "name": "BFW de Leede", "longName": "Bas de Leede", "mobileName": "de Leede", "indexName": "de Leede, BFW", "battingName": "BFW de Leede", "fieldingName": "de Leede", "slug": "bas-de-leede", "imageUrl": "/db/PICTURES/CMS/322600/322637.png", "headshotImageUrl": "/db/PICTURES/CMS/322600/322637.png", "dateOfBirth": {"year": 1999, "month": 11, "date": 15}, "dateOfDeath": null, "gender": "M", "battingStyles": ["rhb"], "bowlingStyles": ["rfm"], "longBattingStyles": ["right-hand bat"], "longBowlingStyles": ["right-arm fast-medium"], "image": {"id": 322637, "objectId": 1265521, "slug": "bas-de-leede-player-page-headshot-cutout-2021", "url": "/db/PICTURES/CMS/322600/322637.png", "width": 600, "height": 436, "caption": "Bas de Leede player page headshot cutout, 2021", "longCaption": "Bas de Leede player page headshot cutout, 2021", "credit": null, "photographer": null, "peerUrls": null}, "countryTeamId": 15, "playerRoleTypeIds": [10], "playingRoles": ["batting allrounder"], "headshotImage": {"id": 322637, "objectId": 1265521, "slug": "bas-de-leede-player-page-headshot-cutout-2021", "url": "/db/PICTURES/CMS/322600/322637.png", "width": 600, "height": 436, "caption": "Bas de Leede player page headshot cutout, 2021", "longCaption": "Bas de Leede player page headshot cutout, 2021", "credit": null, "photographer": null, "peerUrls": {"FILM": null, "WIDE": null, "SQUARE": "/db/PICTURES/CMS/322600/322637.square.png"}}}, "overs": 1, "balls": 6, "maidens": 0, "conceded": 15, "wickets": 0, "currentType": 1}, {"player": {"id": 61845, "objectId": 440522, "name": "LV van Beek", "longName": "Logan van Beek", "mobileName": "van Beek", "indexName": "van Beek, LV", "battingName": "LV van Beek", "fieldingName": "van Beek", "slug": "logan-van-beek", "imageUrl": "/db/PICTURES/CMS/329300/329356.4.jpg", "headshotImageUrl": "/db/PICTURES/CMS/331100/331170.png", "dateOfBirth": {"year": 1990, "month": 9, "date": 7}, "dateOfDeath": null, "gender": "M", "battingStyles": ["rhb"], "bowlingStyles": ["rmf"], "longBattingStyles": ["right-hand bat"], "longBowlingStyles": ["right-arm medium-fast"], "image": {"id": 329356, "objectId": 1285455, "slug": "logan-van-beek-player-portrait", "url": "/db/PICTURES/CMS/329300/329356.4.jpg", "width": 160, "height": 258, "caption": "Logan van Beek, player portrait", "longCaption": "Logan van Beek, player portrait", "credit": "ICC/Getty Images", "photographer": "Matthew Lewis", "peerUrls": null}, "countryTeamId": 15, "playerRoleTypeIds": [4], "playingRoles": ["bowler"], "headshotImage": {"id": 331170, "objectId": 1291512, "slug": "logan-van-beek-player-page-headshot-cutout-2021", "url": "/db/PICTURES/CMS/331100/331170.png", "width": 600, "height": 436, "caption": "Logan van Beek player page headshot cutout 2021", "longCaption": "Logan van Beek player page headshot cutout 2021", "credit": null, "photographer": null, "peerUrls": {"FILM": null, "WIDE": null, "SQUARE": "/db/PICTURES/CMS/331100/331170.square.png"}}}, "overs": 3, "balls": 18, "maidens": 0, "conceded": 23, "wickets": 0, "currentType": 2}], "rollover": null}, "batsmanStatText": null, "bowlerStatText": null, "smartStats": []}, {"_uid": 35050724, "id": 35050724, "inningNumber": 2, "ballsActual": null, "ballsUnique": null, "oversUnique": 14.01, "oversActual": 14.1, "overNumber": 15, "ballNumber": 1, "totalRuns": 0, "batsmanRuns": 0, "isFour": false, "isSix": false, "isWicket": false, "dismissalType": null, "byes": 0, "legbyes": 0, "wides": 0, "noballs": 0, "penalties": 0, "wagonX": 203, "wagonY": 183, "wagonZone": 3, "pitchLine": "ON_THE_STUMPS", "pitchLength": "GOOD_LENGTH", "shotType": "FLICK", "shotControl": 2, "timestamp": "2021-10-20T12:50:12.000Z", "modified": "2021-10-20T12:50:16.000Z", "batsmanPlayerId": 48777, "bowlerPlayerId": 97878, "outPlayerId": null, "totalInningRuns": 120, "totalInningWickets": 3, "predictions": {"score": 179, "winProbability": 88.59}, "title": "Klaassen to Wiese", "dismissalText": null, "commentPreTextItems": [{"type": "HTML", "html": "Just 45 from 36, as many as seven wickets in hand. Klassen comes back, Netherlands need wickets"}], "commentTextItems": [{"type": "HTML", "html": "<strong>big appeal</strong> from him first ball, the umpire doesn't move and <b>Netherlands review</b>. Angling in from around the wicket, hits him in front of middle and leg, and UltraEdge shows there's a spike for an edge"}], "commentPostTextItems": null, "commentVideos": [], "commentImages": [], "events": [{"type": "DRS_REVIEW", "inningNumber": 2, "oversUnique": 14.01, "teamId": 15, "isSuccessful": false}], "over": null, "batsmanStatText": null, "bowlerStatText": null, "smartStats": []}, {"_uid": 35050731, "id": 35050731, "inningNumber": 2, "ballsActual": null, "ballsUnique": null, "oversUnique": 14.02, "oversActual": 14.2, "overNumber": 15, "ballNumber": 2, "totalRuns": 1, "batsmanRuns": 1, "isFour": false, "isSix": false, "isWicket": false, "dismissalType": null, "byes": 0, "legbyes": 0, "wides": 0, "noballs": 0, "penalties": 0, "wagonX": 288, "wagonY": 245, "wagonZone": 3, "pitchLine": "ON_THE_STUMPS", "pitchLength": "GOOD_LENGTH", "shotType": "FLICK", "shotControl": 1, "timestamp": "2021-10-20T12:50:59.000Z", "modified": "2021-10-20T12:51:02.000Z", "batsmanPlayerId": 48777, "bowlerPlayerId": 97878, "outPlayerId": null, "totalInningRuns": 121, "totalInningWickets": 3, "predictions": {"score": 178, "winProbability": 88.4}, "title": "Klaassen to Wiese", "dismissalText": null, "commentPreTextItems": null, "commentTextItems": [{"type": "HTML", "html": "bit of pace and angle, worked off the pads to leg for one"}], "commentPostTextItems": null, "commentVideos": [], "commentImages": [], "events": [], "over": null, "batsmanStatText": null, "bowlerStatText": null, "smartStats": []}, {"_uid": 35050739, "id": 35050739, "inningNumber": 2, "ballsActual": null, "ballsUnique": null, "oversUnique": 14.03, "oversActual": 14.3, "overNumber": 15, "ballNumber": 3, "totalRuns": 4, "batsmanRuns": 4, "isFour": true, "isSix": false, "isWicket": false, "dismissalType": null, "byes": 0, "legbyes": 0, "wides": 0, "noballs": 0, "penalties": 0, "wagonX": 149, "wagonY": 8, "wagonZone": 8, "pitchLine": "WIDE_OUTSIDE_OFFSTUMP", "pitchLength": "GOOD_LENGTH", "shotType": "CUT_SHOT", "shotControl": 1, "timestamp": "2021-10-20T12:51:36.000Z", "modified": "2021-10-20T12:51:39.000Z", "batsmanPlayerId": 65478, "bowlerPlayerId": 97878, "outPlayerId": null, "totalInningRuns": 125, "totalInningWickets": 3, "predictions": {"score": 180, "winProbability": 91.74}, "title": "Klaassen to Erasmus", "dismissalText": null, "commentPreTextItems": [{"type": "HTML", "html": "ZeeshanOranje: \"I am unable to understand why Seelar is not bowling after a fine wicket maiden, and his bowlers are being shredded to bits by Namibia's batters\""}], "commentTextItems": [{"type": "HTML", "html": "<b>in the air and past short third man for four</b>! He slices it away outside off, it's gone in the air, but well wide of short third man"}], "commentPostTextItems": null, "commentVideos": [], "commentImages": [], "events": [], "over": null, "batsmanStatText": null, "bowlerStatText": null, "smartStats": []}, {"_uid": 35050740, "id": 35050740, "inningNumber": 2, "ballsActual": null, "ballsUnique": null, "oversUnique": 14.04, "oversActual": 14.4, "overNumber": 15, "ballNumber": 4, "totalRuns": 0, "batsmanRuns": 0, "isFour": false, "isSix": false, "isWicket": false, "dismissalType": null, "byes": 0, "legbyes": 0, "wides": 0, "noballs": 0, "penalties": 0, "wagonX": 0, "wagonY": 0, "wagonZone": 0, "pitchLine": "ON_THE_STUMPS", "pitchLength": "GOOD_LENGTH", "shotType": "FLICK", "shotControl": 2, "timestamp": "2021-10-20T12:52:10.000Z", "modified": "2021-10-20T12:52:13.000Z", "batsmanPlayerId": 65478, "bowlerPlayerId": 97878, "outPlayerId": null, "totalInningRuns": 125, "totalInningWickets": 3, "predictions": {"score": 179, "winProbability": 91.06}, "title": "Klaassen to Erasmus", "dismissalText": null, "commentPreTextItems": null, "commentTextItems": [{"type": "HTML", "html": "bit of a mix up but Erasmus makes it back just in time. Went off his pad to the off side, he took off for one, but was sent back almost immediately"}], "commentPostTextItems": null, "commentVideos": [], "commentImages": [], "events": [], "over": null, "batsmanStatText": null, "bowlerStatText": null, "smartStats": []}, {"_uid": 35050743, "id": 35050743, "inningNumber": 2, "ballsActual": null, "ballsUnique": null, "oversUnique": 14.05, "oversActual": 14.5, "overNumber": 15, "ballNumber": 5, "totalRuns": 1, "batsmanRuns": 1, "isFour": false, "isSix": false, "isWicket": false, "dismissalType": null, "byes": 0, "legbyes": 0, "wides": 0, "noballs": 0, "penalties": 0, "wagonX": 314, "wagonY": 222, "wagonZone": 3, "pitchLine": "OUTSIDE_OFFSTUMP", "pitchLength": "FULL", "shotType": "FLICK", "shotControl": 1, "timestamp": "2021-10-20T12:52:42.000Z", "modified": "2021-10-20T12:52:45.000Z", "batsmanPlayerId": 65478, "bowlerPlayerId": 97878, "outPlayerId": null, "totalInningRuns": 126, "totalInningWickets": 3, "predictions": {"score": 178, "winProbability": 90.9}, "title": "Klaassen to Erasmus", "dismissalText": null, "commentPreTextItems": [{"type": "HTML", "html": "Good over so far from Klaassen"}], "commentTextItems": [{"type": "HTML", "html": "uses the angle from middle and leg to deep midwicket for one"}], "commentPostTextItems": null, "commentVideos": [], "commentImages": [], "events": [], "over": null, "batsmanStatText": null, "bowlerStatText": null, "smartStats": []}, {"_uid": 35050748, "id": 35050748, "inningNumber": 2, "ballsActual": null, "ballsUnique": null, "oversUnique": 14.06, "oversActual": 14.6, "overNumber": 15, "ballNumber": 6, "totalRuns": 1, "batsmanRuns": 1, "isFour": false, "isSix": false, "isWicket": false, "dismissalType": null, "byes": 0, "legbyes": 0, "wides": 0, "noballs": 0, "penalties": 0, "wagonX": 129, "wagonY": 147, "wagonZone": 7, "pitchLine": "OUTSIDE_OFFSTUMP", "pitchLength": "GOOD_LENGTH", "shotType": "SQUARE_DRIVE", "shotControl": 1, "timestamp": "2021-10-20T12:53:27.000Z", "modified": "2021-10-20T12:53:32.000Z", "batsmanPlayerId": 48777, "bowlerPlayerId": 97878, "outPlayerId": null, "totalInningRuns": 127, "totalInningWickets": 3, "predictions": {"score": 178, "winProbability": 90.98}, "title": "Klaassen to Wiese", "dismissalText": null, "commentPreTextItems": null, "commentTextItems": [{"type": "HTML", "html": "<strong>excellent stop at backward point</strong> with a dive to the right. Wiese steers the back of the hand slower ball to off and gets only one. But keeps strike"}], "commentPostTextItems": null, "commentVideos": [], "commentImages": [], "events": [], "over": {"team": {"id": 28, "objectId": 28, "scribeId": 28, "slug": "namibia", "name": "Namibia", "longName": "Namibia", "abbreviation": "NAM", "unofficialName": null, "imageUrl": "/db/PICTURES/CMS/313100/313148.logo.png", "isCountry": true, "primaryColor": null, "image": {"id": 313148, "objectId": 1241607, "slug": "namibia-logo", "url": "/db/PICTURES/CMS/313100/313148.logo.png", "width": 500, "height": 500, "caption": "Namibia logo", "longCaption": "Namibia logo", "credit": null, "photographer": null, "peerUrls": null}, "country": {"id": 28, "objectId": 28, "name": "Namibia", "shortName": "Namibia", "abbreviation": "NAM", "slug": "namibia"}}, "inningNumber": 2, "overNumber": 15, "overRuns": 7, "overWickets": 0, "totalRuns": 127, "totalWickets": 3, "target": 165, "overLimit": 20, "ballLimit": 120, "isMaiden": false, "isComplete": true, "isSuperOver": false, "overEndBatsmen": [{"player": {"id": 48777, "objectId": 221140, "name": "D Wiese", "longName": "David Wiese", "mobileName": "Wiese", "indexName": "Wiese, D", "battingName": "D Wiese", "fieldingName": "Wiese", "slug": "david-wiese", "imageUrl": "/db/PICTURES/CMS/312100/312185.png", "headshotImageUrl": "/db/PICTURES/CMS/322000/322079.png", "dateOfBirth": {"year": 1985, "month": 5, "date": 18}, "dateOfDeath": null, "gender": "M", "battingStyles": ["rhb"], "bowlingStyles": ["rmf"], "longBattingStyles": ["right-hand bat"], "longBowlingStyles": ["right-arm medium-fast"], "image": {"id": 312185, "objectId": 1239252, "slug": "david-wiese-portrait", "url": "/db/PICTURES/CMS/312100/312185.png", "width": 160, "height": 200, "caption": "David Wiese portrait", "longCaption": "David Wiese portrait, November 2020", "credit": "Getty Images", "photographer": null, "peerUrls": null}, "countryTeamId": 28, "playerRoleTypeIds": [5], "playingRoles": ["allrounder"], "headshotImage": {"id": 322079, "objectId": 1264453, "slug": "david-wiese-player-page-headshot-cutout-2021", "url": "/db/PICTURES/CMS/322000/322079.png", "width": 600, "height": 436, "caption": "David Wiese player page headshot cutout, 2021", "longCaption": "David Wiese player page headshot cutout, 2021", "credit": null, "photographer": null, "peerUrls": {"FILM": null, "WIDE": null, "SQUARE": "/db/PICTURES/CMS/322000/322079.square.png"}}}, "runs": 47, "balls": 27, "fours": 4, "sixes": 3}, {"player": {"id": 65478, "objectId": 519070, "name": "MG Erasmus", "longName": "Gerhard Erasmus", "mobileName": "Erasmus", "indexName": "Erasmus, MG", "battingName": "MG Erasmus", "fieldingName": "Erasmus", "slug": "gerhard-erasmus", "imageUrl": "/db/PICTURES/CMS/179600/179639.1.jpg", "headshotImageUrl": "/db/PICTURES/CMS/329700/329755.png", "dateOfBirth": {"year": 1995, "month": 4, "date": 11}, "dateOfDeath": null, "gender": "M", "battingStyles": ["rhb"], "bowlingStyles": ["ob"], "longBattingStyles": ["right-hand bat"], "longBowlingStyles": ["right-arm offbreak"], "image": {"id": 179639, "objectId": 721483, "slug": "gerhard-erasmus", "url": "/db/PICTURES/CMS/179600/179639.1.jpg", "width": 160, "height": 192, "caption": "Gerhard Erasmus", "longCaption": "Gerhard Erasmus", "credit": "International Cricket Council", "photographer": null, "peerUrls": null}, "countryTeamId": 28, "playerRoleTypeIds": [5], "playingRoles": ["allrounder"], "headshotImage": {"id": 329755, "objectId": 1286754, "slug": "gerhard-erasmus-player-page-headshot-cutout-2021", "url": "/db/PICTURES/CMS/329700/329755.png", "width": 600, "height": 436, "caption": "Gerhard Erasmus player page headshot cutout 2021", "longCaption": "Gerhard Erasmus player page headshot cutout 2021", "credit": null, "photographer": null, "peerUrls": {"FILM": null, "WIDE": null, "SQUARE": "/db/PICTURES/CMS/329700/329755.square.png"}}}, "runs": 30, "balls": 19, "fours": 4, "sixes": 1}], "overEndBowlers": [{"player": {"id": 97878, "objectId": 1104703, "name": "FJ Klaassen", "longName": "Fred Klaassen", "mobileName": "Klaassen", "indexName": "Klaassen, FJ", "battingName": "FJ Klaassen", "fieldingName": "Klaassen", "slug": "fred-klaassen", "imageUrl": "/db/PICTURES/CMS/279800/279855.1.jpg", "headshotImageUrl": "/db/PICTURES/CMS/324200/324241.png", "dateOfBirth": {"year": 1992, "month": 11, "date": 13}, "dateOfDeath": null, "gender": "M", "battingStyles": ["rhb"], "bowlingStyles": ["lfm"], "longBattingStyles": ["right-hand bat"], "longBowlingStyles": ["left-arm fast-medium"], "image": {"id": 279855, "objectId": 1158288, "slug": "fred-klaasen-player-portrait", "url": "/db/PICTURES/CMS/279800/279855.1.jpg", "width": 160, "height": 221, "caption": "Fred Klaasen player portrait", "longCaption": "Fred Klaasen player portrait", "credit": "Fred Klaasen", "photographer": null, "peerUrls": null}, "countryTeamId": 15, "playerRoleTypeIds": [4], "playingRoles": ["bowler"], "headshotImage": {"id": 324241, "objectId": 1269047, "slug": "fred-klaassen-player-page-headshot-cutout-2021", "url": "/db/PICTURES/CMS/324200/324241.png", "width": 600, "height": 436, "caption": "Fred Klaassen player page headshot cutout, 2021", "longCaption": "Fred Klaassen player page headshot cutout, 2021", "credit": null, "photographer": null, "peerUrls": {"FILM": null, "WIDE": null, "SQUARE": "/db/PICTURES/CMS/324200/324241.square.png"}}}, "overs": 3, "balls": 18, "maidens": 0, "conceded": 11, "wickets": 1, "currentType": 1}, {"player": {"id": 93293, "objectId": 1036191, "name": "BFW de Leede", "longName": "Bas de Leede", "mobileName": "de Leede", "indexName": "de Leede, BFW", "battingName": "BFW de Leede", "fieldingName": "de Leede", "slug": "bas-de-leede", "imageUrl": "/db/PICTURES/CMS/322600/322637.png", "headshotImageUrl": "/db/PICTURES/CMS/322600/322637.png", "dateOfBirth": {"year": 1999, "month": 11, "date": 15}, "dateOfDeath": null, "gender": "M", "battingStyles": ["rhb"], "bowlingStyles": ["rfm"], "longBattingStyles": ["right-hand bat"], "longBowlingStyles": ["right-arm fast-medium"], "image": {"id": 322637, "objectId": 1265521, "slug": "bas-de-leede-player-page-headshot-cutout-2021", "url": "/db/PICTURES/CMS/322600/322637.png", "width": 600, "height": 436, "caption": "Bas de Leede player page headshot cutout, 2021", "longCaption": "Bas de Leede player page headshot cutout, 2021", "credit": null, "photographer": null, "peerUrls": null}, "countryTeamId": 15, "playerRoleTypeIds": [10], "playingRoles": ["batting allrounder"], "headshotImage": {"id": 322637, "objectId": 1265521, "slug": "bas-de-leede-player-page-headshot-cutout-2021", "url": "/db/PICTURES/CMS/322600/322637.png", "width": 600, "height": 436, "caption": "Bas de Leede player page headshot cutout, 2021", "longCaption": "Bas de Leede player page headshot cutout, 2021", "credit": null, "photographer": null, "peerUrls": {"FILM": null, "WIDE": null, "SQUARE": "/db/PICTURES/CMS/322600/322637.square.png"}}}, "overs": 1, "balls": 6, "maidens": 0, "conceded": 15, "wickets": 0, "currentType": 2}], "rollover": null}, "batsmanStatText": null, "bowlerStatText": null, "smartStats": []}]