[{"_uid": 35046531, "id": 35046531, "inningNumber": 2, "ballsActual": null, "ballsUnique": null, "oversUnique": 5.01, "oversActual": 5.1, "overNumber": 6, "ballNumber": 1, "totalRuns": 1, "batsmanRuns": 1, "isFour": false, "isSix": false, "isWicket": false, "dismissalType": null, "byes": 0, "legbyes": 0, "wides": 0, "noballs": 0, "penalties": 0, "wagonX": 162, "wagonY": 172, "wagonZone": 6, "pitchLine": "ON_THE_STUMPS", "pitchLength": "FULL", "shotType": "SLOG_SHOT", "shotControl": 2, "timestamp": "2021-10-19T16:41:07.000Z", "modified": "2021-10-19T16:41:11.000Z", "batsmanPlayerId": 53016, "bowlerPlayerId": 54674, "outPlayerId": null, "totalInningRuns": 41, "totalInningWickets": 1, "predictions": {"score": 156, "winProbability": 62.59}, "title": "Mustafizur to Jatinder", "dismissalText": null, "commentPreTextItems": [{"type": "HTML", "html": "Mustafizur comes back"}], "commentTextItems": [{"type": "HTML", "html": "<strong>dropped</strong>. What are Bangladesh up to here? He does him in with a lovely slower ball, Jatinder gets a massive top edge, there are three-four men who can take this including the bowler, but Mahmudullah claims it running in from extra cover. He gets under it, but the hands don't come up right and he is hit in the chest"}], "commentPostTextItems": null, "commentVideos": [], "commentImages": [], "events": [{"type": "DROPPED_CATCH", "inningNumber": 2, "oversUnique": 5.01, "batsman": null, "fielders": [{"id": 47352, "objectId": 56025, "name": "Mahmudullah", "longName": "Mahmudullah", "mobileName": "Mahmudullah", "indexName": "Mahmudullah", "battingName": "Mahmudullah", "fieldingName": "Mahmudullah", "slug": "mahmudullah", "imageUrl": "/db/PICTURES/CMS/263500/263581.jpg", "headshotImageUrl": "/db/PICTURES/CMS/316500/316571.png"}]}], "over": null, "batsmanStatText": null, "bowlerStatText": null, "smartStats": []}, {"_uid": 35046532, "id": 35046532, "inningNumber": 2, "ballsActual": null, "ballsUnique": null, "oversUnique": 5.02, "oversActual": 5.2, "overNumber": 6, "ballNumber": 2, "totalRuns": 0, "batsmanRuns": 0, "isFour": false, "isSix": false, "isWicket": false, "dismissalType": null, "byes": 0, "legbyes": 0, "wides": 0, "noballs": 0, "penalties": 0, "wagonX": 193, "wagonY": 187, "wagonZone": 4, "pitchLine": "ON_THE_STUMPS", "pitchLength": "GOOD_LENGTH", "shotType": "DEFENDED", "shotControl": 1, "timestamp": "2021-10-19T16:41:36.000Z", "modified": "2021-10-19T16:41:39.000Z", "batsmanPlayerId": 110059, "bowlerPlayerId": 54674, "outPlayerId": null, "totalInningRuns": 41, "totalInningWickets": 1, "predictions": {"score": 155, "winProbability": 61.3}, "title": "Mustafizur to Prajapati", "dismissalText": null, "commentPreTextItems": null, "commentTextItems": [{"type": "HTML", "html": "quicker, middle and leg, defended back to him"}], "commentPostTextItems": null, "commentVideos": [], "commentImages": [], "events": [], "over": null, "batsmanStatText": null, "bowlerStatText": null, "smartStats": []}, {"_uid": 35046533, "id": 35046533, "inningNumber": 2, "ballsActual": null, "ballsUnique": null, "oversUnique": 5.03, "oversActual": 5.3, "overNumber": 6, "ballNumber": 3, "totalRuns": 6, "batsmanRuns": 6, "isFour": false, "isSix": true, "isWicket": false, "dismissalType": null, "byes": 0, "legbyes": 0, "wides": 0, "noballs": 0, "penalties": 0, "wagonX": 351, "wagonY": 78, "wagonZone": 2, "pitchLine": "ON_THE_STUMPS", "pitchLength": "SHORT", "shotType": "PULL", "shotControl": 1, "timestamp": "2021-10-19T16:42:16.000Z", "modified": "2021-10-19T16:43:45.000Z", "batsmanPlayerId": 110059, "bowlerPlayerId": 54674, "outPlayerId": null, "totalInningRuns": 47, "totalInningWickets": 1, "predictions": {"score": 160, "winProbability": 68.36}, "title": "Mustafizur to Prajapati", "dismissalText": null, "commentPreTextItems": null, "commentTextItems": [{"type": "HTML", "html": "he has a fielder back for this, and Mustafizur goes short. This is not the sweetest connection, but the ground is not big enough to keep this in"}], "commentPostTextItems": null, "commentVideos": [], "commentImages": [], "events": [], "over": null, "batsmanStatText": null, "bowlerStatText": null, "smartStats": []}, {"_uid": 35046534, "id": 35046534, "inningNumber": 2, "ballsActual": null, "ballsUnique": null, "oversUnique": 5.04, "oversActual": 5.4, "overNumber": 6, "ballNumber": 4, "totalRuns": 0, "batsmanRuns": 0, "isFour": false, "isSix": false, "isWicket": true, "dismissalType": 1, "byes": 0, "legbyes": 0, "wides": 0, "noballs": 0, "penalties": 0, "wagonX": 176, "wagonY": 133, "wagonZone": 8, "pitchLine": "OUTSIDE_OFFSTUMP", "pitchLength": "GOOD_LENGTH", "shotType": "COVER_DRIVE", "shotControl": 2, "timestamp": "2021-10-19T16:43:33.000Z", "modified": "2021-10-19T16:43:37.000Z", "batsmanPlayerId": 110059, "bowlerPlayerId": 54674, "outPlayerId": 110059, "totalInningRuns": 47, "totalInningWickets": 2, "predictions": {"score": 158, "winProbability": 61.13}, "title": "Mustafizur to Prajapati", "dismissalText": {"short": "caught", "long": "c \u2020Nurul Hasan b Mustafizur Rahman", "commentary": "Kashyap Prajapati c \u2020Nurul Hasan b Mustafizur Rahman 21 (18b 1x4 2x6 23m) SR: 116.66"}, "commentPreTextItems": null, "commentTextItems": [{"type": "HTML", "html": "Mustafizur finally gets a wicket. On a length, quick, angling across, takes the edge as Prajapati is late on the drive. The keeper takes the catch. Some relief around but Bangladesh know their campaign is in jeopardy right now"}], "commentPostTextItems": null, "commentVideos": [], "commentImages": [], "events": [], "over": null, "batsmanStatText": null, "bowlerStatText": null, "smartStats": []}, {"_uid": 35046535, "id": 35046535, "inningNumber": 2, "ballsActual": null, "ballsUnique": null, "oversUnique": 5.05, "oversActual": 5.5, "overNumber": 6, "ballNumber": 5, "totalRuns": 0, "batsmanRuns": 0, "isFour": false, "isSix": false, "isWicket": false, "dismissalType": null, "byes": 0, "legbyes": 0, "wides": 0, "noballs": 0, "penalties": 0, "wagonX": 0, "wagonY": 0, "wagonZone": 0, "pitchLine": "OUTSIDE_OFFSTUMP", "pitchLength": "GOOD_LENGTH", "shotType": "LEFT_ALONE", "shotControl": 1, "timestamp": "2021-10-19T16:45:13.000Z", "modified": "2021-10-19T16:45:17.000Z", "batsmanPlayerId": 68465, "bowlerPlayerId": 54674, "outPlayerId": null, "totalInningRuns": 47, "totalInningWickets": 2, "predictions": {"score": 157, "winProbability": 59.79}, "title": "Mustafizur to Maqsood", "dismissalText": null, "commentPreTextItems": [{"type": "HTML", "html": "This match has shades of what Bangladesh did to India in 2007. Can they prevent an early exit? Here comes Zeeshan Maqsood. Fizz stays over the wicket to the left-hand batter"}], "commentTextItems": [{"type": "HTML", "html": "on a length, outside off, left alone"}], "commentPostTextItems": null, "commentVideos": [], "commentImages": [], "events": [], "over": null, "batsmanStatText": null, "bowlerStatText": null, "smartStats": []}, {"_uid": 35046536, "id": 35046536, "inningNumber": 2, "ballsActual": null, "ballsUnique": null, "oversUnique": 5.06, "oversActual": 5.6, "overNumber": 6, "ballNumber": 6, "totalRuns": 0, "batsmanRuns": 0, "isFour": false, "isSix": false, "isWicket": false, "dismissalType": null, "byes": 0, "legbyes": 0, "wides": 0, "noballs": 0, "penalties": 0, "wagonX": 181, "wagonY": 187, "wagonZone": 4, "pitchLine": "ON_THE_STUMPS", "pitchLength": "FULL", "shotType": "DEFENDED", "shotControl": 1, "timestamp": "2021-10-19T16:45:58.000Z", "modified": "2021-10-19T16:46:01.000Z", "batsmanPlayerId": 68465, "bowlerPlayerId": 54674, "outPlayerId": null, "totalInningRuns": 47, "totalInningWickets": 2, "predictions": {"score": 156, "winProbability": 58.15}, "title": "Mustafizur to Maqsood", "dismissalText": null, "commentPreTextItems": null, "commentTextItems": [{"type": "HTML", "html": "on a length, angling in, defended back to him"}], "commentPostTextItems": [{"type": "HTML", "html": "At the end of the Powerplay, Oman's win probability is 60%"}], "commentVideos": [], "commentImages": [], "events": [], "over": {"team": {"id": 37, "objectId": 37, "scribeId": 37, "slug": "oman", "name": "Oman", "longName": "Oman", "abbreviation": "OMA", "unofficialName": "", "imageUrl": "/db/PICTURES/CMS/358500/358573.png", "isCountry": true, "primaryColor": null, "image": {"id": 358573, "objectId": 1370493, "slug": "oman-flag-team-logo", "url": "/db/PICTURES/CMS/358500/358573.png", "width": 500, "height": 500, "caption": "Oman flag team logo", "longCaption": "Oman flag team logo", "credit": "Unknown", "photographer": null, "peerUrls": null}, "country": {"id": 37, "objectId": 37, "name": "Oman", "shortName": "Oman", "abbreviation": "OMA", "slug": "oman"}}, "inningNumber": 2, "overNumber": 6, "overRuns": 7, "overWickets": 1, "totalRuns": 47, "totalWickets": 2, "target": 154, "overLimit": 20, "ballLimit": 120, "isMaiden": false, "isComplete": true, "isSuperOver": false, "overEndBatsmen": [{"player": {"id": 68465, "objectId": 585083, "name": "Zeeshan Maqsood", "longName": "Zeeshan Maqsood", "mobileName": "Maqsood", "indexName": "Zeeshan Maqsood", "battingName": "Zeeshan Maqsood", "fieldingName": "Zeeshan Maqsood", "slug": "zeeshan-maqsood", "imageUrl": "/db/PICTURES/CMS/187400/187455.1.jpg", "headshotImageUrl": "/db/PICTURES/CMS/321700/321792.png", "dateOfBirth": {"year": 1987, "month": 10, "date": 24}, "dateOfDeath": null, "gender": "M", "battingStyles": ["lhb"], "bowlingStyles": ["sla"], "longBattingStyles": ["left-hand bat"], "longBowlingStyles": ["slow left-arm orthodox"], "image": {"id": 187455, "objectId": 753197, "slug": "zeeshan-maqsood", "url": "/db/PICTURES/CMS/187400/187455.1.jpg", "width": 160, "height": 200, "caption": "Zeeshan Maqsood", "longCaption": "Zeeshan Maqsood", "credit": "ESPNcricinfo Ltd", "photographer": null, "peerUrls": null}, "countryTeamId": 37, "playerRoleTypeIds": [1], "playingRoles": ["opening batter"], "headshotImage": {"id": 321792, "objectId": 1263948, "slug": "zeeshan-maqsood-player-page-headshot-cutout-2021", "url": "/db/PICTURES/CMS/321700/321792.png", "width": 600, "height": 436, "caption": "Zeeshan Maqsood player page headshot cutout, 2021", "longCaption": "Zeeshan Maqsood player page headshot cutout, 2021", "credit": null, "photographer": null, "peerUrls": {"FILM": null, "WIDE": null, "SQUARE": "/db/PICTURES/CMS/321700/321792.square.png"}}}, "runs": 0, "balls": 2, "fours": 0, "sixes": 0}, {"player": {"id": 53016, "objectId": 307756, "name": "Jatinder Singh", "longName": "Jatinder Singh", "mobileName": "Jatinder", "indexName": "Jatinder Singh", "battingName": "Jatinder Singh", "fieldingName": "Jatinder Singh", "slug": "jatinder-singh", "imageUrl": "/db/PICTURES/CMS/235600/235695.1.jpg", "headshotImageUrl": "/db/PICTURES/CMS/321700/321771.png", "dateOfBirth": {"year": 1989, "month": 3, "date": 5}, "dateOfDeath": null, "gender": "M", "battingStyles": ["rhb"], "bowlingStyles": ["ob"], "longBattingStyles": ["right-hand bat"], "longBowlingStyles": ["right-arm offbreak"], "image": {"id": 235695, "objectId": 978389, "slug": "jatinder-singh-profile-picture", "url": "/db/PICTURES/CMS/235600/235695.1.jpg", "width": 160, "height": 200, "caption": "Jatinder Singh profile picture", "longCaption": "Jatinder Singh profile picture", "credit": "International Cricket Council", "photographer": null, "peerUrls": null}, "countryTeamId": 37, "playerRoleTypeIds": [8], "playingRoles": ["batter"], "headshotImage": {"id": 321771, "objectId": 1263927, "slug": "jatinder-singh-player-page-headshot-cutout-2021", "url": "/db/PICTURES/CMS/321700/321771.png", "width": 600, "height": 436, "caption": "Jatinder Singh player page headshot cutout, 2021", "longCaption": "Jatinder Singh player page headshot cutout, 2021", "credit": null, "photographer": null, "peerUrls": {"FILM": null, "WIDE": null, "SQUARE": "/db/PICTURES/CMS/321700/321771.square.png"}}}, "runs": 11, "balls": 10, "fours": 1, "sixes": 0}], "overEndBowlers": [{"player": {"id": 54674, "objectId": 330902, "name": "Mustafizur Rahman", "longName": "Mustafizur Rahman", "mobileName": "Mustafizur", "indexName": "Mustafizur Rahman", "battingName": "Mustafizur Rahman", "fieldingName": "Mustafizur Rahman", "slug": "mustafizur-rahman", "imageUrl": "/db/PICTURES/CMS/263500/263578.jpg", "headshotImageUrl": "/db/PICTURES/CMS/319700/319734.png", "dateOfBirth": {"year": 1995, "month": 9, "date": 6}, "dateOfDeath": null, "gender": "M", "battingStyles": ["lhb"], "bowlingStyles": ["lfm"], "longBattingStyles": ["left-hand bat"], "longBowlingStyles": ["left-arm fast-medium"], "image": {"id": 263578, "objectId": 1099647, "slug": "mustafizur-rahman", "url": "/db/PICTURES/CMS/263500/263578.jpg", "width": 160, "height": 200, "caption": "Mustafizur Rahman", "longCaption": null, "credit": "Getty Images", "photographer": null, "peerUrls": null}, "countryTeamId": 25, "playerRoleTypeIds": [4], "playingRoles": ["bowler"], "headshotImage": {"id": 319734, "objectId": 1259735, "slug": "mustafizur-rahman-player-page-headshot-cutout-2021", "url": "/db/PICTURES/CMS/319700/319734.png", "width": 600, "height": 436, "caption": "Mustafizur Rahman player page headshot cutout, 2021", "longCaption": "Mustafizur Rahman player page headshot cutout, 2021", "credit": null, "photographer": null, "peerUrls": {"FILM": null, "WIDE": null, "SQUARE": "/db/PICTURES/CMS/319700/319734.square.png"}}}, "overs": 2, "balls": 12, "maidens": 0, "conceded": 19, "wickets": 2, "currentType": 1}, {"player": {"id": 70884, "objectId": 629070, "name": "Mohammad Saifuddin", "longName": "Mohammad Saifuddin", "mobileName": "Saifuddin", "indexName": "Mohammad Saifuddin", "battingName": "Mohammad Saifuddin", "fieldingName": "Mohammad Saifuddin", "slug": "mohammad-saifuddin", "imageUrl": "/db/PICTURES/CMS/303200/303236.jpg", "headshotImageUrl": "/db/PICTURES/CMS/322800/322800.png", "dateOfBirth": {"year": 1996, "month": 11, "date": 1}, "dateOfDeath": null, "gender": "M", "battingStyles": ["lhb"], "bowlingStyles": ["rmf"], "longBattingStyles": ["left-hand bat"], "longBowlingStyles": ["right-arm medium-fast"], "image": {"id": 303236, "objectId": 1221730, "slug": "mohammad-saifuddin-portrait", "url": "/db/PICTURES/CMS/303200/303236.jpg", "width": 160, "height": 203, "caption": "Mohammad Saifuddin portrait", "longCaption": "Mohammad Saifuddin portrait, April 2020", "credit": "Getty Images", "photographer": null, "peerUrls": null}, "countryTeamId": 25, "playerRoleTypeIds": [11], "playingRoles": ["bowling allrounder"], "headshotImage": {"id": 322800, "objectId": 1265797, "slug": "mohammad-saifuddin-player-page-headshot-cutout-2021", "url": "/db/PICTURES/CMS/322800/322800.png", "width": 600, "height": 436, "caption": "Mohammad Saifuddin  player page headshot cutout, 2021", "longCaption": "Mohammad Saifuddin  player page headshot cutout, 2021", "credit": null, "photographer": null, "peerUrls": {"FILM": null, "WIDE": null, "SQUARE": "/db/PICTURES/CMS/322800/322800.square.png"}}}, "overs": 2, "balls": 12, "maidens": 0, "conceded": 9, "wickets": 0, "currentType": 2}], "rollover": null}, "batsmanStatText": null, "bowlerStatText": null, "smartStats": []}, {"_uid": 35046537, "id": 35046537, "inningNumber": 2, "ballsActual": null, "ballsUnique": null, "oversUnique": 6.01, "oversActual": 6.1, "overNumber": 7, "ballNumber": 1, "totalRuns": 0, "batsmanRuns": 0, "isFour": false, "isSix": false, "isWicket": false, "dismissalType": null, "byes": 0, "legbyes": 0, "wides": 0, "noballs": 0, "penalties": 0, "wagonX": 173, "wagonY": 199, "wagonZone": 5, "pitchLine": "OUTSIDE_OFFSTUMP", "pitchLength": "GOOD_LENGTH", "shotType": "DEFENDED", "shotControl": 1, "timestamp": "2021-10-19T16:47:34.000Z", "modified": "2021-10-19T16:47:37.000Z", "batsmanPlayerId": 53016, "bowlerPlayerId": 48277, "outPlayerId": null, "totalInningRuns": 47, "totalInningWickets": 2, "predictions": {"score": 155, "winProbability": 56.79}, "title": "Shakib to Jatinder", "dismissalText": null, "commentPreTextItems": [{"type": "HTML", "html": "Shakib continues"}], "commentTextItems": [{"type": "HTML", "html": "Jatinder down the wicket, not to its pitch, defends"}], "commentPostTextItems": null, "commentVideos": [], "commentImages": [], "events": [], "over": null, "batsmanStatText": null, "bowlerStatText": null, "smartStats": []}, {"_uid": 35046538, "id": 35046538, "inningNumber": 2, "ballsActual": null, "ballsUnique": null, "oversUnique": 6.02, "oversActual": 6.2, "overNumber": 7, "ballNumber": 2, "totalRuns": 4, "batsmanRuns": 4, "isFour": true, "isSix": false, "isWicket": false, "dismissalType": null, "byes": 0, "legbyes": 0, "wides": 0, "noballs": 0, "penalties": 0, "wagonX": 345, "wagonY": 266, "wagonZone": 3, "pitchLine": "OUTSIDE_OFFSTUMP", "pitchLength": "SHORT_OF_A_GOOD_LENGTH", "shotType": "PULL", "shotControl": 1, "timestamp": "2021-10-19T16:47:47.000Z", "modified": "2021-10-19T16:47:50.000Z", "batsmanPlayerId": 53016, "bowlerPlayerId": 48277, "outPlayerId": null, "totalInningRuns": 51, "totalInningWickets": 2, "predictions": {"score": 157, "winProbability": 60.76}, "title": "Shakib to Jatinder", "dismissalText": null, "commentPreTextItems": null, "commentTextItems": [{"type": "HTML", "html": "long hop with no deep midwicket, and Jatinder goes back to pull it over the infield for an easy boundary"}], "commentPostTextItems": null, "commentVideos": [], "commentImages": [], "events": [], "over": null, "batsmanStatText": null, "bowlerStatText": null, "smartStats": []}, {"_uid": 35046539, "id": 35046539, "inningNumber": 2, "ballsActual": null, "ballsUnique": null, "oversUnique": 6.03, "oversActual": 6.3, "overNumber": 7, "ballNumber": 3, "totalRuns": 6, "batsmanRuns": 6, "isFour": false, "isSix": true, "isWicket": false, "dismissalType": null, "byes": 0, "legbyes": 0, "wides": 0, "noballs": 0, "penalties": 0, "wagonX": 25, "wagonY": 291, "wagonZone": 6, "pitchLine": "OUTSIDE_OFFSTUMP", "pitchLength": "GOOD_LENGTH", "shotType": "COVER_DRIVE", "shotControl": 1, "timestamp": "2021-10-19T16:48:14.000Z", "modified": "2021-10-19T16:48:18.000Z", "batsmanPlayerId": 53016, "bowlerPlayerId": 48277, "outPlayerId": null, "totalInningRuns": 57, "totalInningWickets": 2, "predictions": {"score": 164, "winProbability": 70.06}, "title": "Shakib to Jatinder", "dismissalText": null, "commentPreTextItems": null, "commentTextItems": [{"type": "HTML", "html": "beautiful batting. Down the wicket to a widish length ball, goes inside-out and over extra cover for a six. He is doing this to the best allrounder in the world. Perhaps not in this format but still"}], "commentPostTextItems": null, "commentVideos": [], "commentImages": [], "events": [], "over": null, "batsmanStatText": null, "bowlerStatText": null, "smartStats": []}, {"_uid": 35046540, "id": 35046540, "inningNumber": 2, "ballsActual": null, "ballsUnique": null, "oversUnique": 6.04, "oversActual": 6.4, "overNumber": 7, "ballNumber": 4, "totalRuns": 0, "batsmanRuns": 0, "isFour": false, "isSix": false, "isWicket": false, "dismissalType": null, "byes": 0, "legbyes": 0, "wides": 0, "noballs": 0, "penalties": 0, "wagonX": 118, "wagonY": 182, "wagonZone": 6, "pitchLine": "ON_THE_STUMPS", "pitchLength": "GOOD_LENGTH", "shotType": "COVER_DRIVE", "shotControl": 1, "timestamp": "2021-10-19T16:49:19.000Z", "modified": "2021-10-19T16:49:23.000Z", "batsmanPlayerId": 53016, "bowlerPlayerId": 48277, "outPlayerId": null, "totalInningRuns": 57, "totalInningWickets": 2, "predictions": {"score": 166, "winProbability": 71.31}, "title": "Shakib to Jatinder", "dismissalText": null, "commentPreTextItems": null, "commentTextItems": [{"type": "HTML", "html": "quicker, flatter, he goes back and punches this to extra cover"}], "commentPostTextItems": null, "commentVideos": [], "commentImages": [], "events": [], "over": null, "batsmanStatText": null, "bowlerStatText": null, "smartStats": []}, {"_uid": 35046541, "id": 35046541, "inningNumber": 2, "ballsActual": null, "ballsUnique": null, "oversUnique": 6.05, "oversActual": 6.5, "overNumber": 7, "ballNumber": 5, "totalRuns": 0, "batsmanRuns": 0, "isFour": false, "isSix": false, "isWicket": false, "dismissalType": null, "byes": 0, "legbyes": 0, "wides": 0, "noballs": 0, "penalties": 0, "wagonX": 219, "wagonY": 193, "wagonZone": 3, "pitchLine": "ON_THE_STUMPS", "pitchLength": "GOOD_LENGTH", "shotType": "DEFENDED", "shotControl": 1, "timestamp": "2021-10-19T16:49:41.000Z", "modified": "2021-10-19T16:49:44.000Z", "batsmanPlayerId": 53016, "bowlerPlayerId": 48277, "outPlayerId": null, "totalInningRuns": 57, "totalInningWickets": 2, "predictions": {"score": 163, "winProbability": 68.63}, "title": "Shakib to Jatinder", "dismissalText": null, "commentPreTextItems": null, "commentTextItems": [{"type": "HTML", "html": "on a length, into the pads, defended to short midwicket"}], "commentPostTextItems": null, "commentVideos": [], "commentImages": [], "events": [], "over": null, "batsmanStatText": null, "bowlerStatText": null, "smartStats": []}, {"_uid": 35046542, "id": 35046542, "inningNumber": 2, "ballsActual": null, "ballsUnique": null, "oversUnique": 6.06, "oversActual": 6.6, "overNumber": 7, "ballNumber": 6, "totalRuns": 0, "batsmanRuns": 0, "isFour": false, "isSix": false, "isWicket": false, "dismissalType": null, "byes": 0, "legbyes": 0, "wides": 0, "noballs": 0, "penalties": 0, "wagonX": 137, "wagonY": 156, "wagonZone": 7, "pitchLine": "OUTSIDE_OFFSTUMP", "pitchLength": "GOOD_LENGTH", "shotType": "DEFENDED", "shotControl": 1, "timestamp": "2021-10-19T16:49:51.000Z", "modified": "2021-10-19T16:49:55.000Z", "batsmanPlayerId": 53016, "bowlerPlayerId": 48277, "outPlayerId": null, "totalInningRuns": 57, "totalInningWickets": 2, "predictions": {"score": 162, "winProbability": 67.44}, "title": "Shakib to Jatinder", "dismissalText": null, "commentPreTextItems": null, "commentTextItems": [{"type": "HTML", "html": "beats him in the air as he slows this down. Jatinder drives with hard hands but the uppish mis-hit doesn't reach the cover fielder on the full"}], "commentPostTextItems": null, "commentVideos": [], "commentImages": [], "events": [], "over": {"team": {"id": 37, "objectId": 37, "scribeId": 37, "slug": "oman", "name": "Oman", "longName": "Oman", "abbreviation": "OMA", "unofficialName": "", "imageUrl": "/db/PICTURES/CMS/358500/358573.png", "isCountry": true, "primaryColor": null, "image": {"id": 358573, "objectId": 1370493, "slug": "oman-flag-team-logo", "url": "/db/PICTURES/CMS/358500/358573.png", "width": 500, "height": 500, "caption": "Oman flag team logo", "longCaption": "Oman flag team logo", "credit": "Unknown", "photographer": null, "peerUrls": null}, "country": {"id": 37, "objectId": 37, "name": "Oman", "shortName": "Oman", "abbreviation": "OMA", "slug": "oman"}}, "inningNumber": 2, "overNumber": 7, "overRuns": 10, "overWickets": 0, "totalRuns": 57, "totalWickets": 2, "target": 154, "overLimit": 20, "ballLimit": 120, "isMaiden": false, "isComplete": true, "isSuperOver": false, "overEndBatsmen": [{"player": {"id": 53016, "objectId": 307756, "name": "Jatinder Singh", "longName": "Jatinder Singh", "mobileName": "Jatinder", "indexName": "Jatinder Singh", "battingName": "Jatinder Singh", "fieldingName": "Jatinder Singh", "slug": "jatinder-singh", "imageUrl": "/db/PICTURES/CMS/235600/235695.1.jpg", "headshotImageUrl": "/db/PICTURES/CMS/321700/321771.png", "dateOfBirth": {"year": 1989, "month": 3, "date": 5}, "dateOfDeath": null, "gender": "M", "battingStyles": ["rhb"], "bowlingStyles": ["ob"], "longBattingStyles": ["right-hand bat"], "longBowlingStyles": ["right-arm offbreak"], "image": {"id": 235695, "objectId": 978389, "slug": "jatinder-singh-profile-picture", "url": "/db/PICTURES/CMS/235600/235695.1.jpg", "width": 160, "height": 200, "caption": "Jatinder Singh profile picture", "longCaption": "Jatinder Singh profile picture", "credit": "International Cricket Council", "photographer": null, "peerUrls": null}, "countryTeamId": 37, "playerRoleTypeIds": [8], "playingRoles": ["batter"], "headshotImage": {"id": 321771, "objectId": 1263927, "slug": "jatinder-singh-player-page-headshot-cutout-2021", "url": "/db/PICTURES/CMS/321700/321771.png", "width": 600, "height": 436, "caption": "Jatinder Singh player page headshot cutout, 2021", "longCaption": "Jatinder Singh player page headshot cutout, 2021", "credit": null, "photographer": null, "peerUrls": {"FILM": null, "WIDE": null, "SQUARE": "/db/PICTURES/CMS/321700/321771.square.png"}}}, "runs": 21, "balls": 16, "fours": 2, "sixes": 1}, {"player": {"id": 68465, "objectId": 585083, "name": "Zeeshan Maqsood", "longName": "Zeeshan Maqsood", "mobileName": "Maqsood", "indexName": "Zeeshan Maqsood", "battingName": "Zeeshan Maqsood", "fieldingName": "Zeeshan Maqsood", "slug": "zeeshan-maqsood", "imageUrl": "/db/PICTURES/CMS/187400/187455.1.jpg", "headshotImageUrl": "/db/PICTURES/CMS/321700/321792.png", "dateOfBirth": {"year": 1987, "month": 10, "date": 24}, "dateOfDeath": null, "gender": "M", "battingStyles": ["lhb"], "bowlingStyles": ["sla"], "longBattingStyles": ["left-hand bat"], "longBowlingStyles": ["slow left-arm orthodox"], "image": {"id": 187455, "objectId": 753197, "slug": "zeeshan-maqsood", "url": "/db/PICTURES/CMS/187400/187455.1.jpg", "width": 160, "height": 200, "caption": "Zeeshan Maqsood", "longCaption": "Zeeshan Maqsood", "credit": "ESPNcricinfo Ltd", "photographer": null, "peerUrls": null}, "countryTeamId": 37, "playerRoleTypeIds": [1], "playingRoles": ["opening batter"], "headshotImage": {"id": 321792, "objectId": 1263948, "slug": "zeeshan-maqsood-player-page-headshot-cutout-2021", "url": "/db/PICTURES/CMS/321700/321792.png", "width": 600, "height": 436, "caption": "Zeeshan Maqsood player page headshot cutout, 2021", "longCaption": "Zeeshan Maqsood player page headshot cutout, 2021", "credit": null, "photographer": null, "peerUrls": {"FILM": null, "WIDE": null, "SQUARE": "/db/PICTURES/CMS/321700/321792.square.png"}}}, "runs": 0, "balls": 2, "fours": 0, "sixes": 0}], "overEndBowlers": [{"player": {"id": 48277, "objectId": 56143, "name": "Shakib Al Hasan", "longName": "Shakib Al Hasan", "mobileName": "Shakib", "indexName": "Shakib Al Hasan", "battingName": "Shakib Al Hasan", "fieldingName": "Shakib Al Hasan", "slug": "shakib-al-hasan", "imageUrl": "/db/PICTURES/CMS/303100/303157.jpg", "headshotImageUrl": "/db/PICTURES/CMS/316500/316581.png", "dateOfBirth": {"year": 1987, "month": 3, "date": 24}, "dateOfDeath": null, "gender": "M", "battingStyles": ["lhb"], "bowlingStyles": ["sla"], "longBattingStyles": ["left-hand bat"], "longBowlingStyles": ["slow left-arm orthodox"], "image": {"id": 303157, "objectId": 1221590, "slug": "shakib-al-hasan-portrait", "url": "/db/PICTURES/CMS/303100/303157.jpg", "width": 160, "height": 202, "caption": "Shakib Al Hasan portrait", "longCaption": "Shakib Al Hasan portrait, April 2020", "credit": "Getty Images", "photographer": null, "peerUrls": null}, "countryTeamId": 25, "playerRoleTypeIds": [5], "playingRoles": ["allrounder"], "headshotImage": {"id": 316581, "objectId": 1251210, "slug": "shakib-al-hasan-headshot", "url": "/db/PICTURES/CMS/316500/316581.png", "width": 600, "height": 436, "caption": "Shakib Al Hasan headshot", "longCaption": "Shakib Al Hasan headshot", "credit": null, "photographer": null, "peerUrls": {"FILM": null, "WIDE": null, "SQUARE": null}}}, "overs": 2, "balls": 12, "maidens": 0, "conceded": 17, "wickets": 0, "currentType": 1}, {"player": {"id": 54674, "objectId": 330902, "name": "Mustafizur Rahman", "longName": "Mustafizur Rahman", "mobileName": "Mustafizur", "indexName": "Mustafizur Rahman", "battingName": "Mustafizur Rahman", "fieldingName": "Mustafizur Rahman", "slug": "mustafizur-rahman", "imageUrl": "/db/PICTURES/CMS/263500/263578.jpg", "headshotImageUrl": "/db/PICTURES/CMS/319700/319734.png", "dateOfBirth": {"year": 1995, "month": 9, "date": 6}, "dateOfDeath": null, "gender": "M", "battingStyles": ["lhb"], "bowlingStyles": ["lfm"], "longBattingStyles": ["left-hand bat"], "longBowlingStyles": ["left-arm fast-medium"], "image": {"id": 263578, "objectId": 1099647, "slug": "mustafizur-rahman", "url": "/db/PICTURES/CMS/263500/263578.jpg", "width": 160, "height": 200, "caption": "Mustafizur Rahman", "longCaption": null, "credit": "Getty Images", "photographer": null, "peerUrls": null}, "countryTeamId": 25, "playerRoleTypeIds": [4], "playingRoles": ["bowler"], "headshotImage": {"id": 319734, "objectId": 1259735, "slug": "mustafizur-rahman-player-page-headshot-cutout-2021", "url": "/db/PICTURES/CMS/319700/319734.png", "width": 600, "height": 436, "caption": "Mustafizur Rahman player page headshot cutout, 2021", "longCaption": "Mustafizur Rahman player page headshot cutout, 2021", "credit": null, "photographer": null, "peerUrls": {"FILM": null, "WIDE": null, "SQUARE": "/db/PICTURES/CMS/319700/319734.square.png"}}}, "overs": 2, "balls": 12, "maidens": 0, "conceded": 19, "wickets": 2, "currentType": 2}], "rollover": null}, "batsmanStatText": null, "bowlerStatText": null, "smartStats": []}]