[{"_uid": 35055741, "id": 35055741, "inningNumber": 1, "ballsActual": null, "ballsUnique": null, "oversUnique": 11.01, "oversActual": 11.1, "overNumber": 12, "ballNumber": 1, "totalRuns": 1, "batsmanRuns": 1, "isFour": false, "isSix": false, "isWicket": false, "dismissalType": null, "byes": 0, "legbyes": 0, "wides": 0, "noballs": 0, "penalties": 0, "wagonX": 317, "wagonY": 217, "wagonZone": 3, "pitchLine": "ON_THE_STUMPS", "pitchLength": "GOOD_LENGTH", "shotType": "FLICK", "shotControl": 1, "timestamp": "2021-10-21T14:51:57.000Z", "modified": "2021-10-21T14:52:01.000Z", "batsmanPlayerId": 45702, "bowlerPlayerId": 60198, "outPlayerId": null, "totalInningRuns": 67, "totalInningWickets": 3, "predictions": {"score": 145, "winProbability": 32.8}, "title": "Leask to Nadeem", "dismissalText": null, "commentPreTextItems": null, "commentTextItems": [{"type": "HTML", "html": "worked towards deep square leg with the angle into the pads"}], "commentPostTextItems": null, "commentVideos": [], "commentImages": [], "events": [], "over": null, "batsmanStatText": null, "bowlerStatText": null, "smartStats": []}, {"_uid": 35055744, "id": 35055744, "inningNumber": 1, "ballsActual": null, "ballsUnique": null, "oversUnique": 11.02, "oversActual": 11.2, "overNumber": 12, "ballNumber": 2, "totalRuns": 0, "batsmanRuns": 0, "isFour": false, "isSix": false, "isWicket": false, "dismissalType": null, "byes": 0, "legbyes": 0, "wides": 0, "noballs": 0, "penalties": 0, "wagonX": 249, "wagonY": 153, "wagonZone": 2, "pitchLine": "OUTSIDE_OFFSTUMP", "pitchLength": "GOOD_LENGTH", "shotType": "CUT_SHOT", "shotControl": 1, "timestamp": "2021-10-21T14:52:24.000Z", "modified": "2021-10-21T14:52:28.000Z", "batsmanPlayerId": 68465, "bowlerPlayerId": 60198, "outPlayerId": null, "totalInningRuns": 67, "totalInningWickets": 3, "predictions": {"score": 143, "winProbability": 30.84}, "title": "Leask to Maqsood", "dismissalText": null, "commentPreTextItems": null, "commentTextItems": [{"type": "HTML", "html": "length, goes back to cut, but cannot beat backward point"}], "commentPostTextItems": null, "commentVideos": [], "commentImages": [], "events": [], "over": null, "batsmanStatText": null, "bowlerStatText": null, "smartStats": []}, {"_uid": 35055746, "id": 35055746, "inningNumber": 1, "ballsActual": null, "ballsUnique": null, "oversUnique": 11.03, "oversActual": 11.3, "overNumber": 12, "ballNumber": 3, "totalRuns": 0, "batsmanRuns": 0, "isFour": false, "isSix": false, "isWicket": false, "dismissalType": null, "byes": 0, "legbyes": 0, "wides": 0, "noballs": 0, "penalties": 0, "wagonX": 0, "wagonY": 0, "wagonZone": 0, "pitchLine": "ON_THE_STUMPS", "pitchLength": "FULL", "shotType": "FLICK", "shotControl": 1, "timestamp": "2021-10-21T14:52:37.000Z", "modified": "2021-10-21T14:52:40.000Z", "batsmanPlayerId": 68465, "bowlerPlayerId": 60198, "outPlayerId": null, "totalInningRuns": 67, "totalInningWickets": 3, "predictions": {"score": 141, "winProbability": 28.96}, "title": "Leask to Maqsood", "dismissalText": null, "commentPreTextItems": null, "commentTextItems": [{"type": "HTML", "html": "fullish, around the pads. Off his pad as he looks to flick this. Wants a single, but Cross is very quick to get across to it. In the end, a slightly panicky attempt to get home"}], "commentPostTextItems": null, "commentVideos": [], "commentImages": [], "events": [], "over": null, "batsmanStatText": null, "bowlerStatText": null, "smartStats": []}, {"_uid": 35055747, "id": 35055747, "inningNumber": 1, "ballsActual": null, "ballsUnique": null, "oversUnique": 11.04, "oversActual": 11.4, "overNumber": 12, "ballNumber": 4, "totalRuns": 4, "batsmanRuns": 4, "isFour": true, "isSix": false, "isWicket": false, "dismissalType": null, "byes": 0, "legbyes": 0, "wides": 0, "noballs": 0, "penalties": 0, "wagonX": 221, "wagonY": 6, "wagonZone": 1, "pitchLine": "OUTSIDE_OFFSTUMP", "pitchLength": "SHORT_OF_A_GOOD_LENGTH", "shotType": "CUT_SHOT", "shotControl": 1, "timestamp": "2021-10-21T14:53:21.000Z", "modified": "2021-10-21T14:53:25.000Z", "batsmanPlayerId": 68465, "bowlerPlayerId": 60198, "outPlayerId": null, "totalInningRuns": 71, "totalInningWickets": 3, "predictions": {"score": 144, "winProbability": 31.81}, "title": "Leask to Maqsood", "dismissalText": null, "commentPreTextItems": null, "commentTextItems": [{"type": "HTML", "html": "worked off the edge, and just <strong>clears short third</strong>! Wheal puts in a jump, but it just clears his fingertips. Some chances do need to be taken at this stage"}], "commentPostTextItems": null, "commentVideos": [], "commentImages": [], "events": [], "over": null, "batsmanStatText": null, "bowlerStatText": null, "smartStats": []}, {"_uid": 35055748, "id": 35055748, "inningNumber": 1, "ballsActual": null, "ballsUnique": null, "oversUnique": 11.05, "oversActual": 11.5, "overNumber": 12, "ballNumber": 5, "totalRuns": 0, "batsmanRuns": 0, "isFour": false, "isSix": false, "isWicket": false, "dismissalType": null, "byes": 0, "legbyes": 0, "wides": 0, "noballs": 0, "penalties": 0, "wagonX": 0, "wagonY": 0, "wagonZone": 0, "pitchLine": "ON_THE_STUMPS", "pitchLength": "FULL", "shotType": "FLICK", "shotControl": 2, "timestamp": "2021-10-21T14:53:31.000Z", "modified": "2021-10-21T14:53:35.000Z", "batsmanPlayerId": 68465, "bowlerPlayerId": 60198, "outPlayerId": null, "totalInningRuns": 71, "totalInningWickets": 3, "predictions": {"score": 143, "winProbability": 30.84}, "title": "Leask to Maqsood", "dismissalText": null, "commentPreTextItems": null, "commentTextItems": [{"type": "HTML", "html": "full, flat, and driven back to the left of the bowler"}], "commentPostTextItems": null, "commentVideos": [], "commentImages": [], "events": [], "over": null, "batsmanStatText": null, "bowlerStatText": null, "smartStats": []}, {"_uid": 35055749, "id": 35055749, "inningNumber": 1, "ballsActual": null, "ballsUnique": null, "oversUnique": 11.06, "oversActual": 11.6, "overNumber": 12, "ballNumber": 6, "totalRuns": 1, "batsmanRuns": 1, "isFour": false, "isSix": false, "isWicket": false, "dismissalType": null, "byes": 0, "legbyes": 0, "wides": 0, "noballs": 0, "penalties": 0, "wagonX": 223, "wagonY": 306, "wagonZone": 4, "pitchLine": "OUTSIDE_OFFSTUMP", "pitchLength": "FULL", "shotType": "ON_DRIVE", "shotControl": 1, "timestamp": "2021-10-21T14:53:49.000Z", "modified": "2021-10-21T14:53:53.000Z", "batsmanPlayerId": 68465, "bowlerPlayerId": 60198, "outPlayerId": null, "totalInningRuns": 72, "totalInningWickets": 3, "predictions": {"score": 143, "winProbability": 30.84}, "title": "Leask to Maqsood", "dismissalText": null, "commentPreTextItems": null, "commentTextItems": [{"type": "HTML", "html": "driven down the ground to long-off"}], "commentPostTextItems": null, "commentVideos": [], "commentImages": [], "events": [], "over": {"team": {"id": 37, "objectId": 37, "scribeId": 37, "slug": "oman", "name": "Oman", "longName": "Oman", "abbreviation": "OMA", "unofficialName": "", "imageUrl": "/db/PICTURES/CMS/358500/358573.png", "isCountry": true, "primaryColor": null, "image": {"id": 358573, "objectId": 1370493, "slug": "oman-flag-team-logo", "url": "/db/PICTURES/CMS/358500/358573.png", "width": 500, "height": 500, "caption": "Oman flag team logo", "longCaption": "Oman flag team logo", "credit": "Unknown", "photographer": null, "peerUrls": null}, "country": {"id": 37, "objectId": 37, "name": "Oman", "shortName": "Oman", "abbreviation": "OMA", "slug": "oman"}}, "inningNumber": 1, "overNumber": 12, "overRuns": 6, "overWickets": 0, "totalRuns": 72, "totalWickets": 3, "target": 0, "overLimit": 20, "ballLimit": 120, "isMaiden": false, "isComplete": true, "isSuperOver": false, "overEndBatsmen": [{"player": {"id": 68465, "objectId": 585083, "name": "Zeeshan Maqsood", "longName": "Zeeshan Maqsood", "mobileName": "Maqsood", "indexName": "Zeeshan Maqsood", "battingName": "Zeeshan Maqsood", "fieldingName": "Zeeshan Maqsood", "slug": "zeeshan-maqsood", "imageUrl": "/db/PICTURES/CMS/187400/187455.1.jpg", "headshotImageUrl": "/db/PICTURES/CMS/321700/321792.png", "dateOfBirth": {"year": 1987, "month": 10, "date": 24}, "dateOfDeath": null, "gender": "M", "battingStyles": ["lhb"], "bowlingStyles": ["sla"], "longBattingStyles": ["left-hand bat"], "longBowlingStyles": ["slow left-arm orthodox"], "image": {"id": 187455, "objectId": 753197, "slug": "zeeshan-maqsood", "url": "/db/PICTURES/CMS/187400/187455.1.jpg", "width": 160, "height": 200, "caption": "Zeeshan Maqsood", "longCaption": "Zeeshan Maqsood", "credit": "ESPNcricinfo Ltd", "photographer": null, "peerUrls": null}, "countryTeamId": 37, "playerRoleTypeIds": [1], "playingRoles": ["opening batter"], "headshotImage": {"id": 321792, "objectId": 1263948, "slug": "zeeshan-maqsood-player-page-headshot-cutout-2021", "url": "/db/PICTURES/CMS/321700/321792.png", "width": 600, "height": 436, "caption": "Zeeshan Maqsood player page headshot cutout, 2021", "longCaption": "Zeeshan Maqsood player page headshot cutout, 2021", "credit": null, "photographer": null, "peerUrls": {"FILM": null, "WIDE": null, "SQUARE": "/db/PICTURES/CMS/321700/321792.square.png"}}}, "runs": 11, "balls": 9, "fours": 2, "sixes": 0}, {"player": {"id": 45702, "objectId": 41984, "name": "Mohammad Nadeem", "longName": "Mohammad Nadeem", "mobileName": "Nadeem", "indexName": "Mohammad Nadeem", "battingName": "Mohammad Nadeem", "fieldingName": "Mohammad Nadeem", "slug": "mohammad-nadeem", "imageUrl": "/db/PICTURES/CMS/254600/254654.1.jpg", "headshotImageUrl": "/db/PICTURES/CMS/321700/321777.png", "dateOfBirth": {"year": 1982, "month": 9, "date": 4}, "dateOfDeath": null, "gender": "M", "battingStyles": ["rhb"], "bowlingStyles": ["rmf"], "longBattingStyles": ["right-hand bat"], "longBowlingStyles": ["right-arm medium-fast"], "image": {"id": 254654, "objectId": 1065025, "slug": "muhammad-nadeem-portrait", "url": "/db/PICTURES/CMS/254600/254654.1.jpg", "width": 160, "height": 200, "caption": "Muhammad Nadeem portrait", "longCaption": "Muhammad Nadeem portrait, November 2016", "credit": "Peter Della Penna", "photographer": null, "peerUrls": null}, "countryTeamId": 37, "playerRoleTypeIds": [5], "playingRoles": ["allrounder"], "headshotImage": {"id": 321777, "objectId": 1263933, "slug": "mohammad-nadeem-player-page-headshot-cutout-2021", "url": "/db/PICTURES/CMS/321700/321777.png", "width": 600, "height": 436, "caption": "Mohammad Nadeem player page headshot cutout, 2021", "longCaption": "Mohammad Nadeem player page headshot cutout, 2021", "credit": null, "photographer": null, "peerUrls": {"FILM": null, "WIDE": null, "SQUARE": "/db/PICTURES/CMS/321700/321777.square.png"}}}, "runs": 19, "balls": 19, "fours": 0, "sixes": 1}], "overEndBowlers": [{"player": {"id": 60198, "objectId": 414966, "name": "MA Leask", "longName": "Michael Leask", "mobileName": "Leask", "indexName": "Leask, MA", "battingName": "MA Leask", "fieldingName": "Leask", "slug": "michael-leask", "imageUrl": "/db/PICTURES/CMS/172800/172875.1.jpg", "headshotImageUrl": "/db/PICTURES/CMS/316600/316678.png", "dateOfBirth": {"year": 1990, "month": 10, "date": 29}, "dateOfDeath": null, "gender": "M", "battingStyles": ["rhb"], "bowlingStyles": ["ob"], "longBattingStyles": ["right-hand bat"], "longBowlingStyles": ["right-arm offbreak"], "image": {"id": 172875, "objectId": 694519, "slug": "michael-leask", "url": "/db/PICTURES/CMS/172800/172875.1.jpg", "width": 160, "height": 192, "caption": "Michael Leask", "longCaption": "Michael Leask", "credit": "International Cricket Council", "photographer": null, "peerUrls": null}, "countryTeamId": 30, "playerRoleTypeIds": [5], "playingRoles": ["allrounder"], "headshotImage": {"id": 316678, "objectId": 1251311, "slug": "ma-leask-headshot", "url": "/db/PICTURES/CMS/316600/316678.png", "width": 600, "height": 436, "caption": "MA Leask headshot", "longCaption": "MA Leask headshot", "credit": null, "photographer": null, "peerUrls": {"FILM": null, "WIDE": null, "SQUARE": null}}}, "overs": 2, "balls": 12, "maidens": 0, "conceded": 9, "wickets": 1, "currentType": 1}, {"player": {"id": 79841, "objectId": 807535, "name": "BTJ Wheal", "longName": "Brad Wheal", "mobileName": "Wheal", "indexName": "Wheal, BTJ", "battingName": "BTJ Wheal", "fieldingName": "Wheal", "slug": "brad-wheal", "imageUrl": "/db/PICTURES/CMS/322400/322436.png", "headshotImageUrl": "/db/PICTURES/CMS/322400/322436.png", "dateOfBirth": {"year": 1996, "month": 8, "date": 28}, "dateOfDeath": null, "gender": "M", "battingStyles": ["rhb"], "bowlingStyles": ["rfm"], "longBattingStyles": ["right-hand bat"], "longBowlingStyles": ["right-arm fast-medium"], "image": {"id": 322436, "objectId": 1265117, "slug": "bradley-wheal-player-page-headshot-cutout-2021", "url": "/db/PICTURES/CMS/322400/322436.png", "width": 600, "height": 436, "caption": "Bradley Wheal player page headshot cutout, 2021", "longCaption": "Bradley Wheal player page headshot cutout, 2021", "credit": null, "photographer": null, "peerUrls": null}, "countryTeamId": 30, "playerRoleTypeIds": [4], "playingRoles": ["bowler"], "headshotImage": {"id": 322436, "objectId": 1265117, "slug": "bradley-wheal-player-page-headshot-cutout-2021", "url": "/db/PICTURES/CMS/322400/322436.png", "width": 600, "height": 436, "caption": "Bradley Wheal player page headshot cutout, 2021", "longCaption": "Bradley Wheal player page headshot cutout, 2021", "credit": null, "photographer": null, "peerUrls": {"FILM": null, "WIDE": null, "SQUARE": "/db/PICTURES/CMS/322400/322436.square.png"}}}, "overs": 3, "balls": 18, "maidens": 0, "conceded": 24, "wickets": 0, "currentType": 2}], "rollover": null}, "batsmanStatText": null, "bowlerStatText": null, "smartStats": []}, {"_uid": 35055770, "id": 35055770, "inningNumber": 1, "ballsActual": null, "ballsUnique": null, "oversUnique": 12.01, "oversActual": 12.1, "overNumber": 13, "ballNumber": 1, "totalRuns": 1, "batsmanRuns": 1, "isFour": false, "isSix": false, "isWicket": false, "dismissalType": null, "byes": 0, "legbyes": 0, "wides": 0, "noballs": 0, "penalties": 0, "wagonX": 74, "wagonY": 207, "wagonZone": 6, "pitchLine": "ON_THE_STUMPS", "pitchLength": "GOOD_LENGTH", "shotType": "FLICK", "shotControl": 1, "timestamp": "2021-10-21T14:55:19.000Z", "modified": "2021-10-21T14:55:23.000Z", "batsmanPlayerId": 68465, "bowlerPlayerId": 71959, "outPlayerId": null, "totalInningRuns": 73, "totalInningWickets": 3, "predictions": {"score": 142, "winProbability": 29.89}, "title": "Watt to Maqsood", "dismissalText": null, "commentPreTextItems": [{"type": "HTML", "html": "Andy: \"Oman really starting to get on top now, finding the boundary with ease every over. Could yet reach 150 which would be game over for Scotland \" --- I think the chase will be fascinating either way. There is some evidence of turn on this surface"}], "commentTextItems": [{"type": "HTML", "html": "flat, around the pads, and worked away towards deep square leg"}], "commentPostTextItems": null, "commentVideos": [], "commentImages": [], "events": [], "over": null, "batsmanStatText": null, "bowlerStatText": null, "smartStats": []}, {"_uid": 35055773, "id": 35055773, "inningNumber": 1, "ballsActual": null, "ballsUnique": null, "oversUnique": 12.02, "oversActual": 12.2, "overNumber": 13, "ballNumber": 2, "totalRuns": 6, "batsmanRuns": 6, "isFour": false, "isSix": true, "isWicket": false, "dismissalType": null, "byes": 0, "legbyes": 0, "wides": 0, "noballs": 0, "penalties": 0, "wagonX": 225, "wagonY": 359, "wagonZone": 4, "pitchLine": "ON_THE_STUMPS", "pitchLength": "FULL", "shotType": "ON_DRIVE", "shotControl": 1, "timestamp": "2021-10-21T14:55:46.000Z", "modified": "2021-10-21T14:56:02.000Z", "batsmanPlayerId": 45702, "bowlerPlayerId": 71959, "outPlayerId": null, "totalInningRuns": 79, "totalInningWickets": 3, "predictions": {"score": 147, "winProbability": 34.81}, "title": "Watt to Nadeem", "dismissalText": null, "commentPreTextItems": null, "commentTextItems": [{"type": "HTML", "html": "<strong>clears cow corner easily!</strong> Just a bit more flight this time from Watt, and Nadeem just clears his front leg and swings freely. Right off the middle of the bat"}], "commentPostTextItems": null, "commentVideos": [], "commentImages": [], "events": [], "over": null, "batsmanStatText": null, "bowlerStatText": null, "smartStats": []}, {"_uid": 35055778, "id": 35055778, "inningNumber": 1, "ballsActual": null, "ballsUnique": null, "oversUnique": 12.03, "oversActual": 12.3, "overNumber": 13, "ballNumber": 3, "totalRuns": 0, "batsmanRuns": 0, "isFour": false, "isSix": false, "isWicket": true, "dismissalType": 1, "byes": 0, "legbyes": 0, "wides": 0, "noballs": 0, "penalties": 0, "wagonX": 126, "wagonY": 204, "wagonZone": 6, "pitchLine": "OUTSIDE_OFFSTUMP", "pitchLength": "FULL", "shotType": "COVER_DRIVE", "shotControl": 2, "timestamp": "2021-10-21T14:56:54.000Z", "modified": "2021-10-21T14:58:04.000Z", "batsmanPlayerId": 45702, "bowlerPlayerId": 71959, "outPlayerId": 45702, "totalInningRuns": 79, "totalInningWickets": 4, "predictions": {"score": 147, "winProbability": 34.81}, "title": "Watt to Nadeem", "dismissalText": {"short": "caught", "long": "c Berrington b Watt", "commentary": "Mohammad Nadeem c Berrington b Watt 25 (21b 0x4 2x6 41m) SR: 119.04"}, "commentPreTextItems": null, "commentTextItems": [{"type": "HTML", "html": "<strong>gone this time!</strong> Nadeem goes for a drive inside out, but fails to keep it down. Great bowling by Watt. The easier option would have been to bowl this flat, but he gave it a bit of flight and also kept it outside off. Nadeem has taken the bait, but failed to clear cover. That ball was travelling quick, though, making the catch all the more remarkable. Berrington making it look ridiculously easy."}], "commentPostTextItems": null, "commentVideos": [], "commentImages": [], "events": [], "over": null, "batsmanStatText": null, "bowlerStatText": null, "smartStats": []}, {"_uid": 35055783, "id": 35055783, "inningNumber": 1, "ballsActual": null, "ballsUnique": null, "oversUnique": 12.04, "oversActual": 12.4, "overNumber": 13, "ballNumber": 4, "totalRuns": 1, "batsmanRuns": 1, "isFour": false, "isSix": false, "isWicket": false, "dismissalType": null, "byes": 0, "legbyes": 0, "wides": 0, "noballs": 0, "penalties": 0, "wagonX": 57, "wagonY": 194, "wagonZone": 6, "pitchLine": "OUTSIDE_OFFSTUMP", "pitchLength": "GOOD_LENGTH", "shotType": "PUSH", "shotControl": 1, "timestamp": "2021-10-21T14:58:13.000Z", "modified": "2021-10-21T14:58:17.000Z", "batsmanPlayerId": 104599, "bowlerPlayerId": 71959, "outPlayerId": null, "totalInningRuns": 80, "totalInningWickets": 4, "predictions": {"score": 146, "winProbability": 33.8}, "title": "Watt to Goud", "dismissalText": null, "commentPreTextItems": null, "commentTextItems": [{"type": "HTML", "html": "length, around off, and Goud guides this towards deep point. Wants two, but they settle for the single"}], "commentPostTextItems": null, "commentVideos": [], "commentImages": [], "events": [], "over": null, "batsmanStatText": null, "bowlerStatText": null, "smartStats": []}, {"_uid": 35055787, "id": 35055787, "inningNumber": 1, "ballsActual": null, "ballsUnique": null, "oversUnique": 12.05, "oversActual": 12.5, "overNumber": 13, "ballNumber": 5, "totalRuns": 1, "batsmanRuns": 1, "isFour": false, "isSix": false, "isWicket": false, "dismissalType": null, "byes": 0, "legbyes": 0, "wides": 0, "noballs": 0, "penalties": 0, "wagonX": 53, "wagonY": 245, "wagonZone": 6, "pitchLine": "ON_THE_STUMPS", "pitchLength": "FULL", "shotType": "ON_DRIVE", "shotControl": 1, "timestamp": "2021-10-21T14:58:44.000Z", "modified": "2021-10-21T14:58:48.000Z", "batsmanPlayerId": 68465, "bowlerPlayerId": 71959, "outPlayerId": null, "totalInningRuns": 81, "totalInningWickets": 4, "predictions": {"score": 146, "winProbability": 33.8}, "title": "Watt to Maqsood", "dismissalText": null, "commentPreTextItems": [{"type": "HTML", "html": "Vichu: \"@Tom...But then an English fan also talked about their preference of facing Ban and SL over Scotland.And a Ban fan also talked about wanting to Face Aus,Eng in Dubai.But you chose to scold only people talking about Inda vs Pakistan!\""}], "commentTextItems": [{"type": "HTML", "html": "fuller, around off, and he works it off his pads. Very elegant and wristy batter, the Oman captain"}], "commentPostTextItems": null, "commentVideos": [], "commentImages": [], "events": [], "over": null, "batsmanStatText": null, "bowlerStatText": null, "smartStats": []}, {"_uid": 35055791, "id": 35055791, "inningNumber": 1, "ballsActual": null, "ballsUnique": null, "oversUnique": 12.06, "oversActual": 12.6, "overNumber": 13, "ballNumber": 6, "totalRuns": 0, "batsmanRuns": 0, "isFour": false, "isSix": false, "isWicket": false, "dismissalType": null, "byes": 0, "legbyes": 0, "wides": 0, "noballs": 0, "penalties": 0, "wagonX": 155, "wagonY": 234, "wagonZone": 5, "pitchLine": "OUTSIDE_OFFSTUMP", "pitchLength": "FULL", "shotType": "ON_DRIVE", "shotControl": 1, "timestamp": "2021-10-21T14:59:10.000Z", "modified": "2021-10-21T14:59:13.000Z", "batsmanPlayerId": 104599, "bowlerPlayerId": 71959, "outPlayerId": null, "totalInningRuns": 81, "totalInningWickets": 4, "predictions": {"score": 144, "winProbability": 31.81}, "title": "Watt to Goud", "dismissalText": null, "commentPreTextItems": null, "commentTextItems": [{"type": "HTML", "html": "Watt goes wide of the crease. Full. Driven back towards the bowler"}], "commentPostTextItems": null, "commentVideos": [], "commentImages": [], "events": [], "over": {"team": {"id": 37, "objectId": 37, "scribeId": 37, "slug": "oman", "name": "Oman", "longName": "Oman", "abbreviation": "OMA", "unofficialName": "", "imageUrl": "/db/PICTURES/CMS/358500/358573.png", "isCountry": true, "primaryColor": null, "image": {"id": 358573, "objectId": 1370493, "slug": "oman-flag-team-logo", "url": "/db/PICTURES/CMS/358500/358573.png", "width": 500, "height": 500, "caption": "Oman flag team logo", "longCaption": "Oman flag team logo", "credit": "Unknown", "photographer": null, "peerUrls": null}, "country": {"id": 37, "objectId": 37, "name": "Oman", "shortName": "Oman", "abbreviation": "OMA", "slug": "oman"}}, "inningNumber": 1, "overNumber": 13, "overRuns": 9, "overWickets": 1, "totalRuns": 81, "totalWickets": 4, "target": 0, "overLimit": 20, "ballLimit": 120, "isMaiden": false, "isComplete": true, "isSuperOver": false, "overEndBatsmen": [{"player": {"id": 104599, "objectId": 1174024, "name": "Sandeep Goud", "longName": "Sandeep Goud", "mobileName": "Goud", "indexName": "Sandeep Goud", "battingName": "Sandeep Goud", "fieldingName": "Sandeep Goud", "slug": "sandeep-goud", "imageUrl": "/db/PICTURES/CMS/286300/286347.1.jpg", "headshotImageUrl": "/db/PICTURES/CMS/321700/321782.png", "dateOfBirth": {"year": 1991, "month": 11, "date": 8}, "dateOfDeath": null, "gender": "M", "battingStyles": ["rhb"], "bowlingStyles": ["rm"], "longBattingStyles": ["right-hand bat"], "longBowlingStyles": ["right-arm medium"], "image": {"id": 286347, "objectId": 1176635, "slug": "sandeep-goud-portrait", "url": "/db/PICTURES/CMS/286300/286347.1.jpg", "width": 160, "height": 200, "caption": "Sandeep Goud portrait", "longCaption": "Sandeep Goud portrait, February 2019", "credit": "Peter Della Penna", "photographer": null, "peerUrls": null}, "countryTeamId": 37, "playerRoleTypeIds": [5], "playingRoles": ["allrounder"], "headshotImage": {"id": 321782, "objectId": 1263938, "slug": "sandeep-goud-player-page-headshot-cutout-2021", "url": "/db/PICTURES/CMS/321700/321782.png", "width": 600, "height": 436, "caption": "Sandeep Goud player page headshot cutout, 2021", "longCaption": "Sandeep Goud player page headshot cutout, 2021", "credit": null, "photographer": null, "peerUrls": {"FILM": null, "WIDE": null, "SQUARE": "/db/PICTURES/CMS/321700/321782.square.png"}}}, "runs": 1, "balls": 2, "fours": 0, "sixes": 0}, {"player": {"id": 68465, "objectId": 585083, "name": "Zeeshan Maqsood", "longName": "Zeeshan Maqsood", "mobileName": "Maqsood", "indexName": "Zeeshan Maqsood", "battingName": "Zeeshan Maqsood", "fieldingName": "Zeeshan Maqsood", "slug": "zeeshan-maqsood", "imageUrl": "/db/PICTURES/CMS/187400/187455.1.jpg", "headshotImageUrl": "/db/PICTURES/CMS/321700/321792.png", "dateOfBirth": {"year": 1987, "month": 10, "date": 24}, "dateOfDeath": null, "gender": "M", "battingStyles": ["lhb"], "bowlingStyles": ["sla"], "longBattingStyles": ["left-hand bat"], "longBowlingStyles": ["slow left-arm orthodox"], "image": {"id": 187455, "objectId": 753197, "slug": "zeeshan-maqsood", "url": "/db/PICTURES/CMS/187400/187455.1.jpg", "width": 160, "height": 200, "caption": "Zeeshan Maqsood", "longCaption": "Zeeshan Maqsood", "credit": "ESPNcricinfo Ltd", "photographer": null, "peerUrls": null}, "countryTeamId": 37, "playerRoleTypeIds": [1], "playingRoles": ["opening batter"], "headshotImage": {"id": 321792, "objectId": 1263948, "slug": "zeeshan-maqsood-player-page-headshot-cutout-2021", "url": "/db/PICTURES/CMS/321700/321792.png", "width": 600, "height": 436, "caption": "Zeeshan Maqsood player page headshot cutout, 2021", "longCaption": "Zeeshan Maqsood player page headshot cutout, 2021", "credit": null, "photographer": null, "peerUrls": {"FILM": null, "WIDE": null, "SQUARE": "/db/PICTURES/CMS/321700/321792.square.png"}}}, "runs": 13, "balls": 11, "fours": 2, "sixes": 0}], "overEndBowlers": [{"player": {"id": 71959, "objectId": 659081, "name": "MRJ Watt", "longName": "Mark Watt", "mobileName": "Watt", "indexName": "Watt, MRJ", "battingName": "MRJ Watt", "fieldingName": "Watt", "slug": "mark-watt", "imageUrl": "/db/PICTURES/CMS/179800/179841.1.jpg", "headshotImageUrl": "/db/PICTURES/CMS/320300/320372.png", "dateOfBirth": {"year": 1996, "month": 7, "date": 29}, "dateOfDeath": null, "gender": "M", "battingStyles": ["lhb"], "bowlingStyles": ["sla"], "longBattingStyles": ["left-hand bat"], "longBowlingStyles": ["slow left-arm orthodox"], "image": {"id": 179841, "objectId": 721897, "slug": "mark-watt", "url": "/db/PICTURES/CMS/179800/179841.1.jpg", "width": 160, "height": 192, "caption": "Mark Watt", "longCaption": "Mark Watt", "credit": "International Cricket Council", "photographer": null, "peerUrls": null}, "countryTeamId": 30, "playerRoleTypeIds": [4], "playingRoles": ["bowler"], "headshotImage": {"id": 320372, "objectId": 1261166, "slug": "mark-watt-page-headshot-cutout-2021", "url": "/db/PICTURES/CMS/320300/320372.png", "width": 600, "height": 436, "caption": "Mark Watt page headshot cutout, 2021", "longCaption": "Mark Watt page headshot cutout, 2021", "credit": null, "photographer": null, "peerUrls": {"FILM": null, "WIDE": null, "SQUARE": "/db/PICTURES/CMS/320300/320372.square.png"}}}, "overs": 3, "balls": 18, "maidens": 0, "conceded": 18, "wickets": 1, "currentType": 1}, {"player": {"id": 60198, "objectId": 414966, "name": "MA Leask", "longName": "Michael Leask", "mobileName": "Leask", "indexName": "Leask, MA", "battingName": "MA Leask", "fieldingName": "Leask", "slug": "michael-leask", "imageUrl": "/db/PICTURES/CMS/172800/172875.1.jpg", "headshotImageUrl": "/db/PICTURES/CMS/316600/316678.png", "dateOfBirth": {"year": 1990, "month": 10, "date": 29}, "dateOfDeath": null, "gender": "M", "battingStyles": ["rhb"], "bowlingStyles": ["ob"], "longBattingStyles": ["right-hand bat"], "longBowlingStyles": ["right-arm offbreak"], "image": {"id": 172875, "objectId": 694519, "slug": "michael-leask", "url": "/db/PICTURES/CMS/172800/172875.1.jpg", "width": 160, "height": 192, "caption": "Michael Leask", "longCaption": "Michael Leask", "credit": "International Cricket Council", "photographer": null, "peerUrls": null}, "countryTeamId": 30, "playerRoleTypeIds": [5], "playingRoles": ["allrounder"], "headshotImage": {"id": 316678, "objectId": 1251311, "slug": "ma-leask-headshot", "url": "/db/PICTURES/CMS/316600/316678.png", "width": 600, "height": 436, "caption": "MA Leask headshot", "longCaption": "MA Leask headshot", "credit": null, "photographer": null, "peerUrls": {"FILM": null, "WIDE": null, "SQUARE": null}}}, "overs": 2, "balls": 12, "maidens": 0, "conceded": 9, "wickets": 1, "currentType": 2}], "rollover": null}, "batsmanStatText": null, "bowlerStatText": null, "smartStats": []}]