[{"_uid": 35060589, "id": 35060589, "inningNumber": 1, "ballsActual": null, "ballsUnique": null, "oversUnique": 7.01, "oversActual": 7.1, "overNumber": 8, "ballNumber": 1, "totalRuns": 0, "batsmanRuns": 0, "isFour": false, "isSix": false, "isWicket": false, "dismissalType": null, "byes": 0, "legbyes": 0, "wides": 0, "noballs": 0, "penalties": 0, "wagonX": 0, "wagonY": 0, "wagonZone": 0, "pitchLine": "OUTSIDE_OFFSTUMP", "pitchLength": "SHORT_OF_A_GOOD_LENGTH", "shotType": "LEFT_ALONE", "shotControl": 1, "timestamp": "2021-10-22T14:45:01.000Z", "modified": "2021-10-22T14:45:04.000Z", "batsmanPlayerId": 101548, "bowlerPlayerId": 78235, "outPlayerId": null, "totalInningRuns": 40, "totalInningWickets": 7, "predictions": {"score": 58, "winProbability": 1.01}, "title": "Lahiru Kumara to Edwards", "dismissalText": null, "commentPreTextItems": [{"type": "HTML", "html": "<strong>Theekshana's gone off the ground, Matt observes, with Dhananjaya his replacement</strong>"}], "commentTextItems": [{"type": "HTML", "html": "slashed at a wide one and missed"}], "commentPostTextItems": null, "commentVideos": [], "commentImages": [], "events": [], "over": null, "batsmanStatText": null, "bowlerStatText": null, "smartStats": []}, {"_uid": 35060591, "id": 35060591, "inningNumber": 1, "ballsActual": null, "ballsUnique": null, "oversUnique": 7.02, "oversActual": 7.2, "overNumber": 8, "ballNumber": 2, "totalRuns": 1, "batsmanRuns": 0, "isFour": false, "isSix": false, "isWicket": false, "dismissalType": null, "byes": 0, "legbyes": 1, "wides": 0, "noballs": 0, "penalties": 0, "wagonX": 0, "wagonY": 0, "wagonZone": 0, "pitchLine": "OUTSIDE_OFFSTUMP", "pitchLength": "SHORT", "shotType": "DEFENDED", "shotControl": 2, "timestamp": "2021-10-22T14:45:13.000Z", "modified": "2021-10-22T14:45:17.000Z", "batsmanPlayerId": 101548, "bowlerPlayerId": 78235, "outPlayerId": null, "totalInningRuns": 41, "totalInningWickets": 7, "predictions": {"score": 60, "winProbability": 1.1}, "title": "Lahiru Kumara to Edwards", "dismissalText": null, "commentPreTextItems": null, "commentTextItems": [{"type": "HTML", "html": "banged on the helmet, took his eye off the ball and paid the price - struck right on the badge. <strong>The physio's out there</strong>"}], "commentPostTextItems": null, "commentVideos": [], "commentImages": [], "events": [], "over": null, "batsmanStatText": null, "bowlerStatText": null, "smartStats": []}, {"_uid": 35060604, "id": 35060604, "inningNumber": 1, "ballsActual": null, "ballsUnique": null, "oversUnique": 7.03, "oversActual": 7.3, "overNumber": 8, "ballNumber": 3, "totalRuns": 0, "batsmanRuns": 0, "isFour": false, "isSix": false, "isWicket": false, "dismissalType": null, "byes": 0, "legbyes": 0, "wides": 0, "noballs": 0, "penalties": 0, "wagonX": 149, "wagonY": 189, "wagonZone": 6, "pitchLine": "OUTSIDE_OFFSTUMP", "pitchLength": "FULL_TOSS", "shotType": "DEFENDED", "shotControl": 1, "timestamp": "2021-10-22T14:47:13.000Z", "modified": "2021-10-22T14:47:17.000Z", "batsmanPlayerId": 97878, "bowlerPlayerId": 78235, "outPlayerId": null, "totalInningRuns": 41, "totalInningWickets": 7, "predictions": {"score": 59, "winProbability": 1.05}, "title": "Lahiru Kumara to Klaassen", "dismissalText": null, "commentPreTextItems": [{"type": "HTML", "html": "Talha Hameed: \"Netherlands lowest total in T20Is is 39 all out v SL, today they are 40-7. \" The projected score is 58 - though it seems a stretch right now"}], "commentTextItems": [{"type": "HTML", "html": "full toss, driven to the offside"}], "commentPostTextItems": null, "commentVideos": [], "commentImages": [], "events": [], "over": null, "batsmanStatText": null, "bowlerStatText": null, "smartStats": []}, {"_uid": 35060612, "id": 35060612, "inningNumber": 1, "ballsActual": null, "ballsUnique": null, "oversUnique": 7.04, "oversActual": 7.4, "overNumber": 8, "ballNumber": 4, "totalRuns": 0, "batsmanRuns": 0, "isFour": false, "isSix": false, "isWicket": false, "dismissalType": null, "byes": 0, "legbyes": 0, "wides": 0, "noballs": 0, "penalties": 0, "wagonX": 0, "wagonY": 0, "wagonZone": 0, "pitchLine": "OUTSIDE_OFFSTUMP", "pitchLength": "SHORT", "shotType": "DEFENDED", "shotControl": 2, "timestamp": "2021-10-22T14:47:51.000Z", "modified": "2021-10-22T14:47:55.000Z", "batsmanPlayerId": 97878, "bowlerPlayerId": 78235, "outPlayerId": null, "totalInningRuns": 41, "totalInningWickets": 7, "predictions": {"score": 59, "winProbability": 1.05}, "title": "Lahiru Kumara to Klaassen", "dismissalText": null, "commentPreTextItems": null, "commentTextItems": [{"type": "HTML", "html": "another bouncer at 147kph - this can't be fun for the lower order. Lucky it's missed everything"}], "commentPostTextItems": null, "commentVideos": [], "commentImages": [], "events": [], "over": null, "batsmanStatText": null, "bowlerStatText": null, "smartStats": []}, {"_uid": 35060620, "id": 35060620, "inningNumber": 1, "ballsActual": null, "ballsUnique": null, "oversUnique": 7.05, "oversActual": 7.5, "overNumber": 8, "ballNumber": 5, "totalRuns": 1, "batsmanRuns": 1, "isFour": false, "isSix": false, "isWicket": false, "dismissalType": null, "byes": 0, "legbyes": 0, "wides": 0, "noballs": 0, "penalties": 0, "wagonX": 265, "wagonY": 110, "wagonZone": 2, "pitchLine": "ON_THE_STUMPS", "pitchLength": "SHORT", "shotType": "FLICK", "shotControl": 1, "timestamp": "2021-10-22T14:48:34.000Z", "modified": "2021-10-22T14:48:37.000Z", "batsmanPlayerId": 97878, "bowlerPlayerId": 78235, "outPlayerId": null, "totalInningRuns": 42, "totalInningWickets": 7, "predictions": {"score": 60, "winProbability": 1.1}, "title": "Lahiru Kumara to Klaassen", "dismissalText": null, "commentPreTextItems": null, "commentTextItems": [{"type": "HTML", "html": "slower ball back of a length, just 106kph. Worked into the onside"}], "commentPostTextItems": null, "commentVideos": [], "commentImages": [], "events": [], "over": null, "batsmanStatText": null, "bowlerStatText": null, "smartStats": []}, {"_uid": 35060630, "id": 35060630, "inningNumber": 1, "ballsActual": null, "ballsUnique": null, "oversUnique": 7.06, "oversActual": 7.6, "overNumber": 8, "ballNumber": 6, "totalRuns": 1, "batsmanRuns": 0, "isFour": false, "isSix": false, "isWicket": false, "dismissalType": null, "byes": 0, "legbyes": 1, "wides": 0, "noballs": 0, "penalties": 0, "wagonX": 0, "wagonY": 0, "wagonZone": 0, "pitchLine": "ON_THE_STUMPS", "pitchLength": "SHORT_OF_A_GOOD_LENGTH", "shotType": "FLICK", "shotControl": 2, "timestamp": "2021-10-22T14:50:25.000Z", "modified": "2021-10-22T14:50:29.000Z", "batsmanPlayerId": 101548, "bowlerPlayerId": 78235, "outPlayerId": null, "totalInningRuns": 43, "totalInningWickets": 7, "predictions": {"score": 60, "winProbability": 1.1}, "title": "Lahiru Kumara to Edwards", "dismissalText": null, "commentPreTextItems": [{"type": "HTML", "html": "Siri: \"Sri Lanka should have batted first to give their batsmen enough time and that's a fact!\" People find issues with anything, clearly :)"}], "commentTextItems": [{"type": "HTML", "html": "rapped on the pads, a big appeal but it looked to be going down leg. They've reviewed, for the fun of it, apparently. Yeah, it's missing"}], "commentPostTextItems": null, "commentVideos": [], "commentImages": [], "events": [{"type": "DRS_REVIEW", "inningNumber": 1, "oversUnique": 7.06, "teamId": 8, "isSuccessful": false}], "over": {"team": {"id": 15, "objectId": 15, "scribeId": 15, "slug": "netherlands", "name": "Netherlands", "longName": "Netherlands", "abbreviation": "NED", "unofficialName": "", "imageUrl": "/db/PICTURES/CMS/313100/313136.logo.png", "isCountry": true, "primaryColor": "#f49b1f", "image": {"id": 313136, "objectId": 1241595, "slug": "netherlands-logo", "url": "/db/PICTURES/CMS/313100/313136.logo.png", "width": 500, "height": 500, "caption": "Netherlands logo", "longCaption": "Netherlands logo", "credit": null, "photographer": null, "peerUrls": null}, "country": {"id": 15, "objectId": 15, "name": "Netherlands", "shortName": "Netherlands", "abbreviation": "NED", "slug": "netherlands"}}, "inningNumber": 1, "overNumber": 8, "overRuns": 3, "overWickets": 0, "totalRuns": 43, "totalWickets": 7, "target": 0, "overLimit": 20, "ballLimit": 120, "isMaiden": false, "isComplete": true, "isSuperOver": false, "overEndBatsmen": [{"player": {"id": 101548, "objectId": 1127317, "name": "SA Edwards", "longName": "Scott Edwards", "mobileName": "Edwards", "indexName": "Edwards, SA", "battingName": "SA Edwards", "fieldingName": "Edwards", "slug": "scott-edwards", "imageUrl": "/db/PICTURES/CMS/279600/279687.1.jpg", "headshotImageUrl": "/db/PICTURES/CMS/322500/322592.png", "dateOfBirth": {"year": 1996, "month": 8, "date": 23}, "dateOfDeath": null, "gender": "M", "battingStyles": ["rhb"], "bowlingStyles": [], "longBattingStyles": ["right-hand bat"], "longBowlingStyles": [], "image": {"id": 279687, "objectId": 1157591, "slug": "scott-edwards-player-portrait", "url": "/db/PICTURES/CMS/279600/279687.1.jpg", "width": 160, "height": 204, "caption": "Scott Edwards player portrait", "longCaption": "Scott Edwards player portrait", "credit": "Scott Edwards", "photographer": null, "peerUrls": null}, "countryTeamId": 15, "playerRoleTypeIds": [7], "playingRoles": ["wicketkeeper batter"], "headshotImage": {"id": 322592, "objectId": 1265442, "slug": "scott-edwards-player-page-headshot-cutout-2021", "url": "/db/PICTURES/CMS/322500/322592.png", "width": 600, "height": 436, "caption": "Scott Edwards player page headshot cutout, 2021", "longCaption": "Scott Edwards player page headshot cutout, 2021", "credit": null, "photographer": null, "peerUrls": {"FILM": null, "WIDE": null, "SQUARE": "/db/PICTURES/CMS/322500/322592.square.png"}}}, "runs": 7, "balls": 9, "fours": 1, "sixes": 0}, {"player": {"id": 97878, "objectId": 1104703, "name": "FJ Klaassen", "longName": "Fred Klaassen", "mobileName": "Klaassen", "indexName": "Klaassen, FJ", "battingName": "FJ Klaassen", "fieldingName": "Klaassen", "slug": "fred-klaassen", "imageUrl": "/db/PICTURES/CMS/279800/279855.1.jpg", "headshotImageUrl": "/db/PICTURES/CMS/324200/324241.png", "dateOfBirth": {"year": 1992, "month": 11, "date": 13}, "dateOfDeath": null, "gender": "M", "battingStyles": ["rhb"], "bowlingStyles": ["lfm"], "longBattingStyles": ["right-hand bat"], "longBowlingStyles": ["left-arm fast-medium"], "image": {"id": 279855, "objectId": 1158288, "slug": "fred-klaasen-player-portrait", "url": "/db/PICTURES/CMS/279800/279855.1.jpg", "width": 160, "height": 221, "caption": "Fred Klaasen player portrait", "longCaption": "Fred Klaasen player portrait", "credit": "Fred Klaasen", "photographer": null, "peerUrls": null}, "countryTeamId": 15, "playerRoleTypeIds": [4], "playingRoles": ["bowler"], "headshotImage": {"id": 324241, "objectId": 1269047, "slug": "fred-klaassen-player-page-headshot-cutout-2021", "url": "/db/PICTURES/CMS/324200/324241.png", "width": 600, "height": 436, "caption": "Fred Klaassen player page headshot cutout, 2021", "longCaption": "Fred Klaassen player page headshot cutout, 2021", "credit": null, "photographer": null, "peerUrls": {"FILM": null, "WIDE": null, "SQUARE": "/db/PICTURES/CMS/324200/324241.square.png"}}}, "runs": 1, "balls": 3, "fours": 0, "sixes": 0}], "overEndBowlers": [{"player": {"id": 78235, "objectId": 784375, "name": "CBRLS Kumara", "longName": "Lahiru Kumara", "mobileName": "Lahiru Kumara", "indexName": "Kumara, CBRLS", "battingName": "CBRLS Kumara", "fieldingName": "Kumara", "slug": "lahiru-kumara", "imageUrl": "/db/PICTURES/CMS/303800/303837.png", "headshotImageUrl": "/db/PICTURES/CMS/322900/322942.png", "dateOfBirth": {"year": 1997, "month": 2, "date": 13}, "dateOfDeath": null, "gender": "M", "battingStyles": ["lhb"], "bowlingStyles": ["rf"], "longBattingStyles": ["left-hand bat"], "longBowlingStyles": ["right-arm fast"], "image": {"id": 303837, "objectId": 1222671, "slug": "lahiru-kumara-portrait", "url": "/db/PICTURES/CMS/303800/303837.png", "width": 160, "height": 202, "caption": "Lahiru Kumara portrait", "longCaption": "Lahiru Kumara, May 2020", "credit": "Getty Images", "photographer": null, "peerUrls": null}, "countryTeamId": 8, "playerRoleTypeIds": [4], "playingRoles": ["bowler"], "headshotImage": {"id": 322942, "objectId": 1266037, "slug": "lahiru-kumara-player-page-headshot-cutout-2021", "url": "/db/PICTURES/CMS/322900/322942.png", "width": 600, "height": 436, "caption": "Lahiru Kumara player page headshot cutout, 2021", "longCaption": "Lahiru Kumara player page headshot cutout, 2021", "credit": null, "photographer": null, "peerUrls": {"FILM": null, "WIDE": null, "SQUARE": "/db/PICTURES/CMS/322900/322942.square.png"}}}, "overs": 2, "balls": 12, "maidens": 0, "conceded": 7, "wickets": 0, "currentType": 1}, {"player": {"id": 78239, "objectId": 784379, "name": "PW Hasaranga", "longName": "Wanindu Hasaranga", "mobileName": "Hasaranga", "indexName": "Hasaranga, PW", "battingName": "PW Hasaranga", "fieldingName": "Hasaranga", "slug": "wanindu-hasaranga", "imageUrl": "/db/PICTURES/CMS/294200/294296.jpg", "headshotImageUrl": "/db/PICTURES/CMS/322900/322946.png", "dateOfBirth": {"year": 1997, "month": 7, "date": 29}, "dateOfDeath": null, "gender": "M", "battingStyles": ["rhb"], "bowlingStyles": ["lb"], "longBattingStyles": ["right-hand bat"], "longBowlingStyles": ["legbreak"], "image": {"id": 294296, "objectId": 1199371, "slug": "wanindu-hasaranga", "url": "/db/PICTURES/CMS/294200/294296.jpg", "width": 160, "height": 210, "caption": "Wanindu Hasaranga", "longCaption": null, "credit": "Chaminda de Silva", "photographer": null, "peerUrls": null}, "countryTeamId": 8, "playerRoleTypeIds": [5], "playingRoles": ["allrounder"], "headshotImage": {"id": 322946, "objectId": 1266041, "slug": "wanindu-hasaranga-player-page-headshot-cutout-2021", "url": "/db/PICTURES/CMS/322900/322946.png", "width": 600, "height": 436, "caption": "Wanindu Hasaranga player page headshot cutout, 2021", "longCaption": "Wanindu Hasaranga player page headshot cutout, 2021", "credit": null, "photographer": null, "peerUrls": {"FILM": null, "WIDE": null, "SQUARE": "/db/PICTURES/CMS/322900/322946.square.png"}}}, "overs": 2, "balls": 12, "maidens": 0, "conceded": 8, "wickets": 3, "currentType": 2}], "rollover": null}, "batsmanStatText": null, "bowlerStatText": null, "smartStats": []}, {"_uid": 35060636, "id": 35060636, "inningNumber": 1, "ballsActual": null, "ballsUnique": null, "oversUnique": 8.01, "oversActual": 8.1, "overNumber": 9, "ballNumber": 1, "totalRuns": 0, "batsmanRuns": 0, "isFour": false, "isSix": false, "isWicket": false, "dismissalType": null, "byes": 0, "legbyes": 0, "wides": 0, "noballs": 0, "penalties": 0, "wagonX": 168, "wagonY": 172, "wagonZone": 6, "pitchLine": "OUTSIDE_OFFSTUMP", "pitchLength": "FULL", "shotType": "REVERSE_SWEEP", "shotControl": 2, "timestamp": "2021-10-22T14:51:13.000Z", "modified": "2021-10-22T14:51:16.000Z", "batsmanPlayerId": 101548, "bowlerPlayerId": 78239, "outPlayerId": null, "totalInningRuns": 43, "totalInningWickets": 7, "predictions": {"score": 62, "winProbability": 1.2}, "title": "Hasaranga to Edwards", "dismissalText": null, "commentPreTextItems": [{"type": "HTML", "html": "Mister Gaba: \"Please tell me carrom boy Maheesh is alright ! Don't want him to get injured now ..\" No one does, and we'll keep you posted"}], "commentTextItems": [{"type": "HTML", "html": "reverse sweep, first slip collects on the bounce"}], "commentPostTextItems": null, "commentVideos": [], "commentImages": [], "events": [], "over": null, "batsmanStatText": null, "bowlerStatText": null, "smartStats": []}, {"_uid": 35060638, "id": 35060638, "inningNumber": 1, "ballsActual": null, "ballsUnique": null, "oversUnique": 8.02, "oversActual": 8.2, "overNumber": 9, "ballNumber": 2, "totalRuns": 0, "batsmanRuns": 0, "isFour": false, "isSix": false, "isWicket": false, "dismissalType": null, "byes": 0, "legbyes": 0, "wides": 0, "noballs": 0, "penalties": 0, "wagonX": 182, "wagonY": 188, "wagonZone": 4, "pitchLine": "ON_THE_STUMPS", "pitchLength": "GOOD_LENGTH", "shotType": "DEFENDED", "shotControl": 1, "timestamp": "2021-10-22T14:51:21.000Z", "modified": "2021-10-22T14:51:24.000Z", "batsmanPlayerId": 101548, "bowlerPlayerId": 78239, "outPlayerId": null, "totalInningRuns": 43, "totalInningWickets": 7, "predictions": {"score": 62, "winProbability": 1.2}, "title": "Hasaranga to Edwards", "dismissalText": null, "commentPreTextItems": [{"type": "HTML", "html": "Sundar: \"Is there a point to this game!?\" None for the Dutch, most likely. But two for Sri Lanka!"}], "commentTextItems": [{"type": "HTML", "html": "tossed up, defended"}], "commentPostTextItems": null, "commentVideos": [], "commentImages": [], "events": [], "over": null, "batsmanStatText": null, "bowlerStatText": null, "smartStats": []}, {"_uid": 35060641, "id": 35060641, "inningNumber": 1, "ballsActual": null, "ballsUnique": null, "oversUnique": 8.03, "oversActual": 8.3, "overNumber": 9, "ballNumber": 3, "totalRuns": 1, "batsmanRuns": 1, "isFour": false, "isSix": false, "isWicket": false, "dismissalType": null, "byes": 0, "legbyes": 0, "wides": 0, "noballs": 0, "penalties": 0, "wagonX": 307, "wagonY": 110, "wagonZone": 2, "pitchLine": "ON_THE_STUMPS", "pitchLength": "GOOD_LENGTH", "shotType": "SWEEP_SHOT", "shotControl": 1, "timestamp": "2021-10-22T14:51:49.000Z", "modified": "2021-10-22T14:51:52.000Z", "batsmanPlayerId": 101548, "bowlerPlayerId": 78239, "outPlayerId": null, "totalInningRuns": 44, "totalInningWickets": 7, "predictions": {"score": 63, "winProbability": 1.25}, "title": "Hasaranga to Edwards", "dismissalText": null, "commentPreTextItems": null, "commentTextItems": [{"type": "HTML", "html": "shapes up for the sweep and gives it a nice whack. Square leg collects in the deep"}], "commentPostTextItems": null, "commentVideos": [], "commentImages": [], "events": [], "over": null, "batsmanStatText": null, "bowlerStatText": null, "smartStats": []}, {"_uid": 35060643, "id": 35060643, "inningNumber": 1, "ballsActual": null, "ballsUnique": null, "oversUnique": 8.04, "oversActual": 8.4, "overNumber": 9, "ballNumber": 4, "totalRuns": 0, "batsmanRuns": 0, "isFour": false, "isSix": false, "isWicket": false, "dismissalType": null, "byes": 0, "legbyes": 0, "wides": 0, "noballs": 0, "penalties": 0, "wagonX": 198, "wagonY": 197, "wagonZone": 4, "pitchLine": "OUTSIDE_OFFSTUMP", "pitchLength": "GOOD_LENGTH", "shotType": "DEFENDED", "shotControl": 1, "timestamp": "2021-10-22T14:52:21.000Z", "modified": "2021-10-22T14:52:24.000Z", "batsmanPlayerId": 97878, "bowlerPlayerId": 78239, "outPlayerId": null, "totalInningRuns": 44, "totalInningWickets": 7, "predictions": {"score": 62, "winProbability": 1.2}, "title": "Hasaranga to Klaassen", "dismissalText": null, "commentPreTextItems": null, "commentTextItems": [{"type": "HTML", "html": "defends tentatively down the ground. Still clueless about picking the delivery out of the hand, it seems"}], "commentPostTextItems": null, "commentVideos": [], "commentImages": [], "events": [], "over": null, "batsmanStatText": null, "bowlerStatText": null, "smartStats": []}, {"_uid": 35060646, "id": 35060646, "inningNumber": 1, "ballsActual": null, "ballsUnique": null, "oversUnique": 8.05, "oversActual": 8.5, "overNumber": 9, "ballNumber": 5, "totalRuns": 0, "batsmanRuns": 0, "isFour": false, "isSix": false, "isWicket": false, "dismissalType": null, "byes": 0, "legbyes": 0, "wides": 0, "noballs": 0, "penalties": 0, "wagonX": 190, "wagonY": 195, "wagonZone": 4, "pitchLine": "ON_THE_STUMPS", "pitchLength": "GOOD_LENGTH", "shotType": "DEFENDED", "shotControl": 1, "timestamp": "2021-10-22T14:52:30.000Z", "modified": "2021-10-22T14:52:33.000Z", "batsmanPlayerId": 97878, "bowlerPlayerId": 78239, "outPlayerId": null, "totalInningRuns": 44, "totalInningWickets": 7, "predictions": {"score": 62, "winProbability": 1.2}, "title": "Hasaranga to Klaassen", "dismissalText": null, "commentPreTextItems": null, "commentTextItems": [{"type": "HTML", "html": "that was better read, and blocked"}], "commentPostTextItems": null, "commentVideos": [], "commentImages": [], "events": [], "over": null, "batsmanStatText": null, "bowlerStatText": null, "smartStats": []}, {"_uid": 35060648, "id": 35060648, "inningNumber": 1, "ballsActual": null, "ballsUnique": null, "oversUnique": 8.06, "oversActual": 8.6, "overNumber": 9, "ballNumber": 6, "totalRuns": 0, "batsmanRuns": 0, "isFour": false, "isSix": false, "isWicket": false, "dismissalType": null, "byes": 0, "legbyes": 0, "wides": 0, "noballs": 0, "penalties": 0, "wagonX": 120, "wagonY": 189, "wagonZone": 6, "pitchLine": "OUTSIDE_OFFSTUMP", "pitchLength": "GOOD_LENGTH", "shotType": "DEFENDED", "shotControl": 1, "timestamp": "2021-10-22T14:52:51.000Z", "modified": "2021-10-22T14:52:54.000Z", "batsmanPlayerId": 97878, "bowlerPlayerId": 78239, "outPlayerId": null, "totalInningRuns": 44, "totalInningWickets": 7, "predictions": {"score": 62, "winProbability": 1.2}, "title": "Hasaranga to Klaassen", "dismissalText": null, "commentPreTextItems": null, "commentTextItems": [{"type": "HTML", "html": "another tight over ends with a defensive prod into the offside"}], "commentPostTextItems": null, "commentVideos": [], "commentImages": [], "events": [], "over": {"team": {"id": 15, "objectId": 15, "scribeId": 15, "slug": "netherlands", "name": "Netherlands", "longName": "Netherlands", "abbreviation": "NED", "unofficialName": "", "imageUrl": "/db/PICTURES/CMS/313100/313136.logo.png", "isCountry": true, "primaryColor": "#f49b1f", "image": {"id": 313136, "objectId": 1241595, "slug": "netherlands-logo", "url": "/db/PICTURES/CMS/313100/313136.logo.png", "width": 500, "height": 500, "caption": "Netherlands logo", "longCaption": "Netherlands logo", "credit": null, "photographer": null, "peerUrls": null}, "country": {"id": 15, "objectId": 15, "name": "Netherlands", "shortName": "Netherlands", "abbreviation": "NED", "slug": "netherlands"}}, "inningNumber": 1, "overNumber": 9, "overRuns": 1, "overWickets": 0, "totalRuns": 44, "totalWickets": 7, "target": 0, "overLimit": 20, "ballLimit": 120, "isMaiden": false, "isComplete": true, "isSuperOver": false, "overEndBatsmen": [{"player": {"id": 97878, "objectId": 1104703, "name": "FJ Klaassen", "longName": "Fred Klaassen", "mobileName": "Klaassen", "indexName": "Klaassen, FJ", "battingName": "FJ Klaassen", "fieldingName": "Klaassen", "slug": "fred-klaassen", "imageUrl": "/db/PICTURES/CMS/279800/279855.1.jpg", "headshotImageUrl": "/db/PICTURES/CMS/324200/324241.png", "dateOfBirth": {"year": 1992, "month": 11, "date": 13}, "dateOfDeath": null, "gender": "M", "battingStyles": ["rhb"], "bowlingStyles": ["lfm"], "longBattingStyles": ["right-hand bat"], "longBowlingStyles": ["left-arm fast-medium"], "image": {"id": 279855, "objectId": 1158288, "slug": "fred-klaasen-player-portrait", "url": "/db/PICTURES/CMS/279800/279855.1.jpg", "width": 160, "height": 221, "caption": "Fred Klaasen player portrait", "longCaption": "Fred Klaasen player portrait", "credit": "Fred Klaasen", "photographer": null, "peerUrls": null}, "countryTeamId": 15, "playerRoleTypeIds": [4], "playingRoles": ["bowler"], "headshotImage": {"id": 324241, "objectId": 1269047, "slug": "fred-klaassen-player-page-headshot-cutout-2021", "url": "/db/PICTURES/CMS/324200/324241.png", "width": 600, "height": 436, "caption": "Fred Klaassen player page headshot cutout, 2021", "longCaption": "Fred Klaassen player page headshot cutout, 2021", "credit": null, "photographer": null, "peerUrls": {"FILM": null, "WIDE": null, "SQUARE": "/db/PICTURES/CMS/324200/324241.square.png"}}}, "runs": 1, "balls": 6, "fours": 0, "sixes": 0}, {"player": {"id": 101548, "objectId": 1127317, "name": "SA Edwards", "longName": "Scott Edwards", "mobileName": "Edwards", "indexName": "Edwards, SA", "battingName": "SA Edwards", "fieldingName": "Edwards", "slug": "scott-edwards", "imageUrl": "/db/PICTURES/CMS/279600/279687.1.jpg", "headshotImageUrl": "/db/PICTURES/CMS/322500/322592.png", "dateOfBirth": {"year": 1996, "month": 8, "date": 23}, "dateOfDeath": null, "gender": "M", "battingStyles": ["rhb"], "bowlingStyles": [], "longBattingStyles": ["right-hand bat"], "longBowlingStyles": [], "image": {"id": 279687, "objectId": 1157591, "slug": "scott-edwards-player-portrait", "url": "/db/PICTURES/CMS/279600/279687.1.jpg", "width": 160, "height": 204, "caption": "Scott Edwards player portrait", "longCaption": "Scott Edwards player portrait", "credit": "Scott Edwards", "photographer": null, "peerUrls": null}, "countryTeamId": 15, "playerRoleTypeIds": [7], "playingRoles": ["wicketkeeper batter"], "headshotImage": {"id": 322592, "objectId": 1265442, "slug": "scott-edwards-player-page-headshot-cutout-2021", "url": "/db/PICTURES/CMS/322500/322592.png", "width": 600, "height": 436, "caption": "Scott Edwards player page headshot cutout, 2021", "longCaption": "Scott Edwards player page headshot cutout, 2021", "credit": null, "photographer": null, "peerUrls": {"FILM": null, "WIDE": null, "SQUARE": "/db/PICTURES/CMS/322500/322592.square.png"}}}, "runs": 8, "balls": 12, "fours": 1, "sixes": 0}], "overEndBowlers": [{"player": {"id": 78239, "objectId": 784379, "name": "PW Hasaranga", "longName": "Wanindu Hasaranga", "mobileName": "Hasaranga", "indexName": "Hasaranga, PW", "battingName": "PW Hasaranga", "fieldingName": "Hasaranga", "slug": "wanindu-hasaranga", "imageUrl": "/db/PICTURES/CMS/294200/294296.jpg", "headshotImageUrl": "/db/PICTURES/CMS/322900/322946.png", "dateOfBirth": {"year": 1997, "month": 7, "date": 29}, "dateOfDeath": null, "gender": "M", "battingStyles": ["rhb"], "bowlingStyles": ["lb"], "longBattingStyles": ["right-hand bat"], "longBowlingStyles": ["legbreak"], "image": {"id": 294296, "objectId": 1199371, "slug": "wanindu-hasaranga", "url": "/db/PICTURES/CMS/294200/294296.jpg", "width": 160, "height": 210, "caption": "Wanindu Hasaranga", "longCaption": null, "credit": "Chaminda de Silva", "photographer": null, "peerUrls": null}, "countryTeamId": 8, "playerRoleTypeIds": [5], "playingRoles": ["allrounder"], "headshotImage": {"id": 322946, "objectId": 1266041, "slug": "wanindu-hasaranga-player-page-headshot-cutout-2021", "url": "/db/PICTURES/CMS/322900/322946.png", "width": 600, "height": 436, "caption": "Wanindu Hasaranga player page headshot cutout, 2021", "longCaption": "Wanindu Hasaranga player page headshot cutout, 2021", "credit": null, "photographer": null, "peerUrls": {"FILM": null, "WIDE": null, "SQUARE": "/db/PICTURES/CMS/322900/322946.square.png"}}}, "overs": 3, "balls": 18, "maidens": 0, "conceded": 9, "wickets": 3, "currentType": 1}, {"player": {"id": 78235, "objectId": 784375, "name": "CBRLS Kumara", "longName": "Lahiru Kumara", "mobileName": "Lahiru Kumara", "indexName": "Kumara, CBRLS", "battingName": "CBRLS Kumara", "fieldingName": "Kumara", "slug": "lahiru-kumara", "imageUrl": "/db/PICTURES/CMS/303800/303837.png", "headshotImageUrl": "/db/PICTURES/CMS/322900/322942.png", "dateOfBirth": {"year": 1997, "month": 2, "date": 13}, "dateOfDeath": null, "gender": "M", "battingStyles": ["lhb"], "bowlingStyles": ["rf"], "longBattingStyles": ["left-hand bat"], "longBowlingStyles": ["right-arm fast"], "image": {"id": 303837, "objectId": 1222671, "slug": "lahiru-kumara-portrait", "url": "/db/PICTURES/CMS/303800/303837.png", "width": 160, "height": 202, "caption": "Lahiru Kumara portrait", "longCaption": "Lahiru Kumara, May 2020", "credit": "Getty Images", "photographer": null, "peerUrls": null}, "countryTeamId": 8, "playerRoleTypeIds": [4], "playingRoles": ["bowler"], "headshotImage": {"id": 322942, "objectId": 1266037, "slug": "lahiru-kumara-player-page-headshot-cutout-2021", "url": "/db/PICTURES/CMS/322900/322942.png", "width": 600, "height": 436, "caption": "Lahiru Kumara player page headshot cutout, 2021", "longCaption": "Lahiru Kumara player page headshot cutout, 2021", "credit": null, "photographer": null, "peerUrls": {"FILM": null, "WIDE": null, "SQUARE": "/db/PICTURES/CMS/322900/322942.square.png"}}}, "overs": 2, "balls": 12, "maidens": 0, "conceded": 7, "wickets": 0, "currentType": 2}], "rollover": null}, "batsmanStatText": null, "bowlerStatText": null, "smartStats": []}]