[{"_uid": 35100135, "id": 35100135, "inningNumber": 2, "ballsActual": null, "ballsUnique": null, "oversUnique": 13.01, "oversActual": 13.1, "overNumber": 14, "ballNumber": 1, "totalRuns": 0, "batsmanRuns": 0, "isFour": false, "isSix": false, "isWicket": false, "dismissalType": null, "byes": 0, "legbyes": 0, "wides": 0, "noballs": 0, "penalties": 0, "wagonX": 237, "wagonY": 133, "wagonZone": 2, "pitchLine": "OUTSIDE_OFFSTUMP", "pitchLength": "GOOD_LENGTH", "shotType": "PUSH", "shotControl": 1, "timestamp": "2021-10-27T12:57:26.000Z", "modified": "2021-10-27T12:57:29.000Z", "batsmanPlayerId": 49309, "bowlerPlayerId": 54674, "outPlayerId": null, "totalInningRuns": 114, "totalInningWickets": 2, "predictions": {"score": 176, "winProbability": 99.84}, "title": "Mustafizur to Malan", "dismissalText": null, "commentPreTextItems": [{"type": "HTML", "html": "Mustafizur Rahman returns"}], "commentTextItems": [{"type": "HTML", "html": "short of a length, into the pitch and prodded square"}], "commentPostTextItems": null, "commentVideos": [], "commentImages": [], "events": [], "over": null, "batsmanStatText": null, "bowlerStatText": null, "smartStats": []}, {"_uid": 35100137, "id": 35100137, "inningNumber": 2, "ballsActual": null, "ballsUnique": null, "oversUnique": 13.02, "oversActual": 13.2, "overNumber": 14, "ballNumber": 2, "totalRuns": 1, "batsmanRuns": 1, "isFour": false, "isSix": false, "isWicket": false, "dismissalType": null, "byes": 0, "legbyes": 0, "wides": 0, "noballs": 0, "penalties": 0, "wagonX": 137, "wagonY": 30, "wagonZone": 8, "pitchLine": "ON_THE_STUMPS", "pitchLength": "GOOD_LENGTH", "shotType": "FLICK", "shotControl": 1, "timestamp": "2021-10-27T12:58:03.000Z", "modified": "2021-10-27T12:58:06.000Z", "batsmanPlayerId": 49309, "bowlerPlayerId": 54674, "outPlayerId": null, "totalInningRuns": 115, "totalInningWickets": 2, "predictions": {"score": 175, "winProbability": 99.86}, "title": "Mustafizur to Malan", "dismissalText": null, "commentPreTextItems": null, "commentTextItems": [{"type": "HTML", "html": "length ball out the side of the hand, 135kph/84mph and heading leg side, nudged off the pads"}], "commentPostTextItems": null, "commentVideos": [], "commentImages": [], "events": [], "over": null, "batsmanStatText": null, "bowlerStatText": null, "smartStats": []}, {"_uid": 35100139, "id": 35100139, "inningNumber": 2, "ballsActual": null, "ballsUnique": null, "oversUnique": 13.03, "oversActual": 13.3, "overNumber": 14, "ballNumber": 3, "totalRuns": 1, "batsmanRuns": 1, "isFour": false, "isSix": false, "isWicket": false, "dismissalType": null, "byes": 0, "legbyes": 0, "wides": 0, "noballs": 0, "penalties": 0, "wagonX": 207, "wagonY": 172, "wagonZone": 3, "pitchLine": "DOWN_LEG", "pitchLength": "SHORT_OF_A_GOOD_LENGTH", "shotType": "PUSH", "shotControl": 1, "timestamp": "2021-10-27T12:59:07.000Z", "modified": "2021-10-27T12:59:11.000Z", "batsmanPlayerId": 52161, "bowlerPlayerId": 54674, "outPlayerId": null, "totalInningRuns": 116, "totalInningWickets": 2, "predictions": {"score": 175, "winProbability": 99.87}, "title": "Mustafizur to Bairstow", "dismissalText": null, "commentPreTextItems": [{"type": "HTML", "html": "\"From the matches gone, I guess Eng and Aus from Group 1 and Pak and either of India/NZ from Group 2 will make it to the last 4,\" says Juzer. \"Any other thoughts?\" Don't rule out SL (on form) and Afghanistan (unpredictability), I reckon"}], "commentTextItems": [{"type": "HTML", "html": "cutter into the surface, 114kph and tapped down leg side for one"}], "commentPostTextItems": null, "commentVideos": [], "commentImages": [], "events": [], "over": null, "batsmanStatText": null, "bowlerStatText": null, "smartStats": []}, {"_uid": 35100141, "id": 35100141, "inningNumber": 2, "ballsActual": null, "ballsUnique": null, "oversUnique": 13.04, "oversActual": 13.4, "overNumber": 14, "ballNumber": 4, "totalRuns": 4, "batsmanRuns": 4, "isFour": true, "isSix": false, "isWicket": false, "dismissalType": null, "byes": 0, "legbyes": 0, "wides": 0, "noballs": 0, "penalties": 0, "wagonX": 333, "wagonY": 291, "wagonZone": 3, "pitchLine": "OUTSIDE_OFFSTUMP", "pitchLength": "SHORT_OF_A_GOOD_LENGTH", "shotType": "COVER_DRIVE", "shotControl": 1, "timestamp": "2021-10-27T12:59:58.000Z", "modified": "2021-10-27T13:00:01.000Z", "batsmanPlayerId": 49309, "bowlerPlayerId": 54674, "outPlayerId": null, "totalInningRuns": 120, "totalInningWickets": 2, "predictions": {"score": 177, "winProbability": 99.92}, "title": "Mustafizur to Malan", "dismissalText": null, "commentPreTextItems": null, "commentTextItems": [{"type": "HTML", "html": "<b>short and slapped to the cover rope!</b> Just an extension of the arms, Malan pings it over the infield and away"}], "commentPostTextItems": null, "commentVideos": [], "commentImages": [], "events": [], "over": null, "batsmanStatText": null, "bowlerStatText": null, "smartStats": []}, {"_uid": 35100143, "id": 35100143, "inningNumber": 2, "ballsActual": null, "ballsUnique": null, "oversUnique": 13.05, "oversActual": 13.5, "overNumber": 14, "ballNumber": 5, "totalRuns": 1, "batsmanRuns": 1, "isFour": false, "isSix": false, "isWicket": false, "dismissalType": null, "byes": 0, "legbyes": 0, "wides": 0, "noballs": 0, "penalties": 0, "wagonX": 239, "wagonY": 135, "wagonZone": 2, "pitchLine": "OUTSIDE_OFFSTUMP", "pitchLength": "SHORT_OF_A_GOOD_LENGTH", "shotType": "SQUARE_DRIVE", "shotControl": 1, "timestamp": "2021-10-27T13:00:50.000Z", "modified": "2021-10-27T13:01:13.000Z", "batsmanPlayerId": 49309, "bowlerPlayerId": 54674, "outPlayerId": null, "totalInningRuns": 121, "totalInningWickets": 2, "predictions": {"score": 178, "winProbability": 99.93}, "title": "Mustafizur to Malan", "dismissalText": null, "commentPreTextItems": null, "commentTextItems": [{"type": "HTML", "html": "another legcutter, 106kph/66mph and steered towards backward point, it squirms away from Mahedi and they take one"}], "commentPostTextItems": null, "commentVideos": [], "commentImages": [], "events": [], "over": null, "batsmanStatText": null, "bowlerStatText": null, "smartStats": []}, {"_uid": 35100145, "id": 35100145, "inningNumber": 2, "ballsActual": null, "ballsUnique": null, "oversUnique": 13.06, "oversActual": 13.6, "overNumber": 14, "ballNumber": 6, "totalRuns": 1, "batsmanRuns": 1, "isFour": false, "isSix": false, "isWicket": false, "dismissalType": null, "byes": 0, "legbyes": 0, "wides": 0, "noballs": 0, "penalties": 0, "wagonX": 253, "wagonY": 195, "wagonZone": 3, "pitchLine": "ON_THE_STUMPS", "pitchLength": "FULL", "shotType": "FLICK", "shotControl": 1, "timestamp": "2021-10-27T13:01:26.000Z", "modified": "2021-10-27T13:01:29.000Z", "batsmanPlayerId": 52161, "bowlerPlayerId": 54674, "outPlayerId": null, "totalInningRuns": 122, "totalInningWickets": 2, "predictions": {"score": 177, "winProbability": 99.92}, "title": "Mustafizur to Bairstow", "dismissalText": null, "commentPreTextItems": null, "commentTextItems": [{"type": "HTML", "html": "fullish with pace off and nudged to square leg"}], "commentPostTextItems": [{"type": "HTML", "html": "Mohsin: \"Surely Stokes can play in place of Malan, He can bat at 4 or 5 and Bairstow can move up a batting order. He can bat bowl and field. A true 3D player.\" You say that, Mohsin (and I sort of agree), but dropping Malan is harder than it looks!"}], "commentVideos": [], "commentImages": [], "events": [], "over": {"team": {"id": 1, "objectId": 1, "scribeId": 1, "slug": "england", "name": "England", "longName": "England", "abbreviation": "ENG", "unofficialName": "", "imageUrl": "/db/PICTURES/CMS/313100/313114.logo.png", "isCountry": true, "primaryColor": "#0673c1", "image": {"id": 313114, "objectId": 1241522, "slug": "england-logo", "url": "/db/PICTURES/CMS/313100/313114.logo.png", "width": 500, "height": 500, "caption": "England logo", "longCaption": "England logo", "credit": null, "photographer": null, "peerUrls": null}, "country": {"id": 1, "objectId": 1, "name": "England", "shortName": "England", "abbreviation": "ENG", "slug": "england"}}, "inningNumber": 2, "overNumber": 14, "overRuns": 8, "overWickets": 0, "totalRuns": 122, "totalWickets": 2, "target": 125, "overLimit": 20, "ballLimit": 120, "isMaiden": false, "isComplete": true, "isSuperOver": false, "overEndBatsmen": [{"player": {"id": 52161, "objectId": 297433, "name": "JM Bairstow", "longName": "Jonny Bairstow", "mobileName": "Bairstow", "indexName": "Bairstow, JM", "battingName": "JM Bairstow", "fieldingName": "Bairstow", "slug": "jonny-bairstow", "imageUrl": "/db/PICTURES/CMS/304900/304906.jpg", "headshotImageUrl": "/db/PICTURES/CMS/319700/319794.png", "dateOfBirth": {"year": 1989, "month": 9, "date": 26}, "dateOfDeath": null, "gender": "M", "battingStyles": ["rhb"], "bowlingStyles": ["rm"], "longBattingStyles": ["right-hand bat"], "longBowlingStyles": ["right-arm medium"], "image": {"id": 304906, "objectId": 1224399, "slug": "jonny-bairstow-portrait", "url": "/db/PICTURES/CMS/304900/304906.jpg", "width": 160, "height": 200, "caption": "Jonny Bairstow portrait", "longCaption": "Jonny Bairstow, June 2020", "credit": "Getty Images", "photographer": null, "peerUrls": null}, "countryTeamId": 1, "playerRoleTypeIds": [7], "playingRoles": ["wicketkeeper batter"], "headshotImage": {"id": 319794, "objectId": 1259805, "slug": "jonny-bairstow-player-page-headshot-cutout-2021", "url": "/db/PICTURES/CMS/319700/319794.png", "width": 600, "height": 436, "caption": "Jonny Bairstow player page headshot cutout, 2021", "longCaption": "Jonny Bairstow player page headshot cutout, 2021", "credit": null, "photographer": null, "peerUrls": {"FILM": null, "WIDE": null, "SQUARE": "/db/PICTURES/CMS/319700/319794.square.png"}}}, "runs": 4, "balls": 3, "fours": 0, "sixes": 0}, {"player": {"id": 49309, "objectId": 236489, "name": "DJ Malan", "longName": "Dawid Malan", "mobileName": "Malan", "indexName": "Malan, DJ", "battingName": "DJ Malan", "fieldingName": "Malan", "slug": "dawid-malan", "imageUrl": "/db/PICTURES/CMS/304600/304668.jpg", "headshotImageUrl": "/db/PICTURES/CMS/323000/323003.png", "dateOfBirth": {"year": 1987, "month": 9, "date": 3}, "dateOfDeath": null, "gender": "M", "battingStyles": ["lhb"], "bowlingStyles": ["lb"], "longBattingStyles": ["left-hand bat"], "longBowlingStyles": ["legbreak"], "image": {"id": 304668, "objectId": 1224031, "slug": "dawid-malan-portrait", "url": "/db/PICTURES/CMS/304600/304668.jpg", "width": 160, "height": 200, "caption": "Dawid Malan portrait", "longCaption": "Dawid Malan, May 2020", "credit": "Getty Images", "photographer": null, "peerUrls": null}, "countryTeamId": 1, "playerRoleTypeIds": [2], "playingRoles": ["top-order batter"], "headshotImage": {"id": 323003, "objectId": 1266144, "slug": "dawid-malan-player-page-headshot-cutout-2021", "url": "/db/PICTURES/CMS/323000/323003.png", "width": 600, "height": 436, "caption": "Dawid Malan player page headshot cutout, 2021", "longCaption": "Dawid Malan player page headshot cutout, 2021", "credit": null, "photographer": null, "peerUrls": {"FILM": null, "WIDE": null, "SQUARE": "/db/PICTURES/CMS/323000/323003.square.png"}}}, "runs": 28, "balls": 25, "fours": 3, "sixes": 0}], "overEndBowlers": [{"player": {"id": 54674, "objectId": 330902, "name": "Mustafizur Rahman", "longName": "Mustafizur Rahman", "mobileName": "Mustafizur", "indexName": "Mustafizur Rahman", "battingName": "Mustafizur Rahman", "fieldingName": "Mustafizur Rahman", "slug": "mustafizur-rahman", "imageUrl": "/db/PICTURES/CMS/263500/263578.jpg", "headshotImageUrl": "/db/PICTURES/CMS/319700/319734.png", "dateOfBirth": {"year": 1995, "month": 9, "date": 6}, "dateOfDeath": null, "gender": "M", "battingStyles": ["lhb"], "bowlingStyles": ["lfm"], "longBattingStyles": ["left-hand bat"], "longBowlingStyles": ["left-arm fast-medium"], "image": {"id": 263578, "objectId": 1099647, "slug": "mustafizur-rahman", "url": "/db/PICTURES/CMS/263500/263578.jpg", "width": 160, "height": 200, "caption": "Mustafizur Rahman", "longCaption": null, "credit": "Getty Images", "photographer": null, "peerUrls": null}, "countryTeamId": 25, "playerRoleTypeIds": [4], "playingRoles": ["bowler"], "headshotImage": {"id": 319734, "objectId": 1259735, "slug": "mustafizur-rahman-player-page-headshot-cutout-2021", "url": "/db/PICTURES/CMS/319700/319734.png", "width": 600, "height": 436, "caption": "Mustafizur Rahman player page headshot cutout, 2021", "longCaption": "Mustafizur Rahman player page headshot cutout, 2021", "credit": null, "photographer": null, "peerUrls": {"FILM": null, "WIDE": null, "SQUARE": "/db/PICTURES/CMS/319700/319734.square.png"}}}, "overs": 3, "balls": 18, "maidens": 0, "conceded": 23, "wickets": 0, "currentType": 1}, {"player": {"id": 91235, "objectId": 990039, "name": "Shoriful Islam", "longName": "Shoriful Islam", "mobileName": "", "indexName": "Shoriful Islam", "battingName": "Shoriful Islam", "fieldingName": "Shoriful Islam", "slug": "shoriful-islam", "imageUrl": "/db/PICTURES/CMS/286900/286908.1.jpg", "headshotImageUrl": "/db/PICTURES/CMS/323100/323175.png", "dateOfBirth": {"year": 2001, "month": 6, "date": 3}, "dateOfDeath": null, "gender": "M", "battingStyles": ["lhb"], "bowlingStyles": ["lmf"], "longBattingStyles": ["left-hand bat"], "longBowlingStyles": ["left-arm medium-fast"], "image": {"id": 286908, "objectId": 1178636, "slug": "shoriful-islam-player-portrait", "url": "/db/PICTURES/CMS/286900/286908.1.jpg", "width": 160, "height": 198, "caption": "Shoriful Islam player portrait", "longCaption": "Shoriful Islam player portrait", "credit": "Dalim", "photographer": null, "peerUrls": null}, "countryTeamId": 25, "playerRoleTypeIds": [4], "playingRoles": ["bowler"], "headshotImage": {"id": 323175, "objectId": 1266423, "slug": "shoriful-islam-player-page-headshot-cutout-2021", "url": "/db/PICTURES/CMS/323100/323175.png", "width": 600, "height": 436, "caption": "Shoriful Islam player page headshot cutout, 2021", "longCaption": "Shoriful Islam player page headshot cutout, 2021", "credit": null, "photographer": null, "peerUrls": {"FILM": null, "WIDE": null, "SQUARE": "/db/PICTURES/CMS/323100/323175.square.png"}}}, "overs": 3, "balls": 18, "maidens": 0, "conceded": 22, "wickets": 1, "currentType": 2}], "rollover": null}, "batsmanStatText": null, "bowlerStatText": null, "smartStats": []}, {"_uid": 35100147, "id": 35100147, "inningNumber": 2, "ballsActual": null, "ballsUnique": null, "oversUnique": 14.01, "oversActual": 14.1, "overNumber": 15, "ballNumber": 1, "totalRuns": 4, "batsmanRuns": 4, "isFour": true, "isSix": false, "isWicket": false, "dismissalType": null, "byes": 0, "legbyes": 0, "wides": 0, "noballs": 0, "penalties": 0, "wagonX": 341, "wagonY": 275, "wagonZone": 3, "pitchLine": "DOWN_LEG", "pitchLength": "SHORT", "shotType": "PULL", "shotControl": 1, "timestamp": "2021-10-27T13:02:36.000Z", "modified": "2021-10-27T13:02:39.000Z", "batsmanPlayerId": 52161, "bowlerPlayerId": 91235, "outPlayerId": null, "totalInningRuns": 126, "totalInningWickets": 2, "predictions": {"score": 180, "winProbability": 100}, "title": "Shoriful Islam to Bairstow", "dismissalText": null, "commentPreTextItems": [{"type": "HTML", "html": "England a hit away..."}], "commentTextItems": [{"type": "HTML", "html": "<b>and there's the hit, pulled smoothly for four</b>, Bairstow slots it through midwicket and England win by eight wickets. A stroll in the afternoon sunshine"}], "commentPostTextItems": [{"type": "HTML", "html": "<b>2.15pm:</b> Time to hear from the captains, starting with <b>Mahmudullah</b>: \"Definitely, we were disappointed with the batting, it was a good wicket but we didn't start well and didn't have any partnerships in the middle either. We've been lacking a good start, on these wickets it gets difficult later on. We are more skilled hitters than power hitters, we don't want to change that because we believe we can post good totals. We need to reassess and come up with a good plan.\""}, {"type": "HTML", "html": "England skipper <b>Eoin Morgan</b>: \"The bowlers have started the tournament exceptionally well, they've adapted really well again today, very disciplined and backed up with good catching and ground fielding. It's a huge compliment to how far our white-ball cricket in general has come along, a lot of players involved in the 2019 World Cup success and that's lent itself to T20 cricket as well. [Roy] It's nice for him and Dawid to get some time at the wicket. The way Jason plays is so imposing, makes it difficult to set fields, so great to see him in good touch.\""}, {"type": "HTML", "html": "Right, that'll do. Andrew Miller is tapping up his final report, and we've already <a href=https://www.espncricinfo.com/series/icc-men-s-t20-world-cup-2021-22-1267897/namibia-vs-scotland-21st-match-group-2-1273732/live-cricket-score>started our build-up to Namibia vs Scotland</a>, the evening fixture in Abu Dhabi. As ever, thanks for your contribs. From myself, Debayan and Chandan, it's cheerio for now. Bye!"}, {"type": "HTML", "html": "<b>2.05pm:</b> Wrapped like shawarma, England take the points and can go seek a shady spot. They weren't made to sweat (at least figuratively) by a below-par Bangladesh batting display, and now sit on a very healthy NRR as well as two wins from two in Group 1. Things seem to be coming together nicely, despite the niggles for Mark Wood and Tom Curran. Moeen has embraced his role with the new ball, Mills looked during the death overs, and then Roy played the perfect innings at top, helping to silence some of the doubts about England's abilities against spin"}, {"type": "HTML", "html": "<b>Jason Roy</b> is named Player of the Match after making 61 off 38 in his 50th T20I: \"Very special match for us, we had to  back up our last performance and came out firing with the ball. A lot of credit to our bowlers again. [Game changed over years?] You grow up a tiny bit, at the start of my career it was sporadic T20s here and there, nice to get into more of a routine now. Want to get off to as good a start as possible, but these pitches can be quite hard to do so. Today I hit a few gaps but it's definitely a case of keeping wickets in hand and then powering through the back end. [Facing spin] It's a part of my game that's improved a lot, today was a big test, so I had to use all the skills I've learned.\""}], "commentVideos": [], "commentImages": [], "events": [], "over": null, "batsmanStatText": null, "bowlerStatText": null, "smartStats": []}]