[{"_uid": 35051805, "id": 35051805, "inningNumber": 1, "ballsActual": null, "ballsUnique": null, "oversUnique": 17.01, "oversActual": 17.1, "overNumber": 18, "ballNumber": 1, "totalRuns": 0, "batsmanRuns": 0, "isFour": false, "isSix": false, "isWicket": false, "dismissalType": null, "byes": 0, "legbyes": 0, "wides": 0, "noballs": 0, "penalties": 0, "wagonX": 0, "wagonY": 0, "wagonZone": 0, "pitchLine": "OUTSIDE_OFFSTUMP", "pitchLength": "SHORT_OF_A_GOOD_LENGTH", "shotType": "CUT_SHOT", "shotControl": 2, "timestamp": "2021-10-20T15:37:20.000Z", "modified": "2021-10-20T15:39:49.000Z", "batsmanPlayerId": 61690, "bowlerPlayerId": 57785, "outPlayerId": null, "totalInningRuns": 145, "totalInningWickets": 5, "predictions": {"score": 176, "winProbability": 64.94}, "title": "Young to Shanaka", "dismissalText": null, "commentPreTextItems": null, "commentTextItems": [{"type": "HTML", "html": "beaten outside off, by a whisker! Good length, shaping in, eludes a flat-footed flick"}], "commentPostTextItems": null, "commentVideos": [], "commentImages": [], "events": [], "over": null, "batsmanStatText": null, "bowlerStatText": null, "smartStats": []}, {"_uid": 35051813, "id": 35051813, "inningNumber": 1, "ballsActual": null, "ballsUnique": null, "oversUnique": 17.02, "oversActual": 17.2, "overNumber": 18, "ballNumber": 2, "totalRuns": 1, "batsmanRuns": 1, "isFour": false, "isSix": false, "isWicket": false, "dismissalType": null, "byes": 0, "legbyes": 0, "wides": 0, "noballs": 0, "penalties": 0, "wagonX": 295, "wagonY": 98, "wagonZone": 2, "pitchLine": "ON_THE_STUMPS", "pitchLength": "SHORT_OF_A_GOOD_LENGTH", "shotType": "FLICK", "shotControl": 1, "timestamp": "2021-10-20T15:37:55.000Z", "modified": "2021-10-20T15:39:56.000Z", "batsmanPlayerId": 61690, "bowlerPlayerId": 57785, "outPlayerId": null, "totalInningRuns": 146, "totalInningWickets": 5, "predictions": {"score": 175, "winProbability": 63.93}, "title": "Young to Shanaka", "dismissalText": null, "commentPreTextItems": null, "commentTextItems": [{"type": "HTML", "html": "on the legs, nudged to backward square"}], "commentPostTextItems": [{"type": "HTML", "html": "Sundar: \"Yes Andrew, 10 an over is not unreasonable. But 10 an over will get SL to 175. 190 will need something else!\" To be fair that was calculated before a decent 16th over"}], "commentVideos": [], "commentImages": [], "events": [], "over": null, "batsmanStatText": null, "bowlerStatText": null, "smartStats": []}, {"_uid": 35051816, "id": 35051816, "inningNumber": 1, "ballsActual": null, "ballsUnique": null, "oversUnique": 17.03, "oversActual": 17.3, "overNumber": 18, "ballNumber": 3, "totalRuns": 1, "batsmanRuns": 1, "isFour": false, "isSix": false, "isWicket": false, "dismissalType": null, "byes": 0, "legbyes": 0, "wides": 0, "noballs": 0, "penalties": 0, "wagonX": 245, "wagonY": 303, "wagonZone": 4, "pitchLine": "ON_THE_STUMPS", "pitchLength": "GOOD_LENGTH", "shotType": "ON_DRIVE", "shotControl": 1, "timestamp": "2021-10-20T15:38:40.000Z", "modified": "2021-10-20T15:40:03.000Z", "batsmanPlayerId": 93033, "bowlerPlayerId": 57785, "outPlayerId": null, "totalInningRuns": 147, "totalInningWickets": 5, "predictions": {"score": 175, "winProbability": 63.93}, "title": "Young to Nissanka", "dismissalText": null, "commentPreTextItems": null, "commentTextItems": [{"type": "HTML", "html": "flogged through the line, and plugs just short of the man in the deep"}], "commentPostTextItems": null, "commentVideos": [], "commentImages": [], "events": [], "over": null, "batsmanStatText": null, "bowlerStatText": null, "smartStats": []}, {"_uid": 35051821, "id": 35051821, "inningNumber": 1, "ballsActual": null, "ballsUnique": null, "oversUnique": 17.04, "oversActual": 17.4, "overNumber": 18, "ballNumber": 4, "totalRuns": 1, "batsmanRuns": 1, "isFour": false, "isSix": false, "isWicket": false, "dismissalType": null, "byes": 0, "legbyes": 0, "wides": 0, "noballs": 0, "penalties": 0, "wagonX": 93, "wagonY": 252, "wagonZone": 5, "pitchLine": "OUTSIDE_OFFSTUMP", "pitchLength": "GOOD_LENGTH", "shotType": "COVER_DRIVE", "shotControl": 1, "timestamp": "2021-10-20T15:39:16.000Z", "modified": "2021-10-20T15:40:13.000Z", "batsmanPlayerId": 61690, "bowlerPlayerId": 57785, "outPlayerId": null, "totalInningRuns": 148, "totalInningWickets": 5, "predictions": {"score": 174, "winProbability": 62.91}, "title": "Young to Shanaka", "dismissalText": null, "commentPreTextItems": null, "commentTextItems": [{"type": "HTML", "html": "cracked out to the covers, Ireland are regrouping well after their mid-innings meltdown"}], "commentPostTextItems": null, "commentVideos": [], "commentImages": [], "events": [], "over": null, "batsmanStatText": null, "bowlerStatText": null, "smartStats": []}, {"_uid": 35051823, "id": 35051823, "inningNumber": 1, "ballsActual": null, "ballsUnique": null, "oversUnique": 17.05, "oversActual": 17.5, "overNumber": 18, "ballNumber": 5, "totalRuns": 1, "batsmanRuns": 1, "isFour": false, "isSix": false, "isWicket": false, "dismissalType": null, "byes": 0, "legbyes": 0, "wides": 0, "noballs": 0, "penalties": 0, "wagonX": 156, "wagonY": 250, "wagonZone": 5, "pitchLine": "OUTSIDE_OFFSTUMP", "pitchLength": "FULL", "shotType": "ON_DRIVE", "shotControl": 1, "timestamp": "2021-10-20T15:40:21.000Z", "modified": "2021-10-20T15:40:24.000Z", "batsmanPlayerId": 93033, "bowlerPlayerId": 57785, "outPlayerId": null, "totalInningRuns": 149, "totalInningWickets": 5, "predictions": {"score": 173, "winProbability": 61.87}, "title": "Young to Nissanka", "dismissalText": null, "commentPreTextItems": null, "commentTextItems": [{"type": "HTML", "html": "hauled across the line to deep midwicket"}], "commentPostTextItems": null, "commentVideos": [], "commentImages": [], "events": [], "over": null, "batsmanStatText": null, "bowlerStatText": null, "smartStats": []}, {"_uid": 35051828, "id": 35051828, "inningNumber": 1, "ballsActual": null, "ballsUnique": null, "oversUnique": 17.06, "oversActual": 17.6, "overNumber": 18, "ballNumber": 6, "totalRuns": 1, "batsmanRuns": 1, "isFour": false, "isSix": false, "isWicket": false, "dismissalType": null, "byes": 0, "legbyes": 0, "wides": 0, "noballs": 0, "penalties": 0, "wagonX": 318, "wagonY": 215, "wagonZone": 3, "pitchLine": "ON_THE_STUMPS", "pitchLength": "GOOD_LENGTH", "shotType": "FLICK", "shotControl": 1, "timestamp": "2021-10-20T15:40:29.000Z", "modified": "2021-10-20T15:40:32.000Z", "batsmanPlayerId": 61690, "bowlerPlayerId": 57785, "outPlayerId": null, "totalInningRuns": 150, "totalInningWickets": 5, "predictions": {"score": 173, "winProbability": 61.87}, "title": "Young to Shanaka", "dismissalText": null, "commentPreTextItems": null, "commentTextItems": [{"type": "HTML", "html": "advances to the pitch, Young bangs in a short ball in response, and a scuffed pull lands behind the bowler. The end of a gutsy spell from Young, who's kept a lid on Sri Lanka's ambitions"}], "commentPostTextItems": null, "commentVideos": [], "commentImages": [], "events": [], "over": {"team": {"id": 8, "objectId": 8, "scribeId": 8, "slug": "sri-lanka", "name": "Sri Lanka", "longName": "Sri Lanka", "abbreviation": "SL", "unofficialName": "", "imageUrl": "/db/PICTURES/CMS/340000/340047.png", "isCountry": true, "primaryColor": "#203d89", "image": {"id": 340047, "objectId": 1316921, "slug": "sri-lanka-team-flag", "url": "/db/PICTURES/CMS/340000/340047.png", "width": 500, "height": 500, "caption": "Sri Lanka team flag", "longCaption": "Sri Lanka team flag", "credit": "Google", "photographer": null, "peerUrls": null}, "country": {"id": 8, "objectId": 8, "name": "Sri Lanka", "shortName": "Sri Lanka", "abbreviation": "SL", "slug": "sri-lanka"}}, "inningNumber": 1, "overNumber": 18, "overRuns": 5, "overWickets": 0, "totalRuns": 150, "totalWickets": 5, "target": 0, "overLimit": 20, "ballLimit": 120, "isMaiden": false, "isComplete": true, "isSuperOver": false, "overEndBatsmen": [{"player": {"id": 61690, "objectId": 437316, "name": "MD Shanaka", "longName": "Dasun Shanaka", "mobileName": "Shanaka", "indexName": "Shanaka, MD", "battingName": "MD Shanaka", "fieldingName": "Shanaka", "slug": "dasun-shanaka", "imageUrl": "/db/PICTURES/CMS/327900/327999.7.jpg", "headshotImageUrl": "/db/PICTURES/CMS/328000/328058.png", "dateOfBirth": {"year": 1991, "month": 9, "date": 9}, "dateOfDeath": null, "gender": "M", "battingStyles": ["rhb"], "bowlingStyles": ["rm"], "longBattingStyles": ["right-hand bat"], "longBowlingStyles": ["right-arm medium"], "image": {"id": 327999, "objectId": 1280829, "slug": "dasun-shanaka-player-portrait", "url": "/db/PICTURES/CMS/327900/327999.7.jpg", "width": 160, "height": 253, "caption": "Dasun Shanaka, player portrait", "longCaption": "Dasun Shanaka, player portrait", "credit": "AFP/Getty Images", "photographer": "Randy Brooks", "peerUrls": null}, "countryTeamId": 8, "playerRoleTypeIds": [5], "playingRoles": ["allrounder"], "headshotImage": {"id": 328058, "objectId": 1280983, "slug": "dasun-shanaka-player-page-headshot-cutout-2021", "url": "/db/PICTURES/CMS/328000/328058.png", "width": 600, "height": 436, "caption": "Dasun Shanaka player page headshot cutout, 2021", "longCaption": "Dasun Shanaka player page headshot cutout, 2021", "credit": null, "photographer": null, "peerUrls": {"FILM": null, "WIDE": null, "SQUARE": "/db/PICTURES/CMS/328000/328058.square.png"}}}, "runs": 4, "balls": 5, "fours": 0, "sixes": 0}, {"player": {"id": 93033, "objectId": 1028655, "name": "P Nissanka", "longName": "Pathum Nissanka", "mobileName": "Nissanka", "indexName": "Nissanka, P", "battingName": "P Nissanka", "fieldingName": "Nissanka", "slug": "pathum-nissanka", "imageUrl": "/db/PICTURES/CMS/318400/318435.jpg", "headshotImageUrl": "/db/PICTURES/CMS/323000/323070.png", "dateOfBirth": {"year": 1998, "month": 5, "date": 18}, "dateOfDeath": null, "gender": "M", "battingStyles": ["rhb"], "bowlingStyles": [], "longBattingStyles": ["right-hand bat"], "longBowlingStyles": [], "image": {"id": 318435, "objectId": 1256641, "slug": "pathum-nissanka-portrait", "url": "/db/PICTURES/CMS/318400/318435.jpg", "width": 160, "height": 200, "caption": "Pathum Nissanka portrait", "longCaption": "Pathum Nissanka portrait, Antigua and Barbuda, March 12, 2021", "credit": "Getty Images", "photographer": null, "peerUrls": null}, "countryTeamId": 8, "playerRoleTypeIds": [2], "playingRoles": ["top-order batter"], "headshotImage": {"id": 323070, "objectId": 1266243, "slug": "pathum-nissaka-player-page-headshot-cutout-2021", "url": "/db/PICTURES/CMS/323000/323070.png", "width": 600, "height": 436, "caption": "Pathum Nissaka player page headshot cutout, 2021", "longCaption": "Pathum Nissaka player page headshot cutout, 2021", "credit": null, "photographer": null, "peerUrls": {"FILM": null, "WIDE": null, "SQUARE": "/db/PICTURES/CMS/323000/323070.square.png"}}}, "runs": 61, "balls": 45, "fours": 6, "sixes": 1}], "overEndBowlers": [{"player": {"id": 57785, "objectId": 364343, "name": "CA Young", "longName": "Craig Young", "mobileName": "Young", "indexName": "Young, CA", "battingName": "CA Young", "fieldingName": "Young", "slug": "craig-young", "imageUrl": "/db/PICTURES/CMS/367800/367864.4.jpg", "headshotImageUrl": "/db/PICTURES/CMS/367800/367859.png", "dateOfBirth": {"year": 1990, "month": 4, "date": 4}, "dateOfDeath": null, "gender": "M", "battingStyles": ["rhb"], "bowlingStyles": ["rfm"], "longBattingStyles": ["right-hand bat"], "longBowlingStyles": ["right-arm fast-medium"], "image": {"id": 367864, "objectId": 1400226, "slug": "craig-young-player-portrait", "url": "/db/PICTURES/CMS/367800/367864.4.jpg", "width": 160, "height": 227, "caption": "Craig Young, player portrait", "longCaption": "Craig Young, player portrait", "credit": "Getty Images", "photographer": null, "peerUrls": null}, "countryTeamId": 29, "playerRoleTypeIds": [4], "playingRoles": ["bowler"], "headshotImage": {"id": 367859, "objectId": 1400219, "slug": "craig-young-player-page-headshot-cutout-2023", "url": "/db/PICTURES/CMS/367800/367859.png", "width": 600, "height": 436, "caption": "Craig Young, player page headshot cutout 2023", "longCaption": "Craig Young, player page headshot cutout 2023", "credit": null, "photographer": null, "peerUrls": {"FILM": null, "WIDE": null, "SQUARE": "/db/PICTURES/CMS/367800/367859.square.png"}}}, "overs": 4, "balls": 24, "maidens": 0, "conceded": 24, "wickets": 0, "currentType": 1}, {"player": {"id": 85975, "objectId": 928067, "name": "JB Little", "longName": "Josh Little", "mobileName": "Little", "indexName": "Little, JB", "battingName": "JB Little", "fieldingName": "Little", "slug": "josh-little", "imageUrl": "/db/PICTURES/CMS/367800/367863.4.jpg", "headshotImageUrl": "/db/PICTURES/CMS/367800/367860.png", "dateOfBirth": {"year": 1999, "month": 11, "date": 1}, "dateOfDeath": null, "gender": "M", "battingStyles": ["rhb"], "bowlingStyles": ["lfm"], "longBattingStyles": ["right-hand bat"], "longBowlingStyles": ["left-arm fast-medium"], "image": {"id": 367863, "objectId": 1400224, "slug": "josh-little-player-portrait", "url": "/db/PICTURES/CMS/367800/367863.4.jpg", "width": 160, "height": 230, "caption": "Josh Little, player portrait", "longCaption": "Josh Little, player portrait", "credit": "Getty Images", "photographer": null, "peerUrls": null}, "countryTeamId": 29, "playerRoleTypeIds": [4], "playingRoles": ["bowler"], "headshotImage": {"id": 367860, "objectId": 1400220, "slug": "josh-little-player-page-headshot-cutout-2023", "url": "/db/PICTURES/CMS/367800/367860.png", "width": 600, "height": 436, "caption": "Josh Little, player page headshot cutout 2023", "longCaption": "Josh Little, player page headshot cutout 2023", "credit": null, "photographer": null, "peerUrls": {"FILM": null, "WIDE": null, "SQUARE": "/db/PICTURES/CMS/367800/367860.square.png"}}}, "overs": 3, "balls": 18, "maidens": 0, "conceded": 17, "wickets": 3, "currentType": 2}], "rollover": null}, "batsmanStatText": null, "bowlerStatText": null, "smartStats": []}, {"_uid": 35051836, "id": 35051836, "inningNumber": 1, "ballsActual": null, "ballsUnique": null, "oversUnique": 18.01, "oversActual": 18.1, "overNumber": 19, "ballNumber": 1, "totalRuns": 4, "batsmanRuns": 4, "isFour": true, "isSix": false, "isWicket": false, "dismissalType": null, "byes": 0, "legbyes": 0, "wides": 0, "noballs": 0, "penalties": 0, "wagonX": 362, "wagonY": 233, "wagonZone": 3, "pitchLine": "ON_THE_STUMPS", "pitchLength": "SHORT_OF_A_GOOD_LENGTH", "shotType": "PULL", "shotControl": 1, "timestamp": "2021-10-20T15:41:50.000Z", "modified": "2021-10-20T15:41:53.000Z", "batsmanPlayerId": 61690, "bowlerPlayerId": 85975, "outPlayerId": null, "totalInningRuns": 154, "totalInningWickets": 5, "predictions": {"score": 174, "winProbability": 62.91}, "title": "Little to Shanaka", "dismissalText": null, "commentPreTextItems": null, "commentTextItems": [{"type": "HTML", "html": "<strong>blatted off the front foot!</strong> That's a monstrous strike, clean through the gap at deep midwicket. In fact, it plugged inches short of the rope, but was travelling at a rate of knots"}], "commentPostTextItems": null, "commentVideos": [], "commentImages": [], "events": [], "over": null, "batsmanStatText": null, "bowlerStatText": null, "smartStats": []}, {"_uid": 35051844, "id": 35051844, "inningNumber": 1, "ballsActual": null, "ballsUnique": null, "oversUnique": 18.02, "oversActual": 18.2, "overNumber": 19, "ballNumber": 2, "totalRuns": 1, "batsmanRuns": 1, "isFour": false, "isSix": false, "isWicket": false, "dismissalType": null, "byes": 0, "legbyes": 0, "wides": 0, "noballs": 0, "penalties": 0, "wagonX": 227, "wagonY": 255, "wagonZone": 4, "pitchLine": "OUTSIDE_OFFSTUMP", "pitchLength": "YORKER", "shotType": "SLOG_SHOT", "shotControl": 2, "timestamp": "2021-10-20T15:43:00.000Z", "modified": "2021-10-20T15:43:04.000Z", "batsmanPlayerId": 61690, "bowlerPlayerId": 85975, "outPlayerId": null, "totalInningRuns": 155, "totalInningWickets": 5, "predictions": {"score": 174, "winProbability": 62.91}, "title": "Little to Shanaka", "dismissalText": null, "commentPreTextItems": null, "commentTextItems": [{"type": "HTML", "html": "advance to the pitch again, cuffed to the on-side on a full length"}], "commentPostTextItems": null, "commentVideos": [], "commentImages": [], "events": [], "over": null, "batsmanStatText": null, "bowlerStatText": null, "smartStats": []}, {"_uid": 35051849, "id": 35051849, "inningNumber": 1, "ballsActual": null, "ballsUnique": null, "oversUnique": 18.03, "oversActual": 18.3, "overNumber": 19, "ballNumber": 3, "totalRuns": 1, "batsmanRuns": 0, "isFour": false, "isSix": false, "isWicket": false, "dismissalType": null, "byes": 1, "legbyes": 0, "wides": 0, "noballs": 0, "penalties": 0, "wagonX": 0, "wagonY": 0, "wagonZone": 0, "pitchLine": "OUTSIDE_OFFSTUMP", "pitchLength": "GOOD_LENGTH", "shotType": "SLOG_SHOT", "shotControl": 2, "timestamp": "2021-10-20T15:43:43.000Z", "modified": "2021-10-20T15:43:47.000Z", "batsmanPlayerId": 93033, "bowlerPlayerId": 85975, "outPlayerId": null, "totalInningRuns": 156, "totalInningWickets": 5, "predictions": {"score": 173, "winProbability": 61.87}, "title": "Little to Nissanka", "dismissalText": null, "commentPreTextItems": null, "commentTextItems": [{"type": "HTML", "html": "full length, beats a wipe to leg, and the keeper fumbles too to gift the bye"}], "commentPostTextItems": [{"type": "HTML", "html": "KJSays: \"190 forecast may have been aggressive, but 150 is already a competitive score.\" There is of course the dew factor, but yes..."}], "commentVideos": [], "commentImages": [], "events": [], "over": null, "batsmanStatText": null, "bowlerStatText": null, "smartStats": []}, {"_uid": 35051851, "id": 35051851, "inningNumber": 1, "ballsActual": null, "ballsUnique": null, "oversUnique": 18.04, "oversActual": 18.4, "overNumber": 19, "ballNumber": 4, "totalRuns": 1, "batsmanRuns": 1, "isFour": false, "isSix": false, "isWicket": false, "dismissalType": null, "byes": 0, "legbyes": 0, "wides": 0, "noballs": 0, "penalties": 0, "wagonX": 63, "wagonY": 267, "wagonZone": 6, "pitchLine": "OUTSIDE_OFFSTUMP", "pitchLength": "GOOD_LENGTH", "shotType": "COVER_DRIVE", "shotControl": 1, "timestamp": "2021-10-20T15:44:17.000Z", "modified": "2021-10-20T15:44:21.000Z", "batsmanPlayerId": 61690, "bowlerPlayerId": 85975, "outPlayerId": null, "totalInningRuns": 157, "totalInningWickets": 5, "predictions": {"score": 172, "winProbability": 60.82}, "title": "Little to Shanaka", "dismissalText": null, "commentPreTextItems": null, "commentTextItems": [{"type": "HTML", "html": "leathered to the long-off sweeper, climbing into a wide line"}], "commentPostTextItems": null, "commentVideos": [], "commentImages": [], "events": [], "over": null, "batsmanStatText": null, "bowlerStatText": null, "smartStats": []}, {"_uid": 35051854, "id": 35051854, "inningNumber": 1, "ballsActual": null, "ballsUnique": null, "oversUnique": 18.05, "oversActual": 18.5, "overNumber": 19, "ballNumber": 5, "totalRuns": 0, "batsmanRuns": 0, "isFour": false, "isSix": false, "isWicket": true, "dismissalType": 1, "byes": 0, "legbyes": 0, "wides": 0, "noballs": 0, "penalties": 0, "wagonX": 176, "wagonY": 141, "wagonZone": 8, "pitchLine": "WIDE_OUTSIDE_OFFSTUMP", "pitchLength": "FULL", "shotType": "CUT_SHOT", "shotControl": 2, "timestamp": "2021-10-20T15:44:58.000Z", "modified": "2021-10-20T15:45:02.000Z", "batsmanPlayerId": 93033, "bowlerPlayerId": 85975, "outPlayerId": 93033, "totalInningRuns": 157, "totalInningWickets": 6, "predictions": {"score": 170, "winProbability": 58.69}, "title": "Little to Nissanka", "dismissalText": {"short": "caught", "long": "c \u2020Rock b Little", "commentary": "Pathum Nissanka c \u2020Rock b Little 61 (47b 6x4 1x6 105m) SR: 129.78"}, "commentPreTextItems": null, "commentTextItems": [{"type": "HTML", "html": "very wide, Nissanka chases the ball, and <B>toe-ends it to the keeper!</B> Had he left it, he'd have got that one again. But instead it's the end of a fantastic innings, and a fourth scalp for Ireland's main man!"}], "commentPostTextItems": [{"type": "HTML", "html": "Charles Lobster: \"Who's up for a Stirling blitzkrieg today? Ireland need it very much.\" I suspect Dermot is!"}], "commentVideos": [], "commentImages": [], "events": [], "over": null, "batsmanStatText": null, "bowlerStatText": null, "smartStats": []}, {"_uid": 35051863, "id": 35051863, "inningNumber": 1, "ballsActual": null, "ballsUnique": null, "oversUnique": 18.06, "oversActual": 18.6, "overNumber": 19, "ballNumber": 6, "totalRuns": 0, "batsmanRuns": 0, "isFour": false, "isSix": false, "isWicket": false, "dismissalType": null, "byes": 0, "legbyes": 0, "wides": 0, "noballs": 0, "penalties": 0, "wagonX": 184, "wagonY": 194, "wagonZone": 4, "pitchLine": "ON_THE_STUMPS", "pitchLength": "FULL", "shotType": "DEFENDED", "shotControl": 1, "timestamp": "2021-10-20T15:46:33.000Z", "modified": "2021-10-20T15:46:37.000Z", "batsmanPlayerId": 70580, "bowlerPlayerId": 85975, "outPlayerId": null, "totalInningRuns": 157, "totalInningWickets": 6, "predictions": {"score": 168, "winProbability": 56.52}, "title": "Little to C Karunaratne", "dismissalText": null, "commentPreTextItems": null, "commentTextItems": [{"type": "HTML", "html": "very full, right into the blockhole, pumped back at the bowler. That's the end of a superb spell. Four-fours in consecutive matches for Ireland bowlers"}], "commentPostTextItems": null, "commentVideos": [], "commentImages": [], "events": [], "over": {"team": {"id": 8, "objectId": 8, "scribeId": 8, "slug": "sri-lanka", "name": "Sri Lanka", "longName": "Sri Lanka", "abbreviation": "SL", "unofficialName": "", "imageUrl": "/db/PICTURES/CMS/340000/340047.png", "isCountry": true, "primaryColor": "#203d89", "image": {"id": 340047, "objectId": 1316921, "slug": "sri-lanka-team-flag", "url": "/db/PICTURES/CMS/340000/340047.png", "width": 500, "height": 500, "caption": "Sri Lanka team flag", "longCaption": "Sri Lanka team flag", "credit": "Google", "photographer": null, "peerUrls": null}, "country": {"id": 8, "objectId": 8, "name": "Sri Lanka", "shortName": "Sri Lanka", "abbreviation": "SL", "slug": "sri-lanka"}}, "inningNumber": 1, "overNumber": 19, "overRuns": 7, "overWickets": 1, "totalRuns": 157, "totalWickets": 6, "target": 0, "overLimit": 20, "ballLimit": 120, "isMaiden": false, "isComplete": true, "isSuperOver": false, "overEndBatsmen": [{"player": {"id": 70580, "objectId": 623695, "name": "C Karunaratne", "longName": "Chamika Karunaratne", "mobileName": "", "indexName": "Karunaratne, C", "battingName": "C Karunaratne", "fieldingName": "Karunaratne", "slug": "chamika-karunaratne", "imageUrl": "/db/PICTURES/CMS/303800/303830.png", "headshotImageUrl": "/db/PICTURES/CMS/329900/329937.png", "dateOfBirth": {"year": 1996, "month": 5, "date": 29}, "dateOfDeath": null, "gender": "M", "battingStyles": ["rhb"], "bowlingStyles": ["rmf"], "longBattingStyles": ["right-hand bat"], "longBowlingStyles": ["right-arm medium-fast"], "image": {"id": 303830, "objectId": 1222664, "slug": "chamika-karunaratne-portrait", "url": "/db/PICTURES/CMS/303800/303830.png", "width": 160, "height": 202, "caption": "Chamika Karunaratne portrait", "longCaption": "Chamika Karunaratne, May 2020", "credit": "Getty Images", "photographer": null, "peerUrls": null}, "countryTeamId": 8, "playerRoleTypeIds": [11], "playingRoles": ["bowling allrounder"], "headshotImage": {"id": 329937, "objectId": 1287354, "slug": "chamika-karunaratne-player-page-headshot-cutout-2021", "url": "/db/PICTURES/CMS/329900/329937.png", "width": 600, "height": 436, "caption": "Chamika Karunaratne player page headshot cutout 2021", "longCaption": "Chamika Karunaratne player page headshot cutout 2021", "credit": null, "photographer": null, "peerUrls": {"FILM": null, "WIDE": null, "SQUARE": "/db/PICTURES/CMS/329900/329937.square.png"}}}, "runs": 0, "balls": 1, "fours": 0, "sixes": 0}, {"player": {"id": 61690, "objectId": 437316, "name": "MD Shanaka", "longName": "Dasun Shanaka", "mobileName": "Shanaka", "indexName": "Shanaka, MD", "battingName": "MD Shanaka", "fieldingName": "Shanaka", "slug": "dasun-shanaka", "imageUrl": "/db/PICTURES/CMS/327900/327999.7.jpg", "headshotImageUrl": "/db/PICTURES/CMS/328000/328058.png", "dateOfBirth": {"year": 1991, "month": 9, "date": 9}, "dateOfDeath": null, "gender": "M", "battingStyles": ["rhb"], "bowlingStyles": ["rm"], "longBattingStyles": ["right-hand bat"], "longBowlingStyles": ["right-arm medium"], "image": {"id": 327999, "objectId": 1280829, "slug": "dasun-shanaka-player-portrait", "url": "/db/PICTURES/CMS/327900/327999.7.jpg", "width": 160, "height": 253, "caption": "Dasun Shanaka, player portrait", "longCaption": "Dasun Shanaka, player portrait", "credit": "AFP/Getty Images", "photographer": "Randy Brooks", "peerUrls": null}, "countryTeamId": 8, "playerRoleTypeIds": [5], "playingRoles": ["allrounder"], "headshotImage": {"id": 328058, "objectId": 1280983, "slug": "dasun-shanaka-player-page-headshot-cutout-2021", "url": "/db/PICTURES/CMS/328000/328058.png", "width": 600, "height": 436, "caption": "Dasun Shanaka player page headshot cutout, 2021", "longCaption": "Dasun Shanaka player page headshot cutout, 2021", "credit": null, "photographer": null, "peerUrls": {"FILM": null, "WIDE": null, "SQUARE": "/db/PICTURES/CMS/328000/328058.square.png"}}}, "runs": 10, "balls": 8, "fours": 1, "sixes": 0}], "overEndBowlers": [{"player": {"id": 85975, "objectId": 928067, "name": "JB Little", "longName": "Josh Little", "mobileName": "Little", "indexName": "Little, JB", "battingName": "JB Little", "fieldingName": "Little", "slug": "josh-little", "imageUrl": "/db/PICTURES/CMS/367800/367863.4.jpg", "headshotImageUrl": "/db/PICTURES/CMS/367800/367860.png", "dateOfBirth": {"year": 1999, "month": 11, "date": 1}, "dateOfDeath": null, "gender": "M", "battingStyles": ["rhb"], "bowlingStyles": ["lfm"], "longBattingStyles": ["right-hand bat"], "longBowlingStyles": ["left-arm fast-medium"], "image": {"id": 367863, "objectId": 1400224, "slug": "josh-little-player-portrait", "url": "/db/PICTURES/CMS/367800/367863.4.jpg", "width": 160, "height": 230, "caption": "Josh Little, player portrait", "longCaption": "Josh Little, player portrait", "credit": "Getty Images", "photographer": null, "peerUrls": null}, "countryTeamId": 29, "playerRoleTypeIds": [4], "playingRoles": ["bowler"], "headshotImage": {"id": 367860, "objectId": 1400220, "slug": "josh-little-player-page-headshot-cutout-2023", "url": "/db/PICTURES/CMS/367800/367860.png", "width": 600, "height": 436, "caption": "Josh Little, player page headshot cutout 2023", "longCaption": "Josh Little, player page headshot cutout 2023", "credit": null, "photographer": null, "peerUrls": {"FILM": null, "WIDE": null, "SQUARE": "/db/PICTURES/CMS/367800/367860.square.png"}}}, "overs": 4, "balls": 24, "maidens": 0, "conceded": 23, "wickets": 4, "currentType": 1}, {"player": {"id": 57785, "objectId": 364343, "name": "CA Young", "longName": "Craig Young", "mobileName": "Young", "indexName": "Young, CA", "battingName": "CA Young", "fieldingName": "Young", "slug": "craig-young", "imageUrl": "/db/PICTURES/CMS/367800/367864.4.jpg", "headshotImageUrl": "/db/PICTURES/CMS/367800/367859.png", "dateOfBirth": {"year": 1990, "month": 4, "date": 4}, "dateOfDeath": null, "gender": "M", "battingStyles": ["rhb"], "bowlingStyles": ["rfm"], "longBattingStyles": ["right-hand bat"], "longBowlingStyles": ["right-arm fast-medium"], "image": {"id": 367864, "objectId": 1400226, "slug": "craig-young-player-portrait", "url": "/db/PICTURES/CMS/367800/367864.4.jpg", "width": 160, "height": 227, "caption": "Craig Young, player portrait", "longCaption": "Craig Young, player portrait", "credit": "Getty Images", "photographer": null, "peerUrls": null}, "countryTeamId": 29, "playerRoleTypeIds": [4], "playingRoles": ["bowler"], "headshotImage": {"id": 367859, "objectId": 1400219, "slug": "craig-young-player-page-headshot-cutout-2023", "url": "/db/PICTURES/CMS/367800/367859.png", "width": 600, "height": 436, "caption": "Craig Young, player page headshot cutout 2023", "longCaption": "Craig Young, player page headshot cutout 2023", "credit": null, "photographer": null, "peerUrls": {"FILM": null, "WIDE": null, "SQUARE": "/db/PICTURES/CMS/367800/367859.square.png"}}}, "overs": 4, "balls": 24, "maidens": 0, "conceded": 24, "wickets": 0, "currentType": 2}], "rollover": null}, "batsmanStatText": null, "bowlerStatText": null, "smartStats": []}]