[{"_uid": 35037481, "id": 35037481, "inningNumber": 2, "ballsActual": null, "ballsUnique": null, "oversUnique": 11.01, "oversActual": 11.1, "overNumber": 12, "ballNumber": 1, "totalRuns": 0, "batsmanRuns": 0, "isFour": false, "isSix": false, "isWicket": false, "dismissalType": null, "byes": 0, "legbyes": 0, "wides": 0, "noballs": 0, "penalties": 0, "wagonX": 171, "wagonY": 183, "wagonZone": 5, "pitchLine": "OUTSIDE_OFFSTUMP", "pitchLength": "GOOD_LENGTH", "shotType": "DEFENDED", "shotControl": 1, "timestamp": "2021-10-17T12:42:00.000Z", "modified": "2021-10-17T12:42:02.000Z", "batsmanPlayerId": 53016, "bowlerPlayerId": 101285, "outPlayerId": null, "totalInningRuns": 96, "totalInningWickets": 0, "predictions": {"score": 175, "winProbability": 99.3}, "title": "Ravu to Jatinder", "dismissalText": null, "commentPreTextItems": [{"type": "HTML", "html": "Ravu is back"}], "commentTextItems": [{"type": "HTML", "html": "on a length, on off, defended back to him"}], "commentPostTextItems": null, "commentVideos": [], "commentImages": [], "events": [], "over": null, "batsmanStatText": null, "bowlerStatText": null, "smartStats": []}, {"_uid": 35037483, "id": 35037483, "inningNumber": 2, "ballsActual": null, "ballsUnique": null, "oversUnique": 11.02, "oversActual": 11.2, "overNumber": 12, "ballNumber": 2, "totalRuns": 1, "batsmanRuns": 1, "isFour": false, "isSix": false, "isWicket": false, "dismissalType": null, "byes": 0, "legbyes": 0, "wides": 0, "noballs": 0, "penalties": 0, "wagonX": 42, "wagonY": 193, "wagonZone": 6, "pitchLine": "WIDE_OUTSIDE_OFFSTUMP", "pitchLength": "FULL", "shotType": "COVER_DRIVE", "shotControl": 1, "timestamp": "2021-10-17T12:42:32.000Z", "modified": "2021-10-17T12:42:35.000Z", "batsmanPlayerId": 53016, "bowlerPlayerId": 101285, "outPlayerId": null, "totalInningRuns": 97, "totalInningWickets": 0, "predictions": {"score": 175, "winProbability": 99.36}, "title": "Ravu to Jatinder", "dismissalText": null, "commentPreTextItems": null, "commentTextItems": [{"type": "HTML", "html": "full and wide, doesn't get a good connection, takes the single to cover"}], "commentPostTextItems": null, "commentVideos": [], "commentImages": [], "events": [], "over": null, "batsmanStatText": null, "bowlerStatText": null, "smartStats": []}, {"_uid": 35037485, "id": 35037485, "inningNumber": 2, "ballsActual": null, "ballsUnique": null, "oversUnique": 11.03, "oversActual": 11.3, "overNumber": 12, "ballNumber": 3, "totalRuns": 1, "batsmanRuns": 0, "isFour": false, "isSix": false, "isWicket": false, "dismissalType": null, "byes": 0, "legbyes": 0, "wides": 0, "noballs": 1, "penalties": 0, "wagonX": 276, "wagonY": 48, "wagonZone": 1, "pitchLine": "DOWN_LEG", "pitchLength": "FULL_TOSS", "shotType": "PULL", "shotControl": 2, "timestamp": "2021-10-17T12:45:06.000Z", "modified": "2021-10-17T12:45:08.000Z", "batsmanPlayerId": 87469, "bowlerPlayerId": 101285, "outPlayerId": null, "totalInningRuns": 98, "totalInningWickets": 0, "predictions": {"score": 178, "winProbability": 99.51}, "title": "Ravu to Aqib", "dismissalText": null, "commentPreTextItems": null, "commentTextItems": [{"type": "HTML", "html": "full toss, and it is a high full toss. <strong>Is it a no-ball?</strong>. He has been taken at fine leg so we are checking replays for height. And it is way too high to be a legal delivery. This is a no-ball. Free hit coming up"}], "commentPostTextItems": null, "commentVideos": [], "commentImages": [], "events": [], "over": null, "batsmanStatText": null, "bowlerStatText": null, "smartStats": []}, {"_uid": 35037493, "id": 35037493, "inningNumber": 2, "ballsActual": null, "ballsUnique": null, "oversUnique": 11.04, "oversActual": 11.3, "overNumber": 12, "ballNumber": 4, "totalRuns": 6, "batsmanRuns": 6, "isFour": false, "isSix": true, "isWicket": false, "dismissalType": null, "byes": 0, "legbyes": 0, "wides": 0, "noballs": 0, "penalties": 0, "wagonX": 347, "wagonY": 332, "wagonZone": 3, "pitchLine": "WIDE_OUTSIDE_OFFSTUMP", "pitchLength": "FULL_TOSS", "shotType": "SLOG_SHOT", "shotControl": 1, "timestamp": "2021-10-17T12:46:11.000Z", "modified": "2021-10-17T12:46:18.000Z", "batsmanPlayerId": 53016, "bowlerPlayerId": 101285, "outPlayerId": null, "totalInningRuns": 104, "totalInningWickets": 0, "predictions": {"score": 180, "winProbability": 99.64}, "title": "Ravu to Jatinder", "dismissalText": null, "commentPreTextItems": [{"type": "HTML", "html": "Free hit time"}], "commentTextItems": [{"type": "HTML", "html": "full toss on free hit, and he has smashed this over long-on for a six. The fielder. on the fence is tall, he jumps high, but can't get a touch on it. That is fifty for Jatinder, the first for an Omani batter in World Cups"}], "commentPostTextItems": null, "commentVideos": [], "commentImages": [], "events": [], "over": null, "batsmanStatText": null, "bowlerStatText": null, "smartStats": []}, {"_uid": 35037496, "id": 35037496, "inningNumber": 2, "ballsActual": null, "ballsUnique": null, "oversUnique": 11.05, "oversActual": 11.4, "overNumber": 12, "ballNumber": 5, "totalRuns": 4, "batsmanRuns": 4, "isFour": true, "isSix": false, "isWicket": false, "dismissalType": null, "byes": 0, "legbyes": 0, "wides": 0, "noballs": 0, "penalties": 0, "wagonX": 20, "wagonY": 79, "wagonZone": 7, "pitchLine": "OUTSIDE_OFFSTUMP", "pitchLength": "SHORT_OF_A_GOOD_LENGTH", "shotType": "CUT_SHOT", "shotControl": 1, "timestamp": "2021-10-17T12:47:18.000Z", "modified": "2021-10-17T12:47:20.000Z", "batsmanPlayerId": 53016, "bowlerPlayerId": 101285, "outPlayerId": null, "totalInningRuns": 108, "totalInningWickets": 0, "predictions": {"score": 184, "winProbability": 99.76}, "title": "Ravu to Jatinder", "dismissalText": null, "commentPreTextItems": null, "commentTextItems": [{"type": "HTML", "html": "short of a length, not much width, but he has punched this superbly square on the off side, beating point in the circle to his right and deep cover to his left"}], "commentPostTextItems": null, "commentVideos": [], "commentImages": [], "events": [], "over": null, "batsmanStatText": null, "bowlerStatText": null, "smartStats": []}, {"_uid": 35037499, "id": 35037499, "inningNumber": 2, "ballsActual": null, "ballsUnique": null, "oversUnique": 11.06, "oversActual": 11.5, "overNumber": 12, "ballNumber": 6, "totalRuns": 1, "batsmanRuns": 0, "isFour": false, "isSix": false, "isWicket": false, "dismissalType": null, "byes": 0, "legbyes": 0, "wides": 0, "noballs": 1, "penalties": 0, "wagonX": 145, "wagonY": 248, "wagonZone": 5, "pitchLine": "OUTSIDE_OFFSTUMP", "pitchLength": "FULL_TOSS", "shotType": "ON_DRIVE", "shotControl": null, "timestamp": "2021-10-17T12:47:44.000Z", "modified": "2021-10-17T12:47:57.000Z", "batsmanPlayerId": 53016, "bowlerPlayerId": 101285, "outPlayerId": null, "totalInningRuns": 109, "totalInningWickets": 0, "predictions": {"score": 183, "winProbability": 99.76}, "title": "Ravu to Jatinder", "dismissalText": null, "commentPreTextItems": null, "commentTextItems": [{"type": "HTML", "html": "low full toss, driven along the ground to long-off. Another no-ball. He has overstepped"}], "commentPostTextItems": null, "commentVideos": [], "commentImages": [], "events": [], "over": null, "batsmanStatText": null, "bowlerStatText": null, "smartStats": []}, {"_uid": 35037501, "id": 35037501, "inningNumber": 2, "ballsActual": null, "ballsUnique": null, "oversUnique": 11.07, "oversActual": 11.5, "overNumber": 12, "ballNumber": 7, "totalRuns": 1, "batsmanRuns": 0, "isFour": false, "isSix": false, "isWicket": false, "dismissalType": null, "byes": 0, "legbyes": 0, "wides": 1, "noballs": 0, "penalties": 0, "wagonX": 0, "wagonY": 0, "wagonZone": 0, "pitchLine": "OUTSIDE_OFFSTUMP", "pitchLength": "SHORT", "shotType": "PULL", "shotControl": null, "timestamp": "2021-10-17T12:48:34.000Z", "modified": "2021-10-17T12:48:36.000Z", "batsmanPlayerId": 53016, "bowlerPlayerId": 101285, "outPlayerId": null, "totalInningRuns": 110, "totalInningWickets": 0, "predictions": {"score": 186, "winProbability": 99.8}, "title": "Ravu to Jatinder", "dismissalText": null, "commentPreTextItems": [{"type": "HTML", "html": "Ilyas gets the free hit this time"}], "commentTextItems": [{"type": "HTML", "html": "bouncer on the free hit but it is too high so it is called a wide"}], "commentPostTextItems": null, "commentVideos": [], "commentImages": [], "events": [], "over": null, "batsmanStatText": null, "bowlerStatText": null, "smartStats": []}, {"_uid": 35037504, "id": 35037504, "inningNumber": 2, "ballsActual": null, "ballsUnique": null, "oversUnique": 11.08, "oversActual": 11.5, "overNumber": 12, "ballNumber": 8, "totalRuns": 1, "batsmanRuns": 1, "isFour": false, "isSix": false, "isWicket": false, "dismissalType": null, "byes": 0, "legbyes": 0, "wides": 0, "noballs": 0, "penalties": 0, "wagonX": 49, "wagonY": 262, "wagonZone": 6, "pitchLine": "WIDE_OUTSIDE_OFFSTUMP", "pitchLength": "FULL", "shotType": "COVER_DRIVE", "shotControl": 1, "timestamp": "2021-10-17T12:49:14.000Z", "modified": "2021-10-17T12:49:18.000Z", "batsmanPlayerId": 53016, "bowlerPlayerId": 101285, "outPlayerId": null, "totalInningRuns": 111, "totalInningWickets": 0, "predictions": {"score": 186, "winProbability": 99.82}, "title": "Ravu to Jatinder", "dismissalText": null, "commentPreTextItems": [{"type": "HTML", "html": "Still a free hit"}], "commentTextItems": [{"type": "HTML", "html": "full and wide, would have been called wide had he not driven this to deep cover for one"}], "commentPostTextItems": null, "commentVideos": [], "commentImages": [], "events": [], "over": null, "batsmanStatText": null, "bowlerStatText": null, "smartStats": []}, {"_uid": 35037505, "id": 35037505, "inningNumber": 2, "ballsActual": null, "ballsUnique": null, "oversUnique": 11.09, "oversActual": 11.6, "overNumber": 12, "ballNumber": 9, "totalRuns": 2, "batsmanRuns": 2, "isFour": false, "isSix": false, "isWicket": false, "dismissalType": null, "byes": 0, "legbyes": 0, "wides": 0, "noballs": 0, "penalties": 0, "wagonX": 42, "wagonY": 101, "wagonZone": 7, "pitchLine": "WIDE_OUTSIDE_OFFSTUMP", "pitchLength": "GOOD_LENGTH", "shotType": "COVER_DRIVE", "shotControl": 2, "timestamp": "2021-10-17T12:50:05.000Z", "modified": "2021-10-17T12:50:07.000Z", "batsmanPlayerId": 87469, "bowlerPlayerId": 101285, "outPlayerId": null, "totalInningRuns": 113, "totalInningWickets": 0, "predictions": {"score": 186, "winProbability": 99.83}, "title": "Ravu to Aqib", "dismissalText": null, "commentPreTextItems": null, "commentTextItems": [{"type": "HTML", "html": "full and wide, sliced away with an open face over point and to the right of third man. He makes a tight second"}], "commentPostTextItems": null, "commentVideos": [], "commentImages": [], "events": [], "over": {"team": {"id": 37, "objectId": 37, "scribeId": 37, "slug": "oman", "name": "Oman", "longName": "Oman", "abbreviation": "OMA", "unofficialName": "", "imageUrl": "/db/PICTURES/CMS/358500/358573.png", "isCountry": true, "primaryColor": null, "image": {"id": 358573, "objectId": 1370493, "slug": "oman-flag-team-logo", "url": "/db/PICTURES/CMS/358500/358573.png", "width": 500, "height": 500, "caption": "Oman flag team logo", "longCaption": "Oman flag team logo", "credit": "Unknown", "photographer": null, "peerUrls": null}, "country": {"id": 37, "objectId": 37, "name": "Oman", "shortName": "Oman", "abbreviation": "OMA", "slug": "oman"}}, "inningNumber": 2, "overNumber": 12, "overRuns": 17, "overWickets": 0, "totalRuns": 113, "totalWickets": 0, "target": 130, "overLimit": 20, "ballLimit": 120, "isMaiden": false, "isComplete": true, "isSuperOver": false, "overEndBatsmen": [{"player": {"id": 87469, "objectId": 940593, "name": "Aqib Ilyas", "longName": "Aqib Ilyas", "mobileName": "Aqib", "indexName": "Aqib Ilyas", "battingName": "Aqib Ilyas", "fieldingName": "Aqib Ilyas", "slug": "aqib-ilyas", "imageUrl": "/db/PICTURES/CMS/257900/257905.1.jpg", "headshotImageUrl": "/db/PICTURES/CMS/321700/321767.png", "dateOfBirth": {"year": 1992, "month": 9, "date": 5}, "dateOfDeath": null, "gender": "M", "battingStyles": ["rhb"], "bowlingStyles": ["ob", "lbg"], "longBattingStyles": ["right-hand bat"], "longBowlingStyles": ["right-arm offbreak", "legbreak googly"], "image": {"id": 257905, "objectId": 1078253, "slug": "aaqib-illyas-player-portrait", "url": "/db/PICTURES/CMS/257900/257905.1.jpg", "width": 160, "height": 206, "caption": "Aaqib Illyas player portrait", "longCaption": "Aaqib Illyas player portrait", "credit": "Oman Cricket", "photographer": null, "peerUrls": null}, "countryTeamId": 37, "playerRoleTypeIds": [2], "playingRoles": ["top-order batter"], "headshotImage": {"id": 321767, "objectId": 1263923, "slug": "aqib-ilyas-sulehri-player-page-headshot-cutout-2021", "url": "/db/PICTURES/CMS/321700/321767.png", "width": 600, "height": 436, "caption": "Aqib Ilyas Sulehri player page headshot cutout, 2021", "longCaption": "Aqib Ilyas Sulehri player page headshot cutout, 2021", "credit": null, "photographer": null, "peerUrls": {"FILM": null, "WIDE": null, "SQUARE": "/db/PICTURES/CMS/321700/321767.square.png"}}}, "runs": 46, "balls": 39, "fours": 5, "sixes": 1}, {"player": {"id": 53016, "objectId": 307756, "name": "Jatinder Singh", "longName": "Jatinder Singh", "mobileName": "Jatinder", "indexName": "Jatinder Singh", "battingName": "Jatinder Singh", "fieldingName": "Jatinder Singh", "slug": "jatinder-singh", "imageUrl": "/db/PICTURES/CMS/235600/235695.1.jpg", "headshotImageUrl": "/db/PICTURES/CMS/321700/321771.png", "dateOfBirth": {"year": 1989, "month": 3, "date": 5}, "dateOfDeath": null, "gender": "M", "battingStyles": ["rhb"], "bowlingStyles": ["ob"], "longBattingStyles": ["right-hand bat"], "longBowlingStyles": ["right-arm offbreak"], "image": {"id": 235695, "objectId": 978389, "slug": "jatinder-singh-profile-picture", "url": "/db/PICTURES/CMS/235600/235695.1.jpg", "width": 160, "height": 200, "caption": "Jatinder Singh profile picture", "longCaption": "Jatinder Singh profile picture", "credit": "International Cricket Council", "photographer": null, "peerUrls": null}, "countryTeamId": 37, "playerRoleTypeIds": [8], "playingRoles": ["batter"], "headshotImage": {"id": 321771, "objectId": 1263927, "slug": "jatinder-singh-player-page-headshot-cutout-2021", "url": "/db/PICTURES/CMS/321700/321771.png", "width": 600, "height": 436, "caption": "Jatinder Singh player page headshot cutout, 2021", "longCaption": "Jatinder Singh player page headshot cutout, 2021", "credit": null, "photographer": null, "peerUrls": {"FILM": null, "WIDE": null, "SQUARE": "/db/PICTURES/CMS/321700/321771.square.png"}}}, "runs": 60, "balls": 36, "fours": 6, "sixes": 3}], "overEndBowlers": [{"player": {"id": 101285, "objectId": 1122557, "name": "D Ravu", "longName": "Damien Ravu", "mobileName": "Ravu", "indexName": "Ravu, D", "battingName": "D Ravu", "fieldingName": "Ravu", "slug": "damien-ravu", "imageUrl": "/db/PICTURES/CMS/321100/321140.png", "headshotImageUrl": "/db/PICTURES/CMS/321100/321140.png", "dateOfBirth": {"year": 1994, "month": 5, "date": 3}, "dateOfDeath": null, "gender": "M", "battingStyles": ["rhb"], "bowlingStyles": ["rmf"], "longBattingStyles": ["right-hand bat"], "longBowlingStyles": ["right-arm medium-fast"], "image": {"id": 321140, "objectId": 1262668, "slug": "damien-apa-ravu-player-page-headshot-cutout-2021", "url": "/db/PICTURES/CMS/321100/321140.png", "width": 600, "height": 436, "caption": "Damien Apa Ravu player page headshot cutout, 2021", "longCaption": "Damien Apa Ravu player page headshot cutout, 2021", "credit": null, "photographer": null, "peerUrls": null}, "countryTeamId": 20, "playerRoleTypeIds": [4], "playingRoles": ["bowler"], "headshotImage": {"id": 321140, "objectId": 1262668, "slug": "damien-apa-ravu-player-page-headshot-cutout-2021", "url": "/db/PICTURES/CMS/321100/321140.png", "width": 600, "height": 436, "caption": "Damien Apa Ravu player page headshot cutout, 2021", "longCaption": "Damien Apa Ravu player page headshot cutout, 2021", "credit": null, "photographer": null, "peerUrls": {"FILM": null, "WIDE": null, "SQUARE": "/db/PICTURES/CMS/321100/321140.square.png"}}}, "overs": 3, "balls": 18, "maidens": 0, "conceded": 28, "wickets": 0, "currentType": 1}, {"player": {"id": 61866, "objectId": 440990, "name": "L Siaka", "longName": "Lega Siaka", "mobileName": "Siaka", "indexName": "Siaka, L", "battingName": "L Siaka", "fieldingName": "Siaka", "slug": "lega-siaka", "imageUrl": "/db/PICTURES/CMS/148200/148245.jpg", "headshotImageUrl": "/db/PICTURES/CMS/321100/321151.png", "dateOfBirth": {"year": 1992, "month": 12, "date": 21}, "dateOfDeath": null, "gender": "M", "battingStyles": ["rhb"], "bowlingStyles": ["rfm", "lb"], "longBattingStyles": ["right-hand bat"], "longBowlingStyles": ["right-arm fast-medium", "legbreak"], "image": {"id": 148245, "objectId": 575934, "slug": "lega-siaka", "url": "/db/PICTURES/CMS/148200/148245.jpg", "width": 160, "height": 203, "caption": "Lega Siaka", "longCaption": "Lega Siaka, player portrait, August 6, 2012", "credit": "Getty Images", "photographer": null, "peerUrls": null}, "countryTeamId": 20, "playerRoleTypeIds": [1], "playingRoles": ["opening batter"], "headshotImage": {"id": 321151, "objectId": 1262681, "slug": "lega-siaka-player-page-headshot-cutout-2021", "url": "/db/PICTURES/CMS/321100/321151.png", "width": 600, "height": 436, "caption": "Lega Siaka player page headshot cutout, 2021", "longCaption": "Lega Siaka player page headshot cutout, 2021", "credit": null, "photographer": null, "peerUrls": {"FILM": null, "WIDE": null, "SQUARE": "/db/PICTURES/CMS/321100/321151.square.png"}}}, "overs": 1, "balls": 6, "maidens": 0, "conceded": 8, "wickets": 0, "currentType": 2}], "rollover": null}, "batsmanStatText": null, "bowlerStatText": null, "smartStats": []}, {"_uid": 35037517, "id": 35037517, "inningNumber": 2, "ballsActual": null, "ballsUnique": null, "oversUnique": 12.01, "oversActual": 12.1, "overNumber": 13, "ballNumber": 1, "totalRuns": 4, "batsmanRuns": 4, "isFour": true, "isSix": false, "isWicket": false, "dismissalType": null, "byes": 0, "legbyes": 0, "wides": 0, "noballs": 0, "penalties": 0, "wagonX": 363, "wagonY": 203, "wagonZone": 3, "pitchLine": "OUTSIDE_OFFSTUMP", "pitchLength": "SHORT_OF_A_GOOD_LENGTH", "shotType": "PULL", "shotControl": 1, "timestamp": "2021-10-17T12:52:24.000Z", "modified": "2021-10-17T12:52:26.000Z", "batsmanPlayerId": 53016, "bowlerPlayerId": 61866, "outPlayerId": null, "totalInningRuns": 117, "totalInningWickets": 0, "predictions": {"score": 189, "winProbability": 99.89}, "title": "Siaka to Jatinder", "dismissalText": null, "commentPreTextItems": null, "commentTextItems": [{"type": "HTML", "html": "long hop, and pulled away nicely between deep square and deep midwicket for four more"}], "commentPostTextItems": null, "commentVideos": [], "commentImages": [], "events": [], "over": null, "batsmanStatText": null, "bowlerStatText": null, "smartStats": []}, {"_uid": 35037521, "id": 35037521, "inningNumber": 2, "ballsActual": null, "ballsUnique": null, "oversUnique": 12.02, "oversActual": 12.2, "overNumber": 13, "ballNumber": 2, "totalRuns": 1, "batsmanRuns": 1, "isFour": false, "isSix": false, "isWicket": false, "dismissalType": null, "byes": 0, "legbyes": 0, "wides": 0, "noballs": 0, "penalties": 0, "wagonX": 73, "wagonY": 173, "wagonZone": 6, "pitchLine": "WIDE_OUTSIDE_OFFSTUMP", "pitchLength": "SHORT_OF_A_GOOD_LENGTH", "shotType": "CUT_SHOT", "shotControl": 1, "timestamp": "2021-10-17T12:52:37.000Z", "modified": "2021-10-17T12:52:39.000Z", "batsmanPlayerId": 53016, "bowlerPlayerId": 61866, "outPlayerId": null, "totalInningRuns": 118, "totalInningWickets": 0, "predictions": {"score": 190, "winProbability": 99.9}, "title": "Siaka to Jatinder", "dismissalText": null, "commentPreTextItems": null, "commentTextItems": [{"type": "HTML", "html": "cut away for a single this time"}], "commentPostTextItems": null, "commentVideos": [], "commentImages": [], "events": [], "over": null, "batsmanStatText": null, "bowlerStatText": null, "smartStats": []}, {"_uid": 35037523, "id": 35037523, "inningNumber": 2, "ballsActual": null, "ballsUnique": null, "oversUnique": 12.03, "oversActual": 12.3, "overNumber": 13, "ballNumber": 3, "totalRuns": 1, "batsmanRuns": 0, "isFour": false, "isSix": false, "isWicket": false, "dismissalType": null, "byes": 0, "legbyes": 0, "wides": 1, "noballs": 0, "penalties": 0, "wagonX": 0, "wagonY": 0, "wagonZone": 0, "pitchLine": "WIDE_OUTSIDE_OFFSTUMP", "pitchLength": "FULL", "shotType": "LEFT_ALONE", "shotControl": null, "timestamp": "2021-10-17T12:52:57.000Z", "modified": "2021-10-17T12:52:59.000Z", "batsmanPlayerId": 87469, "bowlerPlayerId": 61866, "outPlayerId": null, "totalInningRuns": 119, "totalInningWickets": 0, "predictions": {"score": 190, "winProbability": 99.91}, "title": "Siaka to Aqib", "dismissalText": null, "commentPreTextItems": null, "commentTextItems": [{"type": "HTML", "html": "wide outside off as he looks to hide this away from his wingspan"}], "commentPostTextItems": null, "commentVideos": [], "commentImages": [], "events": [], "over": null, "batsmanStatText": null, "bowlerStatText": null, "smartStats": []}, {"_uid": 35037524, "id": 35037524, "inningNumber": 2, "ballsActual": null, "ballsUnique": null, "oversUnique": 12.04, "oversActual": 12.3, "overNumber": 13, "ballNumber": 4, "totalRuns": 1, "batsmanRuns": 1, "isFour": false, "isSix": false, "isWicket": false, "dismissalType": null, "byes": 0, "legbyes": 0, "wides": 0, "noballs": 0, "penalties": 0, "wagonX": 56, "wagonY": 133, "wagonZone": 7, "pitchLine": "OUTSIDE_OFFSTUMP", "pitchLength": "GOOD_LENGTH", "shotType": "CUT_SHOT", "shotControl": 1, "timestamp": "2021-10-17T12:53:12.000Z", "modified": "2021-10-17T12:53:14.000Z", "batsmanPlayerId": 87469, "bowlerPlayerId": 61866, "outPlayerId": null, "totalInningRuns": 120, "totalInningWickets": 0, "predictions": {"score": 190, "winProbability": 99.92}, "title": "Siaka to Aqib", "dismissalText": null, "commentPreTextItems": null, "commentTextItems": [{"type": "HTML", "html": "on a length, closer to off, punched to deep cover for one"}], "commentPostTextItems": null, "commentVideos": [], "commentImages": [], "events": [], "over": null, "batsmanStatText": null, "bowlerStatText": null, "smartStats": []}, {"_uid": 35037525, "id": 35037525, "inningNumber": 2, "ballsActual": null, "ballsUnique": null, "oversUnique": 12.05, "oversActual": 12.4, "overNumber": 13, "ballNumber": 5, "totalRuns": 1, "batsmanRuns": 1, "isFour": false, "isSix": false, "isWicket": false, "dismissalType": null, "byes": 0, "legbyes": 0, "wides": 0, "noballs": 0, "penalties": 0, "wagonX": 125, "wagonY": 293, "wagonZone": 5, "pitchLine": "OUTSIDE_OFFSTUMP", "pitchLength": "GOOD_LENGTH", "shotType": "ON_DRIVE", "shotControl": 1, "timestamp": "2021-10-17T12:53:34.000Z", "modified": "2021-10-17T12:53:37.000Z", "batsmanPlayerId": 53016, "bowlerPlayerId": 61866, "outPlayerId": null, "totalInningRuns": 121, "totalInningWickets": 0, "predictions": {"score": 190, "winProbability": 99.93}, "title": "Siaka to Jatinder", "dismissalText": null, "commentPreTextItems": null, "commentTextItems": [{"type": "HTML", "html": "full, just outside off, driven to long-off for one"}], "commentPostTextItems": null, "commentVideos": [], "commentImages": [], "events": [], "over": null, "batsmanStatText": null, "bowlerStatText": null, "smartStats": []}, {"_uid": 35037529, "id": 35037529, "inningNumber": 2, "ballsActual": null, "ballsUnique": null, "oversUnique": 12.06, "oversActual": 12.5, "overNumber": 13, "ballNumber": 6, "totalRuns": 1, "batsmanRuns": 1, "isFour": false, "isSix": false, "isWicket": false, "dismissalType": null, "byes": 0, "legbyes": 0, "wides": 0, "noballs": 0, "penalties": 0, "wagonX": 236, "wagonY": 128, "wagonZone": 2, "pitchLine": "ON_THE_STUMPS", "pitchLength": "SHORT_OF_A_GOOD_LENGTH", "shotType": "PULL", "shotControl": 1, "timestamp": "2021-10-17T12:53:59.000Z", "modified": "2021-10-17T12:54:11.000Z", "batsmanPlayerId": 87469, "bowlerPlayerId": 61866, "outPlayerId": null, "totalInningRuns": 122, "totalInningWickets": 0, "predictions": {"score": 189, "winProbability": 99.94}, "title": "Siaka to Aqib", "dismissalText": null, "commentPreTextItems": null, "commentTextItems": [{"type": "HTML", "html": "short again and he is lucky Ilyas has found short fine leg"}], "commentPostTextItems": null, "commentVideos": [], "commentImages": [], "events": [], "over": null, "batsmanStatText": null, "bowlerStatText": null, "smartStats": []}, {"_uid": 35037530, "id": 35037530, "inningNumber": 2, "ballsActual": null, "ballsUnique": null, "oversUnique": 12.07, "oversActual": 12.6, "overNumber": 13, "ballNumber": 7, "totalRuns": 0, "batsmanRuns": 0, "isFour": false, "isSix": false, "isWicket": false, "dismissalType": null, "byes": 0, "legbyes": 0, "wides": 0, "noballs": 0, "penalties": 0, "wagonX": 130, "wagonY": 184, "wagonZone": 6, "pitchLine": "OUTSIDE_OFFSTUMP", "pitchLength": "SHORT_OF_A_GOOD_LENGTH", "shotType": "COVER_DRIVE", "shotControl": 1, "timestamp": "2021-10-17T12:54:18.000Z", "modified": "2021-10-17T12:54:20.000Z", "batsmanPlayerId": 53016, "bowlerPlayerId": 61866, "outPlayerId": null, "totalInningRuns": 122, "totalInningWickets": 0, "predictions": {"score": 188, "winProbability": 99.95}, "title": "Siaka to Jatinder", "dismissalText": null, "commentPreTextItems": null, "commentTextItems": [{"type": "HTML", "html": "short of a length, looks to cut it, doesn't time it well. A rare dot"}], "commentPostTextItems": null, "commentVideos": [], "commentImages": [], "events": [], "over": {"team": {"id": 37, "objectId": 37, "scribeId": 37, "slug": "oman", "name": "Oman", "longName": "Oman", "abbreviation": "OMA", "unofficialName": "", "imageUrl": "/db/PICTURES/CMS/358500/358573.png", "isCountry": true, "primaryColor": null, "image": {"id": 358573, "objectId": 1370493, "slug": "oman-flag-team-logo", "url": "/db/PICTURES/CMS/358500/358573.png", "width": 500, "height": 500, "caption": "Oman flag team logo", "longCaption": "Oman flag team logo", "credit": "Unknown", "photographer": null, "peerUrls": null}, "country": {"id": 37, "objectId": 37, "name": "Oman", "shortName": "Oman", "abbreviation": "OMA", "slug": "oman"}}, "inningNumber": 2, "overNumber": 13, "overRuns": 9, "overWickets": 0, "totalRuns": 122, "totalWickets": 0, "target": 130, "overLimit": 20, "ballLimit": 120, "isMaiden": false, "isComplete": true, "isSuperOver": false, "overEndBatsmen": [{"player": {"id": 53016, "objectId": 307756, "name": "Jatinder Singh", "longName": "Jatinder Singh", "mobileName": "Jatinder", "indexName": "Jatinder Singh", "battingName": "Jatinder Singh", "fieldingName": "Jatinder Singh", "slug": "jatinder-singh", "imageUrl": "/db/PICTURES/CMS/235600/235695.1.jpg", "headshotImageUrl": "/db/PICTURES/CMS/321700/321771.png", "dateOfBirth": {"year": 1989, "month": 3, "date": 5}, "dateOfDeath": null, "gender": "M", "battingStyles": ["rhb"], "bowlingStyles": ["ob"], "longBattingStyles": ["right-hand bat"], "longBowlingStyles": ["right-arm offbreak"], "image": {"id": 235695, "objectId": 978389, "slug": "jatinder-singh-profile-picture", "url": "/db/PICTURES/CMS/235600/235695.1.jpg", "width": 160, "height": 200, "caption": "Jatinder Singh profile picture", "longCaption": "Jatinder Singh profile picture", "credit": "International Cricket Council", "photographer": null, "peerUrls": null}, "countryTeamId": 37, "playerRoleTypeIds": [8], "playingRoles": ["batter"], "headshotImage": {"id": 321771, "objectId": 1263927, "slug": "jatinder-singh-player-page-headshot-cutout-2021", "url": "/db/PICTURES/CMS/321700/321771.png", "width": 600, "height": 436, "caption": "Jatinder Singh player page headshot cutout, 2021", "longCaption": "Jatinder Singh player page headshot cutout, 2021", "credit": null, "photographer": null, "peerUrls": {"FILM": null, "WIDE": null, "SQUARE": "/db/PICTURES/CMS/321700/321771.square.png"}}}, "runs": 66, "balls": 40, "fours": 7, "sixes": 3}, {"player": {"id": 87469, "objectId": 940593, "name": "Aqib Ilyas", "longName": "Aqib Ilyas", "mobileName": "Aqib", "indexName": "Aqib Ilyas", "battingName": "Aqib Ilyas", "fieldingName": "Aqib Ilyas", "slug": "aqib-ilyas", "imageUrl": "/db/PICTURES/CMS/257900/257905.1.jpg", "headshotImageUrl": "/db/PICTURES/CMS/321700/321767.png", "dateOfBirth": {"year": 1992, "month": 9, "date": 5}, "dateOfDeath": null, "gender": "M", "battingStyles": ["rhb"], "bowlingStyles": ["ob", "lbg"], "longBattingStyles": ["right-hand bat"], "longBowlingStyles": ["right-arm offbreak", "legbreak googly"], "image": {"id": 257905, "objectId": 1078253, "slug": "aaqib-illyas-player-portrait", "url": "/db/PICTURES/CMS/257900/257905.1.jpg", "width": 160, "height": 206, "caption": "Aaqib Illyas player portrait", "longCaption": "Aaqib Illyas player portrait", "credit": "Oman Cricket", "photographer": null, "peerUrls": null}, "countryTeamId": 37, "playerRoleTypeIds": [2], "playingRoles": ["top-order batter"], "headshotImage": {"id": 321767, "objectId": 1263923, "slug": "aqib-ilyas-sulehri-player-page-headshot-cutout-2021", "url": "/db/PICTURES/CMS/321700/321767.png", "width": 600, "height": 436, "caption": "Aqib Ilyas Sulehri player page headshot cutout, 2021", "longCaption": "Aqib Ilyas Sulehri player page headshot cutout, 2021", "credit": null, "photographer": null, "peerUrls": {"FILM": null, "WIDE": null, "SQUARE": "/db/PICTURES/CMS/321700/321767.square.png"}}}, "runs": 48, "balls": 41, "fours": 5, "sixes": 1}], "overEndBowlers": [{"player": {"id": 61866, "objectId": 440990, "name": "L Siaka", "longName": "Lega Siaka", "mobileName": "Siaka", "indexName": "Siaka, L", "battingName": "L Siaka", "fieldingName": "Siaka", "slug": "lega-siaka", "imageUrl": "/db/PICTURES/CMS/148200/148245.jpg", "headshotImageUrl": "/db/PICTURES/CMS/321100/321151.png", "dateOfBirth": {"year": 1992, "month": 12, "date": 21}, "dateOfDeath": null, "gender": "M", "battingStyles": ["rhb"], "bowlingStyles": ["rfm", "lb"], "longBattingStyles": ["right-hand bat"], "longBowlingStyles": ["right-arm fast-medium", "legbreak"], "image": {"id": 148245, "objectId": 575934, "slug": "lega-siaka", "url": "/db/PICTURES/CMS/148200/148245.jpg", "width": 160, "height": 203, "caption": "Lega Siaka", "longCaption": "Lega Siaka, player portrait, August 6, 2012", "credit": "Getty Images", "photographer": null, "peerUrls": null}, "countryTeamId": 20, "playerRoleTypeIds": [1], "playingRoles": ["opening batter"], "headshotImage": {"id": 321151, "objectId": 1262681, "slug": "lega-siaka-player-page-headshot-cutout-2021", "url": "/db/PICTURES/CMS/321100/321151.png", "width": 600, "height": 436, "caption": "Lega Siaka player page headshot cutout, 2021", "longCaption": "Lega Siaka player page headshot cutout, 2021", "credit": null, "photographer": null, "peerUrls": {"FILM": null, "WIDE": null, "SQUARE": "/db/PICTURES/CMS/321100/321151.square.png"}}}, "overs": 2, "balls": 12, "maidens": 0, "conceded": 17, "wickets": 0, "currentType": 1}, {"player": {"id": 101285, "objectId": 1122557, "name": "D Ravu", "longName": "Damien Ravu", "mobileName": "Ravu", "indexName": "Ravu, D", "battingName": "D Ravu", "fieldingName": "Ravu", "slug": "damien-ravu", "imageUrl": "/db/PICTURES/CMS/321100/321140.png", "headshotImageUrl": "/db/PICTURES/CMS/321100/321140.png", "dateOfBirth": {"year": 1994, "month": 5, "date": 3}, "dateOfDeath": null, "gender": "M", "battingStyles": ["rhb"], "bowlingStyles": ["rmf"], "longBattingStyles": ["right-hand bat"], "longBowlingStyles": ["right-arm medium-fast"], "image": {"id": 321140, "objectId": 1262668, "slug": "damien-apa-ravu-player-page-headshot-cutout-2021", "url": "/db/PICTURES/CMS/321100/321140.png", "width": 600, "height": 436, "caption": "Damien Apa Ravu player page headshot cutout, 2021", "longCaption": "Damien Apa Ravu player page headshot cutout, 2021", "credit": null, "photographer": null, "peerUrls": null}, "countryTeamId": 20, "playerRoleTypeIds": [4], "playingRoles": ["bowler"], "headshotImage": {"id": 321140, "objectId": 1262668, "slug": "damien-apa-ravu-player-page-headshot-cutout-2021", "url": "/db/PICTURES/CMS/321100/321140.png", "width": 600, "height": 436, "caption": "Damien Apa Ravu player page headshot cutout, 2021", "longCaption": "Damien Apa Ravu player page headshot cutout, 2021", "credit": null, "photographer": null, "peerUrls": {"FILM": null, "WIDE": null, "SQUARE": "/db/PICTURES/CMS/321100/321140.square.png"}}}, "overs": 3, "balls": 18, "maidens": 0, "conceded": 28, "wickets": 0, "currentType": 2}], "rollover": null}, "batsmanStatText": null, "bowlerStatText": null, "smartStats": []}]