[{"_uid": 35064379, "id": 35064379, "inningNumber": 1, "ballsActual": null, "ballsUnique": null, "oversUnique": 5.01, "oversActual": 5.1, "overNumber": 6, "ballNumber": 1, "totalRuns": 0, "batsmanRuns": 0, "isFour": false, "isSix": false, "isWicket": false, "dismissalType": null, "byes": 0, "legbyes": 0, "wides": 0, "noballs": 0, "penalties": 0, "wagonX": 209, "wagonY": 194, "wagonZone": 3, "pitchLine": "OUTSIDE_OFFSTUMP", "pitchLength": "SHORT_OF_A_GOOD_LENGTH", "shotType": "DEFENDED", "shotControl": 1, "timestamp": "2021-10-23T10:25:30.000Z", "modified": "2021-10-23T10:25:42.000Z", "batsmanPlayerId": 70277, "bowlerPlayerId": 64244, "outPlayerId": null, "totalInningRuns": 23, "totalInningWickets": 3, "predictions": {"score": 141, "winProbability": 26.41}, "title": "Cummins to Markram", "dismissalText": null, "commentPreTextItems": [{"type": "HTML", "html": "Pat Cummins into the attack"}], "commentTextItems": [{"type": "HTML", "html": "short of a length, straight, played into midwicket"}], "commentPostTextItems": [{"type": "HTML", "html": "Matt: \"Hazlewood is such an underrated T20 bowler.\""}], "commentVideos": [], "commentImages": [], "events": [], "over": null, "batsmanStatText": null, "bowlerStatText": null, "smartStats": []}, {"_uid": 35064380, "id": 35064380, "inningNumber": 1, "ballsActual": null, "ballsUnique": null, "oversUnique": 5.02, "oversActual": 5.2, "overNumber": 6, "ballNumber": 2, "totalRuns": 0, "batsmanRuns": 0, "isFour": false, "isSix": false, "isWicket": false, "dismissalType": null, "byes": 0, "legbyes": 0, "wides": 0, "noballs": 0, "penalties": 0, "wagonX": 154, "wagonY": 234, "wagonZone": 5, "pitchLine": "ON_THE_STUMPS", "pitchLength": "FULL", "shotType": "DEFENDED", "shotControl": 1, "timestamp": "2021-10-23T10:26:09.000Z", "modified": "2021-10-23T10:26:12.000Z", "batsmanPlayerId": 70277, "bowlerPlayerId": 64244, "outPlayerId": null, "totalInningRuns": 23, "totalInningWickets": 3, "predictions": {"score": 139, "winProbability": 24.7}, "title": "Cummins to Markram", "dismissalText": null, "commentPreTextItems": null, "commentTextItems": [{"type": "HTML", "html": "fuller, at the stumps, pushed towards mid-off"}], "commentPostTextItems": null, "commentVideos": [], "commentImages": [], "events": [], "over": null, "batsmanStatText": null, "bowlerStatText": null, "smartStats": []}, {"_uid": 35064389, "id": 35064389, "inningNumber": 1, "ballsActual": null, "ballsUnique": null, "oversUnique": 5.03, "oversActual": 5.3, "overNumber": 6, "ballNumber": 3, "totalRuns": 0, "batsmanRuns": 0, "isFour": false, "isSix": false, "isWicket": false, "dismissalType": null, "byes": 0, "legbyes": 0, "wides": 0, "noballs": 0, "penalties": 0, "wagonX": 0, "wagonY": 0, "wagonZone": 0, "pitchLine": "OUTSIDE_OFFSTUMP", "pitchLength": "SHORT_OF_A_GOOD_LENGTH", "shotType": "PULL", "shotControl": 2, "timestamp": "2021-10-23T10:26:47.000Z", "modified": "2021-10-23T10:26:50.000Z", "batsmanPlayerId": 70277, "bowlerPlayerId": 64244, "outPlayerId": null, "totalInningRuns": 23, "totalInningWickets": 3, "predictions": {"score": 138, "winProbability": 23.87}, "title": "Cummins to Markram", "dismissalText": null, "commentPreTextItems": null, "commentTextItems": [{"type": "HTML", "html": "strangled appeal for lbw...he shuffled across the stumps and went to pull to the leg side. Struck outside the line"}], "commentPostTextItems": null, "commentVideos": [], "commentImages": [], "events": [], "over": null, "batsmanStatText": null, "bowlerStatText": null, "smartStats": []}, {"_uid": 35064396, "id": 35064396, "inningNumber": 1, "ballsActual": null, "ballsUnique": null, "oversUnique": 5.04, "oversActual": 5.4, "overNumber": 6, "ballNumber": 4, "totalRuns": 4, "batsmanRuns": 4, "isFour": true, "isSix": false, "isWicket": false, "dismissalType": null, "byes": 0, "legbyes": 0, "wides": 0, "noballs": 0, "penalties": 0, "wagonX": 33, "wagonY": 265, "wagonZone": 6, "pitchLine": "OUTSIDE_OFFSTUMP", "pitchLength": "SHORT_OF_A_GOOD_LENGTH", "shotType": "COVER_DRIVE", "shotControl": 1, "timestamp": "2021-10-23T10:27:37.000Z", "modified": "2021-10-23T10:27:40.000Z", "batsmanPlayerId": 70277, "bowlerPlayerId": 64244, "outPlayerId": null, "totalInningRuns": 27, "totalInningWickets": 3, "predictions": {"score": 139, "winProbability": 24.7}, "title": "Cummins to Markram", "dismissalText": null, "commentPreTextItems": [{"type": "HTML", "html": "Laura: \"Hazlewood's figures are ridiculous at the moment! 2-1-1-2\""}], "commentTextItems": [{"type": "HTML", "html": "<strong>well timed!</strong> That's a superb shot. Just back of a length outside off, Markram drives it on his toes wide of mid-off"}], "commentPostTextItems": null, "commentVideos": [], "commentImages": [], "events": [], "over": null, "batsmanStatText": null, "bowlerStatText": null, "smartStats": []}, {"_uid": 35064401, "id": 35064401, "inningNumber": 1, "ballsActual": null, "ballsUnique": null, "oversUnique": 5.05, "oversActual": 5.5, "overNumber": 6, "ballNumber": 5, "totalRuns": 1, "batsmanRuns": 1, "isFour": false, "isSix": false, "isWicket": false, "dismissalType": null, "byes": 0, "legbyes": 0, "wides": 0, "noballs": 0, "penalties": 0, "wagonX": 141, "wagonY": 182, "wagonZone": 6, "pitchLine": "OUTSIDE_OFFSTUMP", "pitchLength": "GOOD_LENGTH", "shotType": "COVER_DRIVE", "shotControl": 2, "timestamp": "2021-10-23T10:28:22.000Z", "modified": "2021-10-23T10:28:25.000Z", "batsmanPlayerId": 70277, "bowlerPlayerId": 64244, "outPlayerId": null, "totalInningRuns": 28, "totalInningWickets": 3, "predictions": {"score": 141, "winProbability": 26.41}, "title": "Cummins to Markram", "dismissalText": null, "commentPreTextItems": null, "commentTextItems": [{"type": "HTML", "html": "goes fuller, drives and the inside goes into his boot then to the off side, some hesitancy over the run but it's safe in the end"}], "commentPostTextItems": null, "commentVideos": [], "commentImages": [], "events": [], "over": null, "batsmanStatText": null, "bowlerStatText": null, "smartStats": []}, {"_uid": 35064402, "id": 35064402, "inningNumber": 1, "ballsActual": null, "ballsUnique": null, "oversUnique": 5.06, "oversActual": 5.6, "overNumber": 6, "ballNumber": 6, "totalRuns": 1, "batsmanRuns": 1, "isFour": false, "isSix": false, "isWicket": false, "dismissalType": null, "byes": 0, "legbyes": 0, "wides": 0, "noballs": 0, "penalties": 0, "wagonX": 203, "wagonY": 249, "wagonZone": 4, "pitchLine": "ON_THE_STUMPS", "pitchLength": "FULL", "shotType": "ON_DRIVE", "shotControl": 1, "timestamp": "2021-10-23T10:28:59.000Z", "modified": "2021-10-23T10:29:02.000Z", "batsmanPlayerId": 61634, "bowlerPlayerId": 64244, "outPlayerId": null, "totalInningRuns": 29, "totalInningWickets": 3, "predictions": {"score": 141, "winProbability": 26.41}, "title": "Cummins to Klaasen", "dismissalText": null, "commentPreTextItems": null, "commentTextItems": [{"type": "HTML", "html": "full and straight, a punchy on-drive can't quite beat the infield"}], "commentPostTextItems": [{"type": "HTML", "html": "That's the powerplay done. Australia couldn't really have wished for better"}], "commentVideos": [], "commentImages": [], "events": [], "over": {"team": {"id": 3, "objectId": 3, "scribeId": 3, "slug": "south-africa", "name": "South Africa", "longName": "South Africa", "abbreviation": "SA", "unofficialName": "", "imageUrl": "/db/PICTURES/CMS/313100/313125.logo.png", "isCountry": true, "primaryColor": "#ace411", "image": {"id": 313125, "objectId": 1241584, "slug": "south-africa-logo", "url": "/db/PICTURES/CMS/313100/313125.logo.png", "width": 500, "height": 500, "caption": "South Africa logo", "longCaption": "South Africa logo", "credit": null, "photographer": null, "peerUrls": null}, "country": {"id": 3, "objectId": 3, "name": "South Africa", "shortName": "South Africa", "abbreviation": "SA", "slug": "south-africa"}}, "inningNumber": 1, "overNumber": 6, "overRuns": 6, "overWickets": 0, "totalRuns": 29, "totalWickets": 3, "target": 0, "overLimit": 20, "ballLimit": 120, "isMaiden": false, "isComplete": true, "isSuperOver": false, "overEndBatsmen": [{"player": {"id": 61634, "objectId": 436757, "name": "H Klaasen", "longName": "Heinrich Klaasen", "mobileName": "Klaasen", "indexName": "Klaasen, H", "battingName": "H Klaasen", "fieldingName": "Klaasen", "slug": "heinrich-klaasen", "imageUrl": "/db/PICTURES/CMS/317900/317958.jpg", "headshotImageUrl": "/db/PICTURES/CMS/322000/322073.png", "dateOfBirth": {"year": 1991, "month": 7, "date": 30}, "dateOfDeath": null, "gender": "M", "battingStyles": ["rhb"], "bowlingStyles": ["ob"], "longBattingStyles": ["right-hand bat"], "longBowlingStyles": ["right-arm offbreak"], "image": {"id": 317958, "objectId": 1254926, "slug": "heinrich-klaasen-portrait", "url": "/db/PICTURES/CMS/317900/317958.jpg", "width": 160, "height": 200, "caption": "Heinrich Klaasen portrait", "longCaption": "Heinrich Klaasen portrait, November 19, 2020", "credit": "Cricket South Africa", "photographer": null, "peerUrls": null}, "countryTeamId": 3, "playerRoleTypeIds": [7], "playingRoles": ["wicketkeeper batter"], "headshotImage": {"id": 322073, "objectId": 1264444, "slug": "heinrich-klaasen-player-page-headshot-cutout-2021", "url": "/db/PICTURES/CMS/322000/322073.png", "width": 600, "height": 436, "caption": "Heinrich Klaasen player page headshot cutout, 2021", "longCaption": "Heinrich Klaasen player page headshot cutout, 2021", "credit": null, "photographer": null, "peerUrls": {"FILM": null, "WIDE": null, "SQUARE": "/db/PICTURES/CMS/322000/322073.square.png"}}}, "runs": 1, "balls": 6, "fours": 0, "sixes": 0}, {"player": {"id": 70277, "objectId": 600498, "name": "AK Markram", "longName": "Aiden Markram", "mobileName": "Markram", "indexName": "Markram, AK", "battingName": "AK Markram", "fieldingName": "Markram", "slug": "aiden-markram", "imageUrl": "/db/PICTURES/CMS/317900/317970.jpg", "headshotImageUrl": "/db/PICTURES/CMS/322000/322067.png", "dateOfBirth": {"year": 1994, "month": 10, "date": 4}, "dateOfDeath": null, "gender": "M", "battingStyles": ["rhb"], "bowlingStyles": ["ob"], "longBattingStyles": ["right-hand bat"], "longBowlingStyles": ["right-arm offbreak"], "image": {"id": 317970, "objectId": 1254938, "slug": "aiden-markram-portrait", "url": "/db/PICTURES/CMS/317900/317970.jpg", "width": 160, "height": 200, "caption": "Aiden Markram portrait", "longCaption": "Aiden Markram portrait, December 23, 2020", "credit": "Cricket South Africa", "photographer": null, "peerUrls": null}, "countryTeamId": 3, "playerRoleTypeIds": [1], "playingRoles": ["opening batter"], "headshotImage": {"id": 322067, "objectId": 1264436, "slug": "aiden-markram-player-page-headshot-cutout-2021", "url": "/db/PICTURES/CMS/322000/322067.png", "width": 600, "height": 436, "caption": "Aiden Markram player page headshot cutout, 2021", "longCaption": "Aiden Markram player page headshot cutout, 2021", "credit": null, "photographer": null, "peerUrls": {"FILM": null, "WIDE": null, "SQUARE": "/db/PICTURES/CMS/322000/322067.square.png"}}}, "runs": 7, "balls": 8, "fours": 1, "sixes": 0}], "overEndBowlers": [{"player": {"id": 64244, "objectId": 489889, "name": "PJ Cummins", "longName": "Pat Cummins", "mobileName": "Cummins", "indexName": "Cummins, PJ", "battingName": "PJ Cummins", "fieldingName": "Cummins", "slug": "pat-cummins", "imageUrl": "/db/PICTURES/CMS/309000/309079.png", "headshotImageUrl": "/db/PICTURES/CMS/316600/316692.png", "dateOfBirth": {"year": 1993, "month": 5, "date": 8}, "dateOfDeath": null, "gender": "M", "battingStyles": ["rhb"], "bowlingStyles": ["rf"], "longBattingStyles": ["right-hand bat"], "longBowlingStyles": ["right-arm fast"], "image": {"id": 309079, "objectId": 1232594, "slug": "pat-cummins-portrait", "url": "/db/PICTURES/CMS/309000/309079.png", "width": 160, "height": 201, "caption": "Pat Cummins portrait", "longCaption": "Pat Cummins portrait, September 2020", "credit": "Getty Images", "photographer": null, "peerUrls": null}, "countryTeamId": 2, "playerRoleTypeIds": [4], "playingRoles": ["bowler"], "headshotImage": {"id": 316692, "objectId": 1251325, "slug": "pj-cummins-headshot", "url": "/db/PICTURES/CMS/316600/316692.png", "width": 600, "height": 436, "caption": "PJ Cummins headshot", "longCaption": "PJ Cummins headshot", "credit": null, "photographer": null, "peerUrls": {"FILM": null, "WIDE": null, "SQUARE": null}}}, "overs": 1, "balls": 6, "maidens": 0, "conceded": 6, "wickets": 0, "currentType": 1}, {"player": {"id": 51367, "objectId": 288284, "name": "JR Hazlewood", "longName": "Josh Hazlewood", "mobileName": "Hazlewood", "indexName": "Hazlewood, JR", "battingName": "JR Hazlewood", "fieldingName": "Hazlewood", "slug": "josh-hazlewood", "imageUrl": "/db/PICTURES/CMS/263500/263531.1.jpg", "headshotImageUrl": "/db/PICTURES/CMS/316600/316622.png", "dateOfBirth": {"year": 1991, "month": 1, "date": 8}, "dateOfDeath": null, "gender": "M", "battingStyles": ["lhb"], "bowlingStyles": ["rfm"], "longBattingStyles": ["left-hand bat"], "longBowlingStyles": ["right-arm fast-medium"], "image": {"id": 263531, "objectId": 1099517, "slug": "josh-hazlewood", "url": "/db/PICTURES/CMS/263500/263531.1.jpg", "width": 160, "height": 200, "caption": "Josh Hazlewood", "longCaption": "Josh Hazlewood", "credit": "Getty Images", "photographer": null, "peerUrls": null}, "countryTeamId": 2, "playerRoleTypeIds": [4], "playingRoles": ["bowler"], "headshotImage": {"id": 316622, "objectId": 1251254, "slug": "jr-hazlewood-headshot", "url": "/db/PICTURES/CMS/316600/316622.png", "width": 600, "height": 436, "caption": "JR Hazlewood headshot", "longCaption": "JR Hazlewood headshot", "credit": null, "photographer": null, "peerUrls": {"FILM": null, "WIDE": null, "SQUARE": null}}}, "overs": 2, "balls": 12, "maidens": 1, "conceded": 1, "wickets": 2, "currentType": 2}], "rollover": null}, "batsmanStatText": null, "bowlerStatText": null, "smartStats": []}, {"_uid": 35064416, "id": 35064416, "inningNumber": 1, "ballsActual": null, "ballsUnique": null, "oversUnique": 6.01, "oversActual": 6.1, "overNumber": 7, "ballNumber": 1, "totalRuns": 1, "batsmanRuns": 0, "isFour": false, "isSix": false, "isWicket": false, "dismissalType": null, "byes": 0, "legbyes": 1, "wides": 0, "noballs": 0, "penalties": 0, "wagonX": 0, "wagonY": 0, "wagonZone": 0, "pitchLine": "DOWN_LEG", "pitchLength": "FULL", "shotType": "FLICK", "shotControl": 2, "timestamp": "2021-10-23T10:30:35.000Z", "modified": "2021-10-23T10:30:37.000Z", "batsmanPlayerId": 61634, "bowlerPlayerId": 58435, "outPlayerId": null, "totalInningRuns": 30, "totalInningWickets": 3, "predictions": {"score": 141, "winProbability": 26.41}, "title": "Zampa to Klaasen", "dismissalText": null, "commentPreTextItems": [{"type": "HTML", "html": "Zahoor: \"Surprising to see nothing on Maxi's hairstyle!!\" The wickets got in the way. Sorry. He basically has a top knot. Meanwhile, talking of haircuts, here's Adam Zampa"}], "commentTextItems": [{"type": "HTML", "html": "full at the pads, bobbles to the leg side"}], "commentPostTextItems": null, "commentVideos": [], "commentImages": [], "events": [], "over": null, "batsmanStatText": null, "bowlerStatText": null, "smartStats": []}, {"_uid": 35064418, "id": 35064418, "inningNumber": 1, "ballsActual": null, "ballsUnique": null, "oversUnique": 6.02, "oversActual": 6.2, "overNumber": 7, "ballNumber": 2, "totalRuns": 1, "batsmanRuns": 1, "isFour": false, "isSix": false, "isWicket": false, "dismissalType": null, "byes": 0, "legbyes": 0, "wides": 0, "noballs": 0, "penalties": 0, "wagonX": 47, "wagonY": 217, "wagonZone": 6, "pitchLine": "OUTSIDE_OFFSTUMP", "pitchLength": "FULL", "shotType": "COVER_DRIVE", "shotControl": 1, "timestamp": "2021-10-23T10:31:05.000Z", "modified": "2021-10-23T10:31:08.000Z", "batsmanPlayerId": 70277, "bowlerPlayerId": 58435, "outPlayerId": null, "totalInningRuns": 31, "totalInningWickets": 3, "predictions": {"score": 141, "winProbability": 26.41}, "title": "Zampa to Markram", "dismissalText": null, "commentPreTextItems": null, "commentTextItems": [{"type": "HTML", "html": "very full outside off, driven into the pitch and it goes out to cover who can't quite get it with a dive"}], "commentPostTextItems": null, "commentVideos": [], "commentImages": [], "events": [], "over": null, "batsmanStatText": null, "bowlerStatText": null, "smartStats": []}, {"_uid": 35064420, "id": 35064420, "inningNumber": 1, "ballsActual": null, "ballsUnique": null, "oversUnique": 6.03, "oversActual": 6.3, "overNumber": 7, "ballNumber": 3, "totalRuns": 3, "batsmanRuns": 3, "isFour": false, "isSix": false, "isWicket": false, "dismissalType": null, "byes": 0, "legbyes": 0, "wides": 0, "noballs": 0, "penalties": 0, "wagonX": 20, "wagonY": 128, "wagonZone": 7, "pitchLine": "OUTSIDE_OFFSTUMP", "pitchLength": "SHORT_OF_A_GOOD_LENGTH", "shotType": "CUT_SHOT", "shotControl": 1, "timestamp": "2021-10-23T10:31:53.000Z", "modified": "2021-10-23T10:31:56.000Z", "batsmanPlayerId": 61634, "bowlerPlayerId": 58435, "outPlayerId": null, "totalInningRuns": 34, "totalInningWickets": 3, "predictions": {"score": 142, "winProbability": 27.29}, "title": "Zampa to Klaasen", "dismissalText": null, "commentPreTextItems": null, "commentTextItems": [{"type": "HTML", "html": "steps back to leg to a delivery outside off, square cuts through backward point, a superb save by Marsh running around the point boundary...full-length dive and flick back"}], "commentPostTextItems": null, "commentVideos": [], "commentImages": [], "events": [], "over": null, "batsmanStatText": null, "bowlerStatText": null, "smartStats": []}, {"_uid": 35064422, "id": 35064422, "inningNumber": 1, "ballsActual": null, "ballsUnique": null, "oversUnique": 6.04, "oversActual": 6.4, "overNumber": 7, "ballNumber": 4, "totalRuns": 1, "batsmanRuns": 1, "isFour": false, "isSix": false, "isWicket": false, "dismissalType": null, "byes": 0, "legbyes": 0, "wides": 0, "noballs": 0, "penalties": 0, "wagonX": 223, "wagonY": 303, "wagonZone": 4, "pitchLine": "OUTSIDE_OFFSTUMP", "pitchLength": "SHORT_OF_A_GOOD_LENGTH", "shotType": "ON_DRIVE", "shotControl": 1, "timestamp": "2021-10-23T10:32:17.000Z", "modified": "2021-10-23T10:32:20.000Z", "batsmanPlayerId": 70277, "bowlerPlayerId": 58435, "outPlayerId": null, "totalInningRuns": 35, "totalInningWickets": 3, "predictions": {"score": 143, "winProbability": 28.19}, "title": "Zampa to Markram", "dismissalText": null, "commentPreTextItems": null, "commentTextItems": [{"type": "HTML", "html": "touch quicker, 94kph, and slides on, he's able to work it down to long-on"}], "commentPostTextItems": null, "commentVideos": [], "commentImages": [], "events": [], "over": null, "batsmanStatText": null, "bowlerStatText": null, "smartStats": []}, {"_uid": 35064424, "id": 35064424, "inningNumber": 1, "ballsActual": null, "ballsUnique": null, "oversUnique": 6.05, "oversActual": 6.5, "overNumber": 7, "ballNumber": 5, "totalRuns": 4, "batsmanRuns": 4, "isFour": true, "isSix": false, "isWicket": false, "dismissalType": null, "byes": 0, "legbyes": 0, "wides": 0, "noballs": 0, "penalties": 0, "wagonX": 357, "wagonY": 199, "wagonZone": 3, "pitchLine": "OUTSIDE_OFFSTUMP", "pitchLength": "SHORT_OF_A_GOOD_LENGTH", "shotType": "SLOG_SHOT", "shotControl": null, "timestamp": "2021-10-23T10:32:49.000Z", "modified": "2021-10-23T10:32:52.000Z", "batsmanPlayerId": 61634, "bowlerPlayerId": 58435, "outPlayerId": null, "totalInningRuns": 39, "totalInningWickets": 3, "predictions": {"score": 146, "winProbability": 31.01}, "title": "Zampa to Klaasen", "dismissalText": null, "commentPreTextItems": null, "commentTextItems": [{"type": "HTML", "html": "strikes this well, it's a slog-sweep from outside off but it goes very square...perfectly between the two deep fielders"}], "commentPostTextItems": null, "commentVideos": [], "commentImages": [], "events": [], "over": null, "batsmanStatText": null, "bowlerStatText": null, "smartStats": []}, {"_uid": 35064429, "id": 35064429, "inningNumber": 1, "ballsActual": null, "ballsUnique": null, "oversUnique": 6.06, "oversActual": 6.6, "overNumber": 7, "ballNumber": 6, "totalRuns": 0, "batsmanRuns": 0, "isFour": false, "isSix": false, "isWicket": false, "dismissalType": null, "byes": 0, "legbyes": 0, "wides": 0, "noballs": 0, "penalties": 0, "wagonX": 142, "wagonY": 171, "wagonZone": 6, "pitchLine": "ON_THE_STUMPS", "pitchLength": "GOOD_LENGTH", "shotType": "SLOG_SHOT", "shotControl": 2, "timestamp": "2021-10-23T10:33:17.000Z", "modified": "2021-10-23T10:33:20.000Z", "batsmanPlayerId": 61634, "bowlerPlayerId": 58435, "outPlayerId": null, "totalInningRuns": 39, "totalInningWickets": 3, "predictions": {"score": 146, "winProbability": 31.01}, "title": "Zampa to Klaasen", "dismissalText": null, "commentPreTextItems": null, "commentTextItems": [{"type": "HTML", "html": "a short delivery pushed through, he goes for the pull and gets a bottom edge into his pads"}], "commentPostTextItems": null, "commentVideos": [], "commentImages": [], "events": [], "over": {"team": {"id": 3, "objectId": 3, "scribeId": 3, "slug": "south-africa", "name": "South Africa", "longName": "South Africa", "abbreviation": "SA", "unofficialName": "", "imageUrl": "/db/PICTURES/CMS/313100/313125.logo.png", "isCountry": true, "primaryColor": "#ace411", "image": {"id": 313125, "objectId": 1241584, "slug": "south-africa-logo", "url": "/db/PICTURES/CMS/313100/313125.logo.png", "width": 500, "height": 500, "caption": "South Africa logo", "longCaption": "South Africa logo", "credit": null, "photographer": null, "peerUrls": null}, "country": {"id": 3, "objectId": 3, "name": "South Africa", "shortName": "South Africa", "abbreviation": "SA", "slug": "south-africa"}}, "inningNumber": 1, "overNumber": 7, "overRuns": 10, "overWickets": 0, "totalRuns": 39, "totalWickets": 3, "target": 0, "overLimit": 20, "ballLimit": 120, "isMaiden": false, "isComplete": true, "isSuperOver": false, "overEndBatsmen": [{"player": {"id": 61634, "objectId": 436757, "name": "H Klaasen", "longName": "Heinrich Klaasen", "mobileName": "Klaasen", "indexName": "Klaasen, H", "battingName": "H Klaasen", "fieldingName": "Klaasen", "slug": "heinrich-klaasen", "imageUrl": "/db/PICTURES/CMS/317900/317958.jpg", "headshotImageUrl": "/db/PICTURES/CMS/322000/322073.png", "dateOfBirth": {"year": 1991, "month": 7, "date": 30}, "dateOfDeath": null, "gender": "M", "battingStyles": ["rhb"], "bowlingStyles": ["ob"], "longBattingStyles": ["right-hand bat"], "longBowlingStyles": ["right-arm offbreak"], "image": {"id": 317958, "objectId": 1254926, "slug": "heinrich-klaasen-portrait", "url": "/db/PICTURES/CMS/317900/317958.jpg", "width": 160, "height": 200, "caption": "Heinrich Klaasen portrait", "longCaption": "Heinrich Klaasen portrait, November 19, 2020", "credit": "Cricket South Africa", "photographer": null, "peerUrls": null}, "countryTeamId": 3, "playerRoleTypeIds": [7], "playingRoles": ["wicketkeeper batter"], "headshotImage": {"id": 322073, "objectId": 1264444, "slug": "heinrich-klaasen-player-page-headshot-cutout-2021", "url": "/db/PICTURES/CMS/322000/322073.png", "width": 600, "height": 436, "caption": "Heinrich Klaasen player page headshot cutout, 2021", "longCaption": "Heinrich Klaasen player page headshot cutout, 2021", "credit": null, "photographer": null, "peerUrls": {"FILM": null, "WIDE": null, "SQUARE": "/db/PICTURES/CMS/322000/322073.square.png"}}}, "runs": 8, "balls": 10, "fours": 1, "sixes": 0}, {"player": {"id": 70277, "objectId": 600498, "name": "AK Markram", "longName": "Aiden Markram", "mobileName": "Markram", "indexName": "Markram, AK", "battingName": "AK Markram", "fieldingName": "Markram", "slug": "aiden-markram", "imageUrl": "/db/PICTURES/CMS/317900/317970.jpg", "headshotImageUrl": "/db/PICTURES/CMS/322000/322067.png", "dateOfBirth": {"year": 1994, "month": 10, "date": 4}, "dateOfDeath": null, "gender": "M", "battingStyles": ["rhb"], "bowlingStyles": ["ob"], "longBattingStyles": ["right-hand bat"], "longBowlingStyles": ["right-arm offbreak"], "image": {"id": 317970, "objectId": 1254938, "slug": "aiden-markram-portrait", "url": "/db/PICTURES/CMS/317900/317970.jpg", "width": 160, "height": 200, "caption": "Aiden Markram portrait", "longCaption": "Aiden Markram portrait, December 23, 2020", "credit": "Cricket South Africa", "photographer": null, "peerUrls": null}, "countryTeamId": 3, "playerRoleTypeIds": [1], "playingRoles": ["opening batter"], "headshotImage": {"id": 322067, "objectId": 1264436, "slug": "aiden-markram-player-page-headshot-cutout-2021", "url": "/db/PICTURES/CMS/322000/322067.png", "width": 600, "height": 436, "caption": "Aiden Markram player page headshot cutout, 2021", "longCaption": "Aiden Markram player page headshot cutout, 2021", "credit": null, "photographer": null, "peerUrls": {"FILM": null, "WIDE": null, "SQUARE": "/db/PICTURES/CMS/322000/322067.square.png"}}}, "runs": 9, "balls": 10, "fours": 1, "sixes": 0}], "overEndBowlers": [{"player": {"id": 58435, "objectId": 379504, "name": "A Zampa", "longName": "Adam Zampa", "mobileName": "Zampa", "indexName": "Zampa, A", "battingName": "A Zampa", "fieldingName": "Zampa", "slug": "adam-zampa", "imageUrl": "/db/PICTURES/CMS/263500/263543.1.jpg", "headshotImageUrl": "/db/PICTURES/CMS/321500/321549.png", "dateOfBirth": {"year": 1992, "month": 3, "date": 31}, "dateOfDeath": null, "gender": "M", "battingStyles": ["rhb"], "bowlingStyles": ["lbg"], "longBattingStyles": ["right-hand bat"], "longBowlingStyles": ["legbreak googly"], "image": {"id": 263543, "objectId": 1099536, "slug": "adam-zampa", "url": "/db/PICTURES/CMS/263500/263543.1.jpg", "width": 160, "height": 200, "caption": "Adam Zampa", "longCaption": "Adam Zampa", "credit": "Getty Images", "photographer": null, "peerUrls": null}, "countryTeamId": 2, "playerRoleTypeIds": [4], "playingRoles": ["bowler"], "headshotImage": {"id": 321549, "objectId": 1263442, "slug": "adam-zampa-player-page-headshot-cutout-2021", "url": "/db/PICTURES/CMS/321500/321549.png", "width": 600, "height": 436, "caption": "Adam Zampa player page headshot cutout, 2021", "longCaption": "Adam Zampa player page headshot cutout, 2021", "credit": null, "photographer": null, "peerUrls": {"FILM": null, "WIDE": null, "SQUARE": "/db/PICTURES/CMS/321500/321549.square.png"}}}, "overs": 1, "balls": 6, "maidens": 0, "conceded": 9, "wickets": 0, "currentType": 1}, {"player": {"id": 64244, "objectId": 489889, "name": "PJ Cummins", "longName": "Pat Cummins", "mobileName": "Cummins", "indexName": "Cummins, PJ", "battingName": "PJ Cummins", "fieldingName": "Cummins", "slug": "pat-cummins", "imageUrl": "/db/PICTURES/CMS/309000/309079.png", "headshotImageUrl": "/db/PICTURES/CMS/316600/316692.png", "dateOfBirth": {"year": 1993, "month": 5, "date": 8}, "dateOfDeath": null, "gender": "M", "battingStyles": ["rhb"], "bowlingStyles": ["rf"], "longBattingStyles": ["right-hand bat"], "longBowlingStyles": ["right-arm fast"], "image": {"id": 309079, "objectId": 1232594, "slug": "pat-cummins-portrait", "url": "/db/PICTURES/CMS/309000/309079.png", "width": 160, "height": 201, "caption": "Pat Cummins portrait", "longCaption": "Pat Cummins portrait, September 2020", "credit": "Getty Images", "photographer": null, "peerUrls": null}, "countryTeamId": 2, "playerRoleTypeIds": [4], "playingRoles": ["bowler"], "headshotImage": {"id": 316692, "objectId": 1251325, "slug": "pj-cummins-headshot", "url": "/db/PICTURES/CMS/316600/316692.png", "width": 600, "height": 436, "caption": "PJ Cummins headshot", "longCaption": "PJ Cummins headshot", "credit": null, "photographer": null, "peerUrls": {"FILM": null, "WIDE": null, "SQUARE": null}}}, "overs": 1, "balls": 6, "maidens": 0, "conceded": 6, "wickets": 0, "currentType": 2}], "rollover": null}, "batsmanStatText": null, "bowlerStatText": null, "smartStats": []}]