[{"_uid": 35046398, "id": 35046398, "inningNumber": 2, "ballsActual": null, "ballsUnique": null, "oversUnique": 0.01, "oversActual": 0.1, "overNumber": 1, "ballNumber": 1, "totalRuns": 2, "batsmanRuns": 2, "isFour": false, "isSix": false, "isWicket": false, "dismissalType": null, "byes": 0, "legbyes": 0, "wides": 0, "noballs": 0, "penalties": 0, "wagonX": 62, "wagonY": 123, "wagonZone": 7, "pitchLine": "OUTSIDE_OFFSTUMP", "pitchLength": "SHORT_OF_A_GOOD_LENGTH", "shotType": "SQUARE_DRIVE", "shotControl": 1, "timestamp": "2021-10-19T16:12:31.000Z", "modified": "2021-10-19T16:12:34.000Z", "batsmanPlayerId": 87469, "bowlerPlayerId": 66808, "outPlayerId": null, "totalInningRuns": 2, "totalInningWickets": 0, "predictions": {"score": 154, "winProbability": 57.58}, "title": "Taskin to Aqib", "dismissalText": null, "commentPreTextItems": [{"type": "HTML", "html": "<strong>8.10pm</strong> Welcome back. Looks like we might have a thriller tonight. Here's a disturbing thought, though. If Bangladesh win this, then win against PNG, they will have the disadvantage of Oman knowing what exactly they need to do and Scotland knowing exactly how badly they can afford to lose in the last match. It is unfair on these teams really even though I can see the ICC is stuck with limited venues as the main venues need some time to refresh after the IPL. Anyway that is a debate for later. Bangladesh need to win for that to come to pass. Ilyas and Jatinder are out to open. Taskin has the ball. One slip in place"}], "commentTextItems": [{"type": "HTML", "html": "good timing right away as he opens the face on this short-of-a-length ball, placing it between point and cover-point"}], "commentPostTextItems": null, "commentVideos": [], "commentImages": [], "events": [], "over": null, "batsmanStatText": null, "bowlerStatText": null, "smartStats": []}, {"_uid": 35046399, "id": 35046399, "inningNumber": 2, "ballsActual": null, "ballsUnique": null, "oversUnique": 0.02, "oversActual": 0.2, "overNumber": 1, "ballNumber": 2, "totalRuns": 4, "batsmanRuns": 4, "isFour": true, "isSix": false, "isWicket": false, "dismissalType": null, "byes": 0, "legbyes": 0, "wides": 0, "noballs": 0, "penalties": 0, "wagonX": 333, "wagonY": 101, "wagonZone": 2, "pitchLine": "ON_THE_STUMPS", "pitchLength": "GOOD_LENGTH", "shotType": "FLICK", "shotControl": 1, "timestamp": "2021-10-19T16:13:03.000Z", "modified": "2021-10-19T16:13:06.000Z", "batsmanPlayerId": 87469, "bowlerPlayerId": 66808, "outPlayerId": null, "totalInningRuns": 6, "totalInningWickets": 0, "predictions": {"score": 156, "winProbability": 60.33}, "title": "Taskin to Aqib", "dismissalText": null, "commentPreTextItems": [{"type": "HTML", "html": "Fine leg and third man are back"}], "commentTextItems": [{"type": "HTML", "html": "Oman not in a mood to mess around. Tasking strays a touch, and Ilyas plays a pick-up shot over square leg for four. A plum length ball on the pads at 142ks"}], "commentPostTextItems": null, "commentVideos": [], "commentImages": [], "events": [], "over": null, "batsmanStatText": null, "bowlerStatText": null, "smartStats": []}, {"_uid": 35046400, "id": 35046400, "inningNumber": 2, "ballsActual": null, "ballsUnique": null, "oversUnique": 0.03, "oversActual": 0.3, "overNumber": 1, "ballNumber": 3, "totalRuns": 0, "batsmanRuns": 0, "isFour": false, "isSix": false, "isWicket": false, "dismissalType": null, "byes": 0, "legbyes": 0, "wides": 0, "noballs": 0, "penalties": 0, "wagonX": 0, "wagonY": 0, "wagonZone": 0, "pitchLine": "OUTSIDE_OFFSTUMP", "pitchLength": "SHORT_OF_A_GOOD_LENGTH", "shotType": "DEFENDED", "shotControl": 2, "timestamp": "2021-10-19T16:14:10.000Z", "modified": "2021-10-19T16:14:13.000Z", "batsmanPlayerId": 87469, "bowlerPlayerId": 66808, "outPlayerId": null, "totalInningRuns": 6, "totalInningWickets": 0, "predictions": {"score": 155, "winProbability": 59.36}, "title": "Taskin to Aqib", "dismissalText": null, "commentPreTextItems": null, "commentTextItems": [{"type": "HTML", "html": "<strong>beaten as this one holds its line outside off</strong>. Short of a length, 143ks, slight seam movement away, opens him up as he defends"}], "commentPostTextItems": null, "commentVideos": [], "commentImages": [], "events": [], "over": null, "batsmanStatText": null, "bowlerStatText": null, "smartStats": []}, {"_uid": 35046401, "id": 35046401, "inningNumber": 2, "ballsActual": null, "ballsUnique": null, "oversUnique": 0.04, "oversActual": 0.4, "overNumber": 1, "ballNumber": 4, "totalRuns": 1, "batsmanRuns": 0, "isFour": false, "isSix": false, "isWicket": false, "dismissalType": null, "byes": 0, "legbyes": 1, "wides": 0, "noballs": 0, "penalties": 0, "wagonX": 0, "wagonY": 0, "wagonZone": 0, "pitchLine": "ON_THE_STUMPS", "pitchLength": "GOOD_LENGTH", "shotType": "FLICK", "shotControl": 2, "timestamp": "2021-10-19T16:15:00.000Z", "modified": "2021-10-19T16:15:04.000Z", "batsmanPlayerId": 87469, "bowlerPlayerId": 66808, "outPlayerId": null, "totalInningRuns": 7, "totalInningWickets": 0, "predictions": {"score": 155, "winProbability": 59.48}, "title": "Taskin to Aqib", "dismissalText": null, "commentPreTextItems": [{"type": "HTML", "html": "Fine leg is up now"}], "commentTextItems": [{"type": "HTML", "html": "down the leg side with fine leg up and he is lucky to get away with just the leg-bye"}], "commentPostTextItems": null, "commentVideos": [], "commentImages": [], "events": [], "over": null, "batsmanStatText": null, "bowlerStatText": null, "smartStats": []}, {"_uid": 35046402, "id": 35046402, "inningNumber": 2, "ballsActual": null, "ballsUnique": null, "oversUnique": 0.05, "oversActual": 0.5, "overNumber": 1, "ballNumber": 5, "totalRuns": 2, "batsmanRuns": 2, "isFour": false, "isSix": false, "isWicket": false, "dismissalType": null, "byes": 0, "legbyes": 0, "wides": 0, "noballs": 0, "penalties": 0, "wagonX": 308, "wagonY": 281, "wagonZone": 3, "pitchLine": "OUTSIDE_OFFSTUMP", "pitchLength": "SHORT_OF_A_GOOD_LENGTH", "shotType": "PULL", "shotControl": 2, "timestamp": "2021-10-19T16:15:46.000Z", "modified": "2021-10-19T16:15:49.000Z", "batsmanPlayerId": 53016, "bowlerPlayerId": 66808, "outPlayerId": null, "totalInningRuns": 9, "totalInningWickets": 0, "predictions": {"score": 155, "winProbability": 60.05}, "title": "Taskin to Jatinder", "dismissalText": null, "commentPreTextItems": null, "commentTextItems": [{"type": "HTML", "html": "Jatinder goes after him first up. This is short of a length, 143ks, and he just pulls it. Gets a top edge but clears the infield"}], "commentPostTextItems": null, "commentVideos": [], "commentImages": [], "events": [], "over": null, "batsmanStatText": null, "bowlerStatText": null, "smartStats": []}, {"_uid": 35046403, "id": 35046403, "inningNumber": 2, "ballsActual": null, "ballsUnique": null, "oversUnique": 0.06, "oversActual": 0.6, "overNumber": 1, "ballNumber": 6, "totalRuns": 2, "batsmanRuns": 0, "isFour": false, "isSix": false, "isWicket": false, "dismissalType": null, "byes": 0, "legbyes": 0, "wides": 2, "noballs": 0, "penalties": 0, "wagonX": 0, "wagonY": 0, "wagonZone": 0, "pitchLine": "ON_THE_STUMPS", "pitchLength": "GOOD_LENGTH", "shotType": "FLICK", "shotControl": 2, "timestamp": "2021-10-19T16:16:35.000Z", "modified": "2021-10-19T16:16:38.000Z", "batsmanPlayerId": 53016, "bowlerPlayerId": 66808, "outPlayerId": null, "totalInningRuns": 11, "totalInningWickets": 0, "predictions": {"score": 157, "winProbability": 62.25}, "title": "Taskin to Jatinder", "dismissalText": null, "commentPreTextItems": null, "commentTextItems": [{"type": "HTML", "html": "down the leg side again, and Nurul Hasan does really well to save four extras. Just one wide, and one on the run. He has saved three here"}], "commentPostTextItems": null, "commentVideos": [], "commentImages": [], "events": [], "over": null, "batsmanStatText": null, "bowlerStatText": null, "smartStats": []}, {"_uid": 35046404, "id": 35046404, "inningNumber": 2, "ballsActual": null, "ballsUnique": null, "oversUnique": 0.07, "oversActual": 0.6, "overNumber": 1, "ballNumber": 7, "totalRuns": 1, "batsmanRuns": 0, "isFour": false, "isSix": false, "isWicket": false, "dismissalType": null, "byes": 0, "legbyes": 1, "wides": 0, "noballs": 0, "penalties": 0, "wagonX": 0, "wagonY": 0, "wagonZone": 0, "pitchLine": "ON_THE_STUMPS", "pitchLength": "SHORT_OF_A_GOOD_LENGTH", "shotType": "FLICK", "shotControl": 2, "timestamp": "2021-10-19T16:17:31.000Z", "modified": "2021-10-19T16:17:34.000Z", "batsmanPlayerId": 87469, "bowlerPlayerId": 66808, "outPlayerId": null, "totalInningRuns": 12, "totalInningWickets": 0, "predictions": {"score": 157, "winProbability": 62.37}, "title": "Taskin to Aqib", "dismissalText": null, "commentPreTextItems": null, "commentTextItems": [{"type": "HTML", "html": "short of a length, 143ks, into the pads, goes for a leg-bye"}], "commentPostTextItems": [{"type": "HTML", "html": "Good pace but wayward. Perhaps got three balls spot on out of seven"}], "commentVideos": [], "commentImages": [], "events": [], "over": {"team": {"id": 37, "objectId": 37, "scribeId": 37, "slug": "oman", "name": "Oman", "longName": "Oman", "abbreviation": "OMA", "unofficialName": "", "imageUrl": "/db/PICTURES/CMS/358500/358573.png", "isCountry": true, "primaryColor": null, "image": {"id": 358573, "objectId": 1370493, "slug": "oman-flag-team-logo", "url": "/db/PICTURES/CMS/358500/358573.png", "width": 500, "height": 500, "caption": "Oman flag team logo", "longCaption": "Oman flag team logo", "credit": "Unknown", "photographer": null, "peerUrls": null}, "country": {"id": 37, "objectId": 37, "name": "Oman", "shortName": "Oman", "abbreviation": "OMA", "slug": "oman"}}, "inningNumber": 2, "overNumber": 1, "overRuns": 12, "overWickets": 0, "totalRuns": 12, "totalWickets": 0, "target": 154, "overLimit": 20, "ballLimit": 120, "isMaiden": false, "isComplete": true, "isSuperOver": false, "overEndBatsmen": [{"player": {"id": 87469, "objectId": 940593, "name": "Aqib Ilyas", "longName": "Aqib Ilyas", "mobileName": "Aqib", "indexName": "Aqib Ilyas", "battingName": "Aqib Ilyas", "fieldingName": "Aqib Ilyas", "slug": "aqib-ilyas", "imageUrl": "/db/PICTURES/CMS/257900/257905.1.jpg", "headshotImageUrl": "/db/PICTURES/CMS/321700/321767.png", "dateOfBirth": {"year": 1992, "month": 9, "date": 5}, "dateOfDeath": null, "gender": "M", "battingStyles": ["rhb"], "bowlingStyles": ["ob", "lbg"], "longBattingStyles": ["right-hand bat"], "longBowlingStyles": ["right-arm offbreak", "legbreak googly"], "image": {"id": 257905, "objectId": 1078253, "slug": "aaqib-illyas-player-portrait", "url": "/db/PICTURES/CMS/257900/257905.1.jpg", "width": 160, "height": 206, "caption": "Aaqib Illyas player portrait", "longCaption": "Aaqib Illyas player portrait", "credit": "Oman Cricket", "photographer": null, "peerUrls": null}, "countryTeamId": 37, "playerRoleTypeIds": [2], "playingRoles": ["top-order batter"], "headshotImage": {"id": 321767, "objectId": 1263923, "slug": "aqib-ilyas-sulehri-player-page-headshot-cutout-2021", "url": "/db/PICTURES/CMS/321700/321767.png", "width": 600, "height": 436, "caption": "Aqib Ilyas Sulehri player page headshot cutout, 2021", "longCaption": "Aqib Ilyas Sulehri player page headshot cutout, 2021", "credit": null, "photographer": null, "peerUrls": {"FILM": null, "WIDE": null, "SQUARE": "/db/PICTURES/CMS/321700/321767.square.png"}}}, "runs": 6, "balls": 5, "fours": 1, "sixes": 0}, {"player": {"id": 53016, "objectId": 307756, "name": "Jatinder Singh", "longName": "Jatinder Singh", "mobileName": "Jatinder", "indexName": "Jatinder Singh", "battingName": "Jatinder Singh", "fieldingName": "Jatinder Singh", "slug": "jatinder-singh", "imageUrl": "/db/PICTURES/CMS/235600/235695.1.jpg", "headshotImageUrl": "/db/PICTURES/CMS/321700/321771.png", "dateOfBirth": {"year": 1989, "month": 3, "date": 5}, "dateOfDeath": null, "gender": "M", "battingStyles": ["rhb"], "bowlingStyles": ["ob"], "longBattingStyles": ["right-hand bat"], "longBowlingStyles": ["right-arm offbreak"], "image": {"id": 235695, "objectId": 978389, "slug": "jatinder-singh-profile-picture", "url": "/db/PICTURES/CMS/235600/235695.1.jpg", "width": 160, "height": 200, "caption": "Jatinder Singh profile picture", "longCaption": "Jatinder Singh profile picture", "credit": "International Cricket Council", "photographer": null, "peerUrls": null}, "countryTeamId": 37, "playerRoleTypeIds": [8], "playingRoles": ["batter"], "headshotImage": {"id": 321771, "objectId": 1263927, "slug": "jatinder-singh-player-page-headshot-cutout-2021", "url": "/db/PICTURES/CMS/321700/321771.png", "width": 600, "height": 436, "caption": "Jatinder Singh player page headshot cutout, 2021", "longCaption": "Jatinder Singh player page headshot cutout, 2021", "credit": null, "photographer": null, "peerUrls": {"FILM": null, "WIDE": null, "SQUARE": "/db/PICTURES/CMS/321700/321771.square.png"}}}, "runs": 2, "balls": 1, "fours": 0, "sixes": 0}], "overEndBowlers": [{"player": {"id": 66808, "objectId": 538506, "name": "Taskin Ahmed", "longName": "Taskin Ahmed", "mobileName": "Taskin", "indexName": "Taskin Ahmed", "battingName": "Taskin Ahmed", "fieldingName": "Taskin Ahmed", "slug": "taskin-ahmed", "imageUrl": "/db/PICTURES/CMS/303100/303169.jpg", "headshotImageUrl": "/db/PICTURES/CMS/316700/316703.png", "dateOfBirth": {"year": 1995, "month": 4, "date": 3}, "dateOfDeath": null, "gender": "M", "battingStyles": ["lhb"], "bowlingStyles": ["rf"], "longBattingStyles": ["left-hand bat"], "longBowlingStyles": ["right-arm fast"], "image": {"id": 303169, "objectId": 1221603, "slug": "taskin-ahmed-portrait", "url": "/db/PICTURES/CMS/303100/303169.jpg", "width": 160, "height": 203, "caption": "Taskin Ahmed portrait", "longCaption": "Taskin Ahmed portrait, April 2020", "credit": "Getty Images", "photographer": null, "peerUrls": null}, "countryTeamId": 25, "playerRoleTypeIds": [4], "playingRoles": ["bowler"], "headshotImage": {"id": 316703, "objectId": 1251336, "slug": "taskin-ahmed-headshot", "url": "/db/PICTURES/CMS/316700/316703.png", "width": 600, "height": 436, "caption": "Taskin Ahmed headshot", "longCaption": "Taskin Ahmed headshot", "credit": null, "photographer": null, "peerUrls": {"FILM": null, "WIDE": null, "SQUARE": null}}}, "overs": 1, "balls": 6, "maidens": 0, "conceded": 10, "wickets": 0, "currentType": 1}], "rollover": null}, "batsmanStatText": null, "bowlerStatText": null, "smartStats": []}]