[{"_uid": 35064968, "id": 35064968, "inningNumber": 2, "ballsActual": null, "ballsUnique": null, "oversUnique": 0.01, "oversActual": 0.1, "overNumber": 1, "ballNumber": 1, "totalRuns": 0, "batsmanRuns": 0, "isFour": false, "isSix": false, "isWicket": false, "dismissalType": null, "byes": 0, "legbyes": 0, "wides": 0, "noballs": 0, "penalties": 0, "wagonX": 249, "wagonY": 183, "wagonZone": 3, "pitchLine": "OUTSIDE_OFFSTUMP", "pitchLength": "SHORT_OF_A_GOOD_LENGTH", "shotType": "COVER_DRIVE", "shotControl": 1, "timestamp": "2021-10-23T11:54:14.000Z", "modified": "2021-10-23T11:54:18.000Z", "batsmanPlayerId": 48739, "bowlerPlayerId": 67296, "outPlayerId": null, "totalInningRuns": 0, "totalInningWickets": 0, "predictions": {"score": 160, "winProbability": 88.13}, "title": "Rabada to Warner", "dismissalText": null, "commentPreTextItems": [{"type": "HTML", "html": "Welcome back everyone. Players back in the middle. What can South Africa make of this total?"}], "commentTextItems": [{"type": "HTML", "html": "over the wicket, short outside off, punched at the top of the bounce into the covers"}], "commentPostTextItems": null, "commentVideos": [], "commentImages": [], "events": [], "over": null, "batsmanStatText": null, "bowlerStatText": null, "smartStats": []}, {"_uid": 35064970, "id": 35064970, "inningNumber": 2, "ballsActual": null, "ballsUnique": null, "oversUnique": 0.02, "oversActual": 0.2, "overNumber": 1, "ballNumber": 2, "totalRuns": 1, "batsmanRuns": 1, "isFour": false, "isSix": false, "isWicket": false, "dismissalType": null, "byes": 0, "legbyes": 0, "wides": 0, "noballs": 0, "penalties": 0, "wagonX": 220, "wagonY": 192, "wagonZone": 3, "pitchLine": "OUTSIDE_OFFSTUMP", "pitchLength": "GOOD_LENGTH", "shotType": "COVER_DRIVE", "shotControl": 1, "timestamp": "2021-10-23T11:54:29.000Z", "modified": "2021-10-23T11:54:32.000Z", "batsmanPlayerId": 48739, "bowlerPlayerId": 67296, "outPlayerId": null, "totalInningRuns": 1, "totalInningWickets": 0, "predictions": {"score": 159, "winProbability": 88.08}, "title": "Rabada to Warner", "dismissalText": null, "commentPreTextItems": null, "commentTextItems": [{"type": "HTML", "html": "<strong>tight run!</strong> Finch might have been gone with a hit. Warner pushed it into the off side and set off. Maybe just home"}], "commentPostTextItems": null, "commentVideos": [], "commentImages": [], "events": [], "over": null, "batsmanStatText": null, "bowlerStatText": null, "smartStats": []}, {"_uid": 35064972, "id": 35064972, "inningNumber": 2, "ballsActual": null, "ballsUnique": null, "oversUnique": 0.03, "oversActual": 0.3, "overNumber": 1, "ballNumber": 3, "totalRuns": 0, "batsmanRuns": 0, "isFour": false, "isSix": false, "isWicket": false, "dismissalType": null, "byes": 0, "legbyes": 0, "wides": 0, "noballs": 0, "penalties": 0, "wagonX": 185, "wagonY": 191, "wagonZone": 4, "pitchLine": "ON_THE_STUMPS", "pitchLength": "SHORT_OF_A_GOOD_LENGTH", "shotType": "DEFENDED", "shotControl": 2, "timestamp": "2021-10-23T11:55:31.000Z", "modified": "2021-10-23T11:55:34.000Z", "batsmanPlayerId": 35812, "bowlerPlayerId": 67296, "outPlayerId": null, "totalInningRuns": 1, "totalInningWickets": 0, "predictions": {"score": 158, "winProbability": 87.79}, "title": "Rabada to Finch", "dismissalText": null, "commentPreTextItems": null, "commentTextItems": [{"type": "HTML", "html": "uses his feet and walks at Rabada then lobs a short-of-a-length delivery into the air on the leg side but it falls safely"}], "commentPostTextItems": null, "commentVideos": [], "commentImages": [], "events": [{"type": "DROPPED_CATCH", "inningNumber": 2, "oversUnique": 0.03, "batsman": null, "fielders": [{"id": 67296, "objectId": 550215, "name": "K Rabada", "longName": "Kagiso Rabada", "mobileName": "Rabada", "indexName": "Rabada, K", "battingName": "K Rabada", "fieldingName": "Rabada", "slug": "kagiso-rabada", "imageUrl": "/db/PICTURES/CMS/317900/317954.jpg", "headshotImageUrl": "/db/PICTURES/CMS/320300/320376.png"}]}], "over": null, "batsmanStatText": null, "bowlerStatText": null, "smartStats": []}, {"_uid": 35064974, "id": 35064974, "inningNumber": 2, "ballsActual": null, "ballsUnique": null, "oversUnique": 0.04, "oversActual": 0.4, "overNumber": 1, "ballNumber": 4, "totalRuns": 0, "batsmanRuns": 0, "isFour": false, "isSix": false, "isWicket": false, "dismissalType": null, "byes": 0, "legbyes": 0, "wides": 0, "noballs": 0, "penalties": 0, "wagonX": 0, "wagonY": 0, "wagonZone": 0, "pitchLine": "OUTSIDE_OFFSTUMP", "pitchLength": "SHORT", "shotType": "CUT_SHOT", "shotControl": 2, "timestamp": "2021-10-23T11:55:43.000Z", "modified": "2021-10-23T11:55:47.000Z", "batsmanPlayerId": 35812, "bowlerPlayerId": 67296, "outPlayerId": null, "totalInningRuns": 1, "totalInningWickets": 0, "predictions": {"score": 156, "winProbability": 87.21}, "title": "Rabada to Finch", "dismissalText": null, "commentPreTextItems": null, "commentTextItems": [{"type": "HTML", "html": "that's quick...141kph, short outside off, zips over Finch's top edge as he fences at it"}], "commentPostTextItems": null, "commentVideos": [], "commentImages": [], "events": [], "over": null, "batsmanStatText": null, "bowlerStatText": null, "smartStats": []}, {"_uid": 35064977, "id": 35064977, "inningNumber": 2, "ballsActual": null, "ballsUnique": null, "oversUnique": 0.05, "oversActual": 0.5, "overNumber": 1, "ballNumber": 5, "totalRuns": 1, "batsmanRuns": 0, "isFour": false, "isSix": false, "isWicket": false, "dismissalType": null, "byes": 0, "legbyes": 0, "wides": 1, "noballs": 0, "penalties": 0, "wagonX": 0, "wagonY": 0, "wagonZone": 0, "pitchLine": "ON_THE_STUMPS", "pitchLength": "SHORT_OF_A_GOOD_LENGTH", "shotType": "LEFT_ALONE", "shotControl": 1, "timestamp": "2021-10-23T11:56:20.000Z", "modified": "2021-10-23T11:56:23.000Z", "batsmanPlayerId": 35812, "bowlerPlayerId": 67296, "outPlayerId": null, "totalInningRuns": 2, "totalInningWickets": 0, "predictions": {"score": 157, "winProbability": 87.72}, "title": "Rabada to Finch", "dismissalText": null, "commentPreTextItems": null, "commentTextItems": [{"type": "HTML", "html": "angled well down the leg side"}], "commentPostTextItems": null, "commentVideos": [], "commentImages": [], "events": [], "over": null, "batsmanStatText": null, "bowlerStatText": null, "smartStats": []}, {"_uid": 35064980, "id": 35064980, "inningNumber": 2, "ballsActual": null, "ballsUnique": null, "oversUnique": 0.06, "oversActual": 0.5, "overNumber": 1, "ballNumber": 6, "totalRuns": 0, "batsmanRuns": 0, "isFour": false, "isSix": false, "isWicket": false, "dismissalType": null, "byes": 0, "legbyes": 0, "wides": 0, "noballs": 0, "penalties": 0, "wagonX": 159, "wagonY": 199, "wagonZone": 5, "pitchLine": "OUTSIDE_OFFSTUMP", "pitchLength": "GOOD_LENGTH", "shotType": "DEFENDED", "shotControl": 1, "timestamp": "2021-10-23T11:56:57.000Z", "modified": "2021-10-23T11:56:59.000Z", "batsmanPlayerId": 35812, "bowlerPlayerId": 67296, "outPlayerId": null, "totalInningRuns": 2, "totalInningWickets": 0, "predictions": {"score": 155, "winProbability": 87.13}, "title": "Rabada to Finch", "dismissalText": null, "commentPreTextItems": null, "commentTextItems": [{"type": "HTML", "html": "back of a length at off stump, 141kph, defended on the back foot"}], "commentPostTextItems": null, "commentVideos": [], "commentImages": [], "events": [], "over": null, "batsmanStatText": null, "bowlerStatText": null, "smartStats": []}, {"_uid": 35064981, "id": 35064981, "inningNumber": 2, "ballsActual": null, "ballsUnique": null, "oversUnique": 0.07, "oversActual": 0.6, "overNumber": 1, "ballNumber": 7, "totalRuns": 0, "batsmanRuns": 0, "isFour": false, "isSix": false, "isWicket": false, "dismissalType": null, "byes": 0, "legbyes": 0, "wides": 0, "noballs": 0, "penalties": 0, "wagonX": 211, "wagonY": 183, "wagonZone": 3, "pitchLine": "ON_THE_STUMPS", "pitchLength": "GOOD_LENGTH", "shotType": "DEFENDED", "shotControl": 1, "timestamp": "2021-10-23T11:57:30.000Z", "modified": "2021-10-23T11:57:33.000Z", "batsmanPlayerId": 35812, "bowlerPlayerId": 67296, "outPlayerId": null, "totalInningRuns": 2, "totalInningWickets": 0, "predictions": {"score": 154, "winProbability": 86.64}, "title": "Rabada to Finch", "dismissalText": null, "commentPreTextItems": null, "commentTextItems": [{"type": "HTML", "html": "fuller, Finch's footwork not great as he comes forward, takes a thickish edge to the leg side"}], "commentPostTextItems": null, "commentVideos": [], "commentImages": [], "events": [], "over": {"team": {"id": 2, "objectId": 2, "scribeId": 2, "slug": "australia", "name": "Australia", "longName": "Australia", "abbreviation": "AUS", "unofficialName": "", "imageUrl": "/db/PICTURES/CMS/340400/340493.png", "isCountry": true, "primaryColor": "#f3f702", "image": {"id": 340493, "objectId": 1318684, "slug": "australia-team-flag-latest", "url": "/db/PICTURES/CMS/340400/340493.png", "width": 500, "height": 500, "caption": "Australia team flag-latest", "longCaption": "Australia team flag-latest", "credit": "Getty Images", "photographer": null, "peerUrls": null}, "country": {"id": 2, "objectId": 2, "name": "Australia", "shortName": "Australia", "abbreviation": "AUS", "slug": "australia"}}, "inningNumber": 2, "overNumber": 1, "overRuns": 2, "overWickets": 0, "totalRuns": 2, "totalWickets": 0, "target": 119, "overLimit": 20, "ballLimit": 120, "isMaiden": false, "isComplete": true, "isSuperOver": false, "overEndBatsmen": [{"player": {"id": 35812, "objectId": 5334, "name": "AJ Finch", "longName": "Aaron Finch", "mobileName": "Finch", "indexName": "Finch, AJ", "battingName": "AJ Finch", "fieldingName": "Finch", "slug": "aaron-finch", "imageUrl": "/db/PICTURES/CMS/304000/304053.jpg", "headshotImageUrl": "/db/PICTURES/CMS/316500/316533.png", "dateOfBirth": {"year": 1986, "month": 11, "date": 17}, "dateOfDeath": null, "gender": "M", "battingStyles": ["rhb"], "bowlingStyles": ["sla"], "longBattingStyles": ["right-hand bat"], "longBowlingStyles": ["slow left-arm orthodox"], "image": {"id": 304053, "objectId": 1223018, "slug": "aaron-finch-portrait", "url": "/db/PICTURES/CMS/304000/304053.jpg", "width": 160, "height": 200, "caption": "Aaron Finch portrait", "longCaption": "Aaron Finch portrait, May 2020", "credit": "Getty Images", "photographer": null, "peerUrls": null}, "countryTeamId": 2, "playerRoleTypeIds": [2], "playingRoles": ["top-order batter"], "headshotImage": {"id": 316533, "objectId": 1251162, "slug": "aj-finch-headshot", "url": "/db/PICTURES/CMS/316500/316533.png", "width": 600, "height": 436, "caption": "AJ Finch headshot", "longCaption": "AJ Finch headshot", "credit": null, "photographer": null, "peerUrls": {"FILM": null, "WIDE": null, "SQUARE": null}}}, "runs": 0, "balls": 4, "fours": 0, "sixes": 0}, {"player": {"id": 48739, "objectId": 219889, "name": "DA Warner", "longName": "David Warner", "mobileName": "Warner", "indexName": "Warner, DA", "battingName": "DA Warner", "fieldingName": "Warner", "slug": "david-warner", "imageUrl": "/db/PICTURES/CMS/263500/263541.1.jpg", "headshotImageUrl": "/db/PICTURES/CMS/316500/316589.png", "dateOfBirth": {"year": 1986, "month": 10, "date": 27}, "dateOfDeath": null, "gender": "M", "battingStyles": ["lhb"], "bowlingStyles": ["lb"], "longBattingStyles": ["left-hand bat"], "longBowlingStyles": ["legbreak"], "image": {"id": 263541, "objectId": 1099532, "slug": "david-warner", "url": "/db/PICTURES/CMS/263500/263541.1.jpg", "width": 160, "height": 200, "caption": "David Warner", "longCaption": "David Warner", "credit": "Getty Images", "photographer": null, "peerUrls": null}, "countryTeamId": 2, "playerRoleTypeIds": [1], "playingRoles": ["opening batter"], "headshotImage": {"id": 316589, "objectId": 1251218, "slug": "da-warner-headshot", "url": "/db/PICTURES/CMS/316500/316589.png", "width": 600, "height": 436, "caption": "DA Warner headshot", "longCaption": "DA Warner headshot", "credit": null, "photographer": null, "peerUrls": {"FILM": null, "WIDE": null, "SQUARE": null}}}, "runs": 1, "balls": 2, "fours": 0, "sixes": 0}], "overEndBowlers": [{"player": {"id": 67296, "objectId": 550215, "name": "K Rabada", "longName": "Kagiso Rabada", "mobileName": "Rabada", "indexName": "Rabada, K", "battingName": "K Rabada", "fieldingName": "Rabada", "slug": "kagiso-rabada", "imageUrl": "/db/PICTURES/CMS/317900/317954.jpg", "headshotImageUrl": "/db/PICTURES/CMS/320300/320376.png", "dateOfBirth": {"year": 1995, "month": 5, "date": 25}, "dateOfDeath": null, "gender": "M", "battingStyles": ["lhb"], "bowlingStyles": ["rf"], "longBattingStyles": ["left-hand bat"], "longBowlingStyles": ["right-arm fast"], "image": {"id": 317954, "objectId": 1254922, "slug": "kagiso-rabada-portrait", "url": "/db/PICTURES/CMS/317900/317954.jpg", "width": 160, "height": 200, "caption": "Kagiso Rabada portrait", "longCaption": "Kagiso Rabada portrait, November 19, 2020", "credit": "Cricket South Africa", "photographer": null, "peerUrls": null}, "countryTeamId": 3, "playerRoleTypeIds": [4], "playingRoles": ["bowler"], "headshotImage": {"id": 320376, "objectId": 1261170, "slug": "kagiso-rabada-player-page-headshot-cutout-2021", "url": "/db/PICTURES/CMS/320300/320376.png", "width": 600, "height": 436, "caption": "Kagiso Rabada player page headshot cutout, 2021", "longCaption": "Kagiso Rabada player page headshot cutout, 2021", "credit": null, "photographer": null, "peerUrls": {"FILM": null, "WIDE": null, "SQUARE": "/db/PICTURES/CMS/320300/320376.square.png"}}}, "overs": 1, "balls": 6, "maidens": 0, "conceded": 2, "wickets": 0, "currentType": 1}], "rollover": null}, "batsmanStatText": null, "bowlerStatText": null, "smartStats": []}]