[{"_uid": 35051486, "id": 35051486, "inningNumber": 1, "ballsActual": null, "ballsUnique": null, "oversUnique": 9.01, "oversActual": 9.1, "overNumber": 10, "ballNumber": 1, "totalRuns": 1, "batsmanRuns": 1, "isFour": false, "isSix": false, "isWicket": false, "dismissalType": null, "byes": 0, "legbyes": 0, "wides": 0, "noballs": 0, "penalties": 0, "wagonX": 238, "wagonY": 318, "wagonZone": 4, "pitchLine": "ON_THE_STUMPS", "pitchLength": "GOOD_LENGTH", "shotType": "ON_DRIVE", "shotControl": 1, "timestamp": "2021-10-20T14:49:29.000Z", "modified": "2021-10-20T14:49:33.000Z", "batsmanPlayerId": 93033, "bowlerPlayerId": 91741, "outPlayerId": null, "totalInningRuns": 69, "totalInningWickets": 3, "predictions": {"score": 163, "winProbability": 50.99}, "title": "Simi Singh to Nissanka", "dismissalText": null, "commentPreTextItems": [{"type": "HTML", "html": "Greetings. Well this has been a nearly half-innings of two halves..."}], "commentTextItems": [{"type": "HTML", "html": "steps outside off stump, and nudges to the on-side"}], "commentPostTextItems": null, "commentVideos": [], "commentImages": [], "events": [], "over": null, "batsmanStatText": null, "bowlerStatText": null, "smartStats": []}, {"_uid": 35051491, "id": 35051491, "inningNumber": 1, "ballsActual": null, "ballsUnique": null, "oversUnique": 9.02, "oversActual": 9.2, "overNumber": 10, "ballNumber": 2, "totalRuns": 1, "batsmanRuns": 1, "isFour": false, "isSix": false, "isWicket": false, "dismissalType": null, "byes": 0, "legbyes": 0, "wides": 0, "noballs": 0, "penalties": 0, "wagonX": 252, "wagonY": 302, "wagonZone": 4, "pitchLine": "ON_THE_STUMPS", "pitchLength": "GOOD_LENGTH", "shotType": "FLICK", "shotControl": 1, "timestamp": "2021-10-20T14:50:32.000Z", "modified": "2021-10-20T14:50:36.000Z", "batsmanPlayerId": 78239, "bowlerPlayerId": 91741, "outPlayerId": null, "totalInningRuns": 70, "totalInningWickets": 3, "predictions": {"score": 163, "winProbability": 50.99}, "title": "Simi Singh to Hasaranga", "dismissalText": null, "commentPreTextItems": null, "commentTextItems": [{"type": "HTML", "html": "patted from wide outside off once more, hitting with the spin to midwicket"}], "commentPostTextItems": null, "commentVideos": [], "commentImages": [], "events": [], "over": null, "batsmanStatText": null, "bowlerStatText": null, "smartStats": []}, {"_uid": 35051493, "id": 35051493, "inningNumber": 1, "ballsActual": null, "ballsUnique": null, "oversUnique": 9.03, "oversActual": 9.3, "overNumber": 10, "ballNumber": 3, "totalRuns": 4, "batsmanRuns": 4, "isFour": true, "isSix": false, "isWicket": false, "dismissalType": null, "byes": 0, "legbyes": 0, "wides": 0, "noballs": 0, "penalties": 0, "wagonX": 92, "wagonY": 34, "wagonZone": 8, "pitchLine": "OUTSIDE_OFFSTUMP", "pitchLength": "GOOD_LENGTH", "shotType": "REVERSE_SWEEP", "shotControl": 1, "timestamp": "2021-10-20T14:51:00.000Z", "modified": "2021-10-20T14:51:04.000Z", "batsmanPlayerId": 93033, "bowlerPlayerId": 91741, "outPlayerId": null, "totalInningRuns": 74, "totalInningWickets": 3, "predictions": {"score": 166, "winProbability": 54.32}, "title": "Simi Singh to Nissanka", "dismissalText": null, "commentPreTextItems": null, "commentTextItems": [{"type": "HTML", "html": "reverses the hands, slaps an uncultured but effective pull/sweep through third man. Back of a length, and easy pickings"}], "commentPostTextItems": null, "commentVideos": [], "commentImages": [], "events": [], "over": null, "batsmanStatText": null, "bowlerStatText": null, "smartStats": []}, {"_uid": 35051498, "id": 35051498, "inningNumber": 1, "ballsActual": null, "ballsUnique": null, "oversUnique": 9.04, "oversActual": 9.4, "overNumber": 10, "ballNumber": 4, "totalRuns": 1, "batsmanRuns": 1, "isFour": false, "isSix": false, "isWicket": false, "dismissalType": null, "byes": 0, "legbyes": 0, "wides": 0, "noballs": 0, "penalties": 0, "wagonX": 307, "wagonY": 209, "wagonZone": 3, "pitchLine": "ON_THE_STUMPS", "pitchLength": "GOOD_LENGTH", "shotType": "FLICK", "shotControl": 1, "timestamp": "2021-10-20T14:51:24.000Z", "modified": "2021-10-20T14:51:28.000Z", "batsmanPlayerId": 93033, "bowlerPlayerId": 91741, "outPlayerId": null, "totalInningRuns": 75, "totalInningWickets": 3, "predictions": {"score": 166, "winProbability": 54.32}, "title": "Simi Singh to Nissanka", "dismissalText": null, "commentPreTextItems": null, "commentTextItems": [{"type": "HTML", "html": "tucked to the on-side for the single"}], "commentPostTextItems": [{"type": "HTML", "html": "Lasitha B: \"Hit hard guys, Bhanuka will finish this in style....\""}], "commentVideos": [], "commentImages": [], "events": [], "over": null, "batsmanStatText": null, "bowlerStatText": null, "smartStats": []}, {"_uid": 35051503, "id": 35051503, "inningNumber": 1, "ballsActual": null, "ballsUnique": null, "oversUnique": 9.05, "oversActual": 9.5, "overNumber": 10, "ballNumber": 5, "totalRuns": 1, "batsmanRuns": 1, "isFour": false, "isSix": false, "isWicket": false, "dismissalType": null, "byes": 0, "legbyes": 0, "wides": 0, "noballs": 0, "penalties": 0, "wagonX": 311, "wagonY": 229, "wagonZone": 3, "pitchLine": "ON_THE_STUMPS", "pitchLength": "GOOD_LENGTH", "shotType": "FLICK", "shotControl": 1, "timestamp": "2021-10-20T14:51:59.000Z", "modified": "2021-10-20T14:52:03.000Z", "batsmanPlayerId": 78239, "bowlerPlayerId": 91741, "outPlayerId": null, "totalInningRuns": 76, "totalInningWickets": 3, "predictions": {"score": 166, "winProbability": 54.32}, "title": "Simi Singh to Hasaranga", "dismissalText": null, "commentPreTextItems": null, "commentTextItems": [{"type": "HTML", "html": "very full length, dipping into the toes, clipped to mid-on"}], "commentPostTextItems": null, "commentVideos": [], "commentImages": [], "events": [], "over": null, "batsmanStatText": null, "bowlerStatText": null, "smartStats": []}, {"_uid": 35051505, "id": 35051505, "inningNumber": 1, "ballsActual": null, "ballsUnique": null, "oversUnique": 9.06, "oversActual": 9.6, "overNumber": 10, "ballNumber": 6, "totalRuns": 2, "batsmanRuns": 2, "isFour": false, "isSix": false, "isWicket": false, "dismissalType": null, "byes": 0, "legbyes": 0, "wides": 0, "noballs": 0, "penalties": 0, "wagonX": 303, "wagonY": 248, "wagonZone": 3, "pitchLine": "OUTSIDE_OFFSTUMP", "pitchLength": "GOOD_LENGTH", "shotType": "FLICK", "shotControl": 1, "timestamp": "2021-10-20T14:52:14.000Z", "modified": "2021-10-20T14:52:18.000Z", "batsmanPlayerId": 93033, "bowlerPlayerId": 91741, "outPlayerId": null, "totalInningRuns": 78, "totalInningWickets": 3, "predictions": {"score": 167, "winProbability": 55.42}, "title": "Simi Singh to Nissanka", "dismissalText": null, "commentPreTextItems": null, "commentTextItems": [{"type": "HTML", "html": "tapped into space at mid-on, the lack of pace allows them to hustle back for the second"}], "commentPostTextItems": [{"type": "HTML", "html": "Navin Siriwarde: \"The last time these two teams met in a T20I game Murali and Sanath Jayasuriya was still playing (2009 T20 WC. \" Gosh. Memories..."}], "commentVideos": [], "commentImages": [], "events": [], "over": {"team": {"id": 8, "objectId": 8, "scribeId": 8, "slug": "sri-lanka", "name": "Sri Lanka", "longName": "Sri Lanka", "abbreviation": "SL", "unofficialName": "", "imageUrl": "/db/PICTURES/CMS/340000/340047.png", "isCountry": true, "primaryColor": "#203d89", "image": {"id": 340047, "objectId": 1316921, "slug": "sri-lanka-team-flag", "url": "/db/PICTURES/CMS/340000/340047.png", "width": 500, "height": 500, "caption": "Sri Lanka team flag", "longCaption": "Sri Lanka team flag", "credit": "Google", "photographer": null, "peerUrls": null}, "country": {"id": 8, "objectId": 8, "name": "Sri Lanka", "shortName": "Sri Lanka", "abbreviation": "SL", "slug": "sri-lanka"}}, "inningNumber": 1, "overNumber": 10, "overRuns": 10, "overWickets": 0, "totalRuns": 78, "totalWickets": 3, "target": 0, "overLimit": 20, "ballLimit": 120, "isMaiden": false, "isComplete": true, "isSuperOver": false, "overEndBatsmen": [{"player": {"id": 93033, "objectId": 1028655, "name": "P Nissanka", "longName": "Pathum Nissanka", "mobileName": "Nissanka", "indexName": "Nissanka, P", "battingName": "P Nissanka", "fieldingName": "Nissanka", "slug": "pathum-nissanka", "imageUrl": "/db/PICTURES/CMS/318400/318435.jpg", "headshotImageUrl": "/db/PICTURES/CMS/323000/323070.png", "dateOfBirth": {"year": 1998, "month": 5, "date": 18}, "dateOfDeath": null, "gender": "M", "battingStyles": ["rhb"], "bowlingStyles": [], "longBattingStyles": ["right-hand bat"], "longBowlingStyles": [], "image": {"id": 318435, "objectId": 1256641, "slug": "pathum-nissanka-portrait", "url": "/db/PICTURES/CMS/318400/318435.jpg", "width": 160, "height": 200, "caption": "Pathum Nissanka portrait", "longCaption": "Pathum Nissanka portrait, Antigua and Barbuda, March 12, 2021", "credit": "Getty Images", "photographer": null, "peerUrls": null}, "countryTeamId": 8, "playerRoleTypeIds": [2], "playingRoles": ["top-order batter"], "headshotImage": {"id": 323070, "objectId": 1266243, "slug": "pathum-nissaka-player-page-headshot-cutout-2021", "url": "/db/PICTURES/CMS/323000/323070.png", "width": 600, "height": 436, "caption": "Pathum Nissaka player page headshot cutout, 2021", "longCaption": "Pathum Nissaka player page headshot cutout, 2021", "credit": null, "photographer": null, "peerUrls": {"FILM": null, "WIDE": null, "SQUARE": "/db/PICTURES/CMS/323000/323070.square.png"}}}, "runs": 29, "balls": 24, "fours": 3, "sixes": 0}, {"player": {"id": 78239, "objectId": 784379, "name": "PW Hasaranga", "longName": "Wanindu Hasaranga", "mobileName": "Hasaranga", "indexName": "Hasaranga, PW", "battingName": "PW Hasaranga", "fieldingName": "Hasaranga", "slug": "wanindu-hasaranga", "imageUrl": "/db/PICTURES/CMS/294200/294296.jpg", "headshotImageUrl": "/db/PICTURES/CMS/322900/322946.png", "dateOfBirth": {"year": 1997, "month": 7, "date": 29}, "dateOfDeath": null, "gender": "M", "battingStyles": ["rhb"], "bowlingStyles": ["lb"], "longBattingStyles": ["right-hand bat"], "longBowlingStyles": ["legbreak"], "image": {"id": 294296, "objectId": 1199371, "slug": "wanindu-hasaranga", "url": "/db/PICTURES/CMS/294200/294296.jpg", "width": 160, "height": 210, "caption": "Wanindu Hasaranga", "longCaption": null, "credit": "Chaminda de Silva", "photographer": null, "peerUrls": null}, "countryTeamId": 8, "playerRoleTypeIds": [5], "playingRoles": ["allrounder"], "headshotImage": {"id": 322946, "objectId": 1266041, "slug": "wanindu-hasaranga-player-page-headshot-cutout-2021", "url": "/db/PICTURES/CMS/322900/322946.png", "width": 600, "height": 436, "caption": "Wanindu Hasaranga player page headshot cutout, 2021", "longCaption": "Wanindu Hasaranga player page headshot cutout, 2021", "credit": null, "photographer": null, "peerUrls": {"FILM": null, "WIDE": null, "SQUARE": "/db/PICTURES/CMS/322900/322946.square.png"}}}, "runs": 40, "balls": 28, "fours": 6, "sixes": 1}], "overEndBowlers": [{"player": {"id": 91741, "objectId": 1005257, "name": "Simi Singh", "longName": "Simi Singh", "mobileName": "Simi Singh", "indexName": "Simi Singh", "battingName": "Simi Singh", "fieldingName": "Simi Singh", "slug": "simi-singh", "imageUrl": "/db/PICTURES/CMS/304000/304003.jpg", "headshotImageUrl": "/db/PICTURES/CMS/319800/319897.png", "dateOfBirth": {"year": 1987, "month": 2, "date": 4}, "dateOfDeath": null, "gender": "M", "battingStyles": ["rhb"], "bowlingStyles": ["ob", "lbg"], "longBattingStyles": ["right-hand bat"], "longBowlingStyles": ["right-arm offbreak", "legbreak googly"], "image": {"id": 304003, "objectId": 1222942, "slug": "simi-singh-portrait", "url": "/db/PICTURES/CMS/304000/304003.jpg", "width": 160, "height": 200, "caption": "Simi Singh portrait", "longCaption": "Simi Singh, May 2020", "credit": "Getty Images", "photographer": null, "peerUrls": null}, "countryTeamId": 29, "playerRoleTypeIds": [11], "playingRoles": ["bowling allrounder"], "headshotImage": {"id": 319897, "objectId": 1259975, "slug": "simi-singh-player-page-headshot-cutout-2021", "url": "/db/PICTURES/CMS/319800/319897.png", "width": 600, "height": 436, "caption": "Simi Singh player page headshot cutout, 2021", "longCaption": "Simi Singh player page headshot cutout, 2021", "credit": null, "photographer": null, "peerUrls": {"FILM": null, "WIDE": null, "SQUARE": "/db/PICTURES/CMS/319800/319897.square.png"}}}, "overs": 2, "balls": 12, "maidens": 0, "conceded": 27, "wickets": 0, "currentType": 1}, {"player": {"id": 69644, "objectId": 595921, "name": "C Campher", "longName": "Curtis Campher", "mobileName": "Campher", "indexName": "Campher. C", "battingName": "C Campher", "fieldingName": "Campher", "slug": "curtis-campher", "imageUrl": "/db/PICTURES/CMS/306900/306931.1.jpg", "headshotImageUrl": "/db/PICTURES/CMS/321300/321343.png", "dateOfBirth": {"year": 1999, "month": 4, "date": 20}, "dateOfDeath": null, "gender": "M", "battingStyles": ["rhb"], "bowlingStyles": ["rmf"], "longBattingStyles": ["right-hand bat"], "longBowlingStyles": ["right-arm medium-fast"], "image": {"id": 306931, "objectId": 1228023, "slug": "curtis-campher-player-portrait", "url": "/db/PICTURES/CMS/306900/306931.1.jpg", "width": 160, "height": 200, "caption": "Curtis Campher player portrait", "longCaption": "Curtis Campher player portrait", "credit": "Getty Images", "photographer": null, "peerUrls": null}, "countryTeamId": 29, "playerRoleTypeIds": [5], "playingRoles": ["allrounder"], "headshotImage": {"id": 321343, "objectId": 1262935, "slug": "curtis-campher-player-page-headshot-cutout-2021", "url": "/db/PICTURES/CMS/321300/321343.png", "width": 600, "height": 436, "caption": "Curtis Campher player page headshot cutout, 2021", "longCaption": "Curtis Campher player page headshot cutout, 2021", "credit": null, "photographer": null, "peerUrls": {"FILM": null, "WIDE": null, "SQUARE": "/db/PICTURES/CMS/321300/321343.square.png"}}}, "overs": 2, "balls": 12, "maidens": 0, "conceded": 9, "wickets": 0, "currentType": 2}], "rollover": null}, "batsmanStatText": null, "bowlerStatText": null, "smartStats": []}, {"_uid": 35051525, "id": 35051525, "inningNumber": 1, "ballsActual": null, "ballsUnique": null, "oversUnique": 10.01, "oversActual": 10.1, "overNumber": 11, "ballNumber": 1, "totalRuns": 0, "batsmanRuns": 0, "isFour": false, "isSix": false, "isWicket": false, "dismissalType": null, "byes": 0, "legbyes": 0, "wides": 0, "noballs": 0, "penalties": 0, "wagonX": 122, "wagonY": 207, "wagonZone": 6, "pitchLine": "OUTSIDE_OFFSTUMP", "pitchLength": "FULL_TOSS", "shotType": "COVER_DRIVE", "shotControl": 1, "timestamp": "2021-10-20T14:55:55.000Z", "modified": "2021-10-20T14:55:59.000Z", "batsmanPlayerId": 78239, "bowlerPlayerId": 66012, "outPlayerId": null, "totalInningRuns": 78, "totalInningWickets": 3, "predictions": {"score": 166, "winProbability": 54.32}, "title": "Adair to Hasaranga", "dismissalText": null, "commentPreTextItems": null, "commentTextItems": [{"type": "HTML", "html": "low full toss, outside off, pumped firmly to cover"}], "commentPostTextItems": null, "commentVideos": [], "commentImages": [], "events": [], "over": null, "batsmanStatText": null, "bowlerStatText": null, "smartStats": []}, {"_uid": 35051529, "id": 35051529, "inningNumber": 1, "ballsActual": null, "ballsUnique": null, "oversUnique": 10.02, "oversActual": 10.2, "overNumber": 11, "ballNumber": 2, "totalRuns": 0, "batsmanRuns": 0, "isFour": false, "isSix": false, "isWicket": false, "dismissalType": null, "byes": 0, "legbyes": 0, "wides": 0, "noballs": 0, "penalties": 0, "wagonX": 131, "wagonY": 136, "wagonZone": 7, "pitchLine": "OUTSIDE_OFFSTUMP", "pitchLength": "SHORT_OF_A_GOOD_LENGTH", "shotType": "CUT_SHOT", "shotControl": 1, "timestamp": "2021-10-20T14:56:19.000Z", "modified": "2021-10-20T14:56:23.000Z", "batsmanPlayerId": 78239, "bowlerPlayerId": 66012, "outPlayerId": null, "totalInningRuns": 78, "totalInningWickets": 3, "predictions": {"score": 165, "winProbability": 53.22}, "title": "Adair to Hasaranga", "dismissalText": null, "commentPreTextItems": null, "commentTextItems": [{"type": "HTML", "html": "chopped out to point, weight rocking backwards, but can't open the angle"}], "commentPostTextItems": [{"type": "HTML", "html": "Kasun: \"Continue like this till over No. 12 and Wanidu should break free from there. If they both remain at 15 over mark, Nissanka can free his arms too. Simple stuff really. \" Easy peasy. As if they planned it?"}], "commentVideos": [], "commentImages": [], "events": [], "over": null, "batsmanStatText": null, "bowlerStatText": null, "smartStats": []}, {"_uid": 35051533, "id": 35051533, "inningNumber": 1, "ballsActual": null, "ballsUnique": null, "oversUnique": 10.03, "oversActual": 10.3, "overNumber": 11, "ballNumber": 3, "totalRuns": 0, "batsmanRuns": 0, "isFour": false, "isSix": false, "isWicket": false, "dismissalType": null, "byes": 0, "legbyes": 0, "wides": 0, "noballs": 0, "penalties": 0, "wagonX": 117, "wagonY": 212, "wagonZone": 6, "pitchLine": "OUTSIDE_OFFSTUMP", "pitchLength": "GOOD_LENGTH", "shotType": "COVER_DRIVE", "shotControl": 1, "timestamp": "2021-10-20T14:56:55.000Z", "modified": "2021-10-20T14:56:59.000Z", "batsmanPlayerId": 78239, "bowlerPlayerId": 66012, "outPlayerId": null, "totalInningRuns": 78, "totalInningWickets": 3, "predictions": {"score": 163, "winProbability": 50.99}, "title": "Adair to Hasaranga", "dismissalText": null, "commentPreTextItems": null, "commentTextItems": [{"type": "HTML", "html": "flashed into the covers, on a full length outside off again"}], "commentPostTextItems": null, "commentVideos": [], "commentImages": [], "events": [], "over": null, "batsmanStatText": null, "bowlerStatText": null, "smartStats": []}, {"_uid": 35051539, "id": 35051539, "inningNumber": 1, "ballsActual": null, "ballsUnique": null, "oversUnique": 10.04, "oversActual": 10.4, "overNumber": 11, "ballNumber": 4, "totalRuns": 1, "batsmanRuns": 1, "isFour": false, "isSix": false, "isWicket": false, "dismissalType": null, "byes": 0, "legbyes": 0, "wides": 0, "noballs": 0, "penalties": 0, "wagonX": 103, "wagonY": 192, "wagonZone": 6, "pitchLine": "OUTSIDE_OFFSTUMP", "pitchLength": "FULL", "shotType": "COVER_DRIVE", "shotControl": 1, "timestamp": "2021-10-20T14:57:32.000Z", "modified": "2021-10-20T14:57:36.000Z", "batsmanPlayerId": 78239, "bowlerPlayerId": 66012, "outPlayerId": null, "totalInningRuns": 79, "totalInningWickets": 3, "predictions": {"score": 163, "winProbability": 50.99}, "title": "Adair to Hasaranga", "dismissalText": null, "commentPreTextItems": null, "commentTextItems": [{"type": "HTML", "html": "advances to the pitch, turns it into a full toss, stays legside of it to pump another drive to the cover sweeper"}], "commentPostTextItems": null, "commentVideos": [], "commentImages": [], "events": [], "over": null, "batsmanStatText": null, "bowlerStatText": null, "smartStats": []}, {"_uid": 35051544, "id": 35051544, "inningNumber": 1, "ballsActual": null, "ballsUnique": null, "oversUnique": 10.05, "oversActual": 10.5, "overNumber": 11, "ballNumber": 5, "totalRuns": 1, "batsmanRuns": 1, "isFour": false, "isSix": false, "isWicket": false, "dismissalType": null, "byes": 0, "legbyes": 0, "wides": 0, "noballs": 0, "penalties": 0, "wagonX": 147, "wagonY": 224, "wagonZone": 5, "pitchLine": "OUTSIDE_OFFSTUMP", "pitchLength": "FULL", "shotType": "ON_DRIVE", "shotControl": 1, "timestamp": "2021-10-20T14:58:10.000Z", "modified": "2021-10-20T14:58:14.000Z", "batsmanPlayerId": 93033, "bowlerPlayerId": 66012, "outPlayerId": null, "totalInningRuns": 80, "totalInningWickets": 3, "predictions": {"score": 163, "winProbability": 50.99}, "title": "Adair to Nissanka", "dismissalText": null, "commentPreTextItems": null, "commentTextItems": [{"type": "HTML", "html": "full once more, eased out to cover"}], "commentPostTextItems": [{"type": "HTML", "html": "Sohail Khan: \"Somewhere near ... Afghanistan is having a ball ... 100 for 1 \" <a href=https://www.espncricinfo.com/series/icc-men-s-t20-world-cup-warm-up-matches-2021-22-1282497/afghanistan-vs-west-indies-warm-up-1282512/live-cricket-score>Ooh, hello...</A>"}], "commentVideos": [], "commentImages": [], "events": [], "over": null, "batsmanStatText": null, "bowlerStatText": null, "smartStats": []}, {"_uid": 35051547, "id": 35051547, "inningNumber": 1, "ballsActual": null, "ballsUnique": null, "oversUnique": 10.06, "oversActual": 10.6, "overNumber": 11, "ballNumber": 6, "totalRuns": 0, "batsmanRuns": 0, "isFour": false, "isSix": false, "isWicket": false, "dismissalType": null, "byes": 0, "legbyes": 0, "wides": 0, "noballs": 0, "penalties": 0, "wagonX": 0, "wagonY": 0, "wagonZone": 0, "pitchLine": "OUTSIDE_OFFSTUMP", "pitchLength": "SHORT_OF_A_GOOD_LENGTH", "shotType": "PULL", "shotControl": 2, "timestamp": "2021-10-20T14:58:41.000Z", "modified": "2021-10-20T14:58:44.000Z", "batsmanPlayerId": 78239, "bowlerPlayerId": 66012, "outPlayerId": null, "totalInningRuns": 80, "totalInningWickets": 3, "predictions": {"score": 162, "winProbability": 49.87}, "title": "Adair to Hasaranga", "dismissalText": null, "commentPreTextItems": null, "commentTextItems": [{"type": "HTML", "html": "back of a length, hits the seam and climbs over an ambitious wipe. Gets out of the over cheaply"}], "commentPostTextItems": null, "commentVideos": [], "commentImages": [], "events": [], "over": {"team": {"id": 8, "objectId": 8, "scribeId": 8, "slug": "sri-lanka", "name": "Sri Lanka", "longName": "Sri Lanka", "abbreviation": "SL", "unofficialName": "", "imageUrl": "/db/PICTURES/CMS/340000/340047.png", "isCountry": true, "primaryColor": "#203d89", "image": {"id": 340047, "objectId": 1316921, "slug": "sri-lanka-team-flag", "url": "/db/PICTURES/CMS/340000/340047.png", "width": 500, "height": 500, "caption": "Sri Lanka team flag", "longCaption": "Sri Lanka team flag", "credit": "Google", "photographer": null, "peerUrls": null}, "country": {"id": 8, "objectId": 8, "name": "Sri Lanka", "shortName": "Sri Lanka", "abbreviation": "SL", "slug": "sri-lanka"}}, "inningNumber": 1, "overNumber": 11, "overRuns": 2, "overWickets": 0, "totalRuns": 80, "totalWickets": 3, "target": 0, "overLimit": 20, "ballLimit": 120, "isMaiden": false, "isComplete": true, "isSuperOver": false, "overEndBatsmen": [{"player": {"id": 78239, "objectId": 784379, "name": "PW Hasaranga", "longName": "Wanindu Hasaranga", "mobileName": "Hasaranga", "indexName": "Hasaranga, PW", "battingName": "PW Hasaranga", "fieldingName": "Hasaranga", "slug": "wanindu-hasaranga", "imageUrl": "/db/PICTURES/CMS/294200/294296.jpg", "headshotImageUrl": "/db/PICTURES/CMS/322900/322946.png", "dateOfBirth": {"year": 1997, "month": 7, "date": 29}, "dateOfDeath": null, "gender": "M", "battingStyles": ["rhb"], "bowlingStyles": ["lb"], "longBattingStyles": ["right-hand bat"], "longBowlingStyles": ["legbreak"], "image": {"id": 294296, "objectId": 1199371, "slug": "wanindu-hasaranga", "url": "/db/PICTURES/CMS/294200/294296.jpg", "width": 160, "height": 210, "caption": "Wanindu Hasaranga", "longCaption": null, "credit": "Chaminda de Silva", "photographer": null, "peerUrls": null}, "countryTeamId": 8, "playerRoleTypeIds": [5], "playingRoles": ["allrounder"], "headshotImage": {"id": 322946, "objectId": 1266041, "slug": "wanindu-hasaranga-player-page-headshot-cutout-2021", "url": "/db/PICTURES/CMS/322900/322946.png", "width": 600, "height": 436, "caption": "Wanindu Hasaranga player page headshot cutout, 2021", "longCaption": "Wanindu Hasaranga player page headshot cutout, 2021", "credit": null, "photographer": null, "peerUrls": {"FILM": null, "WIDE": null, "SQUARE": "/db/PICTURES/CMS/322900/322946.square.png"}}}, "runs": 41, "balls": 33, "fours": 6, "sixes": 1}, {"player": {"id": 93033, "objectId": 1028655, "name": "P Nissanka", "longName": "Pathum Nissanka", "mobileName": "Nissanka", "indexName": "Nissanka, P", "battingName": "P Nissanka", "fieldingName": "Nissanka", "slug": "pathum-nissanka", "imageUrl": "/db/PICTURES/CMS/318400/318435.jpg", "headshotImageUrl": "/db/PICTURES/CMS/323000/323070.png", "dateOfBirth": {"year": 1998, "month": 5, "date": 18}, "dateOfDeath": null, "gender": "M", "battingStyles": ["rhb"], "bowlingStyles": [], "longBattingStyles": ["right-hand bat"], "longBowlingStyles": [], "image": {"id": 318435, "objectId": 1256641, "slug": "pathum-nissanka-portrait", "url": "/db/PICTURES/CMS/318400/318435.jpg", "width": 160, "height": 200, "caption": "Pathum Nissanka portrait", "longCaption": "Pathum Nissanka portrait, Antigua and Barbuda, March 12, 2021", "credit": "Getty Images", "photographer": null, "peerUrls": null}, "countryTeamId": 8, "playerRoleTypeIds": [2], "playingRoles": ["top-order batter"], "headshotImage": {"id": 323070, "objectId": 1266243, "slug": "pathum-nissaka-player-page-headshot-cutout-2021", "url": "/db/PICTURES/CMS/323000/323070.png", "width": 600, "height": 436, "caption": "Pathum Nissaka player page headshot cutout, 2021", "longCaption": "Pathum Nissaka player page headshot cutout, 2021", "credit": null, "photographer": null, "peerUrls": {"FILM": null, "WIDE": null, "SQUARE": "/db/PICTURES/CMS/323000/323070.square.png"}}}, "runs": 30, "balls": 25, "fours": 3, "sixes": 0}], "overEndBowlers": [{"player": {"id": 66012, "objectId": 526441, "name": "MR Adair", "longName": "Mark Adair", "mobileName": "Adair", "indexName": "Adair, MR", "battingName": "MR Adair", "fieldingName": "Adair", "slug": "mark-adair", "imageUrl": "/db/PICTURES/CMS/305200/305254.jpg", "headshotImageUrl": "/db/PICTURES/CMS/319800/319892.png", "dateOfBirth": {"year": 1996, "month": 3, "date": 27}, "dateOfDeath": null, "gender": "M", "battingStyles": ["rhb"], "bowlingStyles": ["rfm"], "longBattingStyles": ["right-hand bat"], "longBowlingStyles": ["right-arm fast-medium"], "image": {"id": 305254, "objectId": 1224828, "slug": "mark-adair-portrait", "url": "/db/PICTURES/CMS/305200/305254.jpg", "width": 160, "height": 200, "caption": "Mark Adair portrait", "longCaption": "Mark Adair, June 2020", "credit": "Getty Images", "photographer": null, "peerUrls": null}, "countryTeamId": 29, "playerRoleTypeIds": [11], "playingRoles": ["bowling allrounder"], "headshotImage": {"id": 319892, "objectId": 1259969, "slug": "mark-adair-player-page-headshot-cutout-2021", "url": "/db/PICTURES/CMS/319800/319892.png", "width": 600, "height": 436, "caption": "Mark Adair player page headshot cutout, 2021", "longCaption": "Mark Adair player page headshot cutout, 2021", "credit": null, "photographer": null, "peerUrls": {"FILM": null, "WIDE": null, "SQUARE": "/db/PICTURES/CMS/319800/319892.square.png"}}}, "overs": 2, "balls": 12, "maidens": 0, "conceded": 15, "wickets": 0, "currentType": 1}, {"player": {"id": 91741, "objectId": 1005257, "name": "Simi Singh", "longName": "Simi Singh", "mobileName": "Simi Singh", "indexName": "Simi Singh", "battingName": "Simi Singh", "fieldingName": "Simi Singh", "slug": "simi-singh", "imageUrl": "/db/PICTURES/CMS/304000/304003.jpg", "headshotImageUrl": "/db/PICTURES/CMS/319800/319897.png", "dateOfBirth": {"year": 1987, "month": 2, "date": 4}, "dateOfDeath": null, "gender": "M", "battingStyles": ["rhb"], "bowlingStyles": ["ob", "lbg"], "longBattingStyles": ["right-hand bat"], "longBowlingStyles": ["right-arm offbreak", "legbreak googly"], "image": {"id": 304003, "objectId": 1222942, "slug": "simi-singh-portrait", "url": "/db/PICTURES/CMS/304000/304003.jpg", "width": 160, "height": 200, "caption": "Simi Singh portrait", "longCaption": "Simi Singh, May 2020", "credit": "Getty Images", "photographer": null, "peerUrls": null}, "countryTeamId": 29, "playerRoleTypeIds": [11], "playingRoles": ["bowling allrounder"], "headshotImage": {"id": 319897, "objectId": 1259975, "slug": "simi-singh-player-page-headshot-cutout-2021", "url": "/db/PICTURES/CMS/319800/319897.png", "width": 600, "height": 436, "caption": "Simi Singh player page headshot cutout, 2021", "longCaption": "Simi Singh player page headshot cutout, 2021", "credit": null, "photographer": null, "peerUrls": {"FILM": null, "WIDE": null, "SQUARE": "/db/PICTURES/CMS/319800/319897.square.png"}}}, "overs": 2, "balls": 12, "maidens": 0, "conceded": 27, "wickets": 0, "currentType": 2}], "rollover": null}, "batsmanStatText": null, "bowlerStatText": null, "smartStats": []}]