[{"_uid": 35112890, "id": 35112890, "inningNumber": 1, "ballsActual": null, "ballsUnique": null, "oversUnique": 3.01, "oversActual": 3.1, "overNumber": 4, "ballNumber": 1, "totalRuns": 6, "batsmanRuns": 6, "isFour": false, "isSix": true, "isWicket": false, "dismissalType": null, "byes": 0, "legbyes": 0, "wides": 0, "noballs": 0, "penalties": 0, "wagonX": 41, "wagonY": 299, "wagonZone": 6, "pitchLine": "ON_THE_STUMPS", "pitchLength": "GOOD_LENGTH", "shotType": "SLOG_SWEEP", "shotControl": 1, "timestamp": "2021-10-28T14:17:23.000Z", "modified": "2021-10-28T14:17:27.000Z", "batsmanPlayerId": 78229, "bowlerPlayerId": 54222, "outPlayerId": null, "totalInningRuns": 31, "totalInningWickets": 1, "predictions": {"score": 163, "winProbability": 53.51}, "title": "Maxwell to Asalanka", "dismissalText": null, "commentPreTextItems": [{"type": "HTML", "html": "Prashanth: \"Talking of anthems, I always thought my middle-school fight song in India was a banger. One day, I landed in Barcelona and hear the familiar song - Turns out my school just used the Spanish anthem for our fight song. \" --- Now you have piqued my interest. What is a fight song, and why didn't we have one?"}], "commentTextItems": [{"type": "HTML", "html": "Maxwell is welcomed by <strong>muscling him way over mid-wicket</strong>! That's absolutely brutal. Just tossed up a bit, and he doesn't need a second invitation to pull out the slog sweep"}], "commentPostTextItems": null, "commentVideos": [], "commentImages": [], "events": [], "over": null, "batsmanStatText": null, "bowlerStatText": null, "smartStats": []}, {"_uid": 35112892, "id": 35112892, "inningNumber": 1, "ballsActual": null, "ballsUnique": null, "oversUnique": 3.02, "oversActual": 3.2, "overNumber": 4, "ballNumber": 2, "totalRuns": 0, "batsmanRuns": 0, "isFour": false, "isSix": false, "isWicket": false, "dismissalType": null, "byes": 0, "legbyes": 0, "wides": 0, "noballs": 0, "penalties": 0, "wagonX": 181, "wagonY": 193, "wagonZone": 4, "pitchLine": "ON_THE_STUMPS", "pitchLength": "GOOD_LENGTH", "shotType": "PUSH", "shotControl": 2, "timestamp": "2021-10-28T14:18:04.000Z", "modified": "2021-10-28T14:18:08.000Z", "batsmanPlayerId": 78229, "bowlerPlayerId": 54222, "outPlayerId": null, "totalInningRuns": 31, "totalInningWickets": 1, "predictions": {"score": 164, "winProbability": 54.61}, "title": "Maxwell to Asalanka", "dismissalText": null, "commentPreTextItems": null, "commentTextItems": [{"type": "HTML", "html": "closer to the body, flatter, and driven back to the bowler. A little uppish, but lands ahead of him"}], "commentPostTextItems": null, "commentVideos": [], "commentImages": [], "events": [], "over": null, "batsmanStatText": null, "bowlerStatText": null, "smartStats": []}, {"_uid": 35112894, "id": 35112894, "inningNumber": 1, "ballsActual": null, "ballsUnique": null, "oversUnique": 3.03, "oversActual": 3.3, "overNumber": 4, "ballNumber": 3, "totalRuns": 4, "batsmanRuns": 4, "isFour": true, "isSix": false, "isWicket": false, "dismissalType": null, "byes": 0, "legbyes": 0, "wides": 0, "noballs": 0, "penalties": 0, "wagonX": 57, "wagonY": 51, "wagonZone": 7, "pitchLine": "ON_THE_STUMPS", "pitchLength": "GOOD_LENGTH", "shotType": "SWEEP_SHOT", "shotControl": 1, "timestamp": "2021-10-28T14:18:23.000Z", "modified": "2021-10-28T14:18:27.000Z", "batsmanPlayerId": 78229, "bowlerPlayerId": 54222, "outPlayerId": null, "totalInningRuns": 35, "totalInningWickets": 1, "predictions": {"score": 166, "winProbability": 56.79}, "title": "Maxwell to Asalanka", "dismissalText": null, "commentPreTextItems": null, "commentTextItems": [{"type": "HTML", "html": "swept this time. Hard enough to beat deep square leg. Asalanka has come out guns blazing, and he's definitely giving this innings the momentum it needs"}], "commentPostTextItems": null, "commentVideos": [], "commentImages": [], "events": [], "over": null, "batsmanStatText": null, "bowlerStatText": null, "smartStats": []}, {"_uid": 35112897, "id": 35112897, "inningNumber": 1, "ballsActual": null, "ballsUnique": null, "oversUnique": 3.04, "oversActual": 3.4, "overNumber": 4, "ballNumber": 4, "totalRuns": 5, "batsmanRuns": 0, "isFour": false, "isSix": false, "isWicket": false, "dismissalType": null, "byes": 0, "legbyes": 0, "wides": 5, "noballs": 0, "penalties": 0, "wagonX": 0, "wagonY": 0, "wagonZone": 0, "pitchLine": "DOWN_LEG", "pitchLength": "FULL", "shotType": "FLICK", "shotControl": null, "timestamp": "2021-10-28T14:18:57.000Z", "modified": "2021-10-28T14:19:01.000Z", "batsmanPlayerId": 78229, "bowlerPlayerId": 54222, "outPlayerId": null, "totalInningRuns": 40, "totalInningWickets": 1, "predictions": {"score": 172, "winProbability": 63.13}, "title": "Maxwell to Asalanka", "dismissalText": null, "commentPreTextItems": null, "commentTextItems": [{"type": "HTML", "html": "fired down teh leg side, and it has beaten everything. The batter, the stumps, and the keeper. Runs away for four extra runs in addition to the wide!"}], "commentPostTextItems": null, "commentVideos": [], "commentImages": [], "events": [], "over": null, "batsmanStatText": null, "bowlerStatText": null, "smartStats": []}, {"_uid": 35112901, "id": 35112901, "inningNumber": 1, "ballsActual": null, "ballsUnique": null, "oversUnique": 3.05, "oversActual": 3.4, "overNumber": 4, "ballNumber": 5, "totalRuns": 1, "batsmanRuns": 1, "isFour": false, "isSix": false, "isWicket": false, "dismissalType": null, "byes": 0, "legbyes": 0, "wides": 0, "noballs": 0, "penalties": 0, "wagonX": 229, "wagonY": 245, "wagonZone": 4, "pitchLine": "OUTSIDE_OFFSTUMP", "pitchLength": "GOOD_LENGTH", "shotType": "ON_DRIVE", "shotControl": 1, "timestamp": "2021-10-28T14:19:36.000Z", "modified": "2021-10-28T14:19:39.000Z", "batsmanPlayerId": 78229, "bowlerPlayerId": 54222, "outPlayerId": null, "totalInningRuns": 41, "totalInningWickets": 1, "predictions": {"score": 172, "winProbability": 63.13}, "title": "Maxwell to Asalanka", "dismissalText": null, "commentPreTextItems": null, "commentTextItems": [{"type": "HTML", "html": "fuller, straighter to the batter, who stretches forward to drive this down to long-off"}], "commentPostTextItems": [{"type": "HTML", "html": "Deepankar DM: \"Is this Asalanka or Azarenka with those backhand smashes?!\""}], "commentVideos": [], "commentImages": [], "events": [], "over": null, "batsmanStatText": null, "bowlerStatText": null, "smartStats": []}, {"_uid": 35112905, "id": 35112905, "inningNumber": 1, "ballsActual": null, "ballsUnique": null, "oversUnique": 3.06, "oversActual": 3.5, "overNumber": 4, "ballNumber": 6, "totalRuns": 0, "batsmanRuns": 0, "isFour": false, "isSix": false, "isWicket": false, "dismissalType": null, "byes": 0, "legbyes": 0, "wides": 0, "noballs": 0, "penalties": 0, "wagonX": 193, "wagonY": 196, "wagonZone": 4, "pitchLine": "ON_THE_STUMPS", "pitchLength": "FULL", "shotType": "STRAIGHT_DRIVE", "shotControl": 1, "timestamp": "2021-10-28T14:20:10.000Z", "modified": "2021-10-28T14:20:14.000Z", "batsmanPlayerId": 52373, "bowlerPlayerId": 54222, "outPlayerId": null, "totalInningRuns": 41, "totalInningWickets": 1, "predictions": {"score": 171, "winProbability": 62.1}, "title": "Maxwell to Perera", "dismissalText": null, "commentPreTextItems": null, "commentTextItems": [{"type": "HTML", "html": "fuller, and he drives this back to the bowler"}], "commentPostTextItems": null, "commentVideos": [], "commentImages": [], "events": [], "over": null, "batsmanStatText": null, "bowlerStatText": null, "smartStats": []}, {"_uid": 35112907, "id": 35112907, "inningNumber": 1, "ballsActual": null, "ballsUnique": null, "oversUnique": 3.07, "oversActual": 3.6, "overNumber": 4, "ballNumber": 7, "totalRuns": 0, "batsmanRuns": 0, "isFour": false, "isSix": false, "isWicket": false, "dismissalType": null, "byes": 0, "legbyes": 0, "wides": 0, "noballs": 0, "penalties": 0, "wagonX": 206, "wagonY": 189, "wagonZone": 3, "pitchLine": "ON_THE_STUMPS", "pitchLength": "GOOD_LENGTH", "shotType": "DEFENDED", "shotControl": 1, "timestamp": "2021-10-28T14:20:27.000Z", "modified": "2021-10-28T14:20:31.000Z", "batsmanPlayerId": 52373, "bowlerPlayerId": 54222, "outPlayerId": null, "totalInningRuns": 41, "totalInningWickets": 1, "predictions": {"score": 169, "winProbability": 60.01}, "title": "Maxwell to Perera", "dismissalText": null, "commentPreTextItems": null, "commentTextItems": [{"type": "HTML", "html": "length, close to the batter, and he has the leeway to defend this close to his body"}], "commentPostTextItems": [{"type": "HTML", "html": "Bilal: \"Forget about anthems focus on Australia..what is happening here...\""}], "commentVideos": [], "commentImages": [], "events": [], "over": {"team": {"id": 8, "objectId": 8, "scribeId": 8, "slug": "sri-lanka", "name": "Sri Lanka", "longName": "Sri Lanka", "abbreviation": "SL", "unofficialName": "", "imageUrl": "/db/PICTURES/CMS/340000/340047.png", "isCountry": true, "primaryColor": "#203d89", "image": {"id": 340047, "objectId": 1316921, "slug": "sri-lanka-team-flag", "url": "/db/PICTURES/CMS/340000/340047.png", "width": 500, "height": 500, "caption": "Sri Lanka team flag", "longCaption": "Sri Lanka team flag", "credit": "Google", "photographer": null, "peerUrls": null}, "country": {"id": 8, "objectId": 8, "name": "Sri Lanka", "shortName": "Sri Lanka", "abbreviation": "SL", "slug": "sri-lanka"}}, "inningNumber": 1, "overNumber": 4, "overRuns": 16, "overWickets": 0, "totalRuns": 41, "totalWickets": 1, "target": 0, "overLimit": 20, "ballLimit": 120, "isMaiden": false, "isComplete": true, "isSuperOver": false, "overEndBatsmen": [{"player": {"id": 52373, "objectId": 300631, "name": "MDKJ Perera", "longName": "Kusal Perera", "mobileName": "Perera", "indexName": "Perera, MDKJ", "battingName": "MDKJ Perera", "fieldingName": "Perera", "slug": "kusal-perera", "imageUrl": "/db/PICTURES/CMS/263600/263669.1.png", "headshotImageUrl": "/db/PICTURES/CMS/329700/329750.png", "dateOfBirth": {"year": 1990, "month": 8, "date": 17}, "dateOfDeath": null, "gender": "M", "battingStyles": ["lhb"], "bowlingStyles": [], "longBattingStyles": ["left-hand bat"], "longBowlingStyles": [], "image": {"id": 263669, "objectId": 1099826, "slug": "kusal-perera-portrait", "url": "/db/PICTURES/CMS/263600/263669.1.png", "width": 160, "height": 200, "caption": "Kusal Perera portrait", "longCaption": null, "credit": "Getty Images", "photographer": null, "peerUrls": null}, "countryTeamId": 8, "playerRoleTypeIds": [7], "playingRoles": ["wicketkeeper batter"], "headshotImage": {"id": 329750, "objectId": 1286744, "slug": "kusal-perera-player-page-headshot-cutout-2021", "url": "/db/PICTURES/CMS/329700/329750.png", "width": 600, "height": 436, "caption": "Kusal Perera player page headshot cutout 2021", "longCaption": "Kusal Perera player page headshot cutout 2021", "credit": null, "photographer": null, "peerUrls": {"FILM": null, "WIDE": null, "SQUARE": "/db/PICTURES/CMS/329700/329750.square.png"}}}, "runs": 7, "balls": 8, "fours": 1, "sixes": 0}, {"player": {"id": 78229, "objectId": 784367, "name": "KIC Asalanka", "longName": "Charith Asalanka", "mobileName": "Asalanka", "indexName": "Asalanka, KIC", "battingName": "KIC Asalanka", "fieldingName": "Asalanka", "slug": "charith-asalanka", "imageUrl": "/db/PICTURES/CMS/348100/348128.4.jpg", "headshotImageUrl": "/db/PICTURES/CMS/348500/348599.png", "dateOfBirth": {"year": 1997, "month": 6, "date": 29}, "dateOfDeath": null, "gender": "M", "battingStyles": ["lhb"], "bowlingStyles": ["ob"], "longBattingStyles": ["left-hand bat"], "longBowlingStyles": ["right-arm offbreak"], "image": {"id": 348128, "objectId": 1341438, "slug": "charith-asalanka-player-portrait", "url": "/db/PICTURES/CMS/348100/348128.4.jpg", "width": 160, "height": 225, "caption": "Charith Asalanka, player portrait", "longCaption": "Charith Asalanka, player portrait", "credit": "ICC/Getty Images", "photographer": "Matt King", "peerUrls": null}, "countryTeamId": 8, "playerRoleTypeIds": [10], "playingRoles": ["batting allrounder"], "headshotImage": {"id": 348599, "objectId": 1342892, "slug": "charith-asalanka-player-page-headshot-cutout-2022", "url": "/db/PICTURES/CMS/348500/348599.png", "width": 600, "height": 436, "caption": "Charith Asalanka, player page headshot cutout 2022", "longCaption": "Charith Asalanka, player page headshot cutout 2022", "credit": null, "photographer": null, "peerUrls": {"FILM": null, "WIDE": null, "SQUARE": "/db/PICTURES/CMS/348500/348599.square.png"}}}, "runs": 20, "balls": 8, "fours": 3, "sixes": 1}], "overEndBowlers": [{"player": {"id": 54222, "objectId": 325026, "name": "GJ Maxwell", "longName": "Glenn Maxwell", "mobileName": "Maxwell", "indexName": "Maxwell, GJ", "battingName": "GJ Maxwell", "fieldingName": "Maxwell", "slug": "glenn-maxwell", "imageUrl": "/db/PICTURES/CMS/263500/263539.1.jpg", "headshotImageUrl": "/db/PICTURES/CMS/316600/316657.png", "dateOfBirth": {"year": 1988, "month": 10, "date": 14}, "dateOfDeath": null, "gender": "M", "battingStyles": ["rhb"], "bowlingStyles": ["ob"], "longBattingStyles": ["right-hand bat"], "longBowlingStyles": ["right-arm offbreak"], "image": {"id": 263539, "objectId": 1099529, "slug": "glenn-maxwell", "url": "/db/PICTURES/CMS/263500/263539.1.jpg", "width": 160, "height": 200, "caption": "Glenn Maxwell", "longCaption": "Glenn Maxwell", "credit": "Getty Images", "photographer": null, "peerUrls": null}, "countryTeamId": 2, "playerRoleTypeIds": [10], "playingRoles": ["batting allrounder"], "headshotImage": {"id": 316657, "objectId": 1251290, "slug": "gj-maxwell-headshot", "url": "/db/PICTURES/CMS/316600/316657.png", "width": 600, "height": 436, "caption": "GJ Maxwell headshot", "longCaption": "GJ Maxwell headshot", "credit": null, "photographer": null, "peerUrls": {"FILM": null, "WIDE": null, "SQUARE": null}}}, "overs": 1, "balls": 6, "maidens": 0, "conceded": 16, "wickets": 0, "currentType": 1}, {"player": {"id": 64244, "objectId": 489889, "name": "PJ Cummins", "longName": "Pat Cummins", "mobileName": "Cummins", "indexName": "Cummins, PJ", "battingName": "PJ Cummins", "fieldingName": "Cummins", "slug": "pat-cummins", "imageUrl": "/db/PICTURES/CMS/309000/309079.png", "headshotImageUrl": "/db/PICTURES/CMS/316600/316692.png", "dateOfBirth": {"year": 1993, "month": 5, "date": 8}, "dateOfDeath": null, "gender": "M", "battingStyles": ["rhb"], "bowlingStyles": ["rf"], "longBattingStyles": ["right-hand bat"], "longBowlingStyles": ["right-arm fast"], "image": {"id": 309079, "objectId": 1232594, "slug": "pat-cummins-portrait", "url": "/db/PICTURES/CMS/309000/309079.png", "width": 160, "height": 201, "caption": "Pat Cummins portrait", "longCaption": "Pat Cummins portrait, September 2020", "credit": "Getty Images", "photographer": null, "peerUrls": null}, "countryTeamId": 2, "playerRoleTypeIds": [4], "playingRoles": ["bowler"], "headshotImage": {"id": 316692, "objectId": 1251325, "slug": "pj-cummins-headshot", "url": "/db/PICTURES/CMS/316600/316692.png", "width": 600, "height": 436, "caption": "PJ Cummins headshot", "longCaption": "PJ Cummins headshot", "credit": null, "photographer": null, "peerUrls": {"FILM": null, "WIDE": null, "SQUARE": null}}}, "overs": 1, "balls": 6, "maidens": 0, "conceded": 14, "wickets": 1, "currentType": 2}], "rollover": null}, "batsmanStatText": null, "bowlerStatText": null, "smartStats": []}, {"_uid": 35112910, "id": 35112910, "inningNumber": 1, "ballsActual": null, "ballsUnique": null, "oversUnique": 4.01, "oversActual": 4.1, "overNumber": 5, "ballNumber": 1, "totalRuns": 0, "batsmanRuns": 0, "isFour": false, "isSix": false, "isWicket": false, "dismissalType": null, "byes": 0, "legbyes": 0, "wides": 0, "noballs": 0, "penalties": 0, "wagonX": 242, "wagonY": 153, "wagonZone": 2, "pitchLine": "ON_THE_STUMPS", "pitchLength": "GOOD_LENGTH", "shotType": "PUSH", "shotControl": 1, "timestamp": "2021-10-28T14:21:37.000Z", "modified": "2021-10-28T14:21:40.000Z", "batsmanPlayerId": 78229, "bowlerPlayerId": 51367, "outPlayerId": null, "totalInningRuns": 41, "totalInningWickets": 1, "predictions": {"score": 168, "winProbability": 58.95}, "title": "Hazlewood to Asalanka", "dismissalText": null, "commentPreTextItems": [{"type": "HTML", "html": "Hazlewood continues"}], "commentTextItems": [{"type": "HTML", "html": "length, around off, and he defends this towards point"}], "commentPostTextItems": null, "commentVideos": [], "commentImages": [], "events": [], "over": null, "batsmanStatText": null, "bowlerStatText": null, "smartStats": []}, {"_uid": 35112915, "id": 35112915, "inningNumber": 1, "ballsActual": null, "ballsUnique": null, "oversUnique": 4.02, "oversActual": 4.2, "overNumber": 5, "ballNumber": 2, "totalRuns": 0, "batsmanRuns": 0, "isFour": false, "isSix": false, "isWicket": false, "dismissalType": null, "byes": 0, "legbyes": 0, "wides": 0, "noballs": 0, "penalties": 0, "wagonX": 228, "wagonY": 188, "wagonZone": 3, "pitchLine": "OUTSIDE_OFFSTUMP", "pitchLength": "GOOD_LENGTH", "shotType": "COVER_DRIVE", "shotControl": 1, "timestamp": "2021-10-28T14:22:15.000Z", "modified": "2021-10-28T14:22:18.000Z", "batsmanPlayerId": 78229, "bowlerPlayerId": 51367, "outPlayerId": null, "totalInningRuns": 41, "totalInningWickets": 1, "predictions": {"score": 166, "winProbability": 56.79}, "title": "Hazlewood to Asalanka", "dismissalText": null, "commentPreTextItems": null, "commentTextItems": [{"type": "HTML", "html": "fuller, a touch wide, and he drives with a stretch. Great stop at cover-point prevents runs"}], "commentPostTextItems": null, "commentVideos": [], "commentImages": [], "events": [], "over": null, "batsmanStatText": null, "bowlerStatText": null, "smartStats": []}, {"_uid": 35112920, "id": 35112920, "inningNumber": 1, "ballsActual": null, "ballsUnique": null, "oversUnique": 4.03, "oversActual": 4.3, "overNumber": 5, "ballNumber": 3, "totalRuns": 0, "batsmanRuns": 0, "isFour": false, "isSix": false, "isWicket": false, "dismissalType": null, "byes": 0, "legbyes": 0, "wides": 0, "noballs": 0, "penalties": 0, "wagonX": 0, "wagonY": 0, "wagonZone": 0, "pitchLine": "ON_THE_STUMPS", "pitchLength": "SHORT_OF_A_GOOD_LENGTH", "shotType": "DAB", "shotControl": 2, "timestamp": "2021-10-28T14:22:48.000Z", "modified": "2021-10-28T14:22:51.000Z", "batsmanPlayerId": 78229, "bowlerPlayerId": 51367, "outPlayerId": null, "totalInningRuns": 41, "totalInningWickets": 1, "predictions": {"score": 164, "winProbability": 54.61}, "title": "Hazlewood to Asalanka", "dismissalText": null, "commentPreTextItems": null, "commentTextItems": [{"type": "HTML", "html": "change up from Hazlewood. A cutter, from just around off. He looks to steer it to third, but fails to make contact"}], "commentPostTextItems": null, "commentVideos": [], "commentImages": [], "events": [], "over": null, "batsmanStatText": null, "bowlerStatText": null, "smartStats": []}, {"_uid": 35112924, "id": 35112924, "inningNumber": 1, "ballsActual": null, "ballsUnique": null, "oversUnique": 4.04, "oversActual": 4.4, "overNumber": 5, "ballNumber": 4, "totalRuns": 0, "batsmanRuns": 0, "isFour": false, "isSix": false, "isWicket": false, "dismissalType": null, "byes": 0, "legbyes": 0, "wides": 0, "noballs": 0, "penalties": 0, "wagonX": 223, "wagonY": 190, "wagonZone": 3, "pitchLine": "ON_THE_STUMPS", "pitchLength": "SHORT_OF_A_GOOD_LENGTH", "shotType": "PUSH", "shotControl": 1, "timestamp": "2021-10-28T14:23:22.000Z", "modified": "2021-10-28T14:23:25.000Z", "batsmanPlayerId": 78229, "bowlerPlayerId": 51367, "outPlayerId": null, "totalInningRuns": 41, "totalInningWickets": 1, "predictions": {"score": 162, "winProbability": 52.4}, "title": "Hazlewood to Asalanka", "dismissalText": null, "commentPreTextItems": null, "commentTextItems": [{"type": "HTML", "html": "length, punched towards cover"}], "commentPostTextItems": null, "commentVideos": [], "commentImages": [], "events": [], "over": null, "batsmanStatText": null, "bowlerStatText": null, "smartStats": []}, {"_uid": 35112925, "id": 35112925, "inningNumber": 1, "ballsActual": null, "ballsUnique": null, "oversUnique": 4.05, "oversActual": 4.5, "overNumber": 5, "ballNumber": 5, "totalRuns": 4, "batsmanRuns": 4, "isFour": true, "isSix": false, "isWicket": false, "dismissalType": null, "byes": 0, "legbyes": 0, "wides": 0, "noballs": 0, "penalties": 0, "wagonX": 165, "wagonY": 362, "wagonZone": 5, "pitchLine": "ON_THE_STUMPS", "pitchLength": "GOOD_LENGTH", "shotType": "SLOG_SHOT", "shotControl": 2, "timestamp": "2021-10-28T14:24:06.000Z", "modified": "2021-10-28T14:24:08.000Z", "batsmanPlayerId": 78229, "bowlerPlayerId": 51367, "outPlayerId": null, "totalInningRuns": 45, "totalInningWickets": 1, "predictions": {"score": 164, "winProbability": 54.61}, "title": "Hazlewood to Asalanka", "dismissalText": null, "commentPreTextItems": null, "commentTextItems": [{"type": "HTML", "html": "flogged straight down the wicket off a length. Goes high, and just goes long enough after bouncing. A diving attempt from mid-off to pull it back in, but Warner can't quite get there"}], "commentPostTextItems": null, "commentVideos": [], "commentImages": [], "events": [], "over": null, "batsmanStatText": null, "bowlerStatText": null, "smartStats": []}, {"_uid": 35112928, "id": 35112928, "inningNumber": 1, "ballsActual": null, "ballsUnique": null, "oversUnique": 4.06, "oversActual": 4.6, "overNumber": 5, "ballNumber": 6, "totalRuns": 1, "batsmanRuns": 1, "isFour": false, "isSix": false, "isWicket": false, "dismissalType": null, "byes": 0, "legbyes": 0, "wides": 0, "noballs": 0, "penalties": 0, "wagonX": 231, "wagonY": 38, "wagonZone": 1, "pitchLine": "ON_THE_STUMPS", "pitchLength": "SHORT_OF_A_GOOD_LENGTH", "shotType": "STEERED", "shotControl": 1, "timestamp": "2021-10-28T14:24:43.000Z", "modified": "2021-10-28T14:24:46.000Z", "batsmanPlayerId": 78229, "bowlerPlayerId": 51367, "outPlayerId": null, "totalInningRuns": 46, "totalInningWickets": 1, "predictions": {"score": 165, "winProbability": 55.7}, "title": "Hazlewood to Asalanka", "dismissalText": null, "commentPreTextItems": null, "commentTextItems": [{"type": "HTML", "html": "runs a length ball down towards third"}], "commentPostTextItems": null, "commentVideos": [], "commentImages": [], "events": [], "over": {"team": {"id": 8, "objectId": 8, "scribeId": 8, "slug": "sri-lanka", "name": "Sri Lanka", "longName": "Sri Lanka", "abbreviation": "SL", "unofficialName": "", "imageUrl": "/db/PICTURES/CMS/340000/340047.png", "isCountry": true, "primaryColor": "#203d89", "image": {"id": 340047, "objectId": 1316921, "slug": "sri-lanka-team-flag", "url": "/db/PICTURES/CMS/340000/340047.png", "width": 500, "height": 500, "caption": "Sri Lanka team flag", "longCaption": "Sri Lanka team flag", "credit": "Google", "photographer": null, "peerUrls": null}, "country": {"id": 8, "objectId": 8, "name": "Sri Lanka", "shortName": "Sri Lanka", "abbreviation": "SL", "slug": "sri-lanka"}}, "inningNumber": 1, "overNumber": 5, "overRuns": 5, "overWickets": 0, "totalRuns": 46, "totalWickets": 1, "target": 0, "overLimit": 20, "ballLimit": 120, "isMaiden": false, "isComplete": true, "isSuperOver": false, "overEndBatsmen": [{"player": {"id": 78229, "objectId": 784367, "name": "KIC Asalanka", "longName": "Charith Asalanka", "mobileName": "Asalanka", "indexName": "Asalanka, KIC", "battingName": "KIC Asalanka", "fieldingName": "Asalanka", "slug": "charith-asalanka", "imageUrl": "/db/PICTURES/CMS/348100/348128.4.jpg", "headshotImageUrl": "/db/PICTURES/CMS/348500/348599.png", "dateOfBirth": {"year": 1997, "month": 6, "date": 29}, "dateOfDeath": null, "gender": "M", "battingStyles": ["lhb"], "bowlingStyles": ["ob"], "longBattingStyles": ["left-hand bat"], "longBowlingStyles": ["right-arm offbreak"], "image": {"id": 348128, "objectId": 1341438, "slug": "charith-asalanka-player-portrait", "url": "/db/PICTURES/CMS/348100/348128.4.jpg", "width": 160, "height": 225, "caption": "Charith Asalanka, player portrait", "longCaption": "Charith Asalanka, player portrait", "credit": "ICC/Getty Images", "photographer": "Matt King", "peerUrls": null}, "countryTeamId": 8, "playerRoleTypeIds": [10], "playingRoles": ["batting allrounder"], "headshotImage": {"id": 348599, "objectId": 1342892, "slug": "charith-asalanka-player-page-headshot-cutout-2022", "url": "/db/PICTURES/CMS/348500/348599.png", "width": 600, "height": 436, "caption": "Charith Asalanka, player page headshot cutout 2022", "longCaption": "Charith Asalanka, player page headshot cutout 2022", "credit": null, "photographer": null, "peerUrls": {"FILM": null, "WIDE": null, "SQUARE": "/db/PICTURES/CMS/348500/348599.square.png"}}}, "runs": 25, "balls": 14, "fours": 4, "sixes": 1}, {"player": {"id": 52373, "objectId": 300631, "name": "MDKJ Perera", "longName": "Kusal Perera", "mobileName": "Perera", "indexName": "Perera, MDKJ", "battingName": "MDKJ Perera", "fieldingName": "Perera", "slug": "kusal-perera", "imageUrl": "/db/PICTURES/CMS/263600/263669.1.png", "headshotImageUrl": "/db/PICTURES/CMS/329700/329750.png", "dateOfBirth": {"year": 1990, "month": 8, "date": 17}, "dateOfDeath": null, "gender": "M", "battingStyles": ["lhb"], "bowlingStyles": [], "longBattingStyles": ["left-hand bat"], "longBowlingStyles": [], "image": {"id": 263669, "objectId": 1099826, "slug": "kusal-perera-portrait", "url": "/db/PICTURES/CMS/263600/263669.1.png", "width": 160, "height": 200, "caption": "Kusal Perera portrait", "longCaption": null, "credit": "Getty Images", "photographer": null, "peerUrls": null}, "countryTeamId": 8, "playerRoleTypeIds": [7], "playingRoles": ["wicketkeeper batter"], "headshotImage": {"id": 329750, "objectId": 1286744, "slug": "kusal-perera-player-page-headshot-cutout-2021", "url": "/db/PICTURES/CMS/329700/329750.png", "width": 600, "height": 436, "caption": "Kusal Perera player page headshot cutout 2021", "longCaption": "Kusal Perera player page headshot cutout 2021", "credit": null, "photographer": null, "peerUrls": {"FILM": null, "WIDE": null, "SQUARE": "/db/PICTURES/CMS/329700/329750.square.png"}}}, "runs": 7, "balls": 8, "fours": 1, "sixes": 0}], "overEndBowlers": [{"player": {"id": 51367, "objectId": 288284, "name": "JR Hazlewood", "longName": "Josh Hazlewood", "mobileName": "Hazlewood", "indexName": "Hazlewood, JR", "battingName": "JR Hazlewood", "fieldingName": "Hazlewood", "slug": "josh-hazlewood", "imageUrl": "/db/PICTURES/CMS/263500/263531.1.jpg", "headshotImageUrl": "/db/PICTURES/CMS/316600/316622.png", "dateOfBirth": {"year": 1991, "month": 1, "date": 8}, "dateOfDeath": null, "gender": "M", "battingStyles": ["lhb"], "bowlingStyles": ["rfm"], "longBattingStyles": ["left-hand bat"], "longBowlingStyles": ["right-arm fast-medium"], "image": {"id": 263531, "objectId": 1099517, "slug": "josh-hazlewood", "url": "/db/PICTURES/CMS/263500/263531.1.jpg", "width": 160, "height": 200, "caption": "Josh Hazlewood", "longCaption": "Josh Hazlewood", "credit": "Getty Images", "photographer": null, "peerUrls": null}, "countryTeamId": 2, "playerRoleTypeIds": [4], "playingRoles": ["bowler"], "headshotImage": {"id": 316622, "objectId": 1251254, "slug": "jr-hazlewood-headshot", "url": "/db/PICTURES/CMS/316600/316622.png", "width": 600, "height": 436, "caption": "JR Hazlewood headshot", "longCaption": "JR Hazlewood headshot", "credit": null, "photographer": null, "peerUrls": {"FILM": null, "WIDE": null, "SQUARE": null}}}, "overs": 2, "balls": 12, "maidens": 0, "conceded": 10, "wickets": 0, "currentType": 1}, {"player": {"id": 54222, "objectId": 325026, "name": "GJ Maxwell", "longName": "Glenn Maxwell", "mobileName": "Maxwell", "indexName": "Maxwell, GJ", "battingName": "GJ Maxwell", "fieldingName": "Maxwell", "slug": "glenn-maxwell", "imageUrl": "/db/PICTURES/CMS/263500/263539.1.jpg", "headshotImageUrl": "/db/PICTURES/CMS/316600/316657.png", "dateOfBirth": {"year": 1988, "month": 10, "date": 14}, "dateOfDeath": null, "gender": "M", "battingStyles": ["rhb"], "bowlingStyles": ["ob"], "longBattingStyles": ["right-hand bat"], "longBowlingStyles": ["right-arm offbreak"], "image": {"id": 263539, "objectId": 1099529, "slug": "glenn-maxwell", "url": "/db/PICTURES/CMS/263500/263539.1.jpg", "width": 160, "height": 200, "caption": "Glenn Maxwell", "longCaption": "Glenn Maxwell", "credit": "Getty Images", "photographer": null, "peerUrls": null}, "countryTeamId": 2, "playerRoleTypeIds": [10], "playingRoles": ["batting allrounder"], "headshotImage": {"id": 316657, "objectId": 1251290, "slug": "gj-maxwell-headshot", "url": "/db/PICTURES/CMS/316600/316657.png", "width": 600, "height": 436, "caption": "GJ Maxwell headshot", "longCaption": "GJ Maxwell headshot", "credit": null, "photographer": null, "peerUrls": {"FILM": null, "WIDE": null, "SQUARE": null}}}, "overs": 1, "balls": 6, "maidens": 0, "conceded": 16, "wickets": 0, "currentType": 2}], "rollover": null}, "batsmanStatText": null, "bowlerStatText": null, "smartStats": []}]