[{"_uid": 35059363, "id": 35059363, "inningNumber": 2, "ballsActual": null, "ballsUnique": null, "oversUnique": 7.01, "oversActual": 7.1, "overNumber": 8, "ballNumber": 1, "totalRuns": 0, "batsmanRuns": 0, "isFour": false, "isSix": false, "isWicket": false, "dismissalType": null, "byes": 0, "legbyes": 0, "wides": 0, "noballs": 0, "penalties": 0, "wagonX": 171, "wagonY": 194, "wagonZone": 5, "pitchLine": "OUTSIDE_OFFSTUMP", "pitchLength": "FULL", "shotType": "ON_DRIVE", "shotControl": 1, "timestamp": "2021-10-22T12:21:50.000Z", "modified": "2021-10-22T12:21:53.000Z", "batsmanPlayerId": 65478, "bowlerPlayerId": 91741, "outPlayerId": null, "totalInningRuns": 33, "totalInningWickets": 1, "predictions": {"score": 142, "winProbability": 79.93}, "title": "Simi Singh to Erasmus", "dismissalText": null, "commentPreTextItems": [{"type": "HTML", "html": "Simi Singh now"}], "commentTextItems": [{"type": "HTML", "html": "fuller around off, pushes it back towards the bowler"}], "commentPostTextItems": null, "commentVideos": [], "commentImages": [], "events": [], "over": null, "batsmanStatText": null, "bowlerStatText": null, "smartStats": []}, {"_uid": 35059368, "id": 35059368, "inningNumber": 2, "ballsActual": null, "ballsUnique": null, "oversUnique": 7.02, "oversActual": 7.2, "overNumber": 8, "ballNumber": 2, "totalRuns": 1, "batsmanRuns": 1, "isFour": false, "isSix": false, "isWicket": false, "dismissalType": null, "byes": 0, "legbyes": 0, "wides": 0, "noballs": 0, "penalties": 0, "wagonX": 211, "wagonY": 312, "wagonZone": 4, "pitchLine": "OUTSIDE_OFFSTUMP", "pitchLength": "FULL", "shotType": "ON_DRIVE", "shotControl": 1, "timestamp": "2021-10-22T12:22:09.000Z", "modified": "2021-10-22T12:22:13.000Z", "batsmanPlayerId": 65478, "bowlerPlayerId": 91741, "outPlayerId": null, "totalInningRuns": 34, "totalInningWickets": 1, "predictions": {"score": 141, "winProbability": 79.57}, "title": "Simi Singh to Erasmus", "dismissalText": null, "commentPreTextItems": null, "commentTextItems": [{"type": "HTML", "html": "fuller outside off, hits it along the ground towards long-on"}], "commentPostTextItems": null, "commentVideos": [], "commentImages": [], "events": [], "over": null, "batsmanStatText": null, "bowlerStatText": null, "smartStats": []}, {"_uid": 35059373, "id": 35059373, "inningNumber": 2, "ballsActual": null, "ballsUnique": null, "oversUnique": 7.03, "oversActual": 7.3, "overNumber": 8, "ballNumber": 3, "totalRuns": 0, "batsmanRuns": 0, "isFour": false, "isSix": false, "isWicket": false, "dismissalType": null, "byes": 0, "legbyes": 0, "wides": 0, "noballs": 0, "penalties": 0, "wagonX": 237, "wagonY": 203, "wagonZone": 3, "pitchLine": "OUTSIDE_OFFSTUMP", "pitchLength": "FULL", "shotType": "COVER_DRIVE", "shotControl": 1, "timestamp": "2021-10-22T12:22:46.000Z", "modified": "2021-10-22T12:22:49.000Z", "batsmanPlayerId": 70085, "bowlerPlayerId": 91741, "outPlayerId": null, "totalInningRuns": 34, "totalInningWickets": 1, "predictions": {"score": 140, "winProbability": 78.72}, "title": "Simi Singh to Green", "dismissalText": null, "commentPreTextItems": [{"type": "HTML", "html": "Around the wicket"}], "commentTextItems": [{"type": "HTML", "html": "pitched up once again. Green goes hard at it but cannot beat extra cover"}], "commentPostTextItems": null, "commentVideos": [], "commentImages": [], "events": [], "over": null, "batsmanStatText": null, "bowlerStatText": null, "smartStats": []}, {"_uid": 35059375, "id": 35059375, "inningNumber": 2, "ballsActual": null, "ballsUnique": null, "oversUnique": 7.04, "oversActual": 7.4, "overNumber": 8, "ballNumber": 4, "totalRuns": 1, "batsmanRuns": 1, "isFour": false, "isSix": false, "isWicket": false, "dismissalType": null, "byes": 0, "legbyes": 0, "wides": 0, "noballs": 0, "penalties": 0, "wagonX": 314, "wagonY": 231, "wagonZone": 3, "pitchLine": "OUTSIDE_OFFSTUMP", "pitchLength": "GOOD_LENGTH", "shotType": "CUT_SHOT", "shotControl": 1, "timestamp": "2021-10-22T12:23:03.000Z", "modified": "2021-10-22T12:23:07.000Z", "batsmanPlayerId": 70085, "bowlerPlayerId": 91741, "outPlayerId": null, "totalInningRuns": 35, "totalInningWickets": 1, "predictions": {"score": 140, "winProbability": 79.02}, "title": "Simi Singh to Green", "dismissalText": null, "commentPreTextItems": null, "commentTextItems": [{"type": "HTML", "html": "length outside off, cuts it towards deep point"}], "commentPostTextItems": null, "commentVideos": [], "commentImages": [], "events": [], "over": null, "batsmanStatText": null, "bowlerStatText": null, "smartStats": []}, {"_uid": 35059378, "id": 35059378, "inningNumber": 2, "ballsActual": null, "ballsUnique": null, "oversUnique": 7.05, "oversActual": 7.5, "overNumber": 8, "ballNumber": 5, "totalRuns": 0, "batsmanRuns": 0, "isFour": false, "isSix": false, "isWicket": false, "dismissalType": null, "byes": 0, "legbyes": 0, "wides": 0, "noballs": 0, "penalties": 0, "wagonX": 122, "wagonY": 149, "wagonZone": 7, "pitchLine": "OUTSIDE_OFFSTUMP", "pitchLength": "GOOD_LENGTH", "shotType": "SQUARE_DRIVE", "shotControl": 1, "timestamp": "2021-10-22T12:23:32.000Z", "modified": "2021-10-22T12:23:35.000Z", "batsmanPlayerId": 65478, "bowlerPlayerId": 91741, "outPlayerId": null, "totalInningRuns": 35, "totalInningWickets": 1, "predictions": {"score": 139, "winProbability": 78.1}, "title": "Simi Singh to Erasmus", "dismissalText": null, "commentPreTextItems": null, "commentTextItems": [{"type": "HTML", "html": "fuller outside off, drives it towards cover-point"}], "commentPostTextItems": null, "commentVideos": [], "commentImages": [], "events": [], "over": null, "batsmanStatText": null, "bowlerStatText": null, "smartStats": []}, {"_uid": 35059381, "id": 35059381, "inningNumber": 2, "ballsActual": null, "ballsUnique": null, "oversUnique": 7.06, "oversActual": 7.6, "overNumber": 8, "ballNumber": 6, "totalRuns": 0, "batsmanRuns": 0, "isFour": false, "isSix": false, "isWicket": false, "dismissalType": null, "byes": 0, "legbyes": 0, "wides": 0, "noballs": 0, "penalties": 0, "wagonX": 205, "wagonY": 194, "wagonZone": 4, "pitchLine": "OUTSIDE_OFFSTUMP", "pitchLength": "FULL", "shotType": "ON_DRIVE", "shotControl": 1, "timestamp": "2021-10-22T12:23:50.000Z", "modified": "2021-10-22T12:23:54.000Z", "batsmanPlayerId": 65478, "bowlerPlayerId": 91741, "outPlayerId": null, "totalInningRuns": 35, "totalInningWickets": 1, "predictions": {"score": 137, "winProbability": 76.07}, "title": "Simi Singh to Erasmus", "dismissalText": null, "commentPreTextItems": null, "commentTextItems": [{"type": "HTML", "html": "length ball outside off, punched down the ground but Simi moves across to make the stop"}], "commentPostTextItems": [{"type": "HTML", "html": "David Price: \"So a wicket not given and a lucky boundary in that 7th over. Game changer in a game of this context. \""}], "commentVideos": [], "commentImages": [], "events": [], "over": {"team": {"id": 28, "objectId": 28, "scribeId": 28, "slug": "namibia", "name": "Namibia", "longName": "Namibia", "abbreviation": "NAM", "unofficialName": null, "imageUrl": "/db/PICTURES/CMS/313100/313148.logo.png", "isCountry": true, "primaryColor": null, "image": {"id": 313148, "objectId": 1241607, "slug": "namibia-logo", "url": "/db/PICTURES/CMS/313100/313148.logo.png", "width": 500, "height": 500, "caption": "Namibia logo", "longCaption": "Namibia logo", "credit": null, "photographer": null, "peerUrls": null}, "country": {"id": 28, "objectId": 28, "name": "Namibia", "shortName": "Namibia", "abbreviation": "NAM", "slug": "namibia"}}, "inningNumber": 2, "overNumber": 8, "overRuns": 2, "overWickets": 0, "totalRuns": 35, "totalWickets": 1, "target": 126, "overLimit": 20, "ballLimit": 120, "isMaiden": false, "isComplete": true, "isSuperOver": false, "overEndBatsmen": [{"player": {"id": 65478, "objectId": 519070, "name": "MG Erasmus", "longName": "Gerhard Erasmus", "mobileName": "Erasmus", "indexName": "Erasmus, MG", "battingName": "MG Erasmus", "fieldingName": "Erasmus", "slug": "gerhard-erasmus", "imageUrl": "/db/PICTURES/CMS/179600/179639.1.jpg", "headshotImageUrl": "/db/PICTURES/CMS/329700/329755.png", "dateOfBirth": {"year": 1995, "month": 4, "date": 11}, "dateOfDeath": null, "gender": "M", "battingStyles": ["rhb"], "bowlingStyles": ["ob"], "longBattingStyles": ["right-hand bat"], "longBowlingStyles": ["right-arm offbreak"], "image": {"id": 179639, "objectId": 721483, "slug": "gerhard-erasmus", "url": "/db/PICTURES/CMS/179600/179639.1.jpg", "width": 160, "height": 192, "caption": "Gerhard Erasmus", "longCaption": "Gerhard Erasmus", "credit": "International Cricket Council", "photographer": null, "peerUrls": null}, "countryTeamId": 28, "playerRoleTypeIds": [5], "playingRoles": ["allrounder"], "headshotImage": {"id": 329755, "objectId": 1286754, "slug": "gerhard-erasmus-player-page-headshot-cutout-2021", "url": "/db/PICTURES/CMS/329700/329755.png", "width": 600, "height": 436, "caption": "Gerhard Erasmus player page headshot cutout 2021", "longCaption": "Gerhard Erasmus player page headshot cutout 2021", "credit": null, "photographer": null, "peerUrls": {"FILM": null, "WIDE": null, "SQUARE": "/db/PICTURES/CMS/329700/329755.square.png"}}}, "runs": 4, "balls": 12, "fours": 0, "sixes": 0}, {"player": {"id": 70085, "objectId": 596664, "name": "ZE Green", "longName": "Zane Green", "mobileName": "Green", "indexName": "Green, ZE", "battingName": "ZE Green", "fieldingName": "Green", "slug": "zane-green", "imageUrl": "/db/PICTURES/CMS/347800/347850.4.jpg", "headshotImageUrl": "/db/PICTURES/CMS/350300/350307.png", "dateOfBirth": {"year": 1996, "month": 10, "date": 11}, "dateOfDeath": null, "gender": "M", "battingStyles": ["lhb"], "bowlingStyles": [], "longBattingStyles": ["left-hand bat"], "longBowlingStyles": [], "image": {"id": 347850, "objectId": 1340690, "slug": "zane-green-player-portrait", "url": "/db/PICTURES/CMS/347800/347850.4.jpg", "width": 160, "height": 206, "caption": "Zane Green, player portrait", "longCaption": "Zane Green, player portrait", "credit": "ICC/Getty Images", "photographer": "Mark Metcalfe", "peerUrls": null}, "countryTeamId": 28, "playerRoleTypeIds": [7], "playingRoles": ["wicketkeeper batter"], "headshotImage": {"id": 350307, "objectId": 1348252, "slug": "zane-green-player-page-headshot-cutout-2022", "url": "/db/PICTURES/CMS/350300/350307.png", "width": 600, "height": 436, "caption": "Zane Green, player page headshot cutout 2022", "longCaption": "Zane Green, player page headshot cutout 2022", "credit": null, "photographer": null, "peerUrls": {"FILM": null, "WIDE": null, "SQUARE": "/db/PICTURES/CMS/350300/350307.square.png"}}}, "runs": 14, "balls": 20, "fours": 1, "sixes": 0}], "overEndBowlers": [{"player": {"id": 91741, "objectId": 1005257, "name": "Simi Singh", "longName": "Simi Singh", "mobileName": "Simi Singh", "indexName": "Simi Singh", "battingName": "Simi Singh", "fieldingName": "Simi Singh", "slug": "simi-singh", "imageUrl": "/db/PICTURES/CMS/304000/304003.jpg", "headshotImageUrl": "/db/PICTURES/CMS/319800/319897.png", "dateOfBirth": {"year": 1987, "month": 2, "date": 4}, "dateOfDeath": null, "gender": "M", "battingStyles": ["rhb"], "bowlingStyles": ["ob", "lbg"], "longBattingStyles": ["right-hand bat"], "longBowlingStyles": ["right-arm offbreak", "legbreak googly"], "image": {"id": 304003, "objectId": 1222942, "slug": "simi-singh-portrait", "url": "/db/PICTURES/CMS/304000/304003.jpg", "width": 160, "height": 200, "caption": "Simi Singh portrait", "longCaption": "Simi Singh, May 2020", "credit": "Getty Images", "photographer": null, "peerUrls": null}, "countryTeamId": 29, "playerRoleTypeIds": [11], "playingRoles": ["bowling allrounder"], "headshotImage": {"id": 319897, "objectId": 1259975, "slug": "simi-singh-player-page-headshot-cutout-2021", "url": "/db/PICTURES/CMS/319800/319897.png", "width": 600, "height": 436, "caption": "Simi Singh player page headshot cutout, 2021", "longCaption": "Simi Singh player page headshot cutout, 2021", "credit": null, "photographer": null, "peerUrls": {"FILM": null, "WIDE": null, "SQUARE": "/db/PICTURES/CMS/319800/319897.square.png"}}}, "overs": 1, "balls": 6, "maidens": 0, "conceded": 2, "wickets": 0, "currentType": 1}, {"player": {"id": 47397, "objectId": 24605, "name": "KJ O'Brien", "longName": "Kevin O'Brien", "mobileName": "K O'Brien", "indexName": "O'Brien, KJ", "battingName": "KJ O'Brien", "fieldingName": "O'Brien", "slug": "kevin-o-brien", "imageUrl": "/db/PICTURES/CMS/305200/305235.jpg", "headshotImageUrl": "/db/PICTURES/CMS/316500/316572.png", "dateOfBirth": {"year": 1984, "month": 3, "date": 4}, "dateOfDeath": null, "gender": "M", "battingStyles": ["rhb"], "bowlingStyles": ["rmf"], "longBattingStyles": ["right-hand bat"], "longBowlingStyles": ["right-arm medium-fast"], "image": {"id": 305235, "objectId": 1224807, "slug": "kevin-o-brien-portrait", "url": "/db/PICTURES/CMS/305200/305235.jpg", "width": 160, "height": 200, "caption": "Kevin O'Brien portrait", "longCaption": "Kevin O'Brien, June 2020", "credit": "Getty Images", "photographer": null, "peerUrls": null}, "countryTeamId": 29, "playerRoleTypeIds": [10], "playingRoles": ["batting allrounder"], "headshotImage": {"id": 316572, "objectId": 1251201, "slug": "kj-o-brien-headshot", "url": "/db/PICTURES/CMS/316500/316572.png", "width": 600, "height": 436, "caption": "KJ O'Brien headshot", "longCaption": "KJ O'Brien headshot", "credit": null, "photographer": null, "peerUrls": {"FILM": null, "WIDE": null, "SQUARE": null}}}, "overs": 0.2, "balls": 2, "maidens": 0, "conceded": 4, "wickets": 0, "currentType": 2}], "rollover": null}, "batsmanStatText": null, "bowlerStatText": null, "smartStats": []}, {"_uid": 35059389, "id": 35059389, "inningNumber": 2, "ballsActual": null, "ballsUnique": null, "oversUnique": 8.01, "oversActual": 8.1, "overNumber": 9, "ballNumber": 1, "totalRuns": 1, "batsmanRuns": 1, "isFour": false, "isSix": false, "isWicket": false, "dismissalType": null, "byes": 0, "legbyes": 0, "wides": 0, "noballs": 0, "penalties": 0, "wagonX": 195, "wagonY": 323, "wagonZone": 4, "pitchLine": "OUTSIDE_OFFSTUMP", "pitchLength": "GOOD_LENGTH", "shotType": "ON_DRIVE", "shotControl": 1, "timestamp": "2021-10-22T12:24:58.000Z", "modified": "2021-10-22T12:25:01.000Z", "batsmanPlayerId": 70085, "bowlerPlayerId": 47397, "outPlayerId": null, "totalInningRuns": 36, "totalInningWickets": 1, "predictions": {"score": 137, "winProbability": 76.37}, "title": "K O'Brien to Green", "dismissalText": null, "commentPreTextItems": [{"type": "HTML", "html": "O'Brien to continue"}], "commentTextItems": [{"type": "HTML", "html": "length ball around off, punched towards long-off"}], "commentPostTextItems": null, "commentVideos": [], "commentImages": [], "events": [], "over": null, "batsmanStatText": null, "bowlerStatText": null, "smartStats": []}, {"_uid": 35059394, "id": 35059394, "inningNumber": 2, "ballsActual": null, "ballsUnique": null, "oversUnique": 8.02, "oversActual": 8.2, "overNumber": 9, "ballNumber": 2, "totalRuns": 0, "batsmanRuns": 0, "isFour": false, "isSix": false, "isWicket": false, "dismissalType": null, "byes": 0, "legbyes": 0, "wides": 0, "noballs": 0, "penalties": 0, "wagonX": 122, "wagonY": 185, "wagonZone": 6, "pitchLine": "OUTSIDE_OFFSTUMP", "pitchLength": "FULL", "shotType": "COVER_DRIVE", "shotControl": 1, "timestamp": "2021-10-22T12:25:34.000Z", "modified": "2021-10-22T12:25:37.000Z", "batsmanPlayerId": 65478, "bowlerPlayerId": 47397, "outPlayerId": null, "totalInningRuns": 36, "totalInningWickets": 1, "predictions": {"score": 136, "winProbability": 75.31}, "title": "K O'Brien to Erasmus", "dismissalText": null, "commentPreTextItems": null, "commentTextItems": [{"type": "HTML", "html": "fuller around off, drives it towards extra cover"}], "commentPostTextItems": null, "commentVideos": [], "commentImages": [], "events": [], "over": null, "batsmanStatText": null, "bowlerStatText": null, "smartStats": []}, {"_uid": 35059395, "id": 35059395, "inningNumber": 2, "ballsActual": null, "ballsUnique": null, "oversUnique": 8.03, "oversActual": 8.3, "overNumber": 9, "ballNumber": 3, "totalRuns": 1, "batsmanRuns": 1, "isFour": false, "isSix": false, "isWicket": false, "dismissalType": null, "byes": 0, "legbyes": 0, "wides": 0, "noballs": 0, "penalties": 0, "wagonX": 53, "wagonY": 199, "wagonZone": 6, "pitchLine": "OUTSIDE_OFFSTUMP", "pitchLength": "SHORT_OF_A_GOOD_LENGTH", "shotType": "COVER_DRIVE", "shotControl": 1, "timestamp": "2021-10-22T12:26:01.000Z", "modified": "2021-10-22T12:26:05.000Z", "batsmanPlayerId": 65478, "bowlerPlayerId": 47397, "outPlayerId": null, "totalInningRuns": 37, "totalInningWickets": 1, "predictions": {"score": 135, "winProbability": 74.71}, "title": "K O'Brien to Erasmus", "dismissalText": null, "commentPreTextItems": null, "commentTextItems": [{"type": "HTML", "html": "length outside off, uses his feet and punches it towards sweeper cover"}], "commentPostTextItems": null, "commentVideos": [], "commentImages": [], "events": [], "over": null, "batsmanStatText": null, "bowlerStatText": null, "smartStats": []}, {"_uid": 35059399, "id": 35059399, "inningNumber": 2, "ballsActual": null, "ballsUnique": null, "oversUnique": 8.04, "oversActual": 8.4, "overNumber": 9, "ballNumber": 4, "totalRuns": 2, "batsmanRuns": 2, "isFour": false, "isSix": false, "isWicket": false, "dismissalType": null, "byes": 0, "legbyes": 0, "wides": 0, "noballs": 0, "penalties": 0, "wagonX": 82, "wagonY": 274, "wagonZone": 5, "pitchLine": "ON_THE_STUMPS", "pitchLength": "SHORT_OF_A_GOOD_LENGTH", "shotType": "PULL", "shotControl": 1, "timestamp": "2021-10-22T12:26:33.000Z", "modified": "2021-10-22T12:26:36.000Z", "batsmanPlayerId": 70085, "bowlerPlayerId": 47397, "outPlayerId": null, "totalInningRuns": 39, "totalInningWickets": 1, "predictions": {"score": 135, "winProbability": 74.99}, "title": "K O'Brien to Green", "dismissalText": null, "commentPreTextItems": null, "commentTextItems": [{"type": "HTML", "html": "a length ball outside off, pulls it towards deep midwicket for a couple"}], "commentPostTextItems": null, "commentVideos": [], "commentImages": [], "events": [], "over": null, "batsmanStatText": null, "bowlerStatText": null, "smartStats": []}, {"_uid": 35059404, "id": 35059404, "inningNumber": 2, "ballsActual": null, "ballsUnique": null, "oversUnique": 8.05, "oversActual": 8.5, "overNumber": 9, "ballNumber": 5, "totalRuns": 1, "batsmanRuns": 1, "isFour": false, "isSix": false, "isWicket": false, "dismissalType": null, "byes": 0, "legbyes": 0, "wides": 0, "noballs": 0, "penalties": 0, "wagonX": 294, "wagonY": 238, "wagonZone": 3, "pitchLine": "OUTSIDE_OFFSTUMP", "pitchLength": "SHORT_OF_A_GOOD_LENGTH", "shotType": "CUT_SHOT", "shotControl": 1, "timestamp": "2021-10-22T12:27:05.000Z", "modified": "2021-10-22T12:27:08.000Z", "batsmanPlayerId": 70085, "bowlerPlayerId": 47397, "outPlayerId": null, "totalInningRuns": 40, "totalInningWickets": 1, "predictions": {"score": 136, "winProbability": 76.67}, "title": "K O'Brien to Green", "dismissalText": null, "commentPreTextItems": [{"type": "HTML", "html": "Another nugget from Matt: Last time KOB bowled in a T20I: 2-0-35-0 against Afghanistan in February 2019"}], "commentTextItems": [{"type": "HTML", "html": "a length ball, room outside off, cuts it towards deep cover"}], "commentPostTextItems": null, "commentVideos": [], "commentImages": [], "events": [], "over": null, "batsmanStatText": null, "bowlerStatText": null, "smartStats": []}, {"_uid": 35059413, "id": 35059413, "inningNumber": 2, "ballsActual": null, "ballsUnique": null, "oversUnique": 8.06, "oversActual": 8.6, "overNumber": 9, "ballNumber": 6, "totalRuns": 1, "batsmanRuns": 1, "isFour": false, "isSix": false, "isWicket": false, "dismissalType": null, "byes": 0, "legbyes": 0, "wides": 0, "noballs": 0, "penalties": 0, "wagonX": 73, "wagonY": 186, "wagonZone": 6, "pitchLine": "OUTSIDE_OFFSTUMP", "pitchLength": "SHORT_OF_A_GOOD_LENGTH", "shotType": "STEERED", "shotControl": 1, "timestamp": "2021-10-22T12:27:38.000Z", "modified": "2021-10-22T12:27:41.000Z", "batsmanPlayerId": 65478, "bowlerPlayerId": 47397, "outPlayerId": null, "totalInningRuns": 41, "totalInningWickets": 1, "predictions": {"score": 136, "winProbability": 76.78}, "title": "K O'Brien to Erasmus", "dismissalText": null, "commentPreTextItems": null, "commentTextItems": [{"type": "HTML", "html": "length outside off, punched square of the wicket on the off side"}], "commentPostTextItems": null, "commentVideos": [], "commentImages": [], "events": [], "over": {"team": {"id": 28, "objectId": 28, "scribeId": 28, "slug": "namibia", "name": "Namibia", "longName": "Namibia", "abbreviation": "NAM", "unofficialName": null, "imageUrl": "/db/PICTURES/CMS/313100/313148.logo.png", "isCountry": true, "primaryColor": null, "image": {"id": 313148, "objectId": 1241607, "slug": "namibia-logo", "url": "/db/PICTURES/CMS/313100/313148.logo.png", "width": 500, "height": 500, "caption": "Namibia logo", "longCaption": "Namibia logo", "credit": null, "photographer": null, "peerUrls": null}, "country": {"id": 28, "objectId": 28, "name": "Namibia", "shortName": "Namibia", "abbreviation": "NAM", "slug": "namibia"}}, "inningNumber": 2, "overNumber": 9, "overRuns": 6, "overWickets": 0, "totalRuns": 41, "totalWickets": 1, "target": 126, "overLimit": 20, "ballLimit": 120, "isMaiden": false, "isComplete": true, "isSuperOver": false, "overEndBatsmen": [{"player": {"id": 65478, "objectId": 519070, "name": "MG Erasmus", "longName": "Gerhard Erasmus", "mobileName": "Erasmus", "indexName": "Erasmus, MG", "battingName": "MG Erasmus", "fieldingName": "Erasmus", "slug": "gerhard-erasmus", "imageUrl": "/db/PICTURES/CMS/179600/179639.1.jpg", "headshotImageUrl": "/db/PICTURES/CMS/329700/329755.png", "dateOfBirth": {"year": 1995, "month": 4, "date": 11}, "dateOfDeath": null, "gender": "M", "battingStyles": ["rhb"], "bowlingStyles": ["ob"], "longBattingStyles": ["right-hand bat"], "longBowlingStyles": ["right-arm offbreak"], "image": {"id": 179639, "objectId": 721483, "slug": "gerhard-erasmus", "url": "/db/PICTURES/CMS/179600/179639.1.jpg", "width": 160, "height": 192, "caption": "Gerhard Erasmus", "longCaption": "Gerhard Erasmus", "credit": "International Cricket Council", "photographer": null, "peerUrls": null}, "countryTeamId": 28, "playerRoleTypeIds": [5], "playingRoles": ["allrounder"], "headshotImage": {"id": 329755, "objectId": 1286754, "slug": "gerhard-erasmus-player-page-headshot-cutout-2021", "url": "/db/PICTURES/CMS/329700/329755.png", "width": 600, "height": 436, "caption": "Gerhard Erasmus player page headshot cutout 2021", "longCaption": "Gerhard Erasmus player page headshot cutout 2021", "credit": null, "photographer": null, "peerUrls": {"FILM": null, "WIDE": null, "SQUARE": "/db/PICTURES/CMS/329700/329755.square.png"}}}, "runs": 6, "balls": 15, "fours": 0, "sixes": 0}, {"player": {"id": 70085, "objectId": 596664, "name": "ZE Green", "longName": "Zane Green", "mobileName": "Green", "indexName": "Green, ZE", "battingName": "ZE Green", "fieldingName": "Green", "slug": "zane-green", "imageUrl": "/db/PICTURES/CMS/347800/347850.4.jpg", "headshotImageUrl": "/db/PICTURES/CMS/350300/350307.png", "dateOfBirth": {"year": 1996, "month": 10, "date": 11}, "dateOfDeath": null, "gender": "M", "battingStyles": ["lhb"], "bowlingStyles": [], "longBattingStyles": ["left-hand bat"], "longBowlingStyles": [], "image": {"id": 347850, "objectId": 1340690, "slug": "zane-green-player-portrait", "url": "/db/PICTURES/CMS/347800/347850.4.jpg", "width": 160, "height": 206, "caption": "Zane Green, player portrait", "longCaption": "Zane Green, player portrait", "credit": "ICC/Getty Images", "photographer": "Mark Metcalfe", "peerUrls": null}, "countryTeamId": 28, "playerRoleTypeIds": [7], "playingRoles": ["wicketkeeper batter"], "headshotImage": {"id": 350307, "objectId": 1348252, "slug": "zane-green-player-page-headshot-cutout-2022", "url": "/db/PICTURES/CMS/350300/350307.png", "width": 600, "height": 436, "caption": "Zane Green, player page headshot cutout 2022", "longCaption": "Zane Green, player page headshot cutout 2022", "credit": null, "photographer": null, "peerUrls": {"FILM": null, "WIDE": null, "SQUARE": "/db/PICTURES/CMS/350300/350307.square.png"}}}, "runs": 18, "balls": 23, "fours": 1, "sixes": 0}], "overEndBowlers": [{"player": {"id": 47397, "objectId": 24605, "name": "KJ O'Brien", "longName": "Kevin O'Brien", "mobileName": "K O'Brien", "indexName": "O'Brien, KJ", "battingName": "KJ O'Brien", "fieldingName": "O'Brien", "slug": "kevin-o-brien", "imageUrl": "/db/PICTURES/CMS/305200/305235.jpg", "headshotImageUrl": "/db/PICTURES/CMS/316500/316572.png", "dateOfBirth": {"year": 1984, "month": 3, "date": 4}, "dateOfDeath": null, "gender": "M", "battingStyles": ["rhb"], "bowlingStyles": ["rmf"], "longBattingStyles": ["right-hand bat"], "longBowlingStyles": ["right-arm medium-fast"], "image": {"id": 305235, "objectId": 1224807, "slug": "kevin-o-brien-portrait", "url": "/db/PICTURES/CMS/305200/305235.jpg", "width": 160, "height": 200, "caption": "Kevin O'Brien portrait", "longCaption": "Kevin O'Brien, June 2020", "credit": "Getty Images", "photographer": null, "peerUrls": null}, "countryTeamId": 29, "playerRoleTypeIds": [10], "playingRoles": ["batting allrounder"], "headshotImage": {"id": 316572, "objectId": 1251201, "slug": "kj-o-brien-headshot", "url": "/db/PICTURES/CMS/316500/316572.png", "width": 600, "height": 436, "caption": "KJ O'Brien headshot", "longCaption": "KJ O'Brien headshot", "credit": null, "photographer": null, "peerUrls": {"FILM": null, "WIDE": null, "SQUARE": null}}}, "overs": 1.2, "balls": 8, "maidens": 0, "conceded": 10, "wickets": 0, "currentType": 1}, {"player": {"id": 91741, "objectId": 1005257, "name": "Simi Singh", "longName": "Simi Singh", "mobileName": "Simi Singh", "indexName": "Simi Singh", "battingName": "Simi Singh", "fieldingName": "Simi Singh", "slug": "simi-singh", "imageUrl": "/db/PICTURES/CMS/304000/304003.jpg", "headshotImageUrl": "/db/PICTURES/CMS/319800/319897.png", "dateOfBirth": {"year": 1987, "month": 2, "date": 4}, "dateOfDeath": null, "gender": "M", "battingStyles": ["rhb"], "bowlingStyles": ["ob", "lbg"], "longBattingStyles": ["right-hand bat"], "longBowlingStyles": ["right-arm offbreak", "legbreak googly"], "image": {"id": 304003, "objectId": 1222942, "slug": "simi-singh-portrait", "url": "/db/PICTURES/CMS/304000/304003.jpg", "width": 160, "height": 200, "caption": "Simi Singh portrait", "longCaption": "Simi Singh, May 2020", "credit": "Getty Images", "photographer": null, "peerUrls": null}, "countryTeamId": 29, "playerRoleTypeIds": [11], "playingRoles": ["bowling allrounder"], "headshotImage": {"id": 319897, "objectId": 1259975, "slug": "simi-singh-player-page-headshot-cutout-2021", "url": "/db/PICTURES/CMS/319800/319897.png", "width": 600, "height": 436, "caption": "Simi Singh player page headshot cutout, 2021", "longCaption": "Simi Singh player page headshot cutout, 2021", "credit": null, "photographer": null, "peerUrls": {"FILM": null, "WIDE": null, "SQUARE": "/db/PICTURES/CMS/319800/319897.square.png"}}}, "overs": 1, "balls": 6, "maidens": 0, "conceded": 2, "wickets": 0, "currentType": 2}], "rollover": null}, "batsmanStatText": null, "bowlerStatText": null, "smartStats": []}]