[{"_uid": 35041234, "id": 35041234, "inningNumber": 1, "ballsActual": null, "ballsUnique": null, "oversUnique": 17.01, "oversActual": 17.1, "overNumber": 18, "ballNumber": 1, "totalRuns": 0, "batsmanRuns": 0, "isFour": false, "isSix": false, "isWicket": false, "dismissalType": null, "byes": 0, "legbyes": 0, "wides": 0, "noballs": 0, "penalties": 0, "wagonX": 182, "wagonY": 186, "wagonZone": 4, "pitchLine": "ON_THE_STUMPS", "pitchLength": "FULL", "shotType": "STRAIGHT_DRIVE", "shotControl": 1, "timestamp": "2021-10-18T11:27:02.000Z", "modified": "2021-10-18T11:27:06.000Z", "batsmanPlayerId": 61845, "bowlerPlayerId": 91741, "outPlayerId": null, "totalInningRuns": 90, "totalInningWickets": 7, "predictions": {"score": 117, "winProbability": 9.96}, "title": "Simi Singh to van Beek", "dismissalText": null, "commentPreTextItems": [{"type": "HTML", "html": "Singh for the 18th over"}], "commentTextItems": [{"type": "HTML", "html": "tossed up and prodded back"}], "commentPostTextItems": null, "commentVideos": [], "commentImages": [], "events": [], "over": null, "batsmanStatText": null, "bowlerStatText": null, "smartStats": []}, {"_uid": 35041236, "id": 35041236, "inningNumber": 1, "ballsActual": null, "ballsUnique": null, "oversUnique": 17.02, "oversActual": 17.2, "overNumber": 18, "ballNumber": 2, "totalRuns": 1, "batsmanRuns": 1, "isFour": false, "isSix": false, "isWicket": false, "dismissalType": null, "byes": 0, "legbyes": 0, "wides": 0, "noballs": 0, "penalties": 0, "wagonX": 205, "wagonY": 322, "wagonZone": 4, "pitchLine": "ON_THE_STUMPS", "pitchLength": "FULL", "shotType": "ON_DRIVE", "shotControl": 1, "timestamp": "2021-10-18T11:27:23.000Z", "modified": "2021-10-18T11:27:27.000Z", "batsmanPlayerId": 61845, "bowlerPlayerId": 91741, "outPlayerId": null, "totalInningRuns": 91, "totalInningWickets": 7, "predictions": {"score": 117, "winProbability": 9.96}, "title": "Simi Singh to van Beek", "dismissalText": null, "commentPreTextItems": null, "commentTextItems": [{"type": "HTML", "html": "pushed through and van Beek steps out to tuck through midwicket"}], "commentPostTextItems": null, "commentVideos": [], "commentImages": [], "events": [], "over": null, "batsmanStatText": null, "bowlerStatText": null, "smartStats": []}, {"_uid": 35041240, "id": 35041240, "inningNumber": 1, "ballsActual": null, "ballsUnique": null, "oversUnique": 17.03, "oversActual": 17.3, "overNumber": 18, "ballNumber": 3, "totalRuns": 4, "batsmanRuns": 4, "isFour": true, "isSix": false, "isWicket": false, "dismissalType": null, "byes": 0, "legbyes": 0, "wides": 0, "noballs": 0, "penalties": 0, "wagonX": 353, "wagonY": 150, "wagonZone": 2, "pitchLine": "OUTSIDE_OFFSTUMP", "pitchLength": "SHORT_OF_A_GOOD_LENGTH", "shotType": "PULL", "shotControl": 1, "timestamp": "2021-10-18T11:27:57.000Z", "modified": "2021-10-18T11:28:01.000Z", "batsmanPlayerId": 48503, "bowlerPlayerId": 91741, "outPlayerId": null, "totalInningRuns": 95, "totalInningWickets": 7, "predictions": {"score": 119, "winProbability": 10.78}, "title": "Simi Singh to Seelaar", "dismissalText": null, "commentPreTextItems": [{"type": "HTML", "html": "\"Mark Adair's bowling figures today make it look like he's bowling in the first session of a Test at Lords,\" snorts Adarsh"}], "commentTextItems": [{"type": "HTML", "html": "<b>slapped away through midwicket!</b> Singh drops in a legbreak but it lands short and Seelaar swivels to biff it for four"}], "commentPostTextItems": null, "commentVideos": [], "commentImages": [], "events": [], "over": null, "batsmanStatText": null, "bowlerStatText": null, "smartStats": []}, {"_uid": 35041243, "id": 35041243, "inningNumber": 1, "ballsActual": null, "ballsUnique": null, "oversUnique": 17.04, "oversActual": 17.4, "overNumber": 18, "ballNumber": 4, "totalRuns": 1, "batsmanRuns": 1, "isFour": false, "isSix": false, "isWicket": false, "dismissalType": null, "byes": 0, "legbyes": 0, "wides": 0, "noballs": 0, "penalties": 0, "wagonX": 68, "wagonY": 199, "wagonZone": 6, "pitchLine": "WIDE_OUTSIDE_OFFSTUMP", "pitchLength": "FULL", "shotType": "COVER_DRIVE", "shotControl": 2, "timestamp": "2021-10-18T11:28:33.000Z", "modified": "2021-10-18T11:28:36.000Z", "batsmanPlayerId": 48503, "bowlerPlayerId": 91741, "outPlayerId": null, "totalInningRuns": 96, "totalInningWickets": 7, "predictions": {"score": 119, "winProbability": 10.78}, "title": "Simi Singh to Seelaar", "dismissalText": null, "commentPreTextItems": null, "commentTextItems": [{"type": "HTML", "html": "lofted over cover, just one as he tries to come down"}], "commentPostTextItems": null, "commentVideos": [], "commentImages": [], "events": [], "over": null, "batsmanStatText": null, "bowlerStatText": null, "smartStats": []}, {"_uid": 35041248, "id": 35041248, "inningNumber": 1, "ballsActual": null, "ballsUnique": null, "oversUnique": 17.05, "oversActual": 17.5, "overNumber": 18, "ballNumber": 5, "totalRuns": 2, "batsmanRuns": 2, "isFour": false, "isSix": false, "isWicket": false, "dismissalType": null, "byes": 0, "legbyes": 0, "wides": 0, "noballs": 0, "penalties": 0, "wagonX": 162, "wagonY": 37, "wagonZone": 8, "pitchLine": "OUTSIDE_OFFSTUMP", "pitchLength": "GOOD_LENGTH", "shotType": "PUSH", "shotControl": 2, "timestamp": "2021-10-18T11:29:10.000Z", "modified": "2021-10-18T11:29:14.000Z", "batsmanPlayerId": 61845, "bowlerPlayerId": 91741, "outPlayerId": null, "totalInningRuns": 98, "totalInningWickets": 7, "predictions": {"score": 120, "winProbability": 11.2}, "title": "Simi Singh to van Beek", "dismissalText": null, "commentPreTextItems": null, "commentTextItems": [{"type": "HTML", "html": "flatter as van Beek steps out, deflected past short third for a couple as Stirling gives chase"}], "commentPostTextItems": null, "commentVideos": [], "commentImages": [], "events": [], "over": null, "batsmanStatText": null, "bowlerStatText": null, "smartStats": []}, {"_uid": 35041255, "id": 35041255, "inningNumber": 1, "ballsActual": null, "ballsUnique": null, "oversUnique": 17.06, "oversActual": 17.6, "overNumber": 18, "ballNumber": 6, "totalRuns": 1, "batsmanRuns": 1, "isFour": false, "isSix": false, "isWicket": false, "dismissalType": null, "byes": 0, "legbyes": 0, "wides": 0, "noballs": 0, "penalties": 0, "wagonX": 205, "wagonY": 318, "wagonZone": 4, "pitchLine": "OUTSIDE_OFFSTUMP", "pitchLength": "GOOD_LENGTH", "shotType": "ON_DRIVE", "shotControl": 1, "timestamp": "2021-10-18T11:29:41.000Z", "modified": "2021-10-18T11:29:46.000Z", "batsmanPlayerId": 61845, "bowlerPlayerId": 91741, "outPlayerId": null, "totalInningRuns": 99, "totalInningWickets": 7, "predictions": {"score": 120, "winProbability": 11.2}, "title": "Simi Singh to van Beek", "dismissalText": null, "commentPreTextItems": null, "commentTextItems": [{"type": "HTML", "html": "lobbed up on the stumps and worked leg side"}], "commentPostTextItems": [{"type": "HTML", "html": "Here's Dezz: \"This looks like being a tournament were 150 plus will be a winning score... Could be quite exciting, just hope there's not too many 1 side chases where teams batting first only score 120 odd.\" Aye, dog fight after dog fight - just what the TV executives ordered"}], "commentVideos": [], "commentImages": [], "events": [], "over": {"team": {"id": 15, "objectId": 15, "scribeId": 15, "slug": "netherlands", "name": "Netherlands", "longName": "Netherlands", "abbreviation": "NED", "unofficialName": "", "imageUrl": "/db/PICTURES/CMS/313100/313136.logo.png", "isCountry": true, "primaryColor": "#f49b1f", "image": {"id": 313136, "objectId": 1241595, "slug": "netherlands-logo", "url": "/db/PICTURES/CMS/313100/313136.logo.png", "width": 500, "height": 500, "caption": "Netherlands logo", "longCaption": "Netherlands logo", "credit": null, "photographer": null, "peerUrls": null}, "country": {"id": 15, "objectId": 15, "name": "Netherlands", "shortName": "Netherlands", "abbreviation": "NED", "slug": "netherlands"}}, "inningNumber": 1, "overNumber": 18, "overRuns": 9, "overWickets": 0, "totalRuns": 99, "totalWickets": 7, "target": 0, "overLimit": 20, "ballLimit": 120, "isMaiden": false, "isComplete": true, "isSuperOver": false, "overEndBatsmen": [{"player": {"id": 61845, "objectId": 440522, "name": "LV van Beek", "longName": "Logan van Beek", "mobileName": "van Beek", "indexName": "van Beek, LV", "battingName": "LV van Beek", "fieldingName": "van Beek", "slug": "logan-van-beek", "imageUrl": "/db/PICTURES/CMS/329300/329356.4.jpg", "headshotImageUrl": "/db/PICTURES/CMS/331100/331170.png", "dateOfBirth": {"year": 1990, "month": 9, "date": 7}, "dateOfDeath": null, "gender": "M", "battingStyles": ["rhb"], "bowlingStyles": ["rmf"], "longBattingStyles": ["right-hand bat"], "longBowlingStyles": ["right-arm medium-fast"], "image": {"id": 329356, "objectId": 1285455, "slug": "logan-van-beek-player-portrait", "url": "/db/PICTURES/CMS/329300/329356.4.jpg", "width": 160, "height": 258, "caption": "Logan van Beek, player portrait", "longCaption": "Logan van Beek, player portrait", "credit": "ICC/Getty Images", "photographer": "Matthew Lewis", "peerUrls": null}, "countryTeamId": 15, "playerRoleTypeIds": [4], "playingRoles": ["bowler"], "headshotImage": {"id": 331170, "objectId": 1291512, "slug": "logan-van-beek-player-page-headshot-cutout-2021", "url": "/db/PICTURES/CMS/331100/331170.png", "width": 600, "height": 436, "caption": "Logan van Beek player page headshot cutout 2021", "longCaption": "Logan van Beek player page headshot cutout 2021", "credit": null, "photographer": null, "peerUrls": {"FILM": null, "WIDE": null, "SQUARE": "/db/PICTURES/CMS/331100/331170.square.png"}}}, "runs": 5, "balls": 5, "fours": 0, "sixes": 0}, {"player": {"id": 48503, "objectId": 208657, "name": "PM Seelaar", "longName": "Pieter Seelaar", "mobileName": "Seelaar", "indexName": "Seelaar, PM", "battingName": "PM Seelaar", "fieldingName": "Seelaar", "slug": "pieter-seelaar", "imageUrl": "/db/PICTURES/CMS/128500/128595.1.jpg", "headshotImageUrl": "/db/PICTURES/CMS/322500/322589.png", "dateOfBirth": {"year": 1987, "month": 7, "date": 2}, "dateOfDeath": null, "gender": "M", "battingStyles": ["rhb"], "bowlingStyles": ["sla"], "longBattingStyles": ["right-hand bat"], "longBowlingStyles": ["slow left-arm orthodox"], "image": {"id": 128595, "objectId": 501781, "slug": "pieter-seelaar-portrait-picture", "url": "/db/PICTURES/CMS/128500/128595.1.jpg", "width": 160, "height": 200, "caption": "Pieter Seelaar, Portrait Picture", "longCaption": "Pieter Seelaar, Portrait Picture", "credit": "Getty Images", "photographer": null, "peerUrls": null}, "countryTeamId": 15, "playerRoleTypeIds": [5], "playingRoles": ["allrounder"], "headshotImage": {"id": 322589, "objectId": 1265438, "slug": "pieter-seelaar-player-page-headshot-cutout-2021", "url": "/db/PICTURES/CMS/322500/322589.png", "width": 600, "height": 436, "caption": "Pieter Seelaar player page headshot cutout, 2021", "longCaption": "Pieter Seelaar player page headshot cutout, 2021", "credit": null, "photographer": null, "peerUrls": {"FILM": null, "WIDE": null, "SQUARE": "/db/PICTURES/CMS/322500/322589.square.png"}}}, "runs": 21, "balls": 25, "fours": 2, "sixes": 0}], "overEndBowlers": [{"player": {"id": 91741, "objectId": 1005257, "name": "Simi Singh", "longName": "Simi Singh", "mobileName": "Simi Singh", "indexName": "Simi Singh", "battingName": "Simi Singh", "fieldingName": "Simi Singh", "slug": "simi-singh", "imageUrl": "/db/PICTURES/CMS/304000/304003.jpg", "headshotImageUrl": "/db/PICTURES/CMS/319800/319897.png", "dateOfBirth": {"year": 1987, "month": 2, "date": 4}, "dateOfDeath": null, "gender": "M", "battingStyles": ["rhb"], "bowlingStyles": ["ob", "lbg"], "longBattingStyles": ["right-hand bat"], "longBowlingStyles": ["right-arm offbreak", "legbreak googly"], "image": {"id": 304003, "objectId": 1222942, "slug": "simi-singh-portrait", "url": "/db/PICTURES/CMS/304000/304003.jpg", "width": 160, "height": 200, "caption": "Simi Singh portrait", "longCaption": "Simi Singh, May 2020", "credit": "Getty Images", "photographer": null, "peerUrls": null}, "countryTeamId": 29, "playerRoleTypeIds": [11], "playingRoles": ["bowling allrounder"], "headshotImage": {"id": 319897, "objectId": 1259975, "slug": "simi-singh-player-page-headshot-cutout-2021", "url": "/db/PICTURES/CMS/319800/319897.png", "width": 600, "height": 436, "caption": "Simi Singh player page headshot cutout, 2021", "longCaption": "Simi Singh player page headshot cutout, 2021", "credit": null, "photographer": null, "peerUrls": {"FILM": null, "WIDE": null, "SQUARE": "/db/PICTURES/CMS/319800/319897.square.png"}}}, "overs": 4, "balls": 24, "maidens": 0, "conceded": 27, "wickets": 0, "currentType": 1}, {"player": {"id": 66012, "objectId": 526441, "name": "MR Adair", "longName": "Mark Adair", "mobileName": "Adair", "indexName": "Adair, MR", "battingName": "MR Adair", "fieldingName": "Adair", "slug": "mark-adair", "imageUrl": "/db/PICTURES/CMS/305200/305254.jpg", "headshotImageUrl": "/db/PICTURES/CMS/319800/319892.png", "dateOfBirth": {"year": 1996, "month": 3, "date": 27}, "dateOfDeath": null, "gender": "M", "battingStyles": ["rhb"], "bowlingStyles": ["rfm"], "longBattingStyles": ["right-hand bat"], "longBowlingStyles": ["right-arm fast-medium"], "image": {"id": 305254, "objectId": 1224828, "slug": "mark-adair-portrait", "url": "/db/PICTURES/CMS/305200/305254.jpg", "width": 160, "height": 200, "caption": "Mark Adair portrait", "longCaption": "Mark Adair, June 2020", "credit": "Getty Images", "photographer": null, "peerUrls": null}, "countryTeamId": 29, "playerRoleTypeIds": [11], "playingRoles": ["bowling allrounder"], "headshotImage": {"id": 319892, "objectId": 1259969, "slug": "mark-adair-player-page-headshot-cutout-2021", "url": "/db/PICTURES/CMS/319800/319892.png", "width": 600, "height": 436, "caption": "Mark Adair player page headshot cutout, 2021", "longCaption": "Mark Adair player page headshot cutout, 2021", "credit": null, "photographer": null, "peerUrls": {"FILM": null, "WIDE": null, "SQUARE": "/db/PICTURES/CMS/319800/319892.square.png"}}}, "overs": 3, "balls": 18, "maidens": 0, "conceded": 5, "wickets": 1, "currentType": 2}], "rollover": null}, "batsmanStatText": null, "bowlerStatText": null, "smartStats": []}, {"_uid": 35041268, "id": 35041268, "inningNumber": 1, "ballsActual": null, "ballsUnique": null, "oversUnique": 18.01, "oversActual": 18.1, "overNumber": 19, "ballNumber": 1, "totalRuns": 0, "batsmanRuns": 0, "isFour": false, "isSix": false, "isWicket": false, "dismissalType": null, "byes": 0, "legbyes": 0, "wides": 0, "noballs": 0, "penalties": 0, "wagonX": 0, "wagonY": 0, "wagonZone": 0, "pitchLine": "WIDE_OUTSIDE_OFFSTUMP", "pitchLength": "FULL", "shotType": "COVER_DRIVE", "shotControl": 2, "timestamp": "2021-10-18T11:31:15.000Z", "modified": "2021-10-18T11:31:20.000Z", "batsmanPlayerId": 61845, "bowlerPlayerId": 85975, "outPlayerId": null, "totalInningRuns": 99, "totalInningWickets": 7, "predictions": {"score": 118, "winProbability": 10.36}, "title": "Little to van Beek", "dismissalText": null, "commentPreTextItems": [{"type": "HTML", "html": "Josh Little for his final over"}], "commentTextItems": [{"type": "HTML", "html": "round the wicket, full and wide out towards the tramlines, swing and a miss"}], "commentPostTextItems": null, "commentVideos": [], "commentImages": [], "events": [], "over": null, "batsmanStatText": null, "bowlerStatText": null, "smartStats": []}, {"_uid": 35041271, "id": 35041271, "inningNumber": 1, "ballsActual": null, "ballsUnique": null, "oversUnique": 18.02, "oversActual": 18.2, "overNumber": 19, "ballNumber": 2, "totalRuns": 1, "batsmanRuns": 1, "isFour": false, "isSix": false, "isWicket": false, "dismissalType": null, "byes": 0, "legbyes": 0, "wides": 0, "noballs": 0, "penalties": 0, "wagonX": 138, "wagonY": 323, "wagonZone": 5, "pitchLine": "OUTSIDE_OFFSTUMP", "pitchLength": "FULL", "shotType": "ON_DRIVE", "shotControl": 1, "timestamp": "2021-10-18T11:31:46.000Z", "modified": "2021-10-18T11:31:49.000Z", "batsmanPlayerId": 61845, "bowlerPlayerId": 85975, "outPlayerId": null, "totalInningRuns": 100, "totalInningWickets": 7, "predictions": {"score": 117, "winProbability": 9.96}, "title": "Little to van Beek", "dismissalText": null, "commentPreTextItems": null, "commentTextItems": [{"type": "HTML", "html": "pitched up, 135kph/84mph and van Beek swats it down to long-off, <b>bringing up the Neth 100</b>"}], "commentPostTextItems": null, "commentVideos": [], "commentImages": [], "events": [], "over": null, "batsmanStatText": null, "bowlerStatText": null, "smartStats": []}, {"_uid": 35041277, "id": 35041277, "inningNumber": 1, "ballsActual": null, "ballsUnique": null, "oversUnique": 18.03, "oversActual": 18.3, "overNumber": 19, "ballNumber": 3, "totalRuns": 0, "batsmanRuns": 0, "isFour": false, "isSix": false, "isWicket": false, "dismissalType": null, "byes": 0, "legbyes": 0, "wides": 0, "noballs": 0, "penalties": 0, "wagonX": 0, "wagonY": 0, "wagonZone": 0, "pitchLine": "WIDE_OUTSIDE_OFFSTUMP", "pitchLength": "YORKER", "shotType": "STEERED", "shotControl": 2, "timestamp": "2021-10-18T11:32:54.000Z", "modified": "2021-10-18T11:32:58.000Z", "batsmanPlayerId": 48503, "bowlerPlayerId": 85975, "outPlayerId": null, "totalInningRuns": 100, "totalInningWickets": 7, "predictions": {"score": 115, "winProbability": 9.21}, "title": "Little to Seelaar", "dismissalText": null, "commentPreTextItems": null, "commentTextItems": [{"type": "HTML", "html": "wide yorker, beyond the tramlines as Seelaar swings and misses. Not called wide by Marais Erasmus, because Seelaar had moved across early"}], "commentPostTextItems": null, "commentVideos": [], "commentImages": [], "events": [], "over": null, "batsmanStatText": null, "bowlerStatText": null, "smartStats": []}, {"_uid": 35041280, "id": 35041280, "inningNumber": 1, "ballsActual": null, "ballsUnique": null, "oversUnique": 18.04, "oversActual": 18.4, "overNumber": 19, "ballNumber": 4, "totalRuns": 0, "batsmanRuns": 0, "isFour": false, "isSix": false, "isWicket": false, "dismissalType": null, "byes": 0, "legbyes": 0, "wides": 0, "noballs": 0, "penalties": 0, "wagonX": 169, "wagonY": 196, "wagonZone": 5, "pitchLine": "WIDE_OUTSIDE_OFFSTUMP", "pitchLength": "YORKER", "shotType": "ON_DRIVE", "shotControl": 1, "timestamp": "2021-10-18T11:33:48.000Z", "modified": "2021-10-18T11:33:52.000Z", "batsmanPlayerId": 48503, "bowlerPlayerId": 85975, "outPlayerId": null, "totalInningRuns": 100, "totalInningWickets": 7, "predictions": {"score": 113, "winProbability": 8.51}, "title": "Little to Seelaar", "dismissalText": null, "commentPreTextItems": null, "commentTextItems": [{"type": "HTML", "html": "pitched up and dug out back to the bowler... van Beek should be run out backing up, <b>but Little misses with an underarm from six yards!</b> He'll take the dot, I guess"}], "commentPostTextItems": null, "commentVideos": [], "commentImages": [], "events": [{"type": "RUN_OUT_CHANCE", "inningNumber": 1, "oversUnique": 18.04, "batsman": null, "fielders": [{"id": 85975, "objectId": 928067, "name": "JB Little", "longName": "Josh Little", "mobileName": "Little", "indexName": "Little, JB", "battingName": "JB Little", "fieldingName": "Little", "slug": "josh-little", "imageUrl": "/db/PICTURES/CMS/367800/367863.4.jpg", "headshotImageUrl": "/db/PICTURES/CMS/367800/367860.png"}]}], "over": null, "batsmanStatText": null, "bowlerStatText": null, "smartStats": []}, {"_uid": 35041299, "id": 35041299, "inningNumber": 1, "ballsActual": null, "ballsUnique": null, "oversUnique": 18.05, "oversActual": 18.5, "overNumber": 19, "ballNumber": 5, "totalRuns": 1, "batsmanRuns": 0, "isFour": false, "isSix": false, "isWicket": false, "dismissalType": null, "byes": 0, "legbyes": 1, "wides": 0, "noballs": 0, "penalties": 0, "wagonX": 0, "wagonY": 0, "wagonZone": 0, "pitchLine": "WIDE_OUTSIDE_OFFSTUMP", "pitchLength": "YORKER", "shotType": "RAMP", "shotControl": 2, "timestamp": "2021-10-18T11:34:12.000Z", "modified": "2021-10-18T11:34:16.000Z", "batsmanPlayerId": 48503, "bowlerPlayerId": 85975, "outPlayerId": null, "totalInningRuns": 101, "totalInningWickets": 7, "predictions": {"score": 113, "winProbability": 8.51}, "title": "Little to Seelaar", "dismissalText": null, "commentPreTextItems": null, "commentTextItems": [{"type": "HTML", "html": "full outside off, Seelaar jumps across and attempts to paddle, gets hit on the boot - Little has a shy from further away this time, as they scramble through, but the ball comes out skewiff!"}], "commentPostTextItems": null, "commentVideos": [], "commentImages": [], "events": [{"type": "RUN_OUT_CHANCE", "inningNumber": 1, "oversUnique": 18.05, "batsman": null, "fielders": [{"id": 85975, "objectId": 928067, "name": "JB Little", "longName": "Josh Little", "mobileName": "Little", "indexName": "Little, JB", "battingName": "JB Little", "fieldingName": "Little", "slug": "josh-little", "imageUrl": "/db/PICTURES/CMS/367800/367863.4.jpg", "headshotImageUrl": "/db/PICTURES/CMS/367800/367860.png"}]}], "over": null, "batsmanStatText": null, "bowlerStatText": null, "smartStats": []}, {"_uid": 35041301, "id": 35041301, "inningNumber": 1, "ballsActual": null, "ballsUnique": null, "oversUnique": 18.06, "oversActual": 18.6, "overNumber": 19, "ballNumber": 6, "totalRuns": 1, "batsmanRuns": 1, "isFour": false, "isSix": false, "isWicket": false, "dismissalType": null, "byes": 0, "legbyes": 0, "wides": 0, "noballs": 0, "penalties": 0, "wagonX": 295, "wagonY": 252, "wagonZone": 3, "pitchLine": "OUTSIDE_OFFSTUMP", "pitchLength": "FULL", "shotType": "FLICK", "shotControl": 1, "timestamp": "2021-10-18T11:34:19.000Z", "modified": "2021-10-18T11:34:23.000Z", "batsmanPlayerId": 61845, "bowlerPlayerId": 85975, "outPlayerId": null, "totalInningRuns": 102, "totalInningWickets": 7, "predictions": {"score": 112, "winProbability": 8.18}, "title": "Little to van Beek", "dismissalText": null, "commentPreTextItems": null, "commentTextItems": [{"type": "HTML", "html": "flung down full and straight, nurdled off the pads for one. Still a good over from Little despite the missed run-out opportunities"}], "commentPostTextItems": null, "commentVideos": [], "commentImages": [], "events": [], "over": {"team": {"id": 15, "objectId": 15, "scribeId": 15, "slug": "netherlands", "name": "Netherlands", "longName": "Netherlands", "abbreviation": "NED", "unofficialName": "", "imageUrl": "/db/PICTURES/CMS/313100/313136.logo.png", "isCountry": true, "primaryColor": "#f49b1f", "image": {"id": 313136, "objectId": 1241595, "slug": "netherlands-logo", "url": "/db/PICTURES/CMS/313100/313136.logo.png", "width": 500, "height": 500, "caption": "Netherlands logo", "longCaption": "Netherlands logo", "credit": null, "photographer": null, "peerUrls": null}, "country": {"id": 15, "objectId": 15, "name": "Netherlands", "shortName": "Netherlands", "abbreviation": "NED", "slug": "netherlands"}}, "inningNumber": 1, "overNumber": 19, "overRuns": 3, "overWickets": 0, "totalRuns": 102, "totalWickets": 7, "target": 0, "overLimit": 20, "ballLimit": 120, "isMaiden": false, "isComplete": true, "isSuperOver": false, "overEndBatsmen": [{"player": {"id": 61845, "objectId": 440522, "name": "LV van Beek", "longName": "Logan van Beek", "mobileName": "van Beek", "indexName": "van Beek, LV", "battingName": "LV van Beek", "fieldingName": "van Beek", "slug": "logan-van-beek", "imageUrl": "/db/PICTURES/CMS/329300/329356.4.jpg", "headshotImageUrl": "/db/PICTURES/CMS/331100/331170.png", "dateOfBirth": {"year": 1990, "month": 9, "date": 7}, "dateOfDeath": null, "gender": "M", "battingStyles": ["rhb"], "bowlingStyles": ["rmf"], "longBattingStyles": ["right-hand bat"], "longBowlingStyles": ["right-arm medium-fast"], "image": {"id": 329356, "objectId": 1285455, "slug": "logan-van-beek-player-portrait", "url": "/db/PICTURES/CMS/329300/329356.4.jpg", "width": 160, "height": 258, "caption": "Logan van Beek, player portrait", "longCaption": "Logan van Beek, player portrait", "credit": "ICC/Getty Images", "photographer": "Matthew Lewis", "peerUrls": null}, "countryTeamId": 15, "playerRoleTypeIds": [4], "playingRoles": ["bowler"], "headshotImage": {"id": 331170, "objectId": 1291512, "slug": "logan-van-beek-player-page-headshot-cutout-2021", "url": "/db/PICTURES/CMS/331100/331170.png", "width": 600, "height": 436, "caption": "Logan van Beek player page headshot cutout 2021", "longCaption": "Logan van Beek player page headshot cutout 2021", "credit": null, "photographer": null, "peerUrls": {"FILM": null, "WIDE": null, "SQUARE": "/db/PICTURES/CMS/331100/331170.square.png"}}}, "runs": 7, "balls": 8, "fours": 0, "sixes": 0}, {"player": {"id": 48503, "objectId": 208657, "name": "PM Seelaar", "longName": "Pieter Seelaar", "mobileName": "Seelaar", "indexName": "Seelaar, PM", "battingName": "PM Seelaar", "fieldingName": "Seelaar", "slug": "pieter-seelaar", "imageUrl": "/db/PICTURES/CMS/128500/128595.1.jpg", "headshotImageUrl": "/db/PICTURES/CMS/322500/322589.png", "dateOfBirth": {"year": 1987, "month": 7, "date": 2}, "dateOfDeath": null, "gender": "M", "battingStyles": ["rhb"], "bowlingStyles": ["sla"], "longBattingStyles": ["right-hand bat"], "longBowlingStyles": ["slow left-arm orthodox"], "image": {"id": 128595, "objectId": 501781, "slug": "pieter-seelaar-portrait-picture", "url": "/db/PICTURES/CMS/128500/128595.1.jpg", "width": 160, "height": 200, "caption": "Pieter Seelaar, Portrait Picture", "longCaption": "Pieter Seelaar, Portrait Picture", "credit": "Getty Images", "photographer": null, "peerUrls": null}, "countryTeamId": 15, "playerRoleTypeIds": [5], "playingRoles": ["allrounder"], "headshotImage": {"id": 322589, "objectId": 1265438, "slug": "pieter-seelaar-player-page-headshot-cutout-2021", "url": "/db/PICTURES/CMS/322500/322589.png", "width": 600, "height": 436, "caption": "Pieter Seelaar player page headshot cutout, 2021", "longCaption": "Pieter Seelaar player page headshot cutout, 2021", "credit": null, "photographer": null, "peerUrls": {"FILM": null, "WIDE": null, "SQUARE": "/db/PICTURES/CMS/322500/322589.square.png"}}}, "runs": 21, "balls": 28, "fours": 2, "sixes": 0}], "overEndBowlers": [{"player": {"id": 85975, "objectId": 928067, "name": "JB Little", "longName": "Josh Little", "mobileName": "Little", "indexName": "Little, JB", "battingName": "JB Little", "fieldingName": "Little", "slug": "josh-little", "imageUrl": "/db/PICTURES/CMS/367800/367863.4.jpg", "headshotImageUrl": "/db/PICTURES/CMS/367800/367860.png", "dateOfBirth": {"year": 1999, "month": 11, "date": 1}, "dateOfDeath": null, "gender": "M", "battingStyles": ["rhb"], "bowlingStyles": ["lfm"], "longBattingStyles": ["right-hand bat"], "longBowlingStyles": ["left-arm fast-medium"], "image": {"id": 367863, "objectId": 1400224, "slug": "josh-little-player-portrait", "url": "/db/PICTURES/CMS/367800/367863.4.jpg", "width": 160, "height": 230, "caption": "Josh Little, player portrait", "longCaption": "Josh Little, player portrait", "credit": "Getty Images", "photographer": null, "peerUrls": null}, "countryTeamId": 29, "playerRoleTypeIds": [4], "playingRoles": ["bowler"], "headshotImage": {"id": 367860, "objectId": 1400220, "slug": "josh-little-player-page-headshot-cutout-2023", "url": "/db/PICTURES/CMS/367800/367860.png", "width": 600, "height": 436, "caption": "Josh Little, player page headshot cutout 2023", "longCaption": "Josh Little, player page headshot cutout 2023", "credit": null, "photographer": null, "peerUrls": {"FILM": null, "WIDE": null, "SQUARE": "/db/PICTURES/CMS/367800/367860.square.png"}}}, "overs": 4, "balls": 24, "maidens": 0, "conceded": 14, "wickets": 1, "currentType": 1}, {"player": {"id": 91741, "objectId": 1005257, "name": "Simi Singh", "longName": "Simi Singh", "mobileName": "Simi Singh", "indexName": "Simi Singh", "battingName": "Simi Singh", "fieldingName": "Simi Singh", "slug": "simi-singh", "imageUrl": "/db/PICTURES/CMS/304000/304003.jpg", "headshotImageUrl": "/db/PICTURES/CMS/319800/319897.png", "dateOfBirth": {"year": 1987, "month": 2, "date": 4}, "dateOfDeath": null, "gender": "M", "battingStyles": ["rhb"], "bowlingStyles": ["ob", "lbg"], "longBattingStyles": ["right-hand bat"], "longBowlingStyles": ["right-arm offbreak", "legbreak googly"], "image": {"id": 304003, "objectId": 1222942, "slug": "simi-singh-portrait", "url": "/db/PICTURES/CMS/304000/304003.jpg", "width": 160, "height": 200, "caption": "Simi Singh portrait", "longCaption": "Simi Singh, May 2020", "credit": "Getty Images", "photographer": null, "peerUrls": null}, "countryTeamId": 29, "playerRoleTypeIds": [11], "playingRoles": ["bowling allrounder"], "headshotImage": {"id": 319897, "objectId": 1259975, "slug": "simi-singh-player-page-headshot-cutout-2021", "url": "/db/PICTURES/CMS/319800/319897.png", "width": 600, "height": 436, "caption": "Simi Singh player page headshot cutout, 2021", "longCaption": "Simi Singh player page headshot cutout, 2021", "credit": null, "photographer": null, "peerUrls": {"FILM": null, "WIDE": null, "SQUARE": "/db/PICTURES/CMS/319800/319897.square.png"}}}, "overs": 4, "balls": 24, "maidens": 0, "conceded": 27, "wickets": 0, "currentType": 2}], "rollover": null}, "batsmanStatText": null, "bowlerStatText": null, "smartStats": []}]