[{"_uid": 35038234, "id": 35038234, "inningNumber": 1, "ballsActual": null, "ballsUnique": null, "oversUnique": 13.01, "oversActual": 13.1, "overNumber": 14, "ballNumber": 1, "totalRuns": 1, "batsmanRuns": 1, "isFour": false, "isSix": false, "isWicket": false, "dismissalType": null, "byes": 0, "legbyes": 0, "wides": 0, "noballs": 0, "penalties": 0, "wagonX": 63, "wagonY": 168, "wagonZone": 6, "pitchLine": "ON_THE_STUMPS", "pitchLength": "GOOD_LENGTH", "shotType": "FLICK", "shotControl": 1, "timestamp": "2021-10-17T15:11:45.000Z", "modified": "2021-10-17T15:11:47.000Z", "batsmanPlayerId": 71959, "bowlerPlayerId": 80875, "outPlayerId": null, "totalInningRuns": 66, "totalInningWickets": 6, "predictions": {"score": 116, "winProbability": 11.37}, "title": "Mahedi Hasan to Watt", "dismissalText": null, "commentPreTextItems": null, "commentTextItems": [{"type": "HTML", "html": "Good length ball on the legs, flicked through square leg."}], "commentPostTextItems": [{"type": "HTML", "html": "Jaap Jacobs: \"The answer to Sumant's question is: to ensure that cricket remains a global sport rather than just a small club of countries content to play with themselves.\""}], "commentVideos": [], "commentImages": [], "events": [], "over": null, "batsmanStatText": null, "bowlerStatText": null, "smartStats": []}, {"_uid": 35038235, "id": 35038235, "inningNumber": 1, "ballsActual": null, "ballsUnique": null, "oversUnique": 13.02, "oversActual": 13.2, "overNumber": 14, "ballNumber": 2, "totalRuns": 1, "batsmanRuns": 1, "isFour": false, "isSix": false, "isWicket": false, "dismissalType": null, "byes": 0, "legbyes": 0, "wides": 0, "noballs": 0, "penalties": 0, "wagonX": 276, "wagonY": 74, "wagonZone": 2, "pitchLine": "ON_THE_STUMPS", "pitchLength": "GOOD_LENGTH", "shotType": "SWEEP_SHOT", "shotControl": 1, "timestamp": "2021-10-17T15:12:18.000Z", "modified": "2021-10-17T15:12:22.000Z", "batsmanPlayerId": 81813, "bowlerPlayerId": 80875, "outPlayerId": null, "totalInningRuns": 67, "totalInningWickets": 6, "predictions": {"score": 117, "winProbability": 11.83}, "title": "Mahedi Hasan to Greaves", "dismissalText": null, "commentPreTextItems": null, "commentTextItems": [{"type": "HTML", "html": "full on off, Greaves shuffles across to sweep to deep backward square."}], "commentPostTextItems": null, "commentVideos": [], "commentImages": [], "events": [], "over": null, "batsmanStatText": null, "bowlerStatText": null, "smartStats": []}, {"_uid": 35038237, "id": 35038237, "inningNumber": 1, "ballsActual": null, "ballsUnique": null, "oversUnique": 13.03, "oversActual": 13.3, "overNumber": 14, "ballNumber": 3, "totalRuns": 1, "batsmanRuns": 1, "isFour": false, "isSix": false, "isWicket": false, "dismissalType": null, "byes": 0, "legbyes": 0, "wides": 0, "noballs": 0, "penalties": 0, "wagonX": 62, "wagonY": 255, "wagonZone": 6, "pitchLine": "OUTSIDE_OFFSTUMP", "pitchLength": "GOOD_LENGTH", "shotType": "ON_DRIVE", "shotControl": 2, "timestamp": "2021-10-17T15:12:47.000Z", "modified": "2021-10-17T15:12:51.000Z", "batsmanPlayerId": 71959, "bowlerPlayerId": 80875, "outPlayerId": null, "totalInningRuns": 68, "totalInningWickets": 6, "predictions": {"score": 118, "winProbability": 12.31}, "title": "Mahedi Hasan to Watt", "dismissalText": null, "commentPreTextItems": null, "commentTextItems": [{"type": "HTML", "html": "Watt charges a full ball on off and flicks to deep midwicket for one."}], "commentPostTextItems": null, "commentVideos": [], "commentImages": [], "events": [], "over": null, "batsmanStatText": null, "bowlerStatText": null, "smartStats": []}, {"_uid": 35038238, "id": 35038238, "inningNumber": 1, "ballsActual": null, "ballsUnique": null, "oversUnique": 13.04, "oversActual": 13.4, "overNumber": 14, "ballNumber": 4, "totalRuns": 6, "batsmanRuns": 6, "isFour": false, "isSix": true, "isWicket": false, "dismissalType": null, "byes": 0, "legbyes": 0, "wides": 0, "noballs": 0, "penalties": 0, "wagonX": 3, "wagonY": 138, "wagonZone": 7, "pitchLine": "WIDE_DOWN_LEG", "pitchLength": "FULL_TOSS", "shotType": "REVERSE_SWEEP", "shotControl": 1, "timestamp": "2021-10-17T15:13:39.000Z", "modified": "2021-10-17T15:14:55.000Z", "batsmanPlayerId": 81813, "bowlerPlayerId": 80875, "outPlayerId": null, "totalInningRuns": 74, "totalInningWickets": 6, "predictions": {"score": 122, "winProbability": 14.38}, "title": "Mahedi Hasan to Greaves", "dismissalText": null, "commentPreTextItems": null, "commentTextItems": [{"type": "HTML", "html": "reverse sweep/pull to a full toss sails over the rope. Scotland bench wants a no ball called on height too. Premeditated shot and it comes in much higher than Greaves was expecting but still able to adjust to slam it high over backward point. Umpire deems the ball legal from a spinner on height and it came in at the thigh while crouching."}], "commentPostTextItems": null, "commentVideos": [], "commentImages": [], "events": [], "over": null, "batsmanStatText": null, "bowlerStatText": null, "smartStats": []}, {"_uid": 35038240, "id": 35038240, "inningNumber": 1, "ballsActual": null, "ballsUnique": null, "oversUnique": 13.05, "oversActual": 13.5, "overNumber": 14, "ballNumber": 5, "totalRuns": 1, "batsmanRuns": 1, "isFour": false, "isSix": false, "isWicket": false, "dismissalType": null, "byes": 0, "legbyes": 0, "wides": 0, "noballs": 0, "penalties": 0, "wagonX": 94, "wagonY": 166, "wagonZone": 6, "pitchLine": "OUTSIDE_OFFSTUMP", "pitchLength": "GOOD_LENGTH", "shotType": "PUSH", "shotControl": 1, "timestamp": "2021-10-17T15:14:07.000Z", "modified": "2021-10-17T15:14:11.000Z", "batsmanPlayerId": 81813, "bowlerPlayerId": 80875, "outPlayerId": null, "totalInningRuns": 75, "totalInningWickets": 6, "predictions": {"score": 125, "winProbability": 16.13}, "title": "Mahedi Hasan to Greaves", "dismissalText": null, "commentPreTextItems": null, "commentTextItems": [{"type": "HTML", "html": "good length ball punched through cover for one."}], "commentPostTextItems": null, "commentVideos": [], "commentImages": [], "events": [], "over": null, "batsmanStatText": null, "bowlerStatText": null, "smartStats": []}, {"_uid": 35038241, "id": 35038241, "inningNumber": 1, "ballsActual": null, "ballsUnique": null, "oversUnique": 13.06, "oversActual": 13.6, "overNumber": 14, "ballNumber": 6, "totalRuns": 2, "batsmanRuns": 2, "isFour": false, "isSix": false, "isWicket": false, "dismissalType": null, "byes": 0, "legbyes": 0, "wides": 0, "noballs": 0, "penalties": 0, "wagonX": 325, "wagonY": 233, "wagonZone": 3, "pitchLine": "WIDE_OUTSIDE_OFFSTUMP", "pitchLength": "GOOD_LENGTH", "shotType": "COVER_DRIVE", "shotControl": 2, "timestamp": "2021-10-17T15:14:38.000Z", "modified": "2021-10-17T15:14:40.000Z", "batsmanPlayerId": 71959, "bowlerPlayerId": 80875, "outPlayerId": null, "totalInningRuns": 77, "totalInningWickets": 6, "predictions": {"score": 127, "winProbability": 17.38}, "title": "Mahedi Hasan to Watt", "dismissalText": null, "commentPreTextItems": null, "commentTextItems": [{"type": "HTML", "html": "full and wide, charges again to drive over cover for a pair."}], "commentPostTextItems": [{"type": "HTML", "html": "arsam rafiq: \"It is happening again. people criticizing the associate sides. I mean, i am excited, i want to see new players struggling to prove themselves as decent international players. Sorry but people only want to see top team playing are not true fans.\""}], "commentVideos": [], "commentImages": [], "events": [], "over": {"team": {"id": 30, "objectId": 30, "scribeId": 30, "slug": "scotland", "name": "Scotland", "longName": "Scotland", "abbreviation": "SCOT", "unofficialName": "", "imageUrl": "/db/PICTURES/CMS/313100/313150.logo.png", "isCountry": true, "primaryColor": null, "image": {"id": 313150, "objectId": 1241609, "slug": "scotland-logo", "url": "/db/PICTURES/CMS/313100/313150.logo.png", "width": 500, "height": 500, "caption": "Scotland logo", "longCaption": "Scotland logo", "credit": null, "photographer": null, "peerUrls": null}, "country": {"id": 30, "objectId": 30, "name": "Scotland", "shortName": "Scotland", "abbreviation": "SCOT", "slug": "scotland"}}, "inningNumber": 1, "overNumber": 14, "overRuns": 12, "overWickets": 0, "totalRuns": 77, "totalWickets": 6, "target": 0, "overLimit": 20, "ballLimit": 120, "isMaiden": false, "isComplete": true, "isSuperOver": false, "overEndBatsmen": [{"player": {"id": 71959, "objectId": 659081, "name": "MRJ Watt", "longName": "Mark Watt", "mobileName": "Watt", "indexName": "Watt, MRJ", "battingName": "MRJ Watt", "fieldingName": "Watt", "slug": "mark-watt", "imageUrl": "/db/PICTURES/CMS/179800/179841.1.jpg", "headshotImageUrl": "/db/PICTURES/CMS/320300/320372.png", "dateOfBirth": {"year": 1996, "month": 7, "date": 29}, "dateOfDeath": null, "gender": "M", "battingStyles": ["lhb"], "bowlingStyles": ["sla"], "longBattingStyles": ["left-hand bat"], "longBowlingStyles": ["slow left-arm orthodox"], "image": {"id": 179841, "objectId": 721897, "slug": "mark-watt", "url": "/db/PICTURES/CMS/179800/179841.1.jpg", "width": 160, "height": 192, "caption": "Mark Watt", "longCaption": "Mark Watt", "credit": "International Cricket Council", "photographer": null, "peerUrls": null}, "countryTeamId": 30, "playerRoleTypeIds": [4], "playingRoles": ["bowler"], "headshotImage": {"id": 320372, "objectId": 1261166, "slug": "mark-watt-page-headshot-cutout-2021", "url": "/db/PICTURES/CMS/320300/320372.png", "width": 600, "height": 436, "caption": "Mark Watt page headshot cutout, 2021", "longCaption": "Mark Watt page headshot cutout, 2021", "credit": null, "photographer": null, "peerUrls": {"FILM": null, "WIDE": null, "SQUARE": "/db/PICTURES/CMS/320300/320372.square.png"}}}, "runs": 6, "balls": 6, "fours": 0, "sixes": 0}, {"player": {"id": 81813, "objectId": 873199, "name": "CN Greaves", "longName": "Chris Greaves", "mobileName": "Greaves", "indexName": "Greaves, CN", "battingName": "CN Greaves", "fieldingName": "Greaves", "slug": "chris-greaves", "imageUrl": "/db/PICTURES/CMS/286300/286357.1.jpg", "headshotImageUrl": "/db/PICTURES/CMS/329700/329745.png", "dateOfBirth": {"year": 1990, "month": 10, "date": 12}, "dateOfDeath": null, "gender": "M", "battingStyles": ["rhb"], "bowlingStyles": ["lb"], "longBattingStyles": ["right-hand bat"], "longBowlingStyles": ["legbreak"], "image": {"id": 286357, "objectId": 1176647, "slug": "chris-greaves-portrait", "url": "/db/PICTURES/CMS/286300/286357.1.jpg", "width": 160, "height": 200, "caption": "Chris Greaves portrait", "longCaption": "Chris Greaves portrait, February 2019", "credit": "Peter Della Penna", "photographer": null, "peerUrls": null}, "countryTeamId": 30, "playerRoleTypeIds": [4], "playingRoles": ["bowler"], "headshotImage": {"id": 329745, "objectId": 1286738, "slug": "chris-greaves-player-page-headshot-cutout-2021", "url": "/db/PICTURES/CMS/329700/329745.png", "width": 600, "height": 436, "caption": "Chris Greaves player page headshot cutout 2021", "longCaption": "Chris Greaves player page headshot cutout 2021", "credit": null, "photographer": null, "peerUrls": {"FILM": null, "WIDE": null, "SQUARE": "/db/PICTURES/CMS/329700/329745.square.png"}}}, "runs": 19, "balls": 11, "fours": 1, "sixes": 1}], "overEndBowlers": [{"player": {"id": 80875, "objectId": 833087, "name": "Mahedi Hasan", "longName": "Mahedi Hasan", "mobileName": "Mahedi Hasan", "indexName": "Mahedi Hasan", "battingName": "Mahedi Hasan", "fieldingName": "Mahedi Hasan", "slug": "mahedi-hasan", "imageUrl": "/db/PICTURES/CMS/377500/377581.4.jpg", "headshotImageUrl": "/db/PICTURES/CMS/380200/380237.png", "dateOfBirth": {"year": 1994, "month": 12, "date": 12}, "dateOfDeath": null, "gender": "M", "battingStyles": ["rhb"], "bowlingStyles": ["ob"], "longBattingStyles": ["right-hand bat"], "longBowlingStyles": ["right-arm offbreak"], "image": {"id": 377581, "objectId": 1424432, "slug": "mahedi-hasan-player-portrait", "url": "/db/PICTURES/CMS/377500/377581.4.jpg", "width": 160, "height": 265, "caption": "Mahedi Hasan, player portrait", "longCaption": "Mahedi Hasan, player portrait", "credit": "Bangladesh Cricket Board", "photographer": null, "peerUrls": null}, "countryTeamId": 25, "playerRoleTypeIds": [5], "playingRoles": ["allrounder"], "headshotImage": {"id": 380237, "objectId": 1432041, "slug": "mahedi-hasan-player-page-headshot-cutout-2024", "url": "/db/PICTURES/CMS/380200/380237.png", "width": 600, "height": 436, "caption": "Mahedi Hasan, player page headshot cutout, 2024", "longCaption": "Mahedi Hasan, player page headshot cutout, 2024", "credit": null, "photographer": null, "peerUrls": {"FILM": null, "WIDE": null, "SQUARE": "/db/PICTURES/CMS/380200/380237.square.png"}}}, "overs": 4, "balls": 24, "maidens": 0, "conceded": 19, "wickets": 3, "currentType": 1}, {"player": {"id": 87075, "objectId": 935995, "name": "Afif Hossain", "longName": "Afif Hossain", "mobileName": "Afif", "indexName": "Afif Hossain", "battingName": "Afif Hossain", "fieldingName": "Afif Hossain", "slug": "afif-hossain", "imageUrl": "/db/PICTURES/CMS/306000/306068.1.jpg", "headshotImageUrl": "/db/PICTURES/CMS/323100/323159.png", "dateOfBirth": {"year": 1999, "month": 9, "date": 22}, "dateOfDeath": null, "gender": "M", "battingStyles": ["lhb"], "bowlingStyles": ["ob"], "longBattingStyles": ["left-hand bat"], "longBowlingStyles": ["right-arm offbreak"], "image": {"id": 306068, "objectId": 1226197, "slug": "afif-hossain-player-portrait", "url": "/db/PICTURES/CMS/306000/306068.1.jpg", "width": 160, "height": 203, "caption": "Afif Hossain player portrait", "longCaption": "Afif Hossain player portrait", "credit": "Unknown", "photographer": null, "peerUrls": null}, "countryTeamId": 25, "playerRoleTypeIds": [5], "playingRoles": ["allrounder"], "headshotImage": {"id": 323159, "objectId": 1266407, "slug": "afif-hossain-player-page-headshot-cutout-2021", "url": "/db/PICTURES/CMS/323100/323159.png", "width": 600, "height": 436, "caption": "Afif Hossain player page headshot cutout, 2021", "longCaption": "Afif Hossain player page headshot cutout, 2021", "credit": null, "photographer": null, "peerUrls": {"FILM": null, "WIDE": null, "SQUARE": "/db/PICTURES/CMS/323100/323159.square.png"}}}, "overs": 1, "balls": 6, "maidens": 0, "conceded": 10, "wickets": 0, "currentType": 2}], "rollover": null}, "batsmanStatText": null, "bowlerStatText": null, "smartStats": []}, {"_uid": 35038245, "id": 35038245, "inningNumber": 1, "ballsActual": null, "ballsUnique": null, "oversUnique": 14.01, "oversActual": 14.1, "overNumber": 15, "ballNumber": 1, "totalRuns": 1, "batsmanRuns": 1, "isFour": false, "isSix": false, "isWicket": false, "dismissalType": null, "byes": 0, "legbyes": 0, "wides": 0, "noballs": 0, "penalties": 0, "wagonX": 60, "wagonY": 131, "wagonZone": 7, "pitchLine": "ON_THE_STUMPS", "pitchLength": "SHORT_OF_A_GOOD_LENGTH", "shotType": "STEERED", "shotControl": 1, "timestamp": "2021-10-17T15:16:05.000Z", "modified": "2021-10-17T15:16:09.000Z", "batsmanPlayerId": 81813, "bowlerPlayerId": 54674, "outPlayerId": null, "totalInningRuns": 78, "totalInningWickets": 6, "predictions": {"score": 127, "winProbability": 17.38}, "title": "Mustafizur to Greaves", "dismissalText": null, "commentPreTextItems": [{"type": "HTML", "html": "The Fiz is back."}], "commentTextItems": [{"type": "HTML", "html": "good length ball at full pace, 137 kph on middle stump, guided with an open face behind point."}], "commentPostTextItems": null, "commentVideos": [], "commentImages": [], "events": [], "over": null, "batsmanStatText": null, "bowlerStatText": null, "smartStats": []}, {"_uid": 35038248, "id": 35038248, "inningNumber": 1, "ballsActual": null, "ballsUnique": null, "oversUnique": 14.02, "oversActual": 14.2, "overNumber": 15, "ballNumber": 2, "totalRuns": 2, "batsmanRuns": 2, "isFour": false, "isSix": false, "isWicket": false, "dismissalType": null, "byes": 0, "legbyes": 0, "wides": 0, "noballs": 0, "penalties": 0, "wagonX": 47, "wagonY": 273, "wagonZone": 6, "pitchLine": "WIDE_OUTSIDE_OFFSTUMP", "pitchLength": "SHORT_OF_A_GOOD_LENGTH", "shotType": "PULL", "shotControl": 1, "timestamp": "2021-10-17T15:17:07.000Z", "modified": "2021-10-17T15:17:11.000Z", "batsmanPlayerId": 71959, "bowlerPlayerId": 54674, "outPlayerId": null, "totalInningRuns": 80, "totalInningWickets": 6, "predictions": {"score": 129, "winProbability": 18.71}, "title": "Mustafizur to Watt", "dismissalText": null, "commentPreTextItems": null, "commentTextItems": [{"type": "HTML", "html": "back of a length on middle, pulled flat to wide long-on for a pair."}], "commentPostTextItems": [{"type": "HTML", "html": "Sukrit Gupta: \"@Sumant we won't be having full members like Afghanistan and Ireland and talents like Rashid, O' Brien brothers, Sterling, Ten Doeschate et Al if cricket keeps on going inwards and exclusive as you suggest.\""}], "commentVideos": [], "commentImages": [], "events": [], "over": null, "batsmanStatText": null, "bowlerStatText": null, "smartStats": []}, {"_uid": 35038251, "id": 35038251, "inningNumber": 1, "ballsActual": null, "ballsUnique": null, "oversUnique": 14.03, "oversActual": 14.3, "overNumber": 15, "ballNumber": 3, "totalRuns": 4, "batsmanRuns": 4, "isFour": true, "isSix": false, "isWicket": false, "dismissalType": null, "byes": 0, "legbyes": 0, "wides": 0, "noballs": 0, "penalties": 0, "wagonX": 266, "wagonY": 337, "wagonZone": 4, "pitchLine": "WIDE_OUTSIDE_OFFSTUMP", "pitchLength": "SHORT_OF_A_GOOD_LENGTH", "shotType": "ON_DRIVE", "shotControl": 1, "timestamp": "2021-10-17T15:17:53.000Z", "modified": "2021-10-17T15:17:56.000Z", "batsmanPlayerId": 71959, "bowlerPlayerId": 54674, "outPlayerId": null, "totalInningRuns": 84, "totalInningWickets": 6, "predictions": {"score": 134, "winProbability": 22.39}, "title": "Mustafizur to Watt", "dismissalText": null, "commentPreTextItems": null, "commentTextItems": [{"type": "HTML", "html": "length ball on fifth stump at 131 kph, Watt swats this with a two-handed tennis backhand over mid-off who is up in the ring, safe shot to the field and clears Liton Das to the rope."}], "commentPostTextItems": [{"type": "HTML", "html": "Nelson: \"The problem isn't associates playing in the world cup. The problem is associates not playing any cricket at all ourside world cup. When was the last time Scotland played a top team? And now they have to play a world class team in unfavorable conditions for qualifying in the main event. Extremely tough .\""}], "commentVideos": [], "commentImages": [], "events": [], "over": null, "batsmanStatText": null, "bowlerStatText": null, "smartStats": []}, {"_uid": 35038252, "id": 35038252, "inningNumber": 1, "ballsActual": null, "ballsUnique": null, "oversUnique": 14.04, "oversActual": 14.4, "overNumber": 15, "ballNumber": 4, "totalRuns": 1, "batsmanRuns": 1, "isFour": false, "isSix": false, "isWicket": false, "dismissalType": null, "byes": 0, "legbyes": 0, "wides": 0, "noballs": 0, "penalties": 0, "wagonX": 319, "wagonY": 179, "wagonZone": 3, "pitchLine": "WIDE_OUTSIDE_OFFSTUMP", "pitchLength": "SHORT_OF_A_GOOD_LENGTH", "shotType": "CUT_SHOT", "shotControl": 1, "timestamp": "2021-10-17T15:18:10.000Z", "modified": "2021-10-17T15:18:13.000Z", "batsmanPlayerId": 71959, "bowlerPlayerId": 54674, "outPlayerId": null, "totalInningRuns": 85, "totalInningWickets": 6, "predictions": {"score": 134, "winProbability": 22.39}, "title": "Mustafizur to Watt", "dismissalText": null, "commentPreTextItems": null, "commentTextItems": [{"type": "HTML", "html": "slower ball finally arrives on a good length on off at 114 kph, tapped gently through cover for one."}], "commentPostTextItems": null, "commentVideos": [], "commentImages": [], "events": [], "over": null, "batsmanStatText": null, "bowlerStatText": null, "smartStats": []}, {"_uid": 35038254, "id": 35038254, "inningNumber": 1, "ballsActual": null, "ballsUnique": null, "oversUnique": 14.05, "oversActual": 14.5, "overNumber": 15, "ballNumber": 5, "totalRuns": 0, "batsmanRuns": 0, "isFour": false, "isSix": false, "isWicket": false, "dismissalType": null, "byes": 0, "legbyes": 0, "wides": 0, "noballs": 0, "penalties": 0, "wagonX": 0, "wagonY": 0, "wagonZone": 0, "pitchLine": "WIDE_DOWN_LEG", "pitchLength": "SHORT", "shotType": "PULL", "shotControl": 2, "timestamp": "2021-10-17T15:19:12.000Z", "modified": "2021-10-17T15:19:15.000Z", "batsmanPlayerId": 81813, "bowlerPlayerId": 54674, "outPlayerId": null, "totalInningRuns": 85, "totalInningWickets": 6, "predictions": {"score": 133, "winProbability": 21.61}, "title": "Mustafizur to Greaves", "dismissalText": null, "commentPreTextItems": null, "commentTextItems": [{"type": "HTML", "html": "length ball off the pads going down leg side, Greaves misses an awkward pull. Big noise with a mild appeal for caught behind but clearly off the pads."}], "commentPostTextItems": null, "commentVideos": [], "commentImages": [], "events": [], "over": null, "batsmanStatText": null, "bowlerStatText": null, "smartStats": []}, {"_uid": 35038255, "id": 35038255, "inningNumber": 1, "ballsActual": null, "ballsUnique": null, "oversUnique": 14.06, "oversActual": 14.6, "overNumber": 15, "ballNumber": 6, "totalRuns": 1, "batsmanRuns": 0, "isFour": false, "isSix": false, "isWicket": false, "dismissalType": null, "byes": 0, "legbyes": 0, "wides": 1, "noballs": 0, "penalties": 0, "wagonX": 0, "wagonY": 0, "wagonZone": 0, "pitchLine": "WIDE_DOWN_LEG", "pitchLength": "SHORT", "shotType": "LEFT_ALONE", "shotControl": null, "timestamp": "2021-10-17T15:19:35.000Z", "modified": "2021-10-17T15:19:39.000Z", "batsmanPlayerId": 81813, "bowlerPlayerId": 54674, "outPlayerId": null, "totalInningRuns": 86, "totalInningWickets": 6, "predictions": {"score": 133, "winProbability": 21.61}, "title": "Mustafizur to Greaves", "dismissalText": null, "commentPreTextItems": null, "commentTextItems": [{"type": "HTML", "html": "bouncer is too short and too wide down leg. Could've been called wide for either option."}], "commentPostTextItems": null, "commentVideos": [], "commentImages": [], "events": [], "over": null, "batsmanStatText": null, "bowlerStatText": null, "smartStats": []}, {"_uid": 35038256, "id": 35038256, "inningNumber": 1, "ballsActual": null, "ballsUnique": null, "oversUnique": 14.07, "oversActual": 14.6, "overNumber": 15, "ballNumber": 7, "totalRuns": 1, "batsmanRuns": 1, "isFour": false, "isSix": false, "isWicket": false, "dismissalType": null, "byes": 0, "legbyes": 0, "wides": 0, "noballs": 0, "penalties": 0, "wagonX": 108, "wagonY": 197, "wagonZone": 6, "pitchLine": "ON_THE_STUMPS", "pitchLength": "GOOD_LENGTH", "shotType": "PUSH", "shotControl": 1, "timestamp": "2021-10-17T15:20:26.000Z", "modified": "2021-10-17T15:20:29.000Z", "batsmanPlayerId": 81813, "bowlerPlayerId": 54674, "outPlayerId": null, "totalInningRuns": 87, "totalInningWickets": 6, "predictions": {"score": 133, "winProbability": 21.61}, "title": "Mustafizur to Greaves", "dismissalText": null, "commentPreTextItems": null, "commentTextItems": [{"type": "HTML", "html": "good length ball on middle, tapped into the covers for one to keep strike."}], "commentPostTextItems": [{"type": "HTML", "html": "Animesh Kherwar: \"@Sumant, I will do you one better. Why bother playing so many teams at all? Have India, England and Australia play tri-series every ICC event and save all the expenses.\""}], "commentVideos": [], "commentImages": [], "events": [], "over": {"team": {"id": 30, "objectId": 30, "scribeId": 30, "slug": "scotland", "name": "Scotland", "longName": "Scotland", "abbreviation": "SCOT", "unofficialName": "", "imageUrl": "/db/PICTURES/CMS/313100/313150.logo.png", "isCountry": true, "primaryColor": null, "image": {"id": 313150, "objectId": 1241609, "slug": "scotland-logo", "url": "/db/PICTURES/CMS/313100/313150.logo.png", "width": 500, "height": 500, "caption": "Scotland logo", "longCaption": "Scotland logo", "credit": null, "photographer": null, "peerUrls": null}, "country": {"id": 30, "objectId": 30, "name": "Scotland", "shortName": "Scotland", "abbreviation": "SCOT", "slug": "scotland"}}, "inningNumber": 1, "overNumber": 15, "overRuns": 10, "overWickets": 0, "totalRuns": 87, "totalWickets": 6, "target": 0, "overLimit": 20, "ballLimit": 120, "isMaiden": false, "isComplete": true, "isSuperOver": false, "overEndBatsmen": [{"player": {"id": 81813, "objectId": 873199, "name": "CN Greaves", "longName": "Chris Greaves", "mobileName": "Greaves", "indexName": "Greaves, CN", "battingName": "CN Greaves", "fieldingName": "Greaves", "slug": "chris-greaves", "imageUrl": "/db/PICTURES/CMS/286300/286357.1.jpg", "headshotImageUrl": "/db/PICTURES/CMS/329700/329745.png", "dateOfBirth": {"year": 1990, "month": 10, "date": 12}, "dateOfDeath": null, "gender": "M", "battingStyles": ["rhb"], "bowlingStyles": ["lb"], "longBattingStyles": ["right-hand bat"], "longBowlingStyles": ["legbreak"], "image": {"id": 286357, "objectId": 1176647, "slug": "chris-greaves-portrait", "url": "/db/PICTURES/CMS/286300/286357.1.jpg", "width": 160, "height": 200, "caption": "Chris Greaves portrait", "longCaption": "Chris Greaves portrait, February 2019", "credit": "Peter Della Penna", "photographer": null, "peerUrls": null}, "countryTeamId": 30, "playerRoleTypeIds": [4], "playingRoles": ["bowler"], "headshotImage": {"id": 329745, "objectId": 1286738, "slug": "chris-greaves-player-page-headshot-cutout-2021", "url": "/db/PICTURES/CMS/329700/329745.png", "width": 600, "height": 436, "caption": "Chris Greaves player page headshot cutout 2021", "longCaption": "Chris Greaves player page headshot cutout 2021", "credit": null, "photographer": null, "peerUrls": {"FILM": null, "WIDE": null, "SQUARE": "/db/PICTURES/CMS/329700/329745.square.png"}}}, "runs": 21, "balls": 14, "fours": 1, "sixes": 1}, {"player": {"id": 71959, "objectId": 659081, "name": "MRJ Watt", "longName": "Mark Watt", "mobileName": "Watt", "indexName": "Watt, MRJ", "battingName": "MRJ Watt", "fieldingName": "Watt", "slug": "mark-watt", "imageUrl": "/db/PICTURES/CMS/179800/179841.1.jpg", "headshotImageUrl": "/db/PICTURES/CMS/320300/320372.png", "dateOfBirth": {"year": 1996, "month": 7, "date": 29}, "dateOfDeath": null, "gender": "M", "battingStyles": ["lhb"], "bowlingStyles": ["sla"], "longBattingStyles": ["left-hand bat"], "longBowlingStyles": ["slow left-arm orthodox"], "image": {"id": 179841, "objectId": 721897, "slug": "mark-watt", "url": "/db/PICTURES/CMS/179800/179841.1.jpg", "width": 160, "height": 192, "caption": "Mark Watt", "longCaption": "Mark Watt", "credit": "International Cricket Council", "photographer": null, "peerUrls": null}, "countryTeamId": 30, "playerRoleTypeIds": [4], "playingRoles": ["bowler"], "headshotImage": {"id": 320372, "objectId": 1261166, "slug": "mark-watt-page-headshot-cutout-2021", "url": "/db/PICTURES/CMS/320300/320372.png", "width": 600, "height": 436, "caption": "Mark Watt page headshot cutout, 2021", "longCaption": "Mark Watt page headshot cutout, 2021", "credit": null, "photographer": null, "peerUrls": {"FILM": null, "WIDE": null, "SQUARE": "/db/PICTURES/CMS/320300/320372.square.png"}}}, "runs": 13, "balls": 9, "fours": 1, "sixes": 0}], "overEndBowlers": [{"player": {"id": 54674, "objectId": 330902, "name": "Mustafizur Rahman", "longName": "Mustafizur Rahman", "mobileName": "Mustafizur", "indexName": "Mustafizur Rahman", "battingName": "Mustafizur Rahman", "fieldingName": "Mustafizur Rahman", "slug": "mustafizur-rahman", "imageUrl": "/db/PICTURES/CMS/263500/263578.jpg", "headshotImageUrl": "/db/PICTURES/CMS/319700/319734.png", "dateOfBirth": {"year": 1995, "month": 9, "date": 6}, "dateOfDeath": null, "gender": "M", "battingStyles": ["lhb"], "bowlingStyles": ["lfm"], "longBattingStyles": ["left-hand bat"], "longBowlingStyles": ["left-arm fast-medium"], "image": {"id": 263578, "objectId": 1099647, "slug": "mustafizur-rahman", "url": "/db/PICTURES/CMS/263500/263578.jpg", "width": 160, "height": 200, "caption": "Mustafizur Rahman", "longCaption": null, "credit": "Getty Images", "photographer": null, "peerUrls": null}, "countryTeamId": 25, "playerRoleTypeIds": [4], "playingRoles": ["bowler"], "headshotImage": {"id": 319734, "objectId": 1259735, "slug": "mustafizur-rahman-player-page-headshot-cutout-2021", "url": "/db/PICTURES/CMS/319700/319734.png", "width": 600, "height": 436, "caption": "Mustafizur Rahman player page headshot cutout, 2021", "longCaption": "Mustafizur Rahman player page headshot cutout, 2021", "credit": null, "photographer": null, "peerUrls": {"FILM": null, "WIDE": null, "SQUARE": "/db/PICTURES/CMS/319700/319734.square.png"}}}, "overs": 3, "balls": 18, "maidens": 1, "conceded": 23, "wickets": 0, "currentType": 1}, {"player": {"id": 80875, "objectId": 833087, "name": "Mahedi Hasan", "longName": "Mahedi Hasan", "mobileName": "Mahedi Hasan", "indexName": "Mahedi Hasan", "battingName": "Mahedi Hasan", "fieldingName": "Mahedi Hasan", "slug": "mahedi-hasan", "imageUrl": "/db/PICTURES/CMS/377500/377581.4.jpg", "headshotImageUrl": "/db/PICTURES/CMS/380200/380237.png", "dateOfBirth": {"year": 1994, "month": 12, "date": 12}, "dateOfDeath": null, "gender": "M", "battingStyles": ["rhb"], "bowlingStyles": ["ob"], "longBattingStyles": ["right-hand bat"], "longBowlingStyles": ["right-arm offbreak"], "image": {"id": 377581, "objectId": 1424432, "slug": "mahedi-hasan-player-portrait", "url": "/db/PICTURES/CMS/377500/377581.4.jpg", "width": 160, "height": 265, "caption": "Mahedi Hasan, player portrait", "longCaption": "Mahedi Hasan, player portrait", "credit": "Bangladesh Cricket Board", "photographer": null, "peerUrls": null}, "countryTeamId": 25, "playerRoleTypeIds": [5], "playingRoles": ["allrounder"], "headshotImage": {"id": 380237, "objectId": 1432041, "slug": "mahedi-hasan-player-page-headshot-cutout-2024", "url": "/db/PICTURES/CMS/380200/380237.png", "width": 600, "height": 436, "caption": "Mahedi Hasan, player page headshot cutout, 2024", "longCaption": "Mahedi Hasan, player page headshot cutout, 2024", "credit": null, "photographer": null, "peerUrls": {"FILM": null, "WIDE": null, "SQUARE": "/db/PICTURES/CMS/380200/380237.square.png"}}}, "overs": 4, "balls": 24, "maidens": 0, "conceded": 19, "wickets": 3, "currentType": 2}], "rollover": null}, "batsmanStatText": null, "bowlerStatText": null, "smartStats": []}]