[{"_uid": 35072623, "id": 35072623, "inningNumber": 1, "ballsActual": null, "ballsUnique": null, "oversUnique": 11.01, "oversActual": 11.1, "overNumber": 12, "ballNumber": 1, "totalRuns": 0, "batsmanRuns": 0, "isFour": false, "isSix": false, "isWicket": false, "dismissalType": null, "byes": 0, "legbyes": 0, "wides": 0, "noballs": 0, "penalties": 0, "wagonX": 241, "wagonY": 163, "wagonZone": 2, "pitchLine": "OUTSIDE_OFFSTUMP", "pitchLength": "FULL", "shotType": "COVER_DRIVE", "shotControl": 1, "timestamp": "2021-10-24T14:59:05.000Z", "modified": "2021-10-24T14:59:08.000Z", "batsmanPlayerId": 86165, "bowlerPlayerId": 72719, "outPlayerId": null, "totalInningRuns": 66, "totalInningWickets": 3, "predictions": {"score": 150, "winProbability": 38.57}, "title": "Hasan Ali to Pant", "dismissalText": null, "commentPreTextItems": [{"type": "HTML", "html": "Hasan, from around the wicket."}, {"type": "HTML", "html": "Good first over from Rauf apart from that wide, bowled to his field quite expertly."}, {"type": "HTML", "html": "Nadeem: \"That 10.5 clocked 152.5kph\" -- Ah, wow. Didn't notice that."}], "commentTextItems": [{"type": "HTML", "html": "length ball on off stump, looks to step out and make room but too far from the pitch of the ball to really go hard at it. Slapped to extra-cover"}], "commentPostTextItems": null, "commentVideos": [], "commentImages": [], "events": [], "over": null, "batsmanStatText": null, "bowlerStatText": null, "smartStats": []}, {"_uid": 35072624, "id": 35072624, "inningNumber": 1, "ballsActual": null, "ballsUnique": null, "oversUnique": 11.02, "oversActual": 11.2, "overNumber": 12, "ballNumber": 2, "totalRuns": 6, "batsmanRuns": 6, "isFour": false, "isSix": true, "isWicket": false, "dismissalType": null, "byes": 0, "legbyes": 0, "wides": 0, "noballs": 0, "penalties": 0, "wagonX": 10, "wagonY": 119, "wagonZone": 7, "pitchLine": "ON_THE_STUMPS", "pitchLength": "GOOD_LENGTH", "shotType": "SLOG_SHOT", "shotControl": 1, "timestamp": "2021-10-24T14:59:41.000Z", "modified": "2021-10-24T14:59:44.000Z", "batsmanPlayerId": 86165, "bowlerPlayerId": 72719, "outPlayerId": null, "totalInningRuns": 72, "totalInningWickets": 3, "predictions": {"score": 153, "winProbability": 41.81}, "title": "Hasan Ali to Pant", "dismissalText": null, "commentPreTextItems": null, "commentTextItems": [{"type": "HTML", "html": "that's a Pant special. Another in his long list of one-handed sixes. Terrific hit. He was premeditating here, looking to go over midwicket, and Hasan fired a length ball into his body, cramping him for room. Down he goes on his back knee, and off comes the bottom hand, and he extends his front arm fully and whips it over the square leg boundary"}], "commentPostTextItems": null, "commentVideos": [], "commentImages": [], "events": [], "over": null, "batsmanStatText": null, "bowlerStatText": null, "smartStats": []}, {"_uid": 35072625, "id": 35072625, "inningNumber": 1, "ballsActual": null, "ballsUnique": null, "oversUnique": 11.03, "oversActual": 11.3, "overNumber": 12, "ballNumber": 3, "totalRuns": 6, "batsmanRuns": 6, "isFour": false, "isSix": true, "isWicket": false, "dismissalType": null, "byes": 0, "legbyes": 0, "wides": 0, "noballs": 0, "penalties": 0, "wagonX": 231, "wagonY": 356, "wagonZone": 4, "pitchLine": "OUTSIDE_OFFSTUMP", "pitchLength": "FULL", "shotType": "ON_DRIVE", "shotControl": 1, "timestamp": "2021-10-24T15:01:05.000Z", "modified": "2021-10-24T15:01:09.000Z", "batsmanPlayerId": 86165, "bowlerPlayerId": 72719, "outPlayerId": null, "totalInningRuns": 78, "totalInningWickets": 3, "predictions": {"score": 159, "winProbability": 48.44}, "title": "Hasan Ali to Pant", "dismissalText": null, "commentPreTextItems": [{"type": "HTML", "html": "Shifts to over the wicket now."}], "commentTextItems": [{"type": "HTML", "html": "another one-handed six, this time over the off side. Wow. Full slower ball now, angling across to off stump, and Pant uses the extra leverage he gets to meet the ball well in front of his body and lift it with a straight bat over the long-off boundary. Mid-off was in, and he just cleared the boundary"}], "commentPostTextItems": null, "commentVideos": [], "commentImages": [], "events": [], "over": null, "batsmanStatText": null, "bowlerStatText": null, "smartStats": []}, {"_uid": 35072626, "id": 35072626, "inningNumber": 1, "ballsActual": null, "ballsUnique": null, "oversUnique": 11.04, "oversActual": 11.4, "overNumber": 12, "ballNumber": 4, "totalRuns": 2, "batsmanRuns": 2, "isFour": false, "isSix": false, "isWicket": false, "dismissalType": null, "byes": 0, "legbyes": 0, "wides": 0, "noballs": 0, "penalties": 0, "wagonX": 326, "wagonY": 172, "wagonZone": 3, "pitchLine": "ON_THE_STUMPS", "pitchLength": "SHORT_OF_A_GOOD_LENGTH", "shotType": "CUT_SHOT", "shotControl": 1, "timestamp": "2021-10-24T15:01:50.000Z", "modified": "2021-10-24T15:01:54.000Z", "batsmanPlayerId": 86165, "bowlerPlayerId": 72719, "outPlayerId": null, "totalInningRuns": 80, "totalInningWickets": 3, "predictions": {"score": 160, "winProbability": 49.55}, "title": "Hasan Ali to Pant", "dismissalText": null, "commentPreTextItems": null, "commentTextItems": [{"type": "HTML", "html": "back of a length outside off, opens his bat face to steer to the left of deep third"}], "commentPostTextItems": null, "commentVideos": [], "commentImages": [], "events": [], "over": null, "batsmanStatText": null, "bowlerStatText": null, "smartStats": []}, {"_uid": 35072627, "id": 35072627, "inningNumber": 1, "ballsActual": null, "ballsUnique": null, "oversUnique": 11.05, "oversActual": 11.5, "overNumber": 12, "ballNumber": 5, "totalRuns": 1, "batsmanRuns": 1, "isFour": false, "isSix": false, "isWicket": false, "dismissalType": null, "byes": 0, "legbyes": 0, "wides": 0, "noballs": 0, "penalties": 0, "wagonX": 77, "wagonY": 108, "wagonZone": 7, "pitchLine": "ON_THE_STUMPS", "pitchLength": "GOOD_LENGTH", "shotType": "FLICK", "shotControl": 1, "timestamp": "2021-10-24T15:02:46.000Z", "modified": "2021-10-24T15:02:50.000Z", "batsmanPlayerId": 86165, "bowlerPlayerId": 72719, "outPlayerId": null, "totalInningRuns": 81, "totalInningWickets": 3, "predictions": {"score": 160, "winProbability": 49.55}, "title": "Hasan Ali to Pant", "dismissalText": null, "commentPreTextItems": [{"type": "HTML", "html": "On slower pitches, being able to meet the ball earlier by hitting it one-handed is a definite advantage, if you can do it. Hasan goes back around the wicket."}], "commentTextItems": [{"type": "HTML", "html": "back of a length, angling into the body, tucked away to long leg"}], "commentPostTextItems": null, "commentVideos": [], "commentImages": [], "events": [], "over": null, "batsmanStatText": null, "bowlerStatText": null, "smartStats": []}, {"_uid": 35072628, "id": 35072628, "inningNumber": 1, "ballsActual": null, "ballsUnique": null, "oversUnique": 11.06, "oversActual": 11.6, "overNumber": 12, "ballNumber": 6, "totalRuns": 0, "batsmanRuns": 0, "isFour": false, "isSix": false, "isWicket": false, "dismissalType": null, "byes": 0, "legbyes": 0, "wides": 0, "noballs": 0, "penalties": 0, "wagonX": 223, "wagonY": 220, "wagonZone": 4, "pitchLine": "ON_THE_STUMPS", "pitchLength": "GOOD_LENGTH", "shotType": "DEFENDED", "shotControl": 1, "timestamp": "2021-10-24T15:03:14.000Z", "modified": "2021-10-24T15:03:18.000Z", "batsmanPlayerId": 49752, "bowlerPlayerId": 72719, "outPlayerId": null, "totalInningRuns": 81, "totalInningWickets": 3, "predictions": {"score": 158, "winProbability": 47.33}, "title": "Hasan Ali to Kohli", "dismissalText": null, "commentPreTextItems": null, "commentTextItems": [{"type": "HTML", "html": "steps out to a length ball angling in towards off stump, not quite close enough to the pitch to attack it, and doesn't get any room either. Clipped to midwicket"}], "commentPostTextItems": null, "commentVideos": [], "commentImages": [], "events": [], "over": {"team": {"id": 6, "objectId": 6, "scribeId": 6, "slug": "india", "name": "India", "longName": "India", "abbreviation": "IND", "unofficialName": "", "imageUrl": "/db/PICTURES/CMS/313100/313128.logo.png", "isCountry": true, "primaryColor": "#050ceb", "image": {"id": 313128, "objectId": 1241587, "slug": "india-logo", "url": "/db/PICTURES/CMS/313100/313128.logo.png", "width": 500, "height": 500, "caption": "India logo", "longCaption": "India logo", "credit": null, "photographer": null, "peerUrls": null}, "country": {"id": 6, "objectId": 6, "name": "India", "shortName": "India", "abbreviation": "IND", "slug": "india"}}, "inningNumber": 1, "overNumber": 12, "overRuns": 15, "overWickets": 0, "totalRuns": 81, "totalWickets": 3, "target": 0, "overLimit": 20, "ballLimit": 120, "isMaiden": false, "isComplete": true, "isSuperOver": false, "overEndBatsmen": [{"player": {"id": 49752, "objectId": 253802, "name": "V Kohli", "longName": "Virat Kohli", "mobileName": "Kohli", "indexName": "Kohli, V", "battingName": "V Kohli", "fieldingName": "Kohli", "slug": "virat-kohli", "imageUrl": "/db/PICTURES/CMS/289000/289002.1.jpg", "headshotImageUrl": "/db/PICTURES/CMS/316600/316605.png", "dateOfBirth": {"year": 1988, "month": 11, "date": 5}, "dateOfDeath": null, "gender": "M", "battingStyles": ["rhb"], "bowlingStyles": ["rm"], "longBattingStyles": ["right-hand bat"], "longBowlingStyles": ["right-arm medium"], "image": {"id": 289002, "objectId": 1183835, "slug": "virat-kohli-player-portrait", "url": "/db/PICTURES/CMS/289000/289002.1.jpg", "width": 160, "height": 210, "caption": "Virat Kohli player portrait", "longCaption": "Virat Kohli player portrait", "credit": "Getty Images", "photographer": null, "peerUrls": null}, "countryTeamId": 6, "playerRoleTypeIds": [2], "playingRoles": ["top-order batter"], "headshotImage": {"id": 316605, "objectId": 1251236, "slug": "v-kohli-headshot", "url": "/db/PICTURES/CMS/316600/316605.png", "width": 600, "height": 436, "caption": "V Kohli headshot", "longCaption": "V Kohli headshot", "credit": null, "photographer": null, "peerUrls": {"FILM": null, "WIDE": null, "SQUARE": null}}}, "runs": 28, "balls": 27, "fours": 1, "sixes": 1}, {"player": {"id": 86165, "objectId": 931581, "name": "RR Pant", "longName": "Rishabh Pant", "mobileName": "Pant", "indexName": "Pant, RR", "battingName": "RR Pant", "fieldingName": "Pant", "slug": "rishabh-pant", "imageUrl": "/db/PICTURES/CMS/304200/304221.png", "headshotImageUrl": "/db/PICTURES/CMS/323000/323036.png", "dateOfBirth": {"year": 1997, "month": 10, "date": 4}, "dateOfDeath": null, "gender": "M", "battingStyles": ["lhb"], "bowlingStyles": [], "longBattingStyles": ["left-hand bat"], "longBowlingStyles": [], "image": {"id": 304221, "objectId": 1223386, "slug": "rishabh-pant-portrait", "url": "/db/PICTURES/CMS/304200/304221.png", "width": 160, "height": 201, "caption": "Rishabh Pant portrait", "longCaption": "Rishabh Pant portrait, May 2020", "credit": "Getty Images", "photographer": null, "peerUrls": null}, "countryTeamId": 6, "playerRoleTypeIds": [7], "playingRoles": ["wicketkeeper batter"], "headshotImage": {"id": 323036, "objectId": 1266194, "slug": "rishabh-pant-player-page-headshot-cutout-2021", "url": "/db/PICTURES/CMS/323000/323036.png", "width": 600, "height": 436, "caption": "Rishabh Pant player page headshot cutout, 2021", "longCaption": "Rishabh Pant player page headshot cutout, 2021", "credit": null, "photographer": null, "peerUrls": {"FILM": null, "WIDE": null, "SQUARE": "/db/PICTURES/CMS/323000/323036.square.png"}}}, "runs": 37, "balls": 28, "fours": 2, "sixes": 2}], "overEndBowlers": [{"player": {"id": 72719, "objectId": 681305, "name": "Hasan Ali", "longName": "Hasan Ali", "mobileName": "Hasan Ali", "indexName": "Hasan Ali", "battingName": "Hasan Ali", "fieldingName": "Hasan Ali", "slug": "hasan-ali", "imageUrl": "/db/PICTURES/CMS/302700/302774.jpg", "headshotImageUrl": "/db/PICTURES/CMS/320400/320450.png", "dateOfBirth": {"year": 1994, "month": 7, "date": 2}, "dateOfDeath": null, "gender": "M", "battingStyles": ["rhb"], "bowlingStyles": ["rmf"], "longBattingStyles": ["right-hand bat"], "longBowlingStyles": ["right-arm medium-fast"], "image": {"id": 302774, "objectId": 1221116, "slug": "hasan-ali-portrait", "url": "/db/PICTURES/CMS/302700/302774.jpg", "width": 160, "height": 201, "caption": "Hasan Ali portrait", "longCaption": "Hasan Ali portrait, April, 2020", "credit": "Getty Images", "photographer": null, "peerUrls": null}, "countryTeamId": 7, "playerRoleTypeIds": [4], "playingRoles": ["bowler"], "headshotImage": {"id": 320450, "objectId": 1261288, "slug": "hasan-ali-player-page-headshot-cutout-2021", "url": "/db/PICTURES/CMS/320400/320450.png", "width": 600, "height": 436, "caption": "Hasan Ali player page headshot cutout, 2021", "longCaption": "Hasan Ali player page headshot cutout, 2021", "credit": null, "photographer": null, "peerUrls": {"FILM": null, "WIDE": null, "SQUARE": "/db/PICTURES/CMS/320400/320450.square.png"}}}, "overs": 2, "balls": 12, "maidens": 0, "conceded": 21, "wickets": 1, "currentType": 1}, {"player": {"id": 103878, "objectId": 1161606, "name": "Haris Rauf", "longName": "Haris Rauf", "mobileName": "Haris Rauf", "indexName": "Haris Rauf", "battingName": "Haris Rauf", "fieldingName": "Haris Rauf", "slug": "haris-rauf", "imageUrl": "/db/PICTURES/CMS/312100/312183.png", "headshotImageUrl": "/db/PICTURES/CMS/322200/322202.png", "dateOfBirth": {"year": 1993, "month": 11, "date": 7}, "dateOfDeath": null, "gender": "M", "battingStyles": ["rhb"], "bowlingStyles": ["rf"], "longBattingStyles": ["right-hand bat"], "longBowlingStyles": ["right-arm fast"], "image": {"id": 312183, "objectId": 1239249, "slug": "haris-rauf-portrait", "url": "/db/PICTURES/CMS/312100/312183.png", "width": 160, "height": 200, "caption": "Haris Rauf portrait", "longCaption": "Haris Rauf portrait, November 2020", "credit": "Getty Images", "photographer": null, "peerUrls": null}, "countryTeamId": 7, "playerRoleTypeIds": [4], "playingRoles": ["bowler"], "headshotImage": {"id": 322202, "objectId": 1264678, "slug": "haris-rauf-player-page-headshot-cutout-2021", "url": "/db/PICTURES/CMS/322200/322202.png", "width": 600, "height": 436, "caption": "Haris Rauf player page headshot cutout, 2021", "longCaption": "Haris Rauf player page headshot cutout, 2021", "credit": null, "photographer": null, "peerUrls": {"FILM": null, "WIDE": null, "SQUARE": "/db/PICTURES/CMS/322200/322202.square.png"}}}, "overs": 1, "balls": 6, "maidens": 0, "conceded": 6, "wickets": 0, "currentType": 2}], "rollover": null}, "batsmanStatText": null, "bowlerStatText": null, "smartStats": []}, {"_uid": 35072629, "id": 35072629, "inningNumber": 1, "ballsActual": null, "ballsUnique": null, "oversUnique": 12.01, "oversActual": 12.1, "overNumber": 13, "ballNumber": 1, "totalRuns": 2, "batsmanRuns": 2, "isFour": false, "isSix": false, "isWicket": false, "dismissalType": null, "byes": 0, "legbyes": 0, "wides": 0, "noballs": 0, "penalties": 0, "wagonX": 126, "wagonY": 80, "wagonZone": 8, "pitchLine": "DOWN_LEG", "pitchLength": "GOOD_LENGTH", "shotType": "SWEEP_SHOT", "shotControl": 1, "timestamp": "2021-10-24T15:04:44.000Z", "modified": "2021-10-24T15:04:47.000Z", "batsmanPlayerId": 86165, "bowlerPlayerId": 84937, "outPlayerId": null, "totalInningRuns": 83, "totalInningWickets": 3, "predictions": {"score": 159, "winProbability": 48.44}, "title": "Shadab to Pant", "dismissalText": null, "commentPreTextItems": [{"type": "HTML", "html": "Shadab comes back into the attack, over the wicket to Pant."}], "commentTextItems": [{"type": "HTML", "html": "that's a pretty poor ball, and he only ends up conceding two. Down the leg side, there to be swept, but it's slower than Pant expects, and he's through his shot early. Ends up gloving it over the keeper's head"}], "commentPostTextItems": null, "commentVideos": [], "commentImages": [], "events": [], "over": null, "batsmanStatText": null, "bowlerStatText": null, "smartStats": []}, {"_uid": 35072630, "id": 35072630, "inningNumber": 1, "ballsActual": null, "ballsUnique": null, "oversUnique": 12.02, "oversActual": 12.2, "overNumber": 13, "ballNumber": 2, "totalRuns": 1, "batsmanRuns": 0, "isFour": false, "isSix": false, "isWicket": false, "dismissalType": null, "byes": 0, "legbyes": 0, "wides": 1, "noballs": 0, "penalties": 0, "wagonX": 0, "wagonY": 0, "wagonZone": 0, "pitchLine": "DOWN_LEG", "pitchLength": "GOOD_LENGTH", "shotType": "SWEEP_SHOT", "shotControl": 2, "timestamp": "2021-10-24T15:05:09.000Z", "modified": "2021-10-24T15:05:12.000Z", "batsmanPlayerId": 86165, "bowlerPlayerId": 84937, "outPlayerId": null, "totalInningRuns": 84, "totalInningWickets": 3, "predictions": {"score": 160, "winProbability": 49.55}, "title": "Shadab to Pant", "dismissalText": null, "commentPreTextItems": null, "commentTextItems": [{"type": "HTML", "html": "down the leg side again, quicker this time, and Pant ends up missing the sweep"}], "commentPostTextItems": null, "commentVideos": [], "commentImages": [], "events": [], "over": null, "batsmanStatText": null, "bowlerStatText": null, "smartStats": []}, {"_uid": 35072631, "id": 35072631, "inningNumber": 1, "ballsActual": null, "ballsUnique": null, "oversUnique": 12.03, "oversActual": 12.2, "overNumber": 13, "ballNumber": 3, "totalRuns": 0, "batsmanRuns": 0, "isFour": false, "isSix": false, "isWicket": true, "dismissalType": 1, "byes": 0, "legbyes": 0, "wides": 0, "noballs": 0, "penalties": 0, "wagonX": 171, "wagonY": 215, "wagonZone": 5, "pitchLine": "ON_THE_STUMPS", "pitchLength": "FULL", "shotType": "SLOG_SWEEP", "shotControl": 2, "timestamp": "2021-10-24T15:05:43.000Z", "modified": "2021-10-24T15:05:47.000Z", "batsmanPlayerId": 86165, "bowlerPlayerId": 84937, "outPlayerId": 86165, "totalInningRuns": 84, "totalInningWickets": 4, "predictions": {"score": 159, "winProbability": 48.44}, "title": "Shadab to Pant", "dismissalText": {"short": "caught", "long": "c & b Shadab Khan", "commentary": "Rishabh Pant c & b Shadab Khan 39 (30b 2x4 2x6 36m) SR: 130"}, "commentPreTextItems": null, "commentTextItems": [{"type": "HTML", "html": "wrong'un, and that's done the trick, Shadab ends a dangerous innings just before it can take Pakistan out of the game. Looped up slow, pitching on middle and leg or thereabouts, and Pant looks to sweep. The ball dips on him a little, turns away, and he ends up skewing it high in the air, in the direction of mid-on. Long-on is back on the boundary, though, so it falls to the bowler to backtrack to his left and take a very well-judged catch with both hands, over his head"}], "commentPostTextItems": null, "commentVideos": [], "commentImages": [], "events": [], "over": null, "batsmanStatText": null, "bowlerStatText": null, "smartStats": []}, {"_uid": 35072632, "id": 35072632, "inningNumber": 1, "ballsActual": null, "ballsUnique": null, "oversUnique": 12.04, "oversActual": 12.3, "overNumber": 13, "ballNumber": 4, "totalRuns": 0, "batsmanRuns": 0, "isFour": false, "isSix": false, "isWicket": false, "dismissalType": null, "byes": 0, "legbyes": 0, "wides": 0, "noballs": 0, "penalties": 0, "wagonX": 176, "wagonY": 197, "wagonZone": 5, "pitchLine": "ON_THE_STUMPS", "pitchLength": "FULL", "shotType": "ON_DRIVE", "shotControl": 1, "timestamp": "2021-10-24T15:07:08.000Z", "modified": "2021-10-24T15:07:11.000Z", "batsmanPlayerId": 49752, "bowlerPlayerId": 84937, "outPlayerId": null, "totalInningRuns": 84, "totalInningWickets": 4, "predictions": {"score": 157, "winProbability": 46.21}, "title": "Shadab to Kohli", "dismissalText": null, "commentPreTextItems": [{"type": "HTML", "html": "Jadeja gets promoted to keep the left-right combo going, but it's Kohli on strike for now."}], "commentTextItems": [{"type": "HTML", "html": "loopy googly outside off. Looks to drive to long-off, ends up playing it back to the bowler"}], "commentPostTextItems": null, "commentVideos": [], "commentImages": [], "events": [], "over": null, "batsmanStatText": null, "bowlerStatText": null, "smartStats": []}, {"_uid": 35072633, "id": 35072633, "inningNumber": 1, "ballsActual": null, "ballsUnique": null, "oversUnique": 12.05, "oversActual": 12.4, "overNumber": 13, "ballNumber": 5, "totalRuns": 1, "batsmanRuns": 1, "isFour": false, "isSix": false, "isWicket": false, "dismissalType": null, "byes": 0, "legbyes": 0, "wides": 0, "noballs": 0, "penalties": 0, "wagonX": 250, "wagonY": 176, "wagonZone": 3, "pitchLine": "ON_THE_STUMPS", "pitchLength": "SHORT_OF_A_GOOD_LENGTH", "shotType": "FLICK", "shotControl": 1, "timestamp": "2021-10-24T15:07:28.000Z", "modified": "2021-10-24T15:07:31.000Z", "batsmanPlayerId": 49752, "bowlerPlayerId": 84937, "outPlayerId": null, "totalInningRuns": 85, "totalInningWickets": 4, "predictions": {"score": 157, "winProbability": 46.21}, "title": "Shadab to Kohli", "dismissalText": null, "commentPreTextItems": null, "commentTextItems": [{"type": "HTML", "html": "another googly, shorter this time, goes on the back foot and tucks it away to deep square leg"}], "commentPostTextItems": null, "commentVideos": [], "commentImages": [], "events": [], "over": null, "batsmanStatText": null, "bowlerStatText": null, "smartStats": []}, {"_uid": 35072634, "id": 35072634, "inningNumber": 1, "ballsActual": null, "ballsUnique": null, "oversUnique": 12.06, "oversActual": 12.5, "overNumber": 13, "ballNumber": 6, "totalRuns": 1, "batsmanRuns": 1, "isFour": false, "isSix": false, "isWicket": false, "dismissalType": null, "byes": 0, "legbyes": 0, "wides": 0, "noballs": 0, "penalties": 0, "wagonX": 69, "wagonY": 203, "wagonZone": 6, "pitchLine": "ON_THE_STUMPS", "pitchLength": "FULL", "shotType": "FLICK", "shotControl": 1, "timestamp": "2021-10-24T15:08:06.000Z", "modified": "2021-10-24T15:08:09.000Z", "batsmanPlayerId": 49247, "bowlerPlayerId": 84937, "outPlayerId": null, "totalInningRuns": 86, "totalInningWickets": 4, "predictions": {"score": 156, "winProbability": 45.11}, "title": "Shadab to Jadeja", "dismissalText": null, "commentPreTextItems": [{"type": "HTML", "html": "Stays over the wicket to Jadeja."}], "commentTextItems": [{"type": "HTML", "html": "legbreak turning into the pads, stays on the back foot and works it to deep square leg"}], "commentPostTextItems": null, "commentVideos": [], "commentImages": [], "events": [], "over": null, "batsmanStatText": null, "bowlerStatText": null, "smartStats": []}, {"_uid": 35072635, "id": 35072635, "inningNumber": 1, "ballsActual": null, "ballsUnique": null, "oversUnique": 12.07, "oversActual": 12.6, "overNumber": 13, "ballNumber": 7, "totalRuns": 1, "batsmanRuns": 1, "isFour": false, "isSix": false, "isWicket": false, "dismissalType": null, "byes": 0, "legbyes": 0, "wides": 0, "noballs": 0, "penalties": 0, "wagonX": 88, "wagonY": 189, "wagonZone": 6, "pitchLine": "OUTSIDE_OFFSTUMP", "pitchLength": "GOOD_LENGTH", "shotType": "COVER_DRIVE", "shotControl": 1, "timestamp": "2021-10-24T15:08:55.000Z", "modified": "2021-10-24T15:08:58.000Z", "batsmanPlayerId": 49752, "bowlerPlayerId": 84937, "outPlayerId": null, "totalInningRuns": 87, "totalInningWickets": 4, "predictions": {"score": 156, "winProbability": 45.11}, "title": "Shadab to Kohli", "dismissalText": null, "commentPreTextItems": null, "commentTextItems": [{"type": "HTML", "html": "tossed up on middle stump, stretches out with his pad next to the line of the ball and pushes inside-out to sweeper cover"}], "commentPostTextItems": null, "commentVideos": [], "commentImages": [], "events": [], "over": {"team": {"id": 6, "objectId": 6, "scribeId": 6, "slug": "india", "name": "India", "longName": "India", "abbreviation": "IND", "unofficialName": "", "imageUrl": "/db/PICTURES/CMS/313100/313128.logo.png", "isCountry": true, "primaryColor": "#050ceb", "image": {"id": 313128, "objectId": 1241587, "slug": "india-logo", "url": "/db/PICTURES/CMS/313100/313128.logo.png", "width": 500, "height": 500, "caption": "India logo", "longCaption": "India logo", "credit": null, "photographer": null, "peerUrls": null}, "country": {"id": 6, "objectId": 6, "name": "India", "shortName": "India", "abbreviation": "IND", "slug": "india"}}, "inningNumber": 1, "overNumber": 13, "overRuns": 6, "overWickets": 1, "totalRuns": 87, "totalWickets": 4, "target": 0, "overLimit": 20, "ballLimit": 120, "isMaiden": false, "isComplete": true, "isSuperOver": false, "overEndBatsmen": [{"player": {"id": 49752, "objectId": 253802, "name": "V Kohli", "longName": "Virat Kohli", "mobileName": "Kohli", "indexName": "Kohli, V", "battingName": "V Kohli", "fieldingName": "Kohli", "slug": "virat-kohli", "imageUrl": "/db/PICTURES/CMS/289000/289002.1.jpg", "headshotImageUrl": "/db/PICTURES/CMS/316600/316605.png", "dateOfBirth": {"year": 1988, "month": 11, "date": 5}, "dateOfDeath": null, "gender": "M", "battingStyles": ["rhb"], "bowlingStyles": ["rm"], "longBattingStyles": ["right-hand bat"], "longBowlingStyles": ["right-arm medium"], "image": {"id": 289002, "objectId": 1183835, "slug": "virat-kohli-player-portrait", "url": "/db/PICTURES/CMS/289000/289002.1.jpg", "width": 160, "height": 210, "caption": "Virat Kohli player portrait", "longCaption": "Virat Kohli player portrait", "credit": "Getty Images", "photographer": null, "peerUrls": null}, "countryTeamId": 6, "playerRoleTypeIds": [2], "playingRoles": ["top-order batter"], "headshotImage": {"id": 316605, "objectId": 1251236, "slug": "v-kohli-headshot", "url": "/db/PICTURES/CMS/316600/316605.png", "width": 600, "height": 436, "caption": "V Kohli headshot", "longCaption": "V Kohli headshot", "credit": null, "photographer": null, "peerUrls": {"FILM": null, "WIDE": null, "SQUARE": null}}}, "runs": 30, "balls": 30, "fours": 1, "sixes": 1}, {"player": {"id": 49247, "objectId": 234675, "name": "RA Jadeja", "longName": "Ravindra Jadeja", "mobileName": "Jadeja", "indexName": "Jadeja, RA", "battingName": "RA Jadeja", "fieldingName": "Jadeja", "slug": "ravindra-jadeja", "imageUrl": "/db/PICTURES/CMS/302300/302394.jpg", "headshotImageUrl": "/db/PICTURES/CMS/316600/316600.png", "dateOfBirth": {"year": 1988, "month": 12, "date": 6}, "dateOfDeath": null, "gender": "M", "battingStyles": ["lhb"], "bowlingStyles": ["sla"], "longBattingStyles": ["left-hand bat"], "longBowlingStyles": ["slow left-arm orthodox"], "image": {"id": 302394, "objectId": 1220591, "slug": "ravindra-jadeja-portrait", "url": "/db/PICTURES/CMS/302300/302394.jpg", "width": 160, "height": 200, "caption": "Ravindra Jadeja portrait", "longCaption": "Ravindra Jadeja portrait, April 2020", "credit": "Getty Images", "photographer": null, "peerUrls": null}, "countryTeamId": 6, "playerRoleTypeIds": [5], "playingRoles": ["allrounder"], "headshotImage": {"id": 316600, "objectId": 1251230, "slug": "ra-jadeja-headshot", "url": "/db/PICTURES/CMS/316600/316600.png", "width": 600, "height": 436, "caption": "RA Jadeja headshot", "longCaption": "RA Jadeja headshot", "credit": null, "photographer": null, "peerUrls": {"FILM": null, "WIDE": null, "SQUARE": null}}}, "runs": 1, "balls": 1, "fours": 0, "sixes": 0}], "overEndBowlers": [{"player": {"id": 84937, "objectId": 922943, "name": "Shadab Khan", "longName": "Shadab Khan", "mobileName": "Shadab", "indexName": "Shadab Khan", "battingName": "Shadab Khan", "fieldingName": "Shadab Khan", "slug": "shadab-khan", "imageUrl": "/db/PICTURES/CMS/302800/302825.jpg", "headshotImageUrl": "/db/PICTURES/CMS/320400/320467.png", "dateOfBirth": {"year": 1998, "month": 10, "date": 4}, "dateOfDeath": null, "gender": "M", "battingStyles": ["rhb"], "bowlingStyles": ["lb"], "longBattingStyles": ["right-hand bat"], "longBowlingStyles": ["legbreak"], "image": {"id": 302825, "objectId": 1221178, "slug": "shadab-khan-portrait", "url": "/db/PICTURES/CMS/302800/302825.jpg", "width": 160, "height": 201, "caption": "Shadab Khan portrait", "longCaption": "Shadab Khan portrait, April 2020", "credit": "Getty Images", "photographer": null, "peerUrls": null}, "countryTeamId": 7, "playerRoleTypeIds": [5], "playingRoles": ["allrounder"], "headshotImage": {"id": 320467, "objectId": 1261306, "slug": "shadab-khan-player-page-headshot-cutout-2021", "url": "/db/PICTURES/CMS/320400/320467.png", "width": 600, "height": 436, "caption": "Shadab Khan player page headshot cutout, 2021", "longCaption": "Shadab Khan player page headshot cutout, 2021", "credit": null, "photographer": null, "peerUrls": {"FILM": null, "WIDE": null, "SQUARE": "/db/PICTURES/CMS/320400/320467.square.png"}}}, "overs": 3, "balls": 18, "maidens": 0, "conceded": 18, "wickets": 1, "currentType": 1}, {"player": {"id": 72719, "objectId": 681305, "name": "Hasan Ali", "longName": "Hasan Ali", "mobileName": "Hasan Ali", "indexName": "Hasan Ali", "battingName": "Hasan Ali", "fieldingName": "Hasan Ali", "slug": "hasan-ali", "imageUrl": "/db/PICTURES/CMS/302700/302774.jpg", "headshotImageUrl": "/db/PICTURES/CMS/320400/320450.png", "dateOfBirth": {"year": 1994, "month": 7, "date": 2}, "dateOfDeath": null, "gender": "M", "battingStyles": ["rhb"], "bowlingStyles": ["rmf"], "longBattingStyles": ["right-hand bat"], "longBowlingStyles": ["right-arm medium-fast"], "image": {"id": 302774, "objectId": 1221116, "slug": "hasan-ali-portrait", "url": "/db/PICTURES/CMS/302700/302774.jpg", "width": 160, "height": 201, "caption": "Hasan Ali portrait", "longCaption": "Hasan Ali portrait, April, 2020", "credit": "Getty Images", "photographer": null, "peerUrls": null}, "countryTeamId": 7, "playerRoleTypeIds": [4], "playingRoles": ["bowler"], "headshotImage": {"id": 320450, "objectId": 1261288, "slug": "hasan-ali-player-page-headshot-cutout-2021", "url": "/db/PICTURES/CMS/320400/320450.png", "width": 600, "height": 436, "caption": "Hasan Ali player page headshot cutout, 2021", "longCaption": "Hasan Ali player page headshot cutout, 2021", "credit": null, "photographer": null, "peerUrls": {"FILM": null, "WIDE": null, "SQUARE": "/db/PICTURES/CMS/320400/320450.square.png"}}}, "overs": 2, "balls": 12, "maidens": 0, "conceded": 21, "wickets": 1, "currentType": 2}], "rollover": null}, "batsmanStatText": null, "bowlerStatText": null, "smartStats": []}]