[{"_uid": 35116031, "id": 35116031, "inningNumber": 1, "ballsActual": null, "ballsUnique": null, "oversUnique": 1.01, "oversActual": 1.1, "overNumber": 2, "ballNumber": 1, "totalRuns": 0, "batsmanRuns": 0, "isFour": false, "isSix": false, "isWicket": false, "dismissalType": null, "byes": 0, "legbyes": 0, "wides": 0, "noballs": 0, "penalties": 0, "wagonX": 124, "wagonY": 196, "wagonZone": 6, "pitchLine": "ON_THE_STUMPS", "pitchLength": "FULL", "shotType": "FLICK", "shotControl": 1, "timestamp": "2021-10-29T10:06:17.000Z", "modified": "2021-10-29T10:06:21.000Z", "batsmanPlayerId": 7568, "bowlerPlayerId": 66808, "outPlayerId": null, "totalInningRuns": 4, "totalInningWickets": 0, "predictions": {"score": 162, "winProbability": 57.57}, "title": "Taskin to Gayle", "dismissalText": null, "commentPreTextItems": [{"type": "HTML", "html": "No Mustafizur from the other end, it's Taskin this time. Will WI prefer his pace on the bat?"}], "commentTextItems": [{"type": "HTML", "html": "starts on middle and leg and Gayle clips it to midwicket"}], "commentPostTextItems": null, "commentVideos": [], "commentImages": [], "events": [], "over": null, "batsmanStatText": null, "bowlerStatText": null, "smartStats": []}, {"_uid": 35116042, "id": 35116042, "inningNumber": 1, "ballsActual": null, "ballsUnique": null, "oversUnique": 1.02, "oversActual": 1.2, "overNumber": 2, "ballNumber": 2, "totalRuns": 1, "batsmanRuns": 1, "isFour": false, "isSix": false, "isWicket": false, "dismissalType": null, "byes": 0, "legbyes": 0, "wides": 0, "noballs": 0, "penalties": 0, "wagonX": 241, "wagonY": 144, "wagonZone": 2, "pitchLine": "ON_THE_STUMPS", "pitchLength": "GOOD_LENGTH", "shotType": "SQUARE_DRIVE", "shotControl": 1, "timestamp": "2021-10-29T10:07:02.000Z", "modified": "2021-10-29T10:07:06.000Z", "batsmanPlayerId": 7568, "bowlerPlayerId": 66808, "outPlayerId": null, "totalInningRuns": 5, "totalInningWickets": 0, "predictions": {"score": 161, "winProbability": 56.53}, "title": "Taskin to Gayle", "dismissalText": null, "commentPreTextItems": [{"type": "HTML", "html": "UltraEdge says there was some bat for that Lewis lbw shout in the first over"}], "commentTextItems": [{"type": "HTML", "html": "steers the length ball with room square and point gets a hand but the collection isn't clean and they run one quickly"}], "commentPostTextItems": null, "commentVideos": [], "commentImages": [], "events": [], "over": null, "batsmanStatText": null, "bowlerStatText": null, "smartStats": []}, {"_uid": 35116045, "id": 35116045, "inningNumber": 1, "ballsActual": null, "ballsUnique": null, "oversUnique": 1.03, "oversActual": 1.3, "overNumber": 2, "ballNumber": 3, "totalRuns": 0, "batsmanRuns": 0, "isFour": false, "isSix": false, "isWicket": false, "dismissalType": null, "byes": 0, "legbyes": 0, "wides": 0, "noballs": 0, "penalties": 0, "wagonX": 0, "wagonY": 0, "wagonZone": 0, "pitchLine": "ON_THE_STUMPS", "pitchLength": "SHORT_OF_A_GOOD_LENGTH", "shotType": "PULL", "shotControl": 2, "timestamp": "2021-10-29T10:07:50.000Z", "modified": "2021-10-29T10:07:54.000Z", "batsmanPlayerId": 61413, "bowlerPlayerId": 66808, "outPlayerId": null, "totalInningRuns": 5, "totalInningWickets": 0, "predictions": {"score": 160, "winProbability": 55.48}, "title": "Taskin to Lewis", "dismissalText": null, "commentPreTextItems": null, "commentTextItems": [{"type": "HTML", "html": "<strong>heaves and misses</strong>! A big heave, in fact, from Lewis for the shorter ball at 142kmh, but went under the bat"}], "commentPostTextItems": null, "commentVideos": [], "commentImages": [], "events": [], "over": null, "batsmanStatText": null, "bowlerStatText": null, "smartStats": []}, {"_uid": 35116048, "id": 35116048, "inningNumber": 1, "ballsActual": null, "ballsUnique": null, "oversUnique": 1.04, "oversActual": 1.4, "overNumber": 2, "ballNumber": 4, "totalRuns": 0, "batsmanRuns": 0, "isFour": false, "isSix": false, "isWicket": false, "dismissalType": null, "byes": 0, "legbyes": 0, "wides": 0, "noballs": 0, "penalties": 0, "wagonX": 200, "wagonY": 241, "wagonZone": 4, "pitchLine": "OUTSIDE_OFFSTUMP", "pitchLength": "FULL", "shotType": "ON_DRIVE", "shotControl": 1, "timestamp": "2021-10-29T10:08:36.000Z", "modified": "2021-10-29T10:08:40.000Z", "batsmanPlayerId": 61413, "bowlerPlayerId": 66808, "outPlayerId": null, "totalInningRuns": 5, "totalInningWickets": 0, "predictions": {"score": 158, "winProbability": 53.36}, "title": "Taskin to Lewis", "dismissalText": null, "commentPreTextItems": null, "commentTextItems": [{"type": "HTML", "html": "Gayle sends Lewis back for the quick single even though Lewis was running to the danger end. Anyone surprised there? Wider outside off, Lewis wanted one after pushing it to mid-off but he was sent back by the big man"}], "commentPostTextItems": null, "commentVideos": [], "commentImages": [], "events": [], "over": null, "batsmanStatText": null, "bowlerStatText": null, "smartStats": []}, {"_uid": 35116050, "id": 35116050, "inningNumber": 1, "ballsActual": null, "ballsUnique": null, "oversUnique": 1.05, "oversActual": 1.5, "overNumber": 2, "ballNumber": 5, "totalRuns": 0, "batsmanRuns": 0, "isFour": false, "isSix": false, "isWicket": false, "dismissalType": null, "byes": 0, "legbyes": 0, "wides": 0, "noballs": 0, "penalties": 0, "wagonX": 216, "wagonY": 241, "wagonZone": 4, "pitchLine": "OUTSIDE_OFFSTUMP", "pitchLength": "FULL", "shotType": "ON_DRIVE", "shotControl": 1, "timestamp": "2021-10-29T10:09:20.000Z", "modified": "2021-10-29T10:09:24.000Z", "batsmanPlayerId": 61413, "bowlerPlayerId": 66808, "outPlayerId": null, "totalInningRuns": 5, "totalInningWickets": 0, "predictions": {"score": 156, "winProbability": 51.22}, "title": "Taskin to Lewis", "dismissalText": null, "commentPreTextItems": null, "commentTextItems": [{"type": "HTML", "html": "fuller and on the stumps, driven straight to mid-off"}], "commentPostTextItems": null, "commentVideos": [], "commentImages": [], "events": [], "over": null, "batsmanStatText": null, "bowlerStatText": null, "smartStats": []}, {"_uid": 35116052, "id": 35116052, "inningNumber": 1, "ballsActual": null, "ballsUnique": null, "oversUnique": 1.06, "oversActual": 1.6, "overNumber": 2, "ballNumber": 6, "totalRuns": 4, "batsmanRuns": 4, "isFour": true, "isSix": false, "isWicket": false, "dismissalType": null, "byes": 0, "legbyes": 0, "wides": 0, "noballs": 0, "penalties": 0, "wagonX": 324, "wagonY": 311, "wagonZone": 4, "pitchLine": "WIDE_OUTSIDE_OFFSTUMP", "pitchLength": "FULL", "shotType": "COVER_DRIVE", "shotControl": 1, "timestamp": "2021-10-29T10:10:03.000Z", "modified": "2021-10-29T10:10:06.000Z", "batsmanPlayerId": 61413, "bowlerPlayerId": 66808, "outPlayerId": null, "totalInningRuns": 9, "totalInningWickets": 0, "predictions": {"score": 158, "winProbability": 53.36}, "title": "Taskin to Lewis", "dismissalText": null, "commentPreTextItems": [{"type": "HTML", "html": "Fine leg and third man have been in the circle"}], "commentTextItems": [{"type": "HTML", "html": "another fullish delivery, this time with room, and Lewis jumps on that with a powerful drive through the vacant covers for a cracking four"}], "commentPostTextItems": null, "commentVideos": [], "commentImages": [], "events": [], "over": {"team": {"id": 4, "objectId": 4, "scribeId": 4, "slug": "west-indies", "name": "West Indies", "longName": "West Indies", "abbreviation": "WI", "unofficialName": "", "imageUrl": "/db/PICTURES/CMS/317600/317615.png", "isCountry": true, "primaryColor": "#790d1a", "image": {"id": 317615, "objectId": 1254181, "slug": "west-indies-team-logo", "url": "/db/PICTURES/CMS/317600/317615.png", "width": 500, "height": 500, "caption": "West Indies team logo", "longCaption": "West Indies team logo", "credit": "West Indies Cricket", "photographer": null, "peerUrls": null}, "country": {"id": 4, "objectId": 4, "name": "West Indies", "shortName": "West Indies", "abbreviation": "WI", "slug": "west-indies"}}, "inningNumber": 1, "overNumber": 2, "overRuns": 5, "overWickets": 0, "totalRuns": 9, "totalWickets": 0, "target": 0, "overLimit": 20, "ballLimit": 120, "isMaiden": false, "isComplete": true, "isSuperOver": false, "overEndBatsmen": [{"player": {"id": 61413, "objectId": 431901, "name": "E Lewis", "longName": "Evin Lewis", "mobileName": "Lewis", "indexName": "Lewis, E", "battingName": "E Lewis", "fieldingName": "Lewis", "slug": "evin-lewis", "imageUrl": "/db/PICTURES/CMS/232700/232753.jpg", "headshotImageUrl": "/db/PICTURES/CMS/320000/320093.png", "dateOfBirth": {"year": 1991, "month": 12, "date": 27}, "dateOfDeath": null, "gender": "M", "battingStyles": ["lhb"], "bowlingStyles": [], "longBattingStyles": ["left-hand bat"], "longBowlingStyles": [], "image": {"id": 232753, "objectId": 966389, "slug": "evin-lewis-profile-photo", "url": "/db/PICTURES/CMS/232700/232753.jpg", "width": 160, "height": 200, "caption": "Evin Lewis profile photo", "longCaption": "Evin Lewis profile photo", "credit": "Craig Cozier", "photographer": null, "peerUrls": null}, "countryTeamId": 4, "playerRoleTypeIds": [1], "playingRoles": ["opening batter"], "headshotImage": {"id": 320093, "objectId": 1260548, "slug": "evin-lewis-player-page-headshot-cutout-2021", "url": "/db/PICTURES/CMS/320000/320093.png", "width": 600, "height": 436, "caption": "Evin Lewis player page headshot cutout, 2021", "longCaption": "Evin Lewis player page headshot cutout, 2021", "credit": null, "photographer": null, "peerUrls": {"FILM": null, "WIDE": null, "SQUARE": "/db/PICTURES/CMS/320000/320093.square.png"}}}, "runs": 5, "balls": 6, "fours": 1, "sixes": 0}, {"player": {"id": 7568, "objectId": 51880, "name": "CH Gayle", "longName": "Chris Gayle", "mobileName": "Gayle", "indexName": "Gayle, CH", "battingName": "CH Gayle", "fieldingName": "Gayle", "slug": "chris-gayle", "imageUrl": "/db/PICTURES/CMS/309000/309058.png", "headshotImageUrl": "/db/PICTURES/CMS/316400/316494.png", "dateOfBirth": {"year": 1979, "month": 9, "date": 21}, "dateOfDeath": null, "gender": "M", "battingStyles": ["lhb"], "bowlingStyles": ["ob"], "longBattingStyles": ["left-hand bat"], "longBowlingStyles": ["right-arm offbreak"], "image": {"id": 309058, "objectId": 1232572, "slug": "chris-gayle-portrait", "url": "/db/PICTURES/CMS/309000/309058.png", "width": 160, "height": 200, "caption": "Chris Gayle portrait", "longCaption": "Chris Gayle portrait, September 2020", "credit": "Getty Images", "photographer": null, "peerUrls": null}, "countryTeamId": 4, "playerRoleTypeIds": [5], "playingRoles": ["allrounder"], "headshotImage": {"id": 316494, "objectId": 1251123, "slug": "ch-gayle-headshot", "url": "/db/PICTURES/CMS/316400/316494.png", "width": 600, "height": 436, "caption": "CH Gayle headshot", "longCaption": "CH Gayle headshot", "credit": null, "photographer": null, "peerUrls": {"FILM": null, "WIDE": null, "SQUARE": null}}}, "runs": 3, "balls": 6, "fours": 0, "sixes": 0}], "overEndBowlers": [{"player": {"id": 66808, "objectId": 538506, "name": "Taskin Ahmed", "longName": "Taskin Ahmed", "mobileName": "Taskin", "indexName": "Taskin Ahmed", "battingName": "Taskin Ahmed", "fieldingName": "Taskin Ahmed", "slug": "taskin-ahmed", "imageUrl": "/db/PICTURES/CMS/303100/303169.jpg", "headshotImageUrl": "/db/PICTURES/CMS/316700/316703.png", "dateOfBirth": {"year": 1995, "month": 4, "date": 3}, "dateOfDeath": null, "gender": "M", "battingStyles": ["lhb"], "bowlingStyles": ["rf"], "longBattingStyles": ["left-hand bat"], "longBowlingStyles": ["right-arm fast"], "image": {"id": 303169, "objectId": 1221603, "slug": "taskin-ahmed-portrait", "url": "/db/PICTURES/CMS/303100/303169.jpg", "width": 160, "height": 203, "caption": "Taskin Ahmed portrait", "longCaption": "Taskin Ahmed portrait, April 2020", "credit": "Getty Images", "photographer": null, "peerUrls": null}, "countryTeamId": 25, "playerRoleTypeIds": [4], "playingRoles": ["bowler"], "headshotImage": {"id": 316703, "objectId": 1251336, "slug": "taskin-ahmed-headshot", "url": "/db/PICTURES/CMS/316700/316703.png", "width": 600, "height": 436, "caption": "Taskin Ahmed headshot", "longCaption": "Taskin Ahmed headshot", "credit": null, "photographer": null, "peerUrls": {"FILM": null, "WIDE": null, "SQUARE": null}}}, "overs": 1, "balls": 6, "maidens": 0, "conceded": 5, "wickets": 0, "currentType": 1}, {"player": {"id": 80875, "objectId": 833087, "name": "Mahedi Hasan", "longName": "Mahedi Hasan", "mobileName": "Mahedi Hasan", "indexName": "Mahedi Hasan", "battingName": "Mahedi Hasan", "fieldingName": "Mahedi Hasan", "slug": "mahedi-hasan", "imageUrl": "/db/PICTURES/CMS/377500/377581.4.jpg", "headshotImageUrl": "/db/PICTURES/CMS/380200/380237.png", "dateOfBirth": {"year": 1994, "month": 12, "date": 12}, "dateOfDeath": null, "gender": "M", "battingStyles": ["rhb"], "bowlingStyles": ["ob"], "longBattingStyles": ["right-hand bat"], "longBowlingStyles": ["right-arm offbreak"], "image": {"id": 377581, "objectId": 1424432, "slug": "mahedi-hasan-player-portrait", "url": "/db/PICTURES/CMS/377500/377581.4.jpg", "width": 160, "height": 265, "caption": "Mahedi Hasan, player portrait", "longCaption": "Mahedi Hasan, player portrait", "credit": "Bangladesh Cricket Board", "photographer": null, "peerUrls": null}, "countryTeamId": 25, "playerRoleTypeIds": [5], "playingRoles": ["allrounder"], "headshotImage": {"id": 380237, "objectId": 1432041, "slug": "mahedi-hasan-player-page-headshot-cutout-2024", "url": "/db/PICTURES/CMS/380200/380237.png", "width": 600, "height": 436, "caption": "Mahedi Hasan, player page headshot cutout, 2024", "longCaption": "Mahedi Hasan, player page headshot cutout, 2024", "credit": null, "photographer": null, "peerUrls": {"FILM": null, "WIDE": null, "SQUARE": "/db/PICTURES/CMS/380200/380237.square.png"}}}, "overs": 1, "balls": 6, "maidens": 0, "conceded": 4, "wickets": 0, "currentType": 2}], "rollover": null}, "batsmanStatText": null, "bowlerStatText": null, "smartStats": []}, {"_uid": 35116063, "id": 35116063, "inningNumber": 1, "ballsActual": null, "ballsUnique": null, "oversUnique": 2.01, "oversActual": 2.1, "overNumber": 3, "ballNumber": 1, "totalRuns": 0, "batsmanRuns": 0, "isFour": false, "isSix": false, "isWicket": false, "dismissalType": null, "byes": 0, "legbyes": 0, "wides": 0, "noballs": 0, "penalties": 0, "wagonX": 235, "wagonY": 174, "wagonZone": 3, "pitchLine": "OUTSIDE_OFFSTUMP", "pitchLength": "GOOD_LENGTH", "shotType": "PUSH", "shotControl": 1, "timestamp": "2021-10-29T10:12:13.000Z", "modified": "2021-10-29T10:12:16.000Z", "batsmanPlayerId": 7568, "bowlerPlayerId": 54674, "outPlayerId": null, "totalInningRuns": 9, "totalInningWickets": 0, "predictions": {"score": 158, "winProbability": 53.36}, "title": "Mustafizur to Gayle", "dismissalText": null, "commentPreTextItems": [{"type": "HTML", "html": "Mahedi taken off already, here's Mustafizur"}, {"type": "HTML", "html": "\"Gayle opening in innings feels sooooooo right.\" You're not from Bangladesh right, Manoj Gautam?"}], "commentTextItems": [{"type": "HTML", "html": "<strong>direct hit needed at keeper's end and Gayle was gone by a distance</strong>! Taps the incoming length ball to point, he wants one and takes off, but he's sent back and Shakib fires in a throw from point, he can see only one stump, and his attempt just misses the stumps. So close yet..."}], "commentPostTextItems": null, "commentVideos": [], "commentImages": [], "events": [{"type": "RUN_OUT_CHANCE", "inningNumber": 1, "oversUnique": 2.01, "batsman": null, "fielders": [{"id": 48277, "objectId": 56143, "name": "Shakib Al Hasan", "longName": "Shakib Al Hasan", "mobileName": "Shakib", "indexName": "Shakib Al Hasan", "battingName": "Shakib Al Hasan", "fieldingName": "Shakib Al Hasan", "slug": "shakib-al-hasan", "imageUrl": "/db/PICTURES/CMS/303100/303157.jpg", "headshotImageUrl": "/db/PICTURES/CMS/316500/316581.png"}]}], "over": null, "batsmanStatText": null, "bowlerStatText": null, "smartStats": []}, {"_uid": 35116066, "id": 35116066, "inningNumber": 1, "ballsActual": null, "ballsUnique": null, "oversUnique": 2.02, "oversActual": 2.2, "overNumber": 3, "ballNumber": 2, "totalRuns": 1, "batsmanRuns": 1, "isFour": false, "isSix": false, "isWicket": false, "dismissalType": null, "byes": 0, "legbyes": 0, "wides": 0, "noballs": 0, "penalties": 0, "wagonX": 63, "wagonY": 205, "wagonZone": 6, "pitchLine": "OUTSIDE_OFFSTUMP", "pitchLength": "GOOD_LENGTH", "shotType": "FLICK", "shotControl": 1, "timestamp": "2021-10-29T10:12:44.000Z", "modified": "2021-10-29T10:12:53.000Z", "batsmanPlayerId": 7568, "bowlerPlayerId": 54674, "outPlayerId": null, "totalInningRuns": 10, "totalInningWickets": 0, "predictions": {"score": 157, "winProbability": 52.29}, "title": "Mustafizur to Gayle", "dismissalText": null, "commentPreTextItems": null, "commentTextItems": [{"type": "HTML", "html": "cutting in towards the stumps again, worked to deep midwicket for one"}], "commentPostTextItems": null, "commentVideos": [], "commentImages": [], "events": [], "over": null, "batsmanStatText": null, "bowlerStatText": null, "smartStats": []}, {"_uid": 35116072, "id": 35116072, "inningNumber": 1, "ballsActual": null, "ballsUnique": null, "oversUnique": 2.03, "oversActual": 2.3, "overNumber": 3, "ballNumber": 3, "totalRuns": 1, "batsmanRuns": 1, "isFour": false, "isSix": false, "isWicket": false, "dismissalType": null, "byes": 0, "legbyes": 0, "wides": 0, "noballs": 0, "penalties": 0, "wagonX": 159, "wagonY": 289, "wagonZone": 5, "pitchLine": "OUTSIDE_OFFSTUMP", "pitchLength": "GOOD_LENGTH", "shotType": "PUSH", "shotControl": 1, "timestamp": "2021-10-29T10:13:27.000Z", "modified": "2021-10-29T10:13:30.000Z", "batsmanPlayerId": 61413, "bowlerPlayerId": 54674, "outPlayerId": null, "totalInningRuns": 11, "totalInningWickets": 0, "predictions": {"score": 156, "winProbability": 51.22}, "title": "Mustafizur to Lewis", "dismissalText": null, "commentPreTextItems": null, "commentTextItems": [{"type": "HTML", "html": "pushes it straight down to mid-on-'s right with a straight bat, both agree for a single this time"}], "commentPostTextItems": null, "commentVideos": [], "commentImages": [], "events": [], "over": null, "batsmanStatText": null, "bowlerStatText": null, "smartStats": []}, {"_uid": 35116076, "id": 35116076, "inningNumber": 1, "ballsActual": null, "ballsUnique": null, "oversUnique": 2.04, "oversActual": 2.4, "overNumber": 3, "ballNumber": 4, "totalRuns": 1, "batsmanRuns": 0, "isFour": false, "isSix": false, "isWicket": false, "dismissalType": null, "byes": 0, "legbyes": 1, "wides": 0, "noballs": 0, "penalties": 0, "wagonX": 0, "wagonY": 0, "wagonZone": 0, "pitchLine": "OUTSIDE_OFFSTUMP", "pitchLength": "FULL", "shotType": "ON_DRIVE", "shotControl": 2, "timestamp": "2021-10-29T10:14:43.000Z", "modified": "2021-10-29T10:14:46.000Z", "batsmanPlayerId": 7568, "bowlerPlayerId": 54674, "outPlayerId": null, "totalInningRuns": 12, "totalInningWickets": 0, "predictions": {"score": 156, "winProbability": 51.22}, "title": "Mustafizur to Gayle", "dismissalText": null, "commentPreTextItems": [{"type": "HTML", "html": "Long-on and square leg in the deep"}], "commentTextItems": [{"type": "HTML", "html": "<strong>loud appeal for lbw</strong>, not given by the umpire. Will they review, no Bangladesh don't. Seaming in from off, hits the front pad <b>off the inside edge</b>, so game over"}], "commentPostTextItems": null, "commentVideos": [], "commentImages": [], "events": [], "over": null, "batsmanStatText": null, "bowlerStatText": null, "smartStats": []}, {"_uid": 35116079, "id": 35116079, "inningNumber": 1, "ballsActual": null, "ballsUnique": null, "oversUnique": 2.05, "oversActual": 2.5, "overNumber": 3, "ballNumber": 5, "totalRuns": 0, "batsmanRuns": 0, "isFour": false, "isSix": false, "isWicket": false, "dismissalType": null, "byes": 0, "legbyes": 0, "wides": 0, "noballs": 0, "penalties": 0, "wagonX": 190, "wagonY": 187, "wagonZone": 4, "pitchLine": "OUTSIDE_OFFSTUMP", "pitchLength": "GOOD_LENGTH", "shotType": "PUSH", "shotControl": 1, "timestamp": "2021-10-29T10:15:13.000Z", "modified": "2021-10-29T10:15:16.000Z", "batsmanPlayerId": 61413, "bowlerPlayerId": 54674, "outPlayerId": null, "totalInningRuns": 12, "totalInningWickets": 0, "predictions": {"score": 154, "winProbability": 49.07}, "title": "Mustafizur to Lewis", "dismissalText": null, "commentPreTextItems": null, "commentTextItems": [{"type": "HTML", "html": "the tight lines continue from Mustafizur, aims for off stump and Lewis defends it back off the middle"}], "commentPostTextItems": null, "commentVideos": [], "commentImages": [], "events": [], "over": null, "batsmanStatText": null, "bowlerStatText": null, "smartStats": []}, {"_uid": 35116081, "id": 35116081, "inningNumber": 1, "ballsActual": null, "ballsUnique": null, "oversUnique": 2.06, "oversActual": 2.6, "overNumber": 3, "ballNumber": 6, "totalRuns": 0, "batsmanRuns": 0, "isFour": false, "isSix": false, "isWicket": true, "dismissalType": 1, "byes": 0, "legbyes": 0, "wides": 0, "noballs": 0, "penalties": 0, "wagonX": 125, "wagonY": 194, "wagonZone": 6, "pitchLine": "ON_THE_STUMPS", "pitchLength": "GOOD_LENGTH", "shotType": "FLICK", "shotControl": 2, "timestamp": "2021-10-29T10:16:22.000Z", "modified": "2021-10-29T10:16:25.000Z", "batsmanPlayerId": 61413, "bowlerPlayerId": 54674, "outPlayerId": 61413, "totalInningRuns": 12, "totalInningWickets": 1, "predictions": {"score": 152, "winProbability": 46.91}, "title": "Mustafizur to Lewis", "dismissalText": {"short": "caught", "long": "c Mushfiqur Rahim b Mustafizur Rahman", "commentary": "Evin Lewis c Mushfiqur Rahim b Mustafizur Rahman 6 (9b 1x4 0x6 18m) SR: 66.66"}, "commentPreTextItems": null, "commentTextItems": [{"type": "HTML", "html": "three fielders come under the ball and it's <strong>eventually an easy catch</strong> at square leg for Mushfiqur! Towards middle and leg and Lewis swiped big towards the leg side, didn't get the middle at all, and got a leading edge high towards square leg where Mushfiqur takes it nicely"}], "commentPostTextItems": null, "commentVideos": [], "commentImages": [], "events": [], "over": {"team": {"id": 4, "objectId": 4, "scribeId": 4, "slug": "west-indies", "name": "West Indies", "longName": "West Indies", "abbreviation": "WI", "unofficialName": "", "imageUrl": "/db/PICTURES/CMS/317600/317615.png", "isCountry": true, "primaryColor": "#790d1a", "image": {"id": 317615, "objectId": 1254181, "slug": "west-indies-team-logo", "url": "/db/PICTURES/CMS/317600/317615.png", "width": 500, "height": 500, "caption": "West Indies team logo", "longCaption": "West Indies team logo", "credit": "West Indies Cricket", "photographer": null, "peerUrls": null}, "country": {"id": 4, "objectId": 4, "name": "West Indies", "shortName": "West Indies", "abbreviation": "WI", "slug": "west-indies"}}, "inningNumber": 1, "overNumber": 3, "overRuns": 3, "overWickets": 1, "totalRuns": 12, "totalWickets": 1, "target": 0, "overLimit": 20, "ballLimit": 120, "isMaiden": false, "isComplete": true, "isSuperOver": false, "overEndBatsmen": [{"player": {"id": 7568, "objectId": 51880, "name": "CH Gayle", "longName": "Chris Gayle", "mobileName": "Gayle", "indexName": "Gayle, CH", "battingName": "CH Gayle", "fieldingName": "Gayle", "slug": "chris-gayle", "imageUrl": "/db/PICTURES/CMS/309000/309058.png", "headshotImageUrl": "/db/PICTURES/CMS/316400/316494.png", "dateOfBirth": {"year": 1979, "month": 9, "date": 21}, "dateOfDeath": null, "gender": "M", "battingStyles": ["lhb"], "bowlingStyles": ["ob"], "longBattingStyles": ["left-hand bat"], "longBowlingStyles": ["right-arm offbreak"], "image": {"id": 309058, "objectId": 1232572, "slug": "chris-gayle-portrait", "url": "/db/PICTURES/CMS/309000/309058.png", "width": 160, "height": 200, "caption": "Chris Gayle portrait", "longCaption": "Chris Gayle portrait, September 2020", "credit": "Getty Images", "photographer": null, "peerUrls": null}, "countryTeamId": 4, "playerRoleTypeIds": [5], "playingRoles": ["allrounder"], "headshotImage": {"id": 316494, "objectId": 1251123, "slug": "ch-gayle-headshot", "url": "/db/PICTURES/CMS/316400/316494.png", "width": 600, "height": 436, "caption": "CH Gayle headshot", "longCaption": "CH Gayle headshot", "credit": null, "photographer": null, "peerUrls": {"FILM": null, "WIDE": null, "SQUARE": null}}}, "runs": 4, "balls": 9, "fours": 0, "sixes": 0}], "overEndBowlers": [{"player": {"id": 54674, "objectId": 330902, "name": "Mustafizur Rahman", "longName": "Mustafizur Rahman", "mobileName": "Mustafizur", "indexName": "Mustafizur Rahman", "battingName": "Mustafizur Rahman", "fieldingName": "Mustafizur Rahman", "slug": "mustafizur-rahman", "imageUrl": "/db/PICTURES/CMS/263500/263578.jpg", "headshotImageUrl": "/db/PICTURES/CMS/319700/319734.png", "dateOfBirth": {"year": 1995, "month": 9, "date": 6}, "dateOfDeath": null, "gender": "M", "battingStyles": ["lhb"], "bowlingStyles": ["lfm"], "longBattingStyles": ["left-hand bat"], "longBowlingStyles": ["left-arm fast-medium"], "image": {"id": 263578, "objectId": 1099647, "slug": "mustafizur-rahman", "url": "/db/PICTURES/CMS/263500/263578.jpg", "width": 160, "height": 200, "caption": "Mustafizur Rahman", "longCaption": null, "credit": "Getty Images", "photographer": null, "peerUrls": null}, "countryTeamId": 25, "playerRoleTypeIds": [4], "playingRoles": ["bowler"], "headshotImage": {"id": 319734, "objectId": 1259735, "slug": "mustafizur-rahman-player-page-headshot-cutout-2021", "url": "/db/PICTURES/CMS/319700/319734.png", "width": 600, "height": 436, "caption": "Mustafizur Rahman player page headshot cutout, 2021", "longCaption": "Mustafizur Rahman player page headshot cutout, 2021", "credit": null, "photographer": null, "peerUrls": {"FILM": null, "WIDE": null, "SQUARE": "/db/PICTURES/CMS/319700/319734.square.png"}}}, "overs": 1, "balls": 6, "maidens": 0, "conceded": 2, "wickets": 1, "currentType": 1}, {"player": {"id": 66808, "objectId": 538506, "name": "Taskin Ahmed", "longName": "Taskin Ahmed", "mobileName": "Taskin", "indexName": "Taskin Ahmed", "battingName": "Taskin Ahmed", "fieldingName": "Taskin Ahmed", "slug": "taskin-ahmed", "imageUrl": "/db/PICTURES/CMS/303100/303169.jpg", "headshotImageUrl": "/db/PICTURES/CMS/316700/316703.png", "dateOfBirth": {"year": 1995, "month": 4, "date": 3}, "dateOfDeath": null, "gender": "M", "battingStyles": ["lhb"], "bowlingStyles": ["rf"], "longBattingStyles": ["left-hand bat"], "longBowlingStyles": ["right-arm fast"], "image": {"id": 303169, "objectId": 1221603, "slug": "taskin-ahmed-portrait", "url": "/db/PICTURES/CMS/303100/303169.jpg", "width": 160, "height": 203, "caption": "Taskin Ahmed portrait", "longCaption": "Taskin Ahmed portrait, April 2020", "credit": "Getty Images", "photographer": null, "peerUrls": null}, "countryTeamId": 25, "playerRoleTypeIds": [4], "playingRoles": ["bowler"], "headshotImage": {"id": 316703, "objectId": 1251336, "slug": "taskin-ahmed-headshot", "url": "/db/PICTURES/CMS/316700/316703.png", "width": 600, "height": 436, "caption": "Taskin Ahmed headshot", "longCaption": "Taskin Ahmed headshot", "credit": null, "photographer": null, "peerUrls": {"FILM": null, "WIDE": null, "SQUARE": null}}}, "overs": 1, "balls": 6, "maidens": 0, "conceded": 5, "wickets": 0, "currentType": 2}], "rollover": null}, "batsmanStatText": null, "bowlerStatText": null, "smartStats": []}]