[{"_uid": 35119164, "id": 35119164, "inningNumber": 2, "ballsActual": null, "ballsUnique": null, "oversUnique": 13.01, "oversActual": 13.1, "overNumber": 14, "ballNumber": 1, "totalRuns": 4, "batsmanRuns": 4, "isFour": true, "isSix": false, "isWicket": false, "dismissalType": null, "byes": 0, "legbyes": 0, "wides": 0, "noballs": 0, "penalties": 0, "wagonX": 0, "wagonY": 0, "wagonZone": 0, "pitchLine": null, "pitchLength": null, "shotType": null, "shotControl": null, "timestamp": null, "modified": "2021-10-29T13:11:53.000Z", "batsmanPlayerId": 47986, "bowlerPlayerId": 45258, "outPlayerId": null, "totalInningRuns": 90, "totalInningWickets": 3, "predictions": {"score": 151, "winProbability": 79.69}, "title": "Rampaul to Mushfiqur", "dismissalText": null, "commentPreTextItems": [{"type": "HTML", "html": "Sowmya : \"Can Mushfiqur do a Pooran? \" --- if anyone can for Bangladesh, it'll be him I would think."}], "commentTextItems": [{"type": "HTML", "html": "super shot. So nicely on top of it to cut through point for four. Short and wide outside off, not the best ball"}], "commentPostTextItems": null, "commentVideos": [], "commentImages": [], "events": [], "over": null, "batsmanStatText": null, "bowlerStatText": null, "smartStats": []}, {"_uid": 35119190, "id": 35119190, "inningNumber": 2, "ballsActual": null, "ballsUnique": null, "oversUnique": 13.02, "oversActual": 13.2, "overNumber": 14, "ballNumber": 2, "totalRuns": 0, "batsmanRuns": 0, "isFour": false, "isSix": false, "isWicket": false, "dismissalType": null, "byes": 0, "legbyes": 0, "wides": 0, "noballs": 0, "penalties": 0, "wagonX": 0, "wagonY": 0, "wagonZone": 0, "pitchLine": null, "pitchLength": null, "shotType": null, "shotControl": null, "timestamp": null, "modified": "2021-10-29T13:12:48.000Z", "batsmanPlayerId": 47986, "bowlerPlayerId": 45258, "outPlayerId": null, "totalInningRuns": 90, "totalInningWickets": 3, "predictions": {"score": 150, "winProbability": 78.02}, "title": "Rampaul to Mushfiqur", "dismissalText": null, "commentPreTextItems": null, "commentTextItems": [{"type": "HTML", "html": "given width again and he cuts it fiercely again, but this time straight to Walsh at point"}], "commentPostTextItems": null, "commentVideos": [], "commentImages": [], "events": [], "over": null, "batsmanStatText": null, "bowlerStatText": null, "smartStats": []}, {"_uid": 35119221, "id": 35119221, "inningNumber": 2, "ballsActual": null, "ballsUnique": null, "oversUnique": 13.03, "oversActual": 13.3, "overNumber": 14, "ballNumber": 3, "totalRuns": 0, "batsmanRuns": 0, "isFour": false, "isSix": false, "isWicket": true, "dismissalType": 2, "byes": 0, "legbyes": 0, "wides": 0, "noballs": 0, "penalties": 0, "wagonX": 0, "wagonY": 0, "wagonZone": 0, "pitchLine": null, "pitchLength": null, "shotType": null, "shotControl": null, "timestamp": null, "modified": "2021-10-29T13:15:32.000Z", "batsmanPlayerId": 47986, "bowlerPlayerId": 45258, "outPlayerId": 47986, "totalInningRuns": 90, "totalInningWickets": 4, "predictions": {"score": 147, "winProbability": 67.99}, "title": "Rampaul to Mushfiqur", "dismissalText": {"short": "bowled", "long": " b Rampaul", "commentary": "Mushfiqur Rahim b Rampaul 8 (7b 1x4 0x6 18m) SR: 114.28"}, "commentPreTextItems": null, "commentTextItems": [{"type": "HTML", "html": "<b>stumps shattered</b>. He moved across and got low to scoop it, but got no bat on it at all - or perhaps a thin inside edge - and the ball is straight and true, heads right into the stumps. Crucial, crucial wicket that. Rampaul needed to break through, and he's done it."}], "commentPostTextItems": null, "commentVideos": [], "commentImages": [], "events": [], "over": null, "batsmanStatText": null, "bowlerStatText": null, "smartStats": []}, {"_uid": 35119222, "id": 35119222, "inningNumber": 2, "ballsActual": null, "ballsUnique": null, "oversUnique": 13.04, "oversActual": 13.4, "overNumber": 14, "ballNumber": 4, "totalRuns": 1, "batsmanRuns": 1, "isFour": false, "isSix": false, "isWicket": false, "dismissalType": null, "byes": 0, "legbyes": 0, "wides": 0, "noballs": 0, "penalties": 0, "wagonX": 0, "wagonY": 0, "wagonZone": 0, "pitchLine": null, "pitchLength": null, "shotType": null, "shotControl": null, "timestamp": null, "modified": "2021-10-29T13:15:32.000Z", "batsmanPlayerId": 47352, "bowlerPlayerId": 45258, "outPlayerId": null, "totalInningRuns": 91, "totalInningWickets": 4, "predictions": {"score": 147, "winProbability": 68.27}, "title": "Rampaul to Mahmudullah", "dismissalText": null, "commentPreTextItems": null, "commentTextItems": [{"type": "HTML", "html": "full outside off, steered wiht an open bat face in front of point"}], "commentPostTextItems": null, "commentVideos": [], "commentImages": [], "events": [], "over": null, "batsmanStatText": null, "bowlerStatText": null, "smartStats": []}, {"_uid": 35119247, "id": 35119247, "inningNumber": 2, "ballsActual": null, "ballsUnique": null, "oversUnique": 13.05, "oversActual": 13.5, "overNumber": 14, "ballNumber": 5, "totalRuns": 1, "batsmanRuns": 1, "isFour": false, "isSix": false, "isWicket": false, "dismissalType": null, "byes": 0, "legbyes": 0, "wides": 0, "noballs": 0, "penalties": 0, "wagonX": 0, "wagonY": 0, "wagonZone": 0, "pitchLine": null, "pitchLength": null, "shotType": null, "shotControl": null, "timestamp": null, "modified": "2021-10-29T13:16:18.000Z", "batsmanPlayerId": 66691, "bowlerPlayerId": 45258, "outPlayerId": null, "totalInningRuns": 92, "totalInningWickets": 4, "predictions": {"score": 147, "winProbability": 68.54}, "title": "Rampaul to Litton Das", "dismissalText": null, "commentPreTextItems": null, "commentTextItems": [{"type": "HTML", "html": "fuller, tailing into him, clipped to long-on"}], "commentPostTextItems": null, "commentVideos": [], "commentImages": [], "events": [], "over": null, "batsmanStatText": null, "bowlerStatText": null, "smartStats": []}, {"_uid": 35119272, "id": 35119272, "inningNumber": 2, "ballsActual": null, "ballsUnique": null, "oversUnique": 13.06, "oversActual": 13.6, "overNumber": 14, "ballNumber": 6, "totalRuns": 1, "batsmanRuns": 1, "isFour": false, "isSix": false, "isWicket": false, "dismissalType": null, "byes": 0, "legbyes": 0, "wides": 0, "noballs": 0, "penalties": 0, "wagonX": 0, "wagonY": 0, "wagonZone": 0, "pitchLine": null, "pitchLength": null, "shotType": null, "shotControl": null, "timestamp": null, "modified": "2021-10-29T13:16:55.000Z", "batsmanPlayerId": 47352, "bowlerPlayerId": 45258, "outPlayerId": null, "totalInningRuns": 93, "totalInningWickets": 4, "predictions": {"score": 148, "winProbability": 70.67}, "title": "Rampaul to Mahmudullah", "dismissalText": null, "commentPreTextItems": null, "commentTextItems": [{"type": "HTML", "html": "back of a length outside off, latches onto a pull but can't time it, goes to midwicket off the bottom half, misfield allows a comfortable single"}], "commentPostTextItems": null, "commentVideos": [], "commentImages": [], "events": [], "over": {"team": {"id": 25, "objectId": 25, "scribeId": 25, "slug": "bangladesh", "name": "Bangladesh", "longName": "Bangladesh", "abbreviation": "BAN", "unofficialName": "", "imageUrl": "/db/PICTURES/CMS/341400/341456.png", "isCountry": true, "primaryColor": "#ed3507", "image": {"id": 341456, "objectId": 1321180, "slug": "bangladesh-latest-team-flag", "url": "/db/PICTURES/CMS/341400/341456.png", "width": 500, "height": 500, "caption": "Bangladesh latest-team flag", "longCaption": "Bangladesh latest-team flag", "credit": "Getty Images", "photographer": null, "peerUrls": null}, "country": {"id": 25, "objectId": 25, "name": "Bangladesh", "shortName": "Bangladesh", "abbreviation": "BAN", "slug": "bangladesh"}}, "inningNumber": 2, "overNumber": 14, "overRuns": 7, "overWickets": 1, "totalRuns": 93, "totalWickets": 4, "target": 143, "overLimit": 20, "ballLimit": 120, "isMaiden": false, "isComplete": true, "isSuperOver": false, "overEndBatsmen": [{"player": {"id": 47352, "objectId": 56025, "name": "Mahmudullah", "longName": "Mahmudullah", "mobileName": "Mahmudullah", "indexName": "Mahmudullah", "battingName": "Mahmudullah", "fieldingName": "Mahmudullah", "slug": "mahmudullah", "imageUrl": "/db/PICTURES/CMS/263500/263581.jpg", "headshotImageUrl": "/db/PICTURES/CMS/316500/316571.png", "dateOfBirth": {"year": 1986, "month": 2, "date": 4}, "dateOfDeath": null, "gender": "M", "battingStyles": ["rhb"], "bowlingStyles": ["ob"], "longBattingStyles": ["right-hand bat"], "longBowlingStyles": ["right-arm offbreak"], "image": {"id": 263581, "objectId": 1099653, "slug": "mahmudullah", "url": "/db/PICTURES/CMS/263500/263581.jpg", "width": 159, "height": 207, "caption": "Mahmudullah", "longCaption": null, "credit": "Getty Images", "photographer": null, "peerUrls": null}, "countryTeamId": 25, "playerRoleTypeIds": [5], "playingRoles": ["allrounder"], "headshotImage": {"id": 316571, "objectId": 1251200, "slug": "mahmudullah-headshot", "url": "/db/PICTURES/CMS/316500/316571.png", "width": 600, "height": 436, "caption": "Mahmudullah headshot", "longCaption": "Mahmudullah headshot", "credit": null, "photographer": null, "peerUrls": {"FILM": null, "WIDE": null, "SQUARE": null}}}, "runs": 2, "balls": 2, "fours": 0, "sixes": 0}, {"player": {"id": 66691, "objectId": 536936, "name": "Liton Das", "longName": "Litton Das", "mobileName": "Litton Das", "indexName": "Litton Das", "battingName": "Liton Das", "fieldingName": "Liton Das", "slug": "litton-das", "imageUrl": "/db/PICTURES/CMS/302900/302995.jpg", "headshotImageUrl": "/db/PICTURES/CMS/319700/319727.png", "dateOfBirth": {"year": 1994, "month": 10, "date": 13}, "dateOfDeath": null, "gender": "M", "battingStyles": ["rhb"], "bowlingStyles": ["ob"], "longBattingStyles": ["right-hand bat"], "longBowlingStyles": ["right-arm offbreak"], "image": {"id": 302995, "objectId": 1221378, "slug": "liton-das-portrait", "url": "/db/PICTURES/CMS/302900/302995.jpg", "width": 160, "height": 199, "caption": "Liton Das portrait", "longCaption": "Liton Das portrait, April 2020", "credit": "Getty Images", "photographer": null, "peerUrls": null}, "countryTeamId": 25, "playerRoleTypeIds": [7], "playingRoles": ["wicketkeeper batter"], "headshotImage": {"id": 319727, "objectId": 1259727, "slug": "liton-das-player-page-headshot-cutout-2021", "url": "/db/PICTURES/CMS/319700/319727.png", "width": 600, "height": 436, "caption": "Liton Das player page headshot cutout, 2021", "longCaption": "Liton Das player page headshot cutout, 2021", "credit": null, "photographer": null, "peerUrls": {"FILM": null, "WIDE": null, "SQUARE": "/db/PICTURES/CMS/319700/319727.square.png"}}}, "runs": 33, "balls": 31, "fours": 3, "sixes": 0}], "overEndBowlers": [{"player": {"id": 45258, "objectId": 52912, "name": "R Rampaul", "longName": "Ravi Rampaul", "mobileName": "Rampaul", "indexName": "Rampaul, R", "battingName": "R Rampaul", "fieldingName": "Rampaul", "slug": "ravi-rampaul", "imageUrl": "/db/PICTURES/CMS/203200/203291.1.jpg", "headshotImageUrl": "/db/PICTURES/CMS/320100/320111.png", "dateOfBirth": {"year": 1984, "month": 10, "date": 15}, "dateOfDeath": null, "gender": "M", "battingStyles": ["lhb"], "bowlingStyles": ["rfm"], "longBattingStyles": ["left-hand bat"], "longBowlingStyles": ["right-arm fast-medium"], "image": {"id": 203291, "objectId": 818693, "slug": "ravi-rampaul", "url": "/db/PICTURES/CMS/203200/203291.1.jpg", "width": 160, "height": 192, "caption": "Ravi Rampaul", "longCaption": "Ravi Rampaul", "credit": "Getty Images", "photographer": null, "peerUrls": null}, "countryTeamId": 4, "playerRoleTypeIds": [4], "playingRoles": ["bowler"], "headshotImage": {"id": 320111, "objectId": 1260566, "slug": "ravi-rampaul-player-page-headshot-cutout-2021", "url": "/db/PICTURES/CMS/320100/320111.png", "width": 600, "height": 436, "caption": "Ravi Rampaul player page headshot cutout, 2021", "longCaption": "Ravi Rampaul player page headshot cutout, 2021", "credit": null, "photographer": null, "peerUrls": {"FILM": null, "WIDE": null, "SQUARE": "/db/PICTURES/CMS/320100/320111.square.png"}}}, "overs": 3, "balls": 18, "maidens": 0, "conceded": 18, "wickets": 1, "currentType": 1}, {"player": {"id": 66259, "objectId": 530812, "name": "AJ Hosein", "longName": "Akeal Hosein", "mobileName": "Hosein", "indexName": "Hosein, AJ", "battingName": "AJ Hosein", "fieldingName": "Hosein", "slug": "akeal-hosein", "imageUrl": "/db/PICTURES/CMS/326100/326139.4.jpg", "headshotImageUrl": "/db/PICTURES/CMS/321900/321939.png", "dateOfBirth": {"year": 1993, "month": 4, "date": 25}, "dateOfDeath": null, "gender": "M", "battingStyles": ["lhb"], "bowlingStyles": ["sla"], "longBattingStyles": ["left-hand bat"], "longBowlingStyles": ["slow left-arm orthodox"], "image": {"id": 326139, "objectId": 1274398, "slug": "akeal-hosein-player-portrait", "url": "/db/PICTURES/CMS/326100/326139.4.jpg", "width": 160, "height": 292, "caption": "Akeal Hosein, player portrait", "longCaption": "Akeal Hosein, player portrait", "credit": "AFP/Getty Images", "photographer": "Randy Brooks", "peerUrls": null}, "countryTeamId": 4, "playerRoleTypeIds": [4], "playingRoles": ["bowler"], "headshotImage": {"id": 321939, "objectId": 1264222, "slug": "akeal-hosein-player-page-headshot-cutout-2021", "url": "/db/PICTURES/CMS/321900/321939.png", "width": 600, "height": 436, "caption": "Akeal Hosein player page headshot cutout, 2021", "longCaption": "Akeal Hosein player page headshot cutout, 2021", "credit": null, "photographer": null, "peerUrls": {"FILM": null, "WIDE": null, "SQUARE": "/db/PICTURES/CMS/321900/321939.square.png"}}}, "overs": 4, "balls": 24, "maidens": 0, "conceded": 24, "wickets": 1, "currentType": 2}], "rollover": null}, "batsmanStatText": null, "bowlerStatText": null, "smartStats": []}, {"_uid": 35119305, "id": 35119305, "inningNumber": 2, "ballsActual": null, "ballsUnique": null, "oversUnique": 14.01, "oversActual": 14.1, "overNumber": 15, "ballNumber": 1, "totalRuns": 0, "batsmanRuns": 0, "isFour": false, "isSix": false, "isWicket": false, "dismissalType": null, "byes": 0, "legbyes": 0, "wides": 0, "noballs": 0, "penalties": 0, "wagonX": 0, "wagonY": 0, "wagonZone": 0, "pitchLine": null, "pitchLength": null, "shotType": null, "shotControl": null, "timestamp": null, "modified": "2021-10-29T13:18:34.000Z", "batsmanPlayerId": 47352, "bowlerPlayerId": 51012, "outPlayerId": null, "totalInningRuns": 93, "totalInningWickets": 4, "predictions": {"score": 147, "winProbability": 68.22}, "title": "Russell to Mahmudullah", "dismissalText": null, "commentPreTextItems": [{"type": "HTML", "html": "50 needed from 36. It's very doable, but is it doable by Bangladesh with four down? We'll find out. Dre Russ back with the ball."}], "commentTextItems": [{"type": "HTML", "html": "length outside off, punched to cover"}], "commentPostTextItems": null, "commentVideos": [], "commentImages": [], "events": [], "over": null, "batsmanStatText": null, "bowlerStatText": null, "smartStats": []}, {"_uid": 35119329, "id": 35119329, "inningNumber": 2, "ballsActual": null, "ballsUnique": null, "oversUnique": 14.02, "oversActual": 14.2, "overNumber": 15, "ballNumber": 2, "totalRuns": 1, "batsmanRuns": 1, "isFour": false, "isSix": false, "isWicket": false, "dismissalType": null, "byes": 0, "legbyes": 0, "wides": 0, "noballs": 0, "penalties": 0, "wagonX": 0, "wagonY": 0, "wagonZone": 0, "pitchLine": null, "pitchLength": null, "shotType": null, "shotControl": null, "timestamp": null, "modified": "2021-10-29T13:19:02.000Z", "batsmanPlayerId": 47352, "bowlerPlayerId": 51012, "outPlayerId": null, "totalInningRuns": 94, "totalInningWickets": 4, "predictions": {"score": 146, "winProbability": 66.68}, "title": "Russell to Mahmudullah", "dismissalText": null, "commentPreTextItems": null, "commentTextItems": [{"type": "HTML", "html": "length ball in the channel, punches it to deep point"}], "commentPostTextItems": null, "commentVideos": [], "commentImages": [], "events": [], "over": null, "batsmanStatText": null, "bowlerStatText": null, "smartStats": []}, {"_uid": 35119352, "id": 35119352, "inningNumber": 2, "ballsActual": null, "ballsUnique": null, "oversUnique": 14.03, "oversActual": 14.3, "overNumber": 15, "ballNumber": 3, "totalRuns": 1, "batsmanRuns": 1, "isFour": false, "isSix": false, "isWicket": false, "dismissalType": null, "byes": 0, "legbyes": 0, "wides": 0, "noballs": 0, "penalties": 0, "wagonX": 0, "wagonY": 0, "wagonZone": 0, "pitchLine": null, "pitchLength": null, "shotType": null, "shotControl": null, "timestamp": null, "modified": "2021-10-29T13:19:38.000Z", "batsmanPlayerId": 66691, "bowlerPlayerId": 51012, "outPlayerId": null, "totalInningRuns": 95, "totalInningWickets": 4, "predictions": {"score": 146, "winProbability": 66.98}, "title": "Russell to Litton Das", "dismissalText": null, "commentPreTextItems": null, "commentTextItems": [{"type": "HTML", "html": "full ball tailing into him, driven to long-on"}], "commentPostTextItems": null, "commentVideos": [], "commentImages": [], "events": [], "over": null, "batsmanStatText": null, "bowlerStatText": null, "smartStats": []}, {"_uid": 35119377, "id": 35119377, "inningNumber": 2, "ballsActual": null, "ballsUnique": null, "oversUnique": 14.04, "oversActual": 14.4, "overNumber": 15, "ballNumber": 4, "totalRuns": 0, "batsmanRuns": 0, "isFour": false, "isSix": false, "isWicket": false, "dismissalType": null, "byes": 0, "legbyes": 0, "wides": 0, "noballs": 0, "penalties": 0, "wagonX": 0, "wagonY": 0, "wagonZone": 0, "pitchLine": null, "pitchLength": null, "shotType": null, "shotControl": null, "timestamp": null, "modified": "2021-10-29T13:20:06.000Z", "batsmanPlayerId": 47352, "bowlerPlayerId": 51012, "outPlayerId": null, "totalInningRuns": 95, "totalInningWickets": 4, "predictions": {"score": 145, "winProbability": 63.86}, "title": "Russell to Mahmudullah", "dismissalText": null, "commentPreTextItems": null, "commentTextItems": [{"type": "HTML", "html": "swing and a miss. Length ball in the channel, was looking to whack it long-off side, but can't connect"}], "commentPostTextItems": null, "commentVideos": [], "commentImages": [], "events": [], "over": null, "batsmanStatText": null, "bowlerStatText": null, "smartStats": []}, {"_uid": 35119401, "id": 35119401, "inningNumber": 2, "ballsActual": null, "ballsUnique": null, "oversUnique": 14.05, "oversActual": 14.5, "overNumber": 15, "ballNumber": 5, "totalRuns": 4, "batsmanRuns": 4, "isFour": true, "isSix": false, "isWicket": false, "dismissalType": null, "byes": 0, "legbyes": 0, "wides": 0, "noballs": 0, "penalties": 0, "wagonX": 0, "wagonY": 0, "wagonZone": 0, "pitchLine": null, "pitchLength": null, "shotType": null, "shotControl": null, "timestamp": null, "modified": "2021-10-29T13:20:47.000Z", "batsmanPlayerId": 47352, "bowlerPlayerId": 51012, "outPlayerId": null, "totalInningRuns": 99, "totalInningWickets": 4, "predictions": {"score": 147, "winProbability": 72.05}, "title": "Russell to Mahmudullah", "dismissalText": null, "commentPreTextItems": null, "commentTextItems": [{"type": "HTML", "html": "<b>connects this time</b>. Full ball on the pads, flicks it powerfully, not much of an exaggerated follow through, bisects the gap between deep midwicket and deep square leg"}], "commentPostTextItems": null, "commentVideos": [], "commentImages": [], "events": [], "over": null, "batsmanStatText": null, "bowlerStatText": null, "smartStats": []}, {"_uid": 35119426, "id": 35119426, "inningNumber": 2, "ballsActual": null, "ballsUnique": null, "oversUnique": 14.06, "oversActual": 14.6, "overNumber": 15, "ballNumber": 6, "totalRuns": 0, "batsmanRuns": 0, "isFour": false, "isSix": false, "isWicket": false, "dismissalType": null, "byes": 0, "legbyes": 0, "wides": 0, "noballs": 0, "penalties": 0, "wagonX": 0, "wagonY": 0, "wagonZone": 0, "pitchLine": null, "pitchLength": null, "shotType": null, "shotControl": null, "timestamp": null, "modified": "2021-10-29T13:21:23.000Z", "batsmanPlayerId": 47352, "bowlerPlayerId": 51012, "outPlayerId": null, "totalInningRuns": 99, "totalInningWickets": 4, "predictions": {"score": 146, "winProbability": 69.17}, "title": "Russell to Mahmudullah", "dismissalText": null, "commentPreTextItems": null, "commentTextItems": [{"type": "HTML", "html": "length ball into him, patted to the bowler's right, who's quickly across to stop it"}], "commentPostTextItems": null, "commentVideos": [], "commentImages": [], "events": [], "over": {"team": {"id": 25, "objectId": 25, "scribeId": 25, "slug": "bangladesh", "name": "Bangladesh", "longName": "Bangladesh", "abbreviation": "BAN", "unofficialName": "", "imageUrl": "/db/PICTURES/CMS/341400/341456.png", "isCountry": true, "primaryColor": "#ed3507", "image": {"id": 341456, "objectId": 1321180, "slug": "bangladesh-latest-team-flag", "url": "/db/PICTURES/CMS/341400/341456.png", "width": 500, "height": 500, "caption": "Bangladesh latest-team flag", "longCaption": "Bangladesh latest-team flag", "credit": "Getty Images", "photographer": null, "peerUrls": null}, "country": {"id": 25, "objectId": 25, "name": "Bangladesh", "shortName": "Bangladesh", "abbreviation": "BAN", "slug": "bangladesh"}}, "inningNumber": 2, "overNumber": 15, "overRuns": 6, "overWickets": 0, "totalRuns": 99, "totalWickets": 4, "target": 143, "overLimit": 20, "ballLimit": 120, "isMaiden": false, "isComplete": true, "isSuperOver": false, "overEndBatsmen": [{"player": {"id": 47352, "objectId": 56025, "name": "Mahmudullah", "longName": "Mahmudullah", "mobileName": "Mahmudullah", "indexName": "Mahmudullah", "battingName": "Mahmudullah", "fieldingName": "Mahmudullah", "slug": "mahmudullah", "imageUrl": "/db/PICTURES/CMS/263500/263581.jpg", "headshotImageUrl": "/db/PICTURES/CMS/316500/316571.png", "dateOfBirth": {"year": 1986, "month": 2, "date": 4}, "dateOfDeath": null, "gender": "M", "battingStyles": ["rhb"], "bowlingStyles": ["ob"], "longBattingStyles": ["right-hand bat"], "longBowlingStyles": ["right-arm offbreak"], "image": {"id": 263581, "objectId": 1099653, "slug": "mahmudullah", "url": "/db/PICTURES/CMS/263500/263581.jpg", "width": 159, "height": 207, "caption": "Mahmudullah", "longCaption": null, "credit": "Getty Images", "photographer": null, "peerUrls": null}, "countryTeamId": 25, "playerRoleTypeIds": [5], "playingRoles": ["allrounder"], "headshotImage": {"id": 316571, "objectId": 1251200, "slug": "mahmudullah-headshot", "url": "/db/PICTURES/CMS/316500/316571.png", "width": 600, "height": 436, "caption": "Mahmudullah headshot", "longCaption": "Mahmudullah headshot", "credit": null, "photographer": null, "peerUrls": {"FILM": null, "WIDE": null, "SQUARE": null}}}, "runs": 7, "balls": 7, "fours": 1, "sixes": 0}, {"player": {"id": 66691, "objectId": 536936, "name": "Liton Das", "longName": "Litton Das", "mobileName": "Litton Das", "indexName": "Litton Das", "battingName": "Liton Das", "fieldingName": "Liton Das", "slug": "litton-das", "imageUrl": "/db/PICTURES/CMS/302900/302995.jpg", "headshotImageUrl": "/db/PICTURES/CMS/319700/319727.png", "dateOfBirth": {"year": 1994, "month": 10, "date": 13}, "dateOfDeath": null, "gender": "M", "battingStyles": ["rhb"], "bowlingStyles": ["ob"], "longBattingStyles": ["right-hand bat"], "longBowlingStyles": ["right-arm offbreak"], "image": {"id": 302995, "objectId": 1221378, "slug": "liton-das-portrait", "url": "/db/PICTURES/CMS/302900/302995.jpg", "width": 160, "height": 199, "caption": "Liton Das portrait", "longCaption": "Liton Das portrait, April 2020", "credit": "Getty Images", "photographer": null, "peerUrls": null}, "countryTeamId": 25, "playerRoleTypeIds": [7], "playingRoles": ["wicketkeeper batter"], "headshotImage": {"id": 319727, "objectId": 1259727, "slug": "liton-das-player-page-headshot-cutout-2021", "url": "/db/PICTURES/CMS/319700/319727.png", "width": 600, "height": 436, "caption": "Liton Das player page headshot cutout, 2021", "longCaption": "Liton Das player page headshot cutout, 2021", "credit": null, "photographer": null, "peerUrls": {"FILM": null, "WIDE": null, "SQUARE": "/db/PICTURES/CMS/319700/319727.square.png"}}}, "runs": 34, "balls": 32, "fours": 3, "sixes": 0}], "overEndBowlers": [{"player": {"id": 51012, "objectId": 276298, "name": "AD Russell", "longName": "Andre Russell", "mobileName": "Russell", "indexName": "Russell, AD", "battingName": "AD Russell", "fieldingName": "Russell", "slug": "andre-russell", "imageUrl": "/db/PICTURES/CMS/308900/308972.png", "headshotImageUrl": "/db/PICTURES/CMS/316600/316615.png", "dateOfBirth": {"year": 1988, "month": 4, "date": 29}, "dateOfDeath": null, "gender": "M", "battingStyles": ["rhb"], "bowlingStyles": ["rf"], "longBattingStyles": ["right-hand bat"], "longBowlingStyles": ["right-arm fast"], "image": {"id": 308972, "objectId": 1232420, "slug": "andre-russell-portrait", "url": "/db/PICTURES/CMS/308900/308972.png", "width": 160, "height": 200, "caption": "Andre Russell portrait", "longCaption": "Andre Russell portrait, September 2020", "credit": "Getty Images", "photographer": null, "peerUrls": null}, "countryTeamId": 4, "playerRoleTypeIds": [5], "playingRoles": ["allrounder"], "headshotImage": {"id": 316615, "objectId": 1251247, "slug": "ad-russell-headshot", "url": "/db/PICTURES/CMS/316600/316615.png", "width": 600, "height": 436, "caption": "AD Russell headshot", "longCaption": "AD Russell headshot", "credit": null, "photographer": null, "peerUrls": {"FILM": null, "WIDE": null, "SQUARE": null}}}, "overs": 3, "balls": 18, "maidens": 0, "conceded": 21, "wickets": 1, "currentType": 1}, {"player": {"id": 45258, "objectId": 52912, "name": "R Rampaul", "longName": "Ravi Rampaul", "mobileName": "Rampaul", "indexName": "Rampaul, R", "battingName": "R Rampaul", "fieldingName": "Rampaul", "slug": "ravi-rampaul", "imageUrl": "/db/PICTURES/CMS/203200/203291.1.jpg", "headshotImageUrl": "/db/PICTURES/CMS/320100/320111.png", "dateOfBirth": {"year": 1984, "month": 10, "date": 15}, "dateOfDeath": null, "gender": "M", "battingStyles": ["lhb"], "bowlingStyles": ["rfm"], "longBattingStyles": ["left-hand bat"], "longBowlingStyles": ["right-arm fast-medium"], "image": {"id": 203291, "objectId": 818693, "slug": "ravi-rampaul", "url": "/db/PICTURES/CMS/203200/203291.1.jpg", "width": 160, "height": 192, "caption": "Ravi Rampaul", "longCaption": "Ravi Rampaul", "credit": "Getty Images", "photographer": null, "peerUrls": null}, "countryTeamId": 4, "playerRoleTypeIds": [4], "playingRoles": ["bowler"], "headshotImage": {"id": 320111, "objectId": 1260566, "slug": "ravi-rampaul-player-page-headshot-cutout-2021", "url": "/db/PICTURES/CMS/320100/320111.png", "width": 600, "height": 436, "caption": "Ravi Rampaul player page headshot cutout, 2021", "longCaption": "Ravi Rampaul player page headshot cutout, 2021", "credit": null, "photographer": null, "peerUrls": {"FILM": null, "WIDE": null, "SQUARE": "/db/PICTURES/CMS/320100/320111.square.png"}}}, "overs": 3, "balls": 18, "maidens": 0, "conceded": 18, "wickets": 1, "currentType": 2}], "rollover": null}, "batsmanStatText": null, "bowlerStatText": null, "smartStats": []}]