[{"_uid": 35064916, "id": 35064916, "inningNumber": 1, "ballsActual": null, "ballsUnique": null, "oversUnique": 19.01, "oversActual": 19.1, "overNumber": 20, "ballNumber": 1, "totalRuns": 2, "batsmanRuns": 2, "isFour": false, "isSix": false, "isWicket": false, "dismissalType": null, "byes": 0, "legbyes": 0, "wides": 0, "noballs": 0, "penalties": 0, "wagonX": 155, "wagonY": 333, "wagonZone": 5, "pitchLine": "ON_THE_STUMPS", "pitchLength": "FULL", "shotType": "ON_DRIVE", "shotControl": 1, "timestamp": "2021-10-23T11:36:37.000Z", "modified": "2021-10-23T11:36:40.000Z", "batsmanPlayerId": 67296, "bowlerPlayerId": 53330, "outPlayerId": null, "totalInningRuns": 108, "totalInningWickets": 8, "predictions": {"score": 115, "winProbability": 10.1}, "title": "Starc to Rabada", "dismissalText": null, "commentPreTextItems": null, "commentTextItems": [{"type": "HTML", "html": "full and just outside off, clears the front leg and drives to long-on's right"}], "commentPostTextItems": null, "commentVideos": [], "commentImages": [], "events": [], "over": null, "batsmanStatText": null, "bowlerStatText": null, "smartStats": []}, {"_uid": 35064919, "id": 35064919, "inningNumber": 1, "ballsActual": null, "ballsUnique": null, "oversUnique": 19.02, "oversActual": 19.2, "overNumber": 20, "ballNumber": 2, "totalRuns": 6, "batsmanRuns": 6, "isFour": false, "isSix": true, "isWicket": false, "dismissalType": null, "byes": 0, "legbyes": 0, "wides": 0, "noballs": 0, "penalties": 0, "wagonX": 74, "wagonY": 326, "wagonZone": 5, "pitchLine": "ON_THE_STUMPS", "pitchLength": "FULL_TOSS", "shotType": "ON_DRIVE", "shotControl": 1, "timestamp": "2021-10-23T11:37:18.000Z", "modified": "2021-10-23T11:37:22.000Z", "batsmanPlayerId": 67296, "bowlerPlayerId": 53330, "outPlayerId": null, "totalInningRuns": 114, "totalInningWickets": 8, "predictions": {"score": 120, "winProbability": 12.3}, "title": "Starc to Rabada", "dismissalText": null, "commentPreTextItems": [{"type": "HTML", "html": "KJSays: \"Lots of understandably disappointed comments from SA fans, but I think it is premature to write them off even in this match. Pitches have been slow, this is a day match and SA have nortje and rabada\""}], "commentTextItems": [{"type": "HTML", "html": "<b>swatted over long-on, one-handed!</b> Very baseball. Lovely full toss at a leg stump line, watches that closely and swings in long-on's direction. It's come right off the middle and has enough to clear him by some distance"}], "commentPostTextItems": null, "commentVideos": [], "commentImages": [], "events": [], "over": null, "batsmanStatText": null, "bowlerStatText": null, "smartStats": []}, {"_uid": 35064924, "id": 35064924, "inningNumber": 1, "ballsActual": null, "ballsUnique": null, "oversUnique": 19.03, "oversActual": 19.3, "overNumber": 20, "ballNumber": 3, "totalRuns": 1, "batsmanRuns": 0, "isFour": false, "isSix": false, "isWicket": false, "dismissalType": null, "byes": 0, "legbyes": 1, "wides": 0, "noballs": 0, "penalties": 0, "wagonX": 0, "wagonY": 0, "wagonZone": 0, "pitchLine": "DOWN_LEG", "pitchLength": "YORKER", "shotType": "FLICK", "shotControl": 2, "timestamp": "2021-10-23T11:38:12.000Z", "modified": "2021-10-23T11:45:07.000Z", "batsmanPlayerId": 67296, "bowlerPlayerId": 53330, "outPlayerId": null, "totalInningRuns": 115, "totalInningWickets": 8, "predictions": {"score": 120, "winProbability": 12.3}, "title": "Starc to Rabada", "dismissalText": null, "commentPreTextItems": null, "commentTextItems": [{"type": "HTML", "html": "yorker tailing in furiously at Rabada's toes, manages to save them and squeeze this towards short fine off his pads"}], "commentPostTextItems": null, "commentVideos": [], "commentImages": [], "events": [], "over": null, "batsmanStatText": null, "bowlerStatText": null, "smartStats": []}, {"_uid": 35064927, "id": 35064927, "inningNumber": 1, "ballsActual": null, "ballsUnique": null, "oversUnique": 19.04, "oversActual": 19.4, "overNumber": 20, "ballNumber": 4, "totalRuns": 0, "batsmanRuns": 0, "isFour": false, "isSix": false, "isWicket": true, "dismissalType": 1, "byes": 0, "legbyes": 0, "wides": 0, "noballs": 0, "penalties": 0, "wagonX": 138, "wagonY": 205, "wagonZone": 6, "pitchLine": "ON_THE_STUMPS", "pitchLength": "FULL", "shotType": "SLOG_SHOT", "shotControl": 2, "timestamp": "2021-10-23T11:39:02.000Z", "modified": "2021-10-23T11:39:06.000Z", "batsmanPlayerId": 63651, "bowlerPlayerId": 53330, "outPlayerId": 63651, "totalInningRuns": 115, "totalInningWickets": 9, "predictions": {"score": 118, "winProbability": 11.37}, "title": "Starc to Nortje", "dismissalText": {"short": "caught", "long": "c Finch b Starc", "commentary": "Anrich Nortje c Finch b Starc 2 (3b 0x4 0x6 14m) SR: 66.66"}, "commentPreTextItems": [{"type": "HTML", "html": "Charles: \"@matthew this isn't the tournament opener. Scotland are already on 3 wins!\""}], "commentTextItems": [{"type": "HTML", "html": "<b>easy grab at extra cover.</b> Full and at the stumps from around the wicket, closes the face and gets a leading edge for Finch to grab"}], "commentPostTextItems": null, "commentVideos": [], "commentImages": [], "events": [], "over": null, "batsmanStatText": null, "bowlerStatText": null, "smartStats": []}, {"_uid": 35064935, "id": 35064935, "inningNumber": 1, "ballsActual": null, "ballsUnique": null, "oversUnique": 19.05, "oversActual": 19.5, "overNumber": 20, "ballNumber": 5, "totalRuns": 1, "batsmanRuns": 0, "isFour": false, "isSix": false, "isWicket": false, "dismissalType": null, "byes": 1, "legbyes": 0, "wides": 0, "noballs": 0, "penalties": 0, "wagonX": 0, "wagonY": 0, "wagonZone": 0, "pitchLine": "OUTSIDE_OFFSTUMP", "pitchLength": "YORKER", "shotType": "COVER_DRIVE", "shotControl": 2, "timestamp": "2021-10-23T11:40:47.000Z", "modified": "2021-10-23T11:40:50.000Z", "batsmanPlayerId": 58408, "bowlerPlayerId": 53330, "outPlayerId": null, "totalInningRuns": 116, "totalInningWickets": 9, "predictions": {"score": 118, "winProbability": 11.37}, "title": "Starc to Shamsi", "dismissalText": null, "commentPreTextItems": [{"type": "HTML", "html": "Mike : \"I think people are over estimating Australia's ability to chase down this total, the top order is out of form\""}], "commentTextItems": [{"type": "HTML", "html": "yorker from around the wicket, curves away from off stump as Shamsi backs away to protect his toes and has a flap at it. Beaten, but Rabada alert to get to the other end"}], "commentPostTextItems": null, "commentVideos": [], "commentImages": [], "events": [{"type": "RUN_OUT_CHANCE", "inningNumber": 1, "oversUnique": 19.05, "batsman": null, "fielders": [{"id": 49024, "objectId": 230193, "name": "MS Wade", "longName": "Matthew Wade", "mobileName": "Wade", "indexName": "Wade, MS", "battingName": "MS Wade", "fieldingName": "Wade", "slug": "matthew-wade", "imageUrl": "/db/PICTURES/CMS/263500/263523.1.jpg", "headshotImageUrl": "/db/PICTURES/CMS/316500/316594.png"}]}], "over": null, "batsmanStatText": null, "bowlerStatText": null, "smartStats": []}, {"_uid": 35064941, "id": 35064941, "inningNumber": 1, "ballsActual": null, "ballsUnique": null, "oversUnique": 19.06, "oversActual": 19.6, "overNumber": 20, "ballNumber": 6, "totalRuns": 2, "batsmanRuns": 2, "isFour": false, "isSix": false, "isWicket": false, "dismissalType": null, "byes": 0, "legbyes": 0, "wides": 0, "noballs": 0, "penalties": 0, "wagonX": 61, "wagonY": 257, "wagonZone": 6, "pitchLine": "ON_THE_STUMPS", "pitchLength": "FULL", "shotType": "SLOG_SHOT", "shotControl": 1, "timestamp": "2021-10-23T11:41:43.000Z", "modified": "2021-10-23T11:41:48.000Z", "batsmanPlayerId": 67296, "bowlerPlayerId": 53330, "outPlayerId": null, "totalInningRuns": 118, "totalInningWickets": 9, "predictions": {"score": 118, "winProbability": 11.37}, "title": "Starc to Rabada", "dismissalText": null, "commentPreTextItems": null, "commentTextItems": [{"type": "HTML", "html": "<b>run-out appeal</b> at the non-striker's end. This is a full toss following Rabada down leg, he hauls it to deep midwicket's right and Shamsi comes back for the second, puts in the dive, and makes his ground before the ball's arrived at the stumps"}], "commentPostTextItems": [{"type": "LIVE_STREAM", "url": "https://livestream.com/accounts/6115179/events/9906595"}, {"type": "HTML", "html": "Corniel Seddon: \"Have to agree with KJSays and also our two specialist spinners aren't bad either. It'll be a tough score to defend but early wickets could definitely make it possible for us to win this one!\"<br><br>Hari Narayan : \"I feel Maxwell's work isn't done. He is key for the Aussies<br><br>sunny: \"@ Mike with no scoreboard pressure Warner and Finch can play themselves in and with Smith and Maxwell in the side this is just going to be a walk in the park\"<br><br>Steven: \"Top order may not be in form, but Marsh and SMith, Australia's 2 accumlators are in form and this is the kind of game that you have them here for\"<br><br>Todd: \"Warner and Finch haven't score runs in 18 months. Marsh, Maxwell and Wade still have a point to prove at this level and I didn't even realise Stoinis was playing. This game is still very much alive.\"<br><br>"}, {"type": "HTML", "html": "<B>3.41pm</b> What a start for Australia. This will feel very, very good for them. They backed their three superstar pacers in the team together and they got 5 for 68 from them. More importantly, they backed Maxwell's bowling over Agar today and he has delivered more than was asked. Zampa had a great day too. South Africa looked good for about an over after being put in, but it was a series of scrappy dismissals, one after another, and only Markram showed any real confidence through the middle overs. These may be bowler friendly conditions, but defending 118 is a tall order. We'll be back for the chase with Gnasher, shortly."}], "commentVideos": [], "commentImages": [], "events": [], "over": {"team": {"id": 3, "objectId": 3, "scribeId": 3, "slug": "south-africa", "name": "South Africa", "longName": "South Africa", "abbreviation": "SA", "unofficialName": "", "imageUrl": "/db/PICTURES/CMS/313100/313125.logo.png", "isCountry": true, "primaryColor": "#ace411", "image": {"id": 313125, "objectId": 1241584, "slug": "south-africa-logo", "url": "/db/PICTURES/CMS/313100/313125.logo.png", "width": 500, "height": 500, "caption": "South Africa logo", "longCaption": "South Africa logo", "credit": null, "photographer": null, "peerUrls": null}, "country": {"id": 3, "objectId": 3, "name": "South Africa", "shortName": "South Africa", "abbreviation": "SA", "slug": "south-africa"}}, "inningNumber": 1, "overNumber": 20, "overRuns": 12, "overWickets": 1, "totalRuns": 118, "totalWickets": 9, "target": 0, "overLimit": 20, "ballLimit": 120, "isMaiden": false, "isComplete": true, "isSuperOver": false, "overEndBatsmen": [{"player": {"id": 67296, "objectId": 550215, "name": "K Rabada", "longName": "Kagiso Rabada", "mobileName": "Rabada", "indexName": "Rabada, K", "battingName": "K Rabada", "fieldingName": "Rabada", "slug": "kagiso-rabada", "imageUrl": "/db/PICTURES/CMS/317900/317954.jpg", "headshotImageUrl": "/db/PICTURES/CMS/320300/320376.png", "dateOfBirth": {"year": 1995, "month": 5, "date": 25}, "dateOfDeath": null, "gender": "M", "battingStyles": ["lhb"], "bowlingStyles": ["rf"], "longBattingStyles": ["left-hand bat"], "longBowlingStyles": ["right-arm fast"], "image": {"id": 317954, "objectId": 1254922, "slug": "kagiso-rabada-portrait", "url": "/db/PICTURES/CMS/317900/317954.jpg", "width": 160, "height": 200, "caption": "Kagiso Rabada portrait", "longCaption": "Kagiso Rabada portrait, November 19, 2020", "credit": "Cricket South Africa", "photographer": null, "peerUrls": null}, "countryTeamId": 3, "playerRoleTypeIds": [4], "playingRoles": ["bowler"], "headshotImage": {"id": 320376, "objectId": 1261170, "slug": "kagiso-rabada-player-page-headshot-cutout-2021", "url": "/db/PICTURES/CMS/320300/320376.png", "width": 600, "height": 436, "caption": "Kagiso Rabada player page headshot cutout, 2021", "longCaption": "Kagiso Rabada player page headshot cutout, 2021", "credit": null, "photographer": null, "peerUrls": {"FILM": null, "WIDE": null, "SQUARE": "/db/PICTURES/CMS/320300/320376.square.png"}}}, "runs": 19, "balls": 23, "fours": 1, "sixes": 1}, {"player": {"id": 58408, "objectId": 379145, "name": "T Shamsi", "longName": "Tabraiz Shamsi", "mobileName": "Shamsi", "indexName": "Shamsi, T", "battingName": "T Shamsi", "fieldingName": "Shamsi", "slug": "tabraiz-shamsi", "imageUrl": "/db/PICTURES/CMS/317900/317943.jpg", "headshotImageUrl": "/db/PICTURES/CMS/322000/322068.png", "dateOfBirth": {"year": 1990, "month": 2, "date": 18}, "dateOfDeath": null, "gender": "M", "battingStyles": ["rhb"], "bowlingStyles": ["lws"], "longBattingStyles": ["right-hand bat"], "longBowlingStyles": ["left-arm wrist-spin"], "image": {"id": 317943, "objectId": 1254909, "slug": "tabraiz-shamsi-portrait", "url": "/db/PICTURES/CMS/317900/317943.jpg", "width": 160, "height": 200, "caption": "Tabraiz Shamsi portrait", "longCaption": "Tabraiz Shamsi portrait, November 19, 2020", "credit": "Cricket South Africa", "photographer": null, "peerUrls": null}, "countryTeamId": 3, "playerRoleTypeIds": [4], "playingRoles": ["bowler"], "headshotImage": {"id": 322068, "objectId": 1264437, "slug": "tabraiz-shamsi-player-page-headshot-cutout-2021", "url": "/db/PICTURES/CMS/322000/322068.png", "width": 600, "height": 436, "caption": "Tabraiz Shamsi player page headshot cutout, 2021", "longCaption": "Tabraiz Shamsi player page headshot cutout, 2021", "credit": null, "photographer": null, "peerUrls": {"FILM": null, "WIDE": null, "SQUARE": "/db/PICTURES/CMS/322000/322068.square.png"}}}, "runs": 0, "balls": 1, "fours": 0, "sixes": 0}], "overEndBowlers": [{"player": {"id": 53330, "objectId": 311592, "name": "MA Starc", "longName": "Mitchell Starc", "mobileName": "Starc", "indexName": "Starc, MA", "battingName": "MA Starc", "fieldingName": "Starc", "slug": "mitchell-starc", "imageUrl": "/db/PICTURES/CMS/263500/263529.1.jpg", "headshotImageUrl": "/db/PICTURES/CMS/316600/316644.png", "dateOfBirth": {"year": 1990, "month": 1, "date": 30}, "dateOfDeath": null, "gender": "M", "battingStyles": ["lhb"], "bowlingStyles": ["lf"], "longBattingStyles": ["left-hand bat"], "longBowlingStyles": ["left-arm fast"], "image": {"id": 263529, "objectId": 1099513, "slug": "mitchell-starc", "url": "/db/PICTURES/CMS/263500/263529.1.jpg", "width": 160, "height": 200, "caption": "Mitchell Starc", "longCaption": "Mitchell Starc", "credit": "Getty Images", "photographer": null, "peerUrls": null}, "countryTeamId": 2, "playerRoleTypeIds": [4], "playingRoles": ["bowler"], "headshotImage": {"id": 316644, "objectId": 1251277, "slug": "ma-starc-headshot", "url": "/db/PICTURES/CMS/316600/316644.png", "width": 600, "height": 436, "caption": "MA Starc headshot", "longCaption": "MA Starc headshot", "credit": null, "photographer": null, "peerUrls": {"FILM": null, "WIDE": null, "SQUARE": null}}}, "overs": 4, "balls": 24, "maidens": 0, "conceded": 32, "wickets": 2, "currentType": 1}, {"player": {"id": 64244, "objectId": 489889, "name": "PJ Cummins", "longName": "Pat Cummins", "mobileName": "Cummins", "indexName": "Cummins, PJ", "battingName": "PJ Cummins", "fieldingName": "Cummins", "slug": "pat-cummins", "imageUrl": "/db/PICTURES/CMS/309000/309079.png", "headshotImageUrl": "/db/PICTURES/CMS/316600/316692.png", "dateOfBirth": {"year": 1993, "month": 5, "date": 8}, "dateOfDeath": null, "gender": "M", "battingStyles": ["rhb"], "bowlingStyles": ["rf"], "longBattingStyles": ["right-hand bat"], "longBowlingStyles": ["right-arm fast"], "image": {"id": 309079, "objectId": 1232594, "slug": "pat-cummins-portrait", "url": "/db/PICTURES/CMS/309000/309079.png", "width": 160, "height": 201, "caption": "Pat Cummins portrait", "longCaption": "Pat Cummins portrait, September 2020", "credit": "Getty Images", "photographer": null, "peerUrls": null}, "countryTeamId": 2, "playerRoleTypeIds": [4], "playingRoles": ["bowler"], "headshotImage": {"id": 316692, "objectId": 1251325, "slug": "pj-cummins-headshot", "url": "/db/PICTURES/CMS/316600/316692.png", "width": 600, "height": 436, "caption": "PJ Cummins headshot", "longCaption": "PJ Cummins headshot", "credit": null, "photographer": null, "peerUrls": {"FILM": null, "WIDE": null, "SQUARE": null}}}, "overs": 4, "balls": 24, "maidens": 0, "conceded": 17, "wickets": 1, "currentType": 2}], "rollover": null}, "batsmanStatText": null, "bowlerStatText": null, "smartStats": []}]