[{"_uid": 35073227, "id": 35073227, "inningNumber": 2, "ballsActual": null, "ballsUnique": null, "oversUnique": 11.01, "oversActual": 11.1, "overNumber": 12, "ballNumber": 1, "totalRuns": 1, "batsmanRuns": 1, "isFour": false, "isSix": false, "isWicket": false, "dismissalType": null, "byes": 0, "legbyes": 0, "wides": 0, "noballs": 0, "penalties": 0, "wagonX": 267, "wagonY": 270, "wagonZone": 4, "pitchLine": "ON_THE_STUMPS", "pitchLength": "FULL", "shotType": "ON_DRIVE", "shotControl": 1, "timestamp": "2021-10-24T16:54:34.000Z", "modified": "2021-10-24T16:54:37.000Z", "batsmanPlayerId": 56880, "bowlerPlayerId": 49247, "outPlayerId": null, "totalInningRuns": 81, "totalInningWickets": 0, "predictions": {"score": 158, "winProbability": 78.76}, "title": "Jadeja to Babar Azam", "dismissalText": null, "commentPreTextItems": [{"type": "HTML", "html": "Bj : \"Where is Hardik?\" -- He was hit on the shoulder while batting, and he's been off the field since the chase began."}], "commentTextItems": [{"type": "HTML", "html": "looks to make room, and Jadeja follows him with a length ball. Clipped quietly to deep midwicket"}], "commentPostTextItems": null, "commentVideos": [], "commentImages": [], "events": [], "over": null, "batsmanStatText": null, "bowlerStatText": null, "smartStats": []}, {"_uid": 35073228, "id": 35073228, "inningNumber": 2, "ballsActual": null, "ballsUnique": null, "oversUnique": 11.02, "oversActual": 11.2, "overNumber": 12, "ballNumber": 2, "totalRuns": 0, "batsmanRuns": 0, "isFour": false, "isSix": false, "isWicket": false, "dismissalType": null, "byes": 0, "legbyes": 0, "wides": 0, "noballs": 0, "penalties": 0, "wagonX": 174, "wagonY": 192, "wagonZone": 5, "pitchLine": "ON_THE_STUMPS", "pitchLength": "GOOD_LENGTH", "shotType": "DEFENDED", "shotControl": 1, "timestamp": "2021-10-24T16:54:53.000Z", "modified": "2021-10-24T16:54:56.000Z", "batsmanPlayerId": 54018, "bowlerPlayerId": 49247, "outPlayerId": null, "totalInningRuns": 81, "totalInningWickets": 0, "predictions": {"score": 157, "winProbability": 77.37}, "title": "Jadeja to Rizwan", "dismissalText": null, "commentPreTextItems": null, "commentTextItems": [{"type": "HTML", "html": "length ball sliding on towards off stump, punched back to the bowler. Was playing for turn and looking to go through cover"}], "commentPostTextItems": null, "commentVideos": [], "commentImages": [], "events": [], "over": null, "batsmanStatText": null, "bowlerStatText": null, "smartStats": []}, {"_uid": 35073229, "id": 35073229, "inningNumber": 2, "ballsActual": null, "ballsUnique": null, "oversUnique": 11.03, "oversActual": 11.3, "overNumber": 12, "ballNumber": 3, "totalRuns": 1, "batsmanRuns": 1, "isFour": false, "isSix": false, "isWicket": false, "dismissalType": null, "byes": 0, "legbyes": 0, "wides": 0, "noballs": 0, "penalties": 0, "wagonX": 300, "wagonY": 191, "wagonZone": 3, "pitchLine": "ON_THE_STUMPS", "pitchLength": "GOOD_LENGTH", "shotType": "PULL", "shotControl": 1, "timestamp": "2021-10-24T16:55:11.000Z", "modified": "2021-10-24T16:55:14.000Z", "batsmanPlayerId": 54018, "bowlerPlayerId": 49247, "outPlayerId": null, "totalInningRuns": 82, "totalInningWickets": 0, "predictions": {"score": 157, "winProbability": 77.6}, "title": "Jadeja to Rizwan", "dismissalText": null, "commentPreTextItems": null, "commentTextItems": [{"type": "HTML", "html": "pulls his length back slightly and goes wider outside off, and Rizwan gets down on one knee to pull-sweep to deep square leg"}], "commentPostTextItems": null, "commentVideos": [], "commentImages": [], "events": [], "over": null, "batsmanStatText": null, "bowlerStatText": null, "smartStats": []}, {"_uid": 35073230, "id": 35073230, "inningNumber": 2, "ballsActual": null, "ballsUnique": null, "oversUnique": 11.04, "oversActual": 11.4, "overNumber": 12, "ballNumber": 4, "totalRuns": 1, "batsmanRuns": 0, "isFour": false, "isSix": false, "isWicket": false, "dismissalType": null, "byes": 0, "legbyes": 1, "wides": 0, "noballs": 0, "penalties": 0, "wagonX": 0, "wagonY": 0, "wagonZone": 0, "pitchLine": "ON_THE_STUMPS", "pitchLength": "GOOD_LENGTH", "shotType": "FLICK", "shotControl": 2, "timestamp": "2021-10-24T16:55:30.000Z", "modified": "2021-10-24T16:55:34.000Z", "batsmanPlayerId": 56880, "bowlerPlayerId": 49247, "outPlayerId": null, "totalInningRuns": 83, "totalInningWickets": 0, "predictions": {"score": 157, "winProbability": 77.83}, "title": "Jadeja to Babar Azam", "dismissalText": null, "commentPreTextItems": null, "commentTextItems": [{"type": "HTML", "html": "flat, fired down the leg side. Misses the flick and gets a leg bye into the backward point region"}], "commentPostTextItems": null, "commentVideos": [], "commentImages": [], "events": [], "over": null, "batsmanStatText": null, "bowlerStatText": null, "smartStats": []}, {"_uid": 35073231, "id": 35073231, "inningNumber": 2, "ballsActual": null, "ballsUnique": null, "oversUnique": 11.05, "oversActual": 11.5, "overNumber": 12, "ballNumber": 5, "totalRuns": 2, "batsmanRuns": 2, "isFour": false, "isSix": false, "isWicket": false, "dismissalType": null, "byes": 0, "legbyes": 0, "wides": 0, "noballs": 0, "penalties": 0, "wagonX": 293, "wagonY": 277, "wagonZone": 3, "pitchLine": "ON_THE_STUMPS", "pitchLength": "SHORT_OF_A_GOOD_LENGTH", "shotType": "PULL", "shotControl": 1, "timestamp": "2021-10-24T16:56:08.000Z", "modified": "2021-10-24T16:56:12.000Z", "batsmanPlayerId": 54018, "bowlerPlayerId": 49247, "outPlayerId": null, "totalInningRuns": 85, "totalInningWickets": 0, "predictions": {"score": 157, "winProbability": 78.45}, "title": "Jadeja to Rizwan", "dismissalText": null, "commentPreTextItems": null, "commentTextItems": [{"type": "HTML", "html": "flat, a touch short, going with the angle towards off stump, goes deep in his crease to pull into the gap between long-on and deep midwicket"}], "commentPostTextItems": null, "commentVideos": [], "commentImages": [], "events": [], "over": null, "batsmanStatText": null, "bowlerStatText": null, "smartStats": []}, {"_uid": 35073232, "id": 35073232, "inningNumber": 2, "ballsActual": null, "ballsUnique": null, "oversUnique": 11.06, "oversActual": 11.6, "overNumber": 12, "ballNumber": 6, "totalRuns": 0, "batsmanRuns": 0, "isFour": false, "isSix": false, "isWicket": false, "dismissalType": null, "byes": 0, "legbyes": 0, "wides": 0, "noballs": 0, "penalties": 0, "wagonX": 163, "wagonY": 193, "wagonZone": 5, "pitchLine": "ON_THE_STUMPS", "pitchLength": "GOOD_LENGTH", "shotType": "DEFENDED", "shotControl": 1, "timestamp": "2021-10-24T16:56:43.000Z", "modified": "2021-10-24T16:56:47.000Z", "batsmanPlayerId": 54018, "bowlerPlayerId": 49247, "outPlayerId": null, "totalInningRuns": 85, "totalInningWickets": 0, "predictions": {"score": 156, "winProbability": 76.81}, "title": "Jadeja to Rizwan", "dismissalText": null, "commentPreTextItems": null, "commentTextItems": [{"type": "HTML", "html": "looks to create a bit of room and Jadeja fires in a back-of-a-length slider on leg stump. He's cramped for room, and ends up inside-edging his flick into his pad"}], "commentPostTextItems": null, "commentVideos": [], "commentImages": [], "events": [], "over": {"team": {"id": 7, "objectId": 7, "scribeId": 7, "slug": "pakistan", "name": "Pakistan", "longName": "Pakistan", "abbreviation": "PAK", "unofficialName": "", "imageUrl": "/db/PICTURES/CMS/313100/313129.logo.png", "isCountry": true, "primaryColor": "#07df52", "image": {"id": 313129, "objectId": 1241588, "slug": "pakistan-logo", "url": "/db/PICTURES/CMS/313100/313129.logo.png", "width": 500, "height": 500, "caption": "Pakistan logo", "longCaption": "Pakistan logo", "credit": null, "photographer": null, "peerUrls": null}, "country": {"id": 7, "objectId": 7, "name": "Pakistan", "shortName": "Pakistan", "abbreviation": "PAK", "slug": "pakistan"}}, "inningNumber": 2, "overNumber": 12, "overRuns": 5, "overWickets": 0, "totalRuns": 85, "totalWickets": 0, "target": 152, "overLimit": 20, "ballLimit": 120, "isMaiden": false, "isComplete": true, "isSuperOver": false, "overEndBatsmen": [{"player": {"id": 54018, "objectId": 323389, "name": "Mohammad Rizwan", "longName": "Mohammad Rizwan", "mobileName": "Rizwan", "indexName": "Mohammad Rizwan", "battingName": "Mohammad Rizwan", "fieldingName": "Mohammad Rizwan", "slug": "mohammad-rizwan", "imageUrl": "/db/PICTURES/CMS/312100/312178.jpg", "headshotImageUrl": "/db/PICTURES/CMS/320400/320458.png", "dateOfBirth": {"year": 1992, "month": 6, "date": 1}, "dateOfDeath": null, "gender": "M", "battingStyles": ["rhb"], "bowlingStyles": ["rm"], "longBattingStyles": ["right-hand bat"], "longBowlingStyles": ["right-arm medium"], "image": {"id": 312178, "objectId": 1239244, "slug": "mohammad-rizwan-portrait", "url": "/db/PICTURES/CMS/312100/312178.jpg", "width": 160, "height": 200, "caption": "Mohammad Rizwan portrait", "longCaption": "Mohammad Rizwan portrait, Derby, July 28, 2020", "credit": "Getty Images", "photographer": null, "peerUrls": null}, "countryTeamId": 7, "playerRoleTypeIds": [7], "playingRoles": ["wicketkeeper batter"], "headshotImage": {"id": 320458, "objectId": 1261296, "slug": "mohammad-rizwan-player-page-headshot-cutout-2021", "url": "/db/PICTURES/CMS/320400/320458.png", "width": 600, "height": 436, "caption": "Mohammad Rizwan player page headshot cutout, 2021", "longCaption": "Mohammad Rizwan player page headshot cutout, 2021", "credit": null, "photographer": null, "peerUrls": {"FILM": null, "WIDE": null, "SQUARE": "/db/PICTURES/CMS/320400/320458.square.png"}}}, "runs": 38, "balls": 34, "fours": 2, "sixes": 1}, {"player": {"id": 56880, "objectId": 348144, "name": "Babar Azam", "longName": "Babar Azam", "mobileName": "Babar Azam", "indexName": "Babar Azam", "battingName": "Babar Azam", "fieldingName": "Babar Azam", "slug": "babar-azam", "imageUrl": "/db/PICTURES/CMS/302700/302768.jpg", "headshotImageUrl": "/db/PICTURES/CMS/320400/320448.png", "dateOfBirth": {"year": 1994, "month": 10, "date": 15}, "dateOfDeath": null, "gender": "M", "battingStyles": ["rhb"], "bowlingStyles": ["ob"], "longBattingStyles": ["right-hand bat"], "longBowlingStyles": ["right-arm offbreak"], "image": {"id": 302768, "objectId": 1221110, "slug": "babar-azam-portrait", "url": "/db/PICTURES/CMS/302700/302768.jpg", "width": 160, "height": 202, "caption": "Babar Azam portrait", "longCaption": "Babar Azam portrait, April, 2020", "credit": "Getty Images", "photographer": null, "peerUrls": null}, "countryTeamId": 7, "playerRoleTypeIds": [8], "playingRoles": ["batter"], "headshotImage": {"id": 320448, "objectId": 1261286, "slug": "babar-azam-player-page-headshot-cutout-2021", "url": "/db/PICTURES/CMS/320400/320448.png", "width": 600, "height": 436, "caption": "Babar Azam player page headshot cutout, 2021", "longCaption": "Babar Azam player page headshot cutout, 2021", "credit": null, "photographer": null, "peerUrls": {"FILM": null, "WIDE": null, "SQUARE": "/db/PICTURES/CMS/320400/320448.square.png"}}}, "runs": 44, "balls": 38, "fours": 4, "sixes": 1}], "overEndBowlers": [{"player": {"id": 49247, "objectId": 234675, "name": "RA Jadeja", "longName": "Ravindra Jadeja", "mobileName": "Jadeja", "indexName": "Jadeja, RA", "battingName": "RA Jadeja", "fieldingName": "Jadeja", "slug": "ravindra-jadeja", "imageUrl": "/db/PICTURES/CMS/302300/302394.jpg", "headshotImageUrl": "/db/PICTURES/CMS/316600/316600.png", "dateOfBirth": {"year": 1988, "month": 12, "date": 6}, "dateOfDeath": null, "gender": "M", "battingStyles": ["lhb"], "bowlingStyles": ["sla"], "longBattingStyles": ["left-hand bat"], "longBowlingStyles": ["slow left-arm orthodox"], "image": {"id": 302394, "objectId": 1220591, "slug": "ravindra-jadeja-portrait", "url": "/db/PICTURES/CMS/302300/302394.jpg", "width": 160, "height": 200, "caption": "Ravindra Jadeja portrait", "longCaption": "Ravindra Jadeja portrait, April 2020", "credit": "Getty Images", "photographer": null, "peerUrls": null}, "countryTeamId": 6, "playerRoleTypeIds": [5], "playingRoles": ["allrounder"], "headshotImage": {"id": 316600, "objectId": 1251230, "slug": "ra-jadeja-headshot", "url": "/db/PICTURES/CMS/316600/316600.png", "width": 600, "height": 436, "caption": "RA Jadeja headshot", "longCaption": "RA Jadeja headshot", "credit": null, "photographer": null, "peerUrls": {"FILM": null, "WIDE": null, "SQUARE": null}}}, "overs": 3, "balls": 18, "maidens": 0, "conceded": 17, "wickets": 0, "currentType": 1}, {"player": {"id": 70640, "objectId": 625383, "name": "JJ Bumrah", "longName": "Jasprit Bumrah", "mobileName": "Bumrah", "indexName": "Bumrah, JJ", "battingName": "JJ Bumrah", "fieldingName": "Bumrah", "slug": "jasprit-bumrah", "imageUrl": "/db/PICTURES/CMS/356800/356849.1.png", "headshotImageUrl": "/db/PICTURES/CMS/319900/319940.png", "dateOfBirth": {"year": 1993, "month": 12, "date": 6}, "dateOfDeath": null, "gender": "M", "battingStyles": ["rhb"], "bowlingStyles": ["rf"], "longBattingStyles": ["right-hand bat"], "longBowlingStyles": ["right-arm fast"], "image": {"id": 356849, "objectId": 1365132, "slug": "bumrah-player-portrait", "url": "/db/PICTURES/CMS/356800/356849.1.png", "width": 160, "height": 206, "caption": "Bumrah player portrait", "longCaption": "Bumrah player portrait", "credit": "Getty Images", "photographer": null, "peerUrls": null}, "countryTeamId": 6, "playerRoleTypeIds": [4], "playingRoles": ["bowler"], "headshotImage": {"id": 319940, "objectId": 1260219, "slug": "jasprit-bumrah-player-page-headshot-cutout-2021", "url": "/db/PICTURES/CMS/319900/319940.png", "width": 600, "height": 436, "caption": "Jasprit Bumrah player page headshot cutout, 2021", "longCaption": "Jasprit Bumrah player page headshot cutout, 2021", "credit": null, "photographer": null, "peerUrls": {"FILM": null, "WIDE": null, "SQUARE": "/db/PICTURES/CMS/319900/319940.square.png"}}}, "overs": 2, "balls": 12, "maidens": 0, "conceded": 13, "wickets": 0, "currentType": 2}], "rollover": null}, "batsmanStatText": null, "bowlerStatText": null, "smartStats": []}, {"_uid": 35073233, "id": 35073233, "inningNumber": 2, "ballsActual": null, "ballsUnique": null, "oversUnique": 12.01, "oversActual": 12.1, "overNumber": 13, "ballNumber": 1, "totalRuns": 1, "batsmanRuns": 1, "isFour": false, "isSix": false, "isWicket": false, "dismissalType": null, "byes": 0, "legbyes": 0, "wides": 0, "noballs": 0, "penalties": 0, "wagonX": 267, "wagonY": 198, "wagonZone": 3, "pitchLine": "ON_THE_STUMPS", "pitchLength": "GOOD_LENGTH", "shotType": "SLOG_SHOT", "shotControl": 1, "timestamp": "2021-10-24T16:58:18.000Z", "modified": "2021-10-24T16:58:22.000Z", "batsmanPlayerId": 56880, "bowlerPlayerId": 98673, "outPlayerId": null, "totalInningRuns": 86, "totalInningWickets": 0, "predictions": {"score": 156, "winProbability": 77.06}, "title": "Varun to Babar Azam", "dismissalText": null, "commentPreTextItems": [{"type": "HTML", "html": "Sivabhaskar S: \"Decision Bizarreness(es): An out of form Bhuvi ahead of the ever expensive, but kind-of in form Thakur. And then not bowling your best bowler first up in the power play. Even worse was under-using him in the power play. Boom boom nervous think tank!\""}], "commentTextItems": [{"type": "HTML", "html": "wrong'un spinning in towards off stump from just back of a length. No room to pull, drags it towards short fine leg off the bottom edge"}], "commentPostTextItems": null, "commentVideos": [], "commentImages": [], "events": [], "over": null, "batsmanStatText": null, "bowlerStatText": null, "smartStats": []}, {"_uid": 35073234, "id": 35073234, "inningNumber": 2, "ballsActual": null, "ballsUnique": null, "oversUnique": 12.02, "oversActual": 12.2, "overNumber": 13, "ballNumber": 2, "totalRuns": 6, "batsmanRuns": 6, "isFour": false, "isSix": true, "isWicket": false, "dismissalType": null, "byes": 0, "legbyes": 0, "wides": 0, "noballs": 0, "penalties": 0, "wagonX": 357, "wagonY": 198, "wagonZone": 3, "pitchLine": "OUTSIDE_OFFSTUMP", "pitchLength": "GOOD_LENGTH", "shotType": "SLOG_SWEEP", "shotControl": 1, "timestamp": "2021-10-24T16:58:39.000Z", "modified": "2021-10-24T16:58:43.000Z", "batsmanPlayerId": 54018, "bowlerPlayerId": 98673, "outPlayerId": null, "totalInningRuns": 92, "totalInningWickets": 0, "predictions": {"score": 161, "winProbability": 85.49}, "title": "Varun to Rizwan", "dismissalText": null, "commentPreTextItems": null, "commentTextItems": [{"type": "HTML", "html": "bam. That's a difficult shot, because it was an awkward length to hit. Went down on one knee premeditatedly for the sweep, and had to almost drag a kneeling pull from outside off stump, just clears the boundary to the right of deep square leg"}], "commentPostTextItems": null, "commentVideos": [], "commentImages": [], "events": [], "over": null, "batsmanStatText": null, "bowlerStatText": null, "smartStats": []}, {"_uid": 35073235, "id": 35073235, "inningNumber": 2, "ballsActual": null, "ballsUnique": null, "oversUnique": 12.03, "oversActual": 12.3, "overNumber": 13, "ballNumber": 3, "totalRuns": 1, "batsmanRuns": 1, "isFour": false, "isSix": false, "isWicket": false, "dismissalType": null, "byes": 0, "legbyes": 0, "wides": 0, "noballs": 0, "penalties": 0, "wagonX": 99, "wagonY": 182, "wagonZone": 6, "pitchLine": "OUTSIDE_OFFSTUMP", "pitchLength": "GOOD_LENGTH", "shotType": "PUSH", "shotControl": 1, "timestamp": "2021-10-24T16:59:02.000Z", "modified": "2021-10-24T16:59:06.000Z", "batsmanPlayerId": 54018, "bowlerPlayerId": 98673, "outPlayerId": null, "totalInningRuns": 93, "totalInningWickets": 0, "predictions": {"score": 161, "winProbability": 85.83}, "title": "Varun to Rizwan", "dismissalText": null, "commentPreTextItems": null, "commentTextItems": [{"type": "HTML", "html": "back of a length on off stump, makes room and chops into the point region"}], "commentPostTextItems": null, "commentVideos": [], "commentImages": [], "events": [], "over": null, "batsmanStatText": null, "bowlerStatText": null, "smartStats": []}, {"_uid": 35073236, "id": 35073236, "inningNumber": 2, "ballsActual": null, "ballsUnique": null, "oversUnique": 12.04, "oversActual": 12.4, "overNumber": 13, "ballNumber": 4, "totalRuns": 6, "batsmanRuns": 6, "isFour": false, "isSix": true, "isWicket": false, "dismissalType": null, "byes": 0, "legbyes": 0, "wides": 0, "noballs": 0, "penalties": 0, "wagonX": 359, "wagonY": 195, "wagonZone": 3, "pitchLine": "ON_THE_STUMPS", "pitchLength": "SHORT_OF_A_GOOD_LENGTH", "shotType": "PULL", "shotControl": 1, "timestamp": "2021-10-24T16:59:30.000Z", "modified": "2021-10-24T16:59:33.000Z", "batsmanPlayerId": 56880, "bowlerPlayerId": 98673, "outPlayerId": null, "totalInningRuns": 99, "totalInningWickets": 0, "predictions": {"score": 166, "winProbability": 91.83}, "title": "Varun to Babar Azam", "dismissalText": null, "commentPreTextItems": null, "commentTextItems": [{"type": "HTML", "html": "fifty! Gets there in some style, as Varun bowls a long-hop on off stump, and he quickly opens up at the hip to swat it high over the midwicket boundary. Super shot, super innings from Pakistan's captain"}], "commentPostTextItems": null, "commentVideos": [], "commentImages": [], "events": [], "over": null, "batsmanStatText": null, "bowlerStatText": null, "smartStats": []}, {"_uid": 35073237, "id": 35073237, "inningNumber": 2, "ballsActual": null, "ballsUnique": null, "oversUnique": 12.05, "oversActual": 12.5, "overNumber": 13, "ballNumber": 5, "totalRuns": 1, "batsmanRuns": 1, "isFour": false, "isSix": false, "isWicket": false, "dismissalType": null, "byes": 0, "legbyes": 0, "wides": 0, "noballs": 0, "penalties": 0, "wagonX": 259, "wagonY": 282, "wagonZone": 4, "pitchLine": "ON_THE_STUMPS", "pitchLength": "SHORT_OF_A_GOOD_LENGTH", "shotType": "PULL", "shotControl": 1, "timestamp": "2021-10-24T17:00:41.000Z", "modified": "2021-10-24T17:00:44.000Z", "batsmanPlayerId": 56880, "bowlerPlayerId": 98673, "outPlayerId": null, "totalInningRuns": 100, "totalInningWickets": 0, "predictions": {"score": 167, "winProbability": 92.79}, "title": "Varun to Babar Azam", "dismissalText": null, "commentPreTextItems": [{"type": "HTML", "html": "Prithvi: \"As an Indian fan, I must say it is heartening to see Pakistan dominating India after so many years. They played exceptionally well.\""}], "commentTextItems": [{"type": "HTML", "html": "quickish, skids inwards towards middle and leg from just short of a length, and Rizwan goes deep in his crease to muscle towards long-on and bring up Pakistan's 100"}], "commentPostTextItems": null, "commentVideos": [], "commentImages": [], "events": [], "over": null, "batsmanStatText": null, "bowlerStatText": null, "smartStats": []}, {"_uid": 35073238, "id": 35073238, "inningNumber": 2, "ballsActual": null, "ballsUnique": null, "oversUnique": 12.06, "oversActual": 12.6, "overNumber": 13, "ballNumber": 6, "totalRuns": 1, "batsmanRuns": 1, "isFour": false, "isSix": false, "isWicket": false, "dismissalType": null, "byes": 0, "legbyes": 0, "wides": 0, "noballs": 0, "penalties": 0, "wagonX": 243, "wagonY": 270, "wagonZone": 4, "pitchLine": "ON_THE_STUMPS", "pitchLength": "GOOD_LENGTH", "shotType": "ON_DRIVE", "shotControl": 1, "timestamp": "2021-10-24T17:01:13.000Z", "modified": "2021-10-24T17:01:16.000Z", "batsmanPlayerId": 54018, "bowlerPlayerId": 98673, "outPlayerId": null, "totalInningRuns": 101, "totalInningWickets": 0, "predictions": {"score": 166, "winProbability": 92.81}, "title": "Varun to Rizwan", "dismissalText": null, "commentPreTextItems": null, "commentTextItems": [{"type": "HTML", "html": "length ball turning in from outside off, steps towards the ball to clip to long-on"}], "commentPostTextItems": null, "commentVideos": [], "commentImages": [], "events": [], "over": {"team": {"id": 7, "objectId": 7, "scribeId": 7, "slug": "pakistan", "name": "Pakistan", "longName": "Pakistan", "abbreviation": "PAK", "unofficialName": "", "imageUrl": "/db/PICTURES/CMS/313100/313129.logo.png", "isCountry": true, "primaryColor": "#07df52", "image": {"id": 313129, "objectId": 1241588, "slug": "pakistan-logo", "url": "/db/PICTURES/CMS/313100/313129.logo.png", "width": 500, "height": 500, "caption": "Pakistan logo", "longCaption": "Pakistan logo", "credit": null, "photographer": null, "peerUrls": null}, "country": {"id": 7, "objectId": 7, "name": "Pakistan", "shortName": "Pakistan", "abbreviation": "PAK", "slug": "pakistan"}}, "inningNumber": 2, "overNumber": 13, "overRuns": 16, "overWickets": 0, "totalRuns": 101, "totalWickets": 0, "target": 152, "overLimit": 20, "ballLimit": 120, "isMaiden": false, "isComplete": true, "isSuperOver": false, "overEndBatsmen": [{"player": {"id": 54018, "objectId": 323389, "name": "Mohammad Rizwan", "longName": "Mohammad Rizwan", "mobileName": "Rizwan", "indexName": "Mohammad Rizwan", "battingName": "Mohammad Rizwan", "fieldingName": "Mohammad Rizwan", "slug": "mohammad-rizwan", "imageUrl": "/db/PICTURES/CMS/312100/312178.jpg", "headshotImageUrl": "/db/PICTURES/CMS/320400/320458.png", "dateOfBirth": {"year": 1992, "month": 6, "date": 1}, "dateOfDeath": null, "gender": "M", "battingStyles": ["rhb"], "bowlingStyles": ["rm"], "longBattingStyles": ["right-hand bat"], "longBowlingStyles": ["right-arm medium"], "image": {"id": 312178, "objectId": 1239244, "slug": "mohammad-rizwan-portrait", "url": "/db/PICTURES/CMS/312100/312178.jpg", "width": 160, "height": 200, "caption": "Mohammad Rizwan portrait", "longCaption": "Mohammad Rizwan portrait, Derby, July 28, 2020", "credit": "Getty Images", "photographer": null, "peerUrls": null}, "countryTeamId": 7, "playerRoleTypeIds": [7], "playingRoles": ["wicketkeeper batter"], "headshotImage": {"id": 320458, "objectId": 1261296, "slug": "mohammad-rizwan-player-page-headshot-cutout-2021", "url": "/db/PICTURES/CMS/320400/320458.png", "width": 600, "height": 436, "caption": "Mohammad Rizwan player page headshot cutout, 2021", "longCaption": "Mohammad Rizwan player page headshot cutout, 2021", "credit": null, "photographer": null, "peerUrls": {"FILM": null, "WIDE": null, "SQUARE": "/db/PICTURES/CMS/320400/320458.square.png"}}}, "runs": 46, "balls": 37, "fours": 2, "sixes": 2}, {"player": {"id": 56880, "objectId": 348144, "name": "Babar Azam", "longName": "Babar Azam", "mobileName": "Babar Azam", "indexName": "Babar Azam", "battingName": "Babar Azam", "fieldingName": "Babar Azam", "slug": "babar-azam", "imageUrl": "/db/PICTURES/CMS/302700/302768.jpg", "headshotImageUrl": "/db/PICTURES/CMS/320400/320448.png", "dateOfBirth": {"year": 1994, "month": 10, "date": 15}, "dateOfDeath": null, "gender": "M", "battingStyles": ["rhb"], "bowlingStyles": ["ob"], "longBattingStyles": ["right-hand bat"], "longBowlingStyles": ["right-arm offbreak"], "image": {"id": 302768, "objectId": 1221110, "slug": "babar-azam-portrait", "url": "/db/PICTURES/CMS/302700/302768.jpg", "width": 160, "height": 202, "caption": "Babar Azam portrait", "longCaption": "Babar Azam portrait, April, 2020", "credit": "Getty Images", "photographer": null, "peerUrls": null}, "countryTeamId": 7, "playerRoleTypeIds": [8], "playingRoles": ["batter"], "headshotImage": {"id": 320448, "objectId": 1261286, "slug": "babar-azam-player-page-headshot-cutout-2021", "url": "/db/PICTURES/CMS/320400/320448.png", "width": 600, "height": 436, "caption": "Babar Azam player page headshot cutout, 2021", "longCaption": "Babar Azam player page headshot cutout, 2021", "credit": null, "photographer": null, "peerUrls": {"FILM": null, "WIDE": null, "SQUARE": "/db/PICTURES/CMS/320400/320448.square.png"}}}, "runs": 52, "balls": 41, "fours": 4, "sixes": 2}], "overEndBowlers": [{"player": {"id": 98673, "objectId": 1108375, "name": "CV Varun", "longName": "Varun Chakravarthy", "mobileName": "Varun", "indexName": "Varun,CV", "battingName": "CV Varun", "fieldingName": "Varun", "slug": "varun-chakravarthy", "imageUrl": "/db/PICTURES/CMS/329300/329347.4.jpg", "headshotImageUrl": "/db/PICTURES/CMS/331100/331167.png", "dateOfBirth": {"year": 1991, "month": 8, "date": 29}, "dateOfDeath": null, "gender": "M", "battingStyles": ["rhb"], "bowlingStyles": ["lbg"], "longBattingStyles": ["right-hand bat"], "longBowlingStyles": ["legbreak googly"], "image": {"id": 329347, "objectId": 1285443, "slug": "varun-chakravarthy-player-portrait", "url": "/db/PICTURES/CMS/329300/329347.4.jpg", "width": 160, "height": 281, "caption": "Varun Chakravarthy, player portrait", "longCaption": "Varun Chakravarthy, player portrait", "credit": "ICC/Getty Images", "photographer": "Matthew Lewis", "peerUrls": null}, "countryTeamId": 6, "playerRoleTypeIds": [4], "playingRoles": ["bowler"], "headshotImage": {"id": 331167, "objectId": 1291509, "slug": "varun-chakravarthy-player-page-headshot-cutout-2021", "url": "/db/PICTURES/CMS/331100/331167.png", "width": 600, "height": 436, "caption": "Varun Chakravarthy player page headshot cutout 2021", "longCaption": "Varun Chakravarthy player page headshot cutout 2021", "credit": null, "photographer": null, "peerUrls": {"FILM": null, "WIDE": null, "SQUARE": "/db/PICTURES/CMS/331100/331167.square.png"}}}, "overs": 4, "balls": 24, "maidens": 0, "conceded": 33, "wickets": 0, "currentType": 1}, {"player": {"id": 49247, "objectId": 234675, "name": "RA Jadeja", "longName": "Ravindra Jadeja", "mobileName": "Jadeja", "indexName": "Jadeja, RA", "battingName": "RA Jadeja", "fieldingName": "Jadeja", "slug": "ravindra-jadeja", "imageUrl": "/db/PICTURES/CMS/302300/302394.jpg", "headshotImageUrl": "/db/PICTURES/CMS/316600/316600.png", "dateOfBirth": {"year": 1988, "month": 12, "date": 6}, "dateOfDeath": null, "gender": "M", "battingStyles": ["lhb"], "bowlingStyles": ["sla"], "longBattingStyles": ["left-hand bat"], "longBowlingStyles": ["slow left-arm orthodox"], "image": {"id": 302394, "objectId": 1220591, "slug": "ravindra-jadeja-portrait", "url": "/db/PICTURES/CMS/302300/302394.jpg", "width": 160, "height": 200, "caption": "Ravindra Jadeja portrait", "longCaption": "Ravindra Jadeja portrait, April 2020", "credit": "Getty Images", "photographer": null, "peerUrls": null}, "countryTeamId": 6, "playerRoleTypeIds": [5], "playingRoles": ["allrounder"], "headshotImage": {"id": 316600, "objectId": 1251230, "slug": "ra-jadeja-headshot", "url": "/db/PICTURES/CMS/316600/316600.png", "width": 600, "height": 436, "caption": "RA Jadeja headshot", "longCaption": "RA Jadeja headshot", "credit": null, "photographer": null, "peerUrls": {"FILM": null, "WIDE": null, "SQUARE": null}}}, "overs": 3, "balls": 18, "maidens": 0, "conceded": 17, "wickets": 0, "currentType": 2}], "rollover": null}, "batsmanStatText": null, "bowlerStatText": null, "smartStats": []}]