[{"_uid": 35055645, "id": 35055645, "inningNumber": 1, "ballsActual": null, "ballsUnique": null, "oversUnique": 7.01, "oversActual": 7.1, "overNumber": 8, "ballNumber": 1, "totalRuns": 1, "batsmanRuns": 1, "isFour": false, "isSix": false, "isWicket": false, "dismissalType": null, "byes": 0, "legbyes": 0, "wides": 0, "noballs": 0, "penalties": 0, "wagonX": 294, "wagonY": 272, "wagonZone": 3, "pitchLine": "OUTSIDE_OFFSTUMP", "pitchLength": "SHORT_OF_A_GOOD_LENGTH", "shotType": "PULL", "shotControl": 1, "timestamp": "2021-10-21T14:34:04.000Z", "modified": "2021-10-21T14:34:07.000Z", "batsmanPlayerId": 45702, "bowlerPlayerId": 81813, "outPlayerId": null, "totalInningRuns": 41, "totalInningWickets": 2, "predictions": {"score": 143, "winProbability": 30.84}, "title": "Greaves to Nadeem", "dismissalText": null, "commentPreTextItems": [{"type": "HTML", "html": "Greaves"}], "commentTextItems": [{"type": "HTML", "html": "short in length, punched away towards deep midwicket"}], "commentPostTextItems": null, "commentVideos": [], "commentImages": [], "events": [], "over": null, "batsmanStatText": null, "bowlerStatText": null, "smartStats": []}, {"_uid": 35055650, "id": 35055650, "inningNumber": 1, "ballsActual": null, "ballsUnique": null, "oversUnique": 7.02, "oversActual": 7.2, "overNumber": 8, "ballNumber": 2, "totalRuns": 1, "batsmanRuns": 1, "isFour": false, "isSix": false, "isWicket": false, "dismissalType": null, "byes": 0, "legbyes": 0, "wides": 0, "noballs": 0, "penalties": 0, "wagonX": 134, "wagonY": 313, "wagonZone": 5, "pitchLine": "OUTSIDE_OFFSTUMP", "pitchLength": "FULL", "shotType": "ON_DRIVE", "shotControl": 1, "timestamp": "2021-10-21T14:34:19.000Z", "modified": "2021-10-21T14:34:22.000Z", "batsmanPlayerId": 87469, "bowlerPlayerId": 81813, "outPlayerId": null, "totalInningRuns": 42, "totalInningWickets": 2, "predictions": {"score": 142, "winProbability": 29.89}, "title": "Greaves to Aqib", "dismissalText": null, "commentPreTextItems": null, "commentTextItems": [{"type": "HTML", "html": "fuller, driven towards extra cover. A diving effort, but just unable to stop it"}], "commentPostTextItems": null, "commentVideos": [], "commentImages": [], "events": [], "over": null, "batsmanStatText": null, "bowlerStatText": null, "smartStats": []}, {"_uid": 35055653, "id": 35055653, "inningNumber": 1, "ballsActual": null, "ballsUnique": null, "oversUnique": 7.03, "oversActual": 7.3, "overNumber": 8, "ballNumber": 3, "totalRuns": 0, "batsmanRuns": 0, "isFour": false, "isSix": false, "isWicket": false, "dismissalType": null, "byes": 0, "legbyes": 0, "wides": 0, "noballs": 0, "penalties": 0, "wagonX": 0, "wagonY": 0, "wagonZone": 0, "pitchLine": "OUTSIDE_OFFSTUMP", "pitchLength": "GOOD_LENGTH", "shotType": "CUT_SHOT", "shotControl": 2, "timestamp": "2021-10-21T14:34:40.000Z", "modified": "2021-10-21T14:34:43.000Z", "batsmanPlayerId": 45702, "bowlerPlayerId": 81813, "outPlayerId": null, "totalInningRuns": 42, "totalInningWickets": 2, "predictions": {"score": 141, "winProbability": 28.96}, "title": "Greaves to Nadeem", "dismissalText": null, "commentPreTextItems": null, "commentTextItems": [{"type": "HTML", "html": "length, angles in. He looks to cut it away, but misses. Not far from the top of off!"}], "commentPostTextItems": null, "commentVideos": [], "commentImages": [], "events": [], "over": null, "batsmanStatText": null, "bowlerStatText": null, "smartStats": []}, {"_uid": 35055654, "id": 35055654, "inningNumber": 1, "ballsActual": null, "ballsUnique": null, "oversUnique": 7.04, "oversActual": 7.4, "overNumber": 8, "ballNumber": 4, "totalRuns": 1, "batsmanRuns": 1, "isFour": false, "isSix": false, "isWicket": false, "dismissalType": null, "byes": 0, "legbyes": 0, "wides": 0, "noballs": 0, "penalties": 0, "wagonX": 211, "wagonY": 312, "wagonZone": 4, "pitchLine": "OUTSIDE_OFFSTUMP", "pitchLength": "GOOD_LENGTH", "shotType": "ON_DRIVE", "shotControl": 1, "timestamp": "2021-10-21T14:35:01.000Z", "modified": "2021-10-21T14:35:04.000Z", "batsmanPlayerId": 45702, "bowlerPlayerId": 81813, "outPlayerId": null, "totalInningRuns": 43, "totalInningWickets": 2, "predictions": {"score": 141, "winProbability": 28.96}, "title": "Greaves to Nadeem", "dismissalText": null, "commentPreTextItems": null, "commentTextItems": [{"type": "HTML", "html": "flatter, around off, and whipped away towards deep midwicket"}], "commentPostTextItems": null, "commentVideos": [], "commentImages": [], "events": [], "over": null, "batsmanStatText": null, "bowlerStatText": null, "smartStats": []}, {"_uid": 35055663, "id": 35055663, "inningNumber": 1, "ballsActual": null, "ballsUnique": null, "oversUnique": 7.05, "oversActual": 7.5, "overNumber": 8, "ballNumber": 5, "totalRuns": 1, "batsmanRuns": 1, "isFour": false, "isSix": false, "isWicket": false, "dismissalType": null, "byes": 0, "legbyes": 0, "wides": 0, "noballs": 0, "penalties": 0, "wagonX": 219, "wagonY": 326, "wagonZone": 4, "pitchLine": "OUTSIDE_OFFSTUMP", "pitchLength": "FULL", "shotType": "ON_DRIVE", "shotControl": 1, "timestamp": "2021-10-21T14:35:24.000Z", "modified": "2021-10-21T14:35:27.000Z", "batsmanPlayerId": 87469, "bowlerPlayerId": 81813, "outPlayerId": null, "totalInningRuns": 44, "totalInningWickets": 2, "predictions": {"score": 141, "winProbability": 28.96}, "title": "Greaves to Aqib", "dismissalText": null, "commentPreTextItems": null, "commentTextItems": [{"type": "HTML", "html": "fuller, and driven towards long-on with the incoming slant"}], "commentPostTextItems": null, "commentVideos": [], "commentImages": [], "events": [], "over": null, "batsmanStatText": null, "bowlerStatText": null, "smartStats": []}, {"_uid": 35055666, "id": 35055666, "inningNumber": 1, "ballsActual": null, "ballsUnique": null, "oversUnique": 7.06, "oversActual": 7.6, "overNumber": 8, "ballNumber": 6, "totalRuns": 0, "batsmanRuns": 0, "isFour": false, "isSix": false, "isWicket": false, "dismissalType": null, "byes": 0, "legbyes": 0, "wides": 0, "noballs": 0, "penalties": 0, "wagonX": 181, "wagonY": 191, "wagonZone": 4, "pitchLine": "ON_THE_STUMPS", "pitchLength": "FULL", "shotType": "DEFENDED", "shotControl": 1, "timestamp": "2021-10-21T14:35:47.000Z", "modified": "2021-10-21T14:35:51.000Z", "batsmanPlayerId": 45702, "bowlerPlayerId": 81813, "outPlayerId": null, "totalInningRuns": 44, "totalInningWickets": 2, "predictions": {"score": 140, "winProbability": 28.04}, "title": "Greaves to Nadeem", "dismissalText": null, "commentPreTextItems": [{"type": "HTML", "html": "The slower bowlers doing exactly what the seamers did. Straight lines, decent lengths"}], "commentTextItems": [{"type": "HTML", "html": "length, around off, and driven back towards the bowler"}], "commentPostTextItems": [{"type": "HTML", "html": "Robk: \"As an England fan, personally I'd much rather face Bangladesh and Sri Lanka than Scotland or Ireland. Definitely a potentially banana skin against one of them!\""}], "commentVideos": [], "commentImages": [], "events": [], "over": {"team": {"id": 37, "objectId": 37, "scribeId": 37, "slug": "oman", "name": "Oman", "longName": "Oman", "abbreviation": "OMA", "unofficialName": "", "imageUrl": "/db/PICTURES/CMS/358500/358573.png", "isCountry": true, "primaryColor": null, "image": {"id": 358573, "objectId": 1370493, "slug": "oman-flag-team-logo", "url": "/db/PICTURES/CMS/358500/358573.png", "width": 500, "height": 500, "caption": "Oman flag team logo", "longCaption": "Oman flag team logo", "credit": "Unknown", "photographer": null, "peerUrls": null}, "country": {"id": 37, "objectId": 37, "name": "Oman", "shortName": "Oman", "abbreviation": "OMA", "slug": "oman"}}, "inningNumber": 1, "overNumber": 8, "overRuns": 4, "overWickets": 0, "totalRuns": 44, "totalWickets": 2, "target": 0, "overLimit": 20, "ballLimit": 120, "isMaiden": false, "isComplete": true, "isSuperOver": false, "overEndBatsmen": [{"player": {"id": 45702, "objectId": 41984, "name": "Mohammad Nadeem", "longName": "Mohammad Nadeem", "mobileName": "Nadeem", "indexName": "Mohammad Nadeem", "battingName": "Mohammad Nadeem", "fieldingName": "Mohammad Nadeem", "slug": "mohammad-nadeem", "imageUrl": "/db/PICTURES/CMS/254600/254654.1.jpg", "headshotImageUrl": "/db/PICTURES/CMS/321700/321777.png", "dateOfBirth": {"year": 1982, "month": 9, "date": 4}, "dateOfDeath": null, "gender": "M", "battingStyles": ["rhb"], "bowlingStyles": ["rmf"], "longBattingStyles": ["right-hand bat"], "longBowlingStyles": ["right-arm medium-fast"], "image": {"id": 254654, "objectId": 1065025, "slug": "muhammad-nadeem-portrait", "url": "/db/PICTURES/CMS/254600/254654.1.jpg", "width": 160, "height": 200, "caption": "Muhammad Nadeem portrait", "longCaption": "Muhammad Nadeem portrait, November 2016", "credit": "Peter Della Penna", "photographer": null, "peerUrls": null}, "countryTeamId": 37, "playerRoleTypeIds": [5], "playingRoles": ["allrounder"], "headshotImage": {"id": 321777, "objectId": 1263933, "slug": "mohammad-nadeem-player-page-headshot-cutout-2021", "url": "/db/PICTURES/CMS/321700/321777.png", "width": 600, "height": 436, "caption": "Mohammad Nadeem player page headshot cutout, 2021", "longCaption": "Mohammad Nadeem player page headshot cutout, 2021", "credit": null, "photographer": null, "peerUrls": {"FILM": null, "WIDE": null, "SQUARE": "/db/PICTURES/CMS/321700/321777.square.png"}}}, "runs": 7, "balls": 10, "fours": 0, "sixes": 0}, {"player": {"id": 87469, "objectId": 940593, "name": "Aqib Ilyas", "longName": "Aqib Ilyas", "mobileName": "Aqib", "indexName": "Aqib Ilyas", "battingName": "Aqib Ilyas", "fieldingName": "Aqib Ilyas", "slug": "aqib-ilyas", "imageUrl": "/db/PICTURES/CMS/257900/257905.1.jpg", "headshotImageUrl": "/db/PICTURES/CMS/321700/321767.png", "dateOfBirth": {"year": 1992, "month": 9, "date": 5}, "dateOfDeath": null, "gender": "M", "battingStyles": ["rhb"], "bowlingStyles": ["ob", "lbg"], "longBattingStyles": ["right-hand bat"], "longBowlingStyles": ["right-arm offbreak", "legbreak googly"], "image": {"id": 257905, "objectId": 1078253, "slug": "aaqib-illyas-player-portrait", "url": "/db/PICTURES/CMS/257900/257905.1.jpg", "width": 160, "height": 206, "caption": "Aaqib Illyas player portrait", "longCaption": "Aaqib Illyas player portrait", "credit": "Oman Cricket", "photographer": null, "peerUrls": null}, "countryTeamId": 37, "playerRoleTypeIds": [2], "playingRoles": ["top-order batter"], "headshotImage": {"id": 321767, "objectId": 1263923, "slug": "aqib-ilyas-sulehri-player-page-headshot-cutout-2021", "url": "/db/PICTURES/CMS/321700/321767.png", "width": 600, "height": 436, "caption": "Aqib Ilyas Sulehri player page headshot cutout, 2021", "longCaption": "Aqib Ilyas Sulehri player page headshot cutout, 2021", "credit": null, "photographer": null, "peerUrls": {"FILM": null, "WIDE": null, "SQUARE": "/db/PICTURES/CMS/321700/321767.square.png"}}}, "runs": 32, "balls": 29, "fours": 2, "sixes": 2}], "overEndBowlers": [{"player": {"id": 81813, "objectId": 873199, "name": "CN Greaves", "longName": "Chris Greaves", "mobileName": "Greaves", "indexName": "Greaves, CN", "battingName": "CN Greaves", "fieldingName": "Greaves", "slug": "chris-greaves", "imageUrl": "/db/PICTURES/CMS/286300/286357.1.jpg", "headshotImageUrl": "/db/PICTURES/CMS/329700/329745.png", "dateOfBirth": {"year": 1990, "month": 10, "date": 12}, "dateOfDeath": null, "gender": "M", "battingStyles": ["rhb"], "bowlingStyles": ["lb"], "longBattingStyles": ["right-hand bat"], "longBowlingStyles": ["legbreak"], "image": {"id": 286357, "objectId": 1176647, "slug": "chris-greaves-portrait", "url": "/db/PICTURES/CMS/286300/286357.1.jpg", "width": 160, "height": 200, "caption": "Chris Greaves portrait", "longCaption": "Chris Greaves portrait, February 2019", "credit": "Peter Della Penna", "photographer": null, "peerUrls": null}, "countryTeamId": 30, "playerRoleTypeIds": [4], "playingRoles": ["bowler"], "headshotImage": {"id": 329745, "objectId": 1286738, "slug": "chris-greaves-player-page-headshot-cutout-2021", "url": "/db/PICTURES/CMS/329700/329745.png", "width": 600, "height": 436, "caption": "Chris Greaves player page headshot cutout 2021", "longCaption": "Chris Greaves player page headshot cutout 2021", "credit": null, "photographer": null, "peerUrls": {"FILM": null, "WIDE": null, "SQUARE": "/db/PICTURES/CMS/329700/329745.square.png"}}}, "overs": 1, "balls": 6, "maidens": 0, "conceded": 4, "wickets": 0, "currentType": 1}, {"player": {"id": 71959, "objectId": 659081, "name": "MRJ Watt", "longName": "Mark Watt", "mobileName": "Watt", "indexName": "Watt, MRJ", "battingName": "MRJ Watt", "fieldingName": "Watt", "slug": "mark-watt", "imageUrl": "/db/PICTURES/CMS/179800/179841.1.jpg", "headshotImageUrl": "/db/PICTURES/CMS/320300/320372.png", "dateOfBirth": {"year": 1996, "month": 7, "date": 29}, "dateOfDeath": null, "gender": "M", "battingStyles": ["lhb"], "bowlingStyles": ["sla"], "longBattingStyles": ["left-hand bat"], "longBowlingStyles": ["slow left-arm orthodox"], "image": {"id": 179841, "objectId": 721897, "slug": "mark-watt", "url": "/db/PICTURES/CMS/179800/179841.1.jpg", "width": 160, "height": 192, "caption": "Mark Watt", "longCaption": "Mark Watt", "credit": "International Cricket Council", "photographer": null, "peerUrls": null}, "countryTeamId": 30, "playerRoleTypeIds": [4], "playingRoles": ["bowler"], "headshotImage": {"id": 320372, "objectId": 1261166, "slug": "mark-watt-page-headshot-cutout-2021", "url": "/db/PICTURES/CMS/320300/320372.png", "width": 600, "height": 436, "caption": "Mark Watt page headshot cutout, 2021", "longCaption": "Mark Watt page headshot cutout, 2021", "credit": null, "photographer": null, "peerUrls": {"FILM": null, "WIDE": null, "SQUARE": "/db/PICTURES/CMS/320300/320372.square.png"}}}, "overs": 1, "balls": 6, "maidens": 0, "conceded": 3, "wickets": 0, "currentType": 2}], "rollover": null}, "batsmanStatText": null, "bowlerStatText": null, "smartStats": []}, {"_uid": 35055677, "id": 35055677, "inningNumber": 1, "ballsActual": null, "ballsUnique": null, "oversUnique": 8.01, "oversActual": 8.1, "overNumber": 9, "ballNumber": 1, "totalRuns": 0, "batsmanRuns": 0, "isFour": false, "isSix": false, "isWicket": false, "dismissalType": null, "byes": 0, "legbyes": 0, "wides": 0, "noballs": 0, "penalties": 0, "wagonX": 129, "wagonY": 202, "wagonZone": 6, "pitchLine": "OUTSIDE_OFFSTUMP", "pitchLength": "GOOD_LENGTH", "shotType": "CUT_SHOT", "shotControl": 1, "timestamp": "2021-10-21T14:37:00.000Z", "modified": "2021-10-21T14:37:03.000Z", "batsmanPlayerId": 87469, "bowlerPlayerId": 71959, "outPlayerId": null, "totalInningRuns": 44, "totalInningWickets": 2, "predictions": {"score": 139, "winProbability": 27.14}, "title": "Watt to Aqib", "dismissalText": null, "commentPreTextItems": null, "commentTextItems": [{"type": "HTML", "html": "bowled from way behind the popping crease. Driven towards cover"}], "commentPostTextItems": null, "commentVideos": [], "commentImages": [], "events": [], "over": null, "batsmanStatText": null, "bowlerStatText": null, "smartStats": []}, {"_uid": 35055678, "id": 35055678, "inningNumber": 1, "ballsActual": null, "ballsUnique": null, "oversUnique": 8.02, "oversActual": 8.2, "overNumber": 9, "ballNumber": 2, "totalRuns": 4, "batsmanRuns": 4, "isFour": true, "isSix": false, "isWicket": false, "dismissalType": null, "byes": 0, "legbyes": 0, "wides": 0, "noballs": 0, "penalties": 0, "wagonX": 303, "wagonY": 47, "wagonZone": 2, "pitchLine": "ON_THE_STUMPS", "pitchLength": "FULL", "shotType": "SWEEP_SHOT", "shotControl": 2, "timestamp": "2021-10-21T14:37:34.000Z", "modified": "2021-10-21T14:37:38.000Z", "batsmanPlayerId": 87469, "bowlerPlayerId": 71959, "outPlayerId": null, "totalInningRuns": 48, "totalInningWickets": 2, "predictions": {"score": 141, "winProbability": 28.96}, "title": "Watt to Aqib", "dismissalText": null, "commentPreTextItems": null, "commentTextItems": [{"type": "HTML", "html": "wide of the crease, swept <strong>in the air</strong>! Just makes it to the long leg boundary, with short fine leg and deep backward square leg converging on it. Greaves in fact, just running past it as it bounces past him"}], "commentPostTextItems": null, "commentVideos": [], "commentImages": [], "events": [], "over": null, "batsmanStatText": null, "bowlerStatText": null, "smartStats": []}, {"_uid": 35055682, "id": 35055682, "inningNumber": 1, "ballsActual": null, "ballsUnique": null, "oversUnique": 8.03, "oversActual": 8.3, "overNumber": 9, "ballNumber": 3, "totalRuns": 0, "batsmanRuns": 0, "isFour": false, "isSix": false, "isWicket": false, "dismissalType": null, "byes": 0, "legbyes": 0, "wides": 0, "noballs": 0, "penalties": 0, "wagonX": 167, "wagonY": 194, "wagonZone": 5, "pitchLine": "OUTSIDE_OFFSTUMP", "pitchLength": "FULL", "shotType": "ON_DRIVE", "shotControl": 1, "timestamp": "2021-10-21T14:37:52.000Z", "modified": "2021-10-21T14:37:55.000Z", "batsmanPlayerId": 87469, "bowlerPlayerId": 71959, "outPlayerId": null, "totalInningRuns": 48, "totalInningWickets": 2, "predictions": {"score": 141, "winProbability": 28.96}, "title": "Watt to Aqib", "dismissalText": null, "commentPreTextItems": null, "commentTextItems": [{"type": "HTML", "html": "driven firmly down the wicket to the bowler's left, and he stops it on his followthrough"}], "commentPostTextItems": null, "commentVideos": [], "commentImages": [], "events": [], "over": null, "batsmanStatText": null, "bowlerStatText": null, "smartStats": []}, {"_uid": 35055685, "id": 35055685, "inningNumber": 1, "ballsActual": null, "ballsUnique": null, "oversUnique": 8.04, "oversActual": 8.4, "overNumber": 9, "ballNumber": 4, "totalRuns": 1, "batsmanRuns": 1, "isFour": false, "isSix": false, "isWicket": false, "dismissalType": null, "byes": 0, "legbyes": 0, "wides": 0, "noballs": 0, "penalties": 0, "wagonX": 230, "wagonY": 64, "wagonZone": 1, "pitchLine": "ON_THE_STUMPS", "pitchLength": "FULL", "shotType": "SWEEP_SHOT", "shotControl": 2, "timestamp": "2021-10-21T14:38:34.000Z", "modified": "2021-10-21T14:38:38.000Z", "batsmanPlayerId": 87469, "bowlerPlayerId": 71959, "outPlayerId": null, "totalInningRuns": 49, "totalInningWickets": 2, "predictions": {"score": 141, "winProbability": 28.96}, "title": "Watt to Aqib", "dismissalText": null, "commentPreTextItems": null, "commentTextItems": [{"type": "HTML", "html": "<strong>just beyond short fine leg's reach!</strong> Flat again, and down the leg side. He looks for the sweep, but gets the toe end. It scoops up, but just goes behind Wheal at short fine. He puts in a jump, but doesn't time it well enough"}], "commentPostTextItems": null, "commentVideos": [], "commentImages": [], "events": [], "over": null, "batsmanStatText": null, "bowlerStatText": null, "smartStats": []}, {"_uid": 35055689, "id": 35055689, "inningNumber": 1, "ballsActual": null, "ballsUnique": null, "oversUnique": 8.05, "oversActual": 8.5, "overNumber": 9, "ballNumber": 5, "totalRuns": 0, "batsmanRuns": 0, "isFour": false, "isSix": false, "isWicket": false, "dismissalType": null, "byes": 0, "legbyes": 0, "wides": 0, "noballs": 0, "penalties": 0, "wagonX": 192, "wagonY": 192, "wagonZone": 4, "pitchLine": "ON_THE_STUMPS", "pitchLength": "GOOD_LENGTH", "shotType": "FLICK", "shotControl": 2, "timestamp": "2021-10-21T14:38:50.000Z", "modified": "2021-10-21T14:38:54.000Z", "batsmanPlayerId": 45702, "bowlerPlayerId": 71959, "outPlayerId": null, "totalInningRuns": 49, "totalInningWickets": 2, "predictions": {"score": 140, "winProbability": 28.04}, "title": "Watt to Nadeem", "dismissalText": null, "commentPreTextItems": null, "commentTextItems": [{"type": "HTML", "html": "driven back to the bowler"}], "commentPostTextItems": null, "commentVideos": [], "commentImages": [], "events": [], "over": null, "batsmanStatText": null, "bowlerStatText": null, "smartStats": []}, {"_uid": 35055691, "id": 35055691, "inningNumber": 1, "ballsActual": null, "ballsUnique": null, "oversUnique": 8.06, "oversActual": 8.6, "overNumber": 9, "ballNumber": 6, "totalRuns": 1, "batsmanRuns": 1, "isFour": false, "isSix": false, "isWicket": false, "dismissalType": null, "byes": 0, "legbyes": 0, "wides": 0, "noballs": 0, "penalties": 0, "wagonX": 131, "wagonY": 305, "wagonZone": 5, "pitchLine": "OUTSIDE_OFFSTUMP", "pitchLength": "FULL_TOSS", "shotType": "COVER_DRIVE", "shotControl": 1, "timestamp": "2021-10-21T14:39:12.000Z", "modified": "2021-10-21T14:39:16.000Z", "batsmanPlayerId": 45702, "bowlerPlayerId": 71959, "outPlayerId": null, "totalInningRuns": 50, "totalInningWickets": 2, "predictions": {"score": 139, "winProbability": 27.14}, "title": "Watt to Nadeem", "dismissalText": null, "commentPreTextItems": null, "commentTextItems": [{"type": "HTML", "html": "full toss, driven to long-off"}], "commentPostTextItems": [{"type": "HTML", "html": "In the course of this over, Ilyas has also brought up <strong>500 T20I runs</strong>"}], "commentVideos": [], "commentImages": [], "events": [], "over": {"team": {"id": 37, "objectId": 37, "scribeId": 37, "slug": "oman", "name": "Oman", "longName": "Oman", "abbreviation": "OMA", "unofficialName": "", "imageUrl": "/db/PICTURES/CMS/358500/358573.png", "isCountry": true, "primaryColor": null, "image": {"id": 358573, "objectId": 1370493, "slug": "oman-flag-team-logo", "url": "/db/PICTURES/CMS/358500/358573.png", "width": 500, "height": 500, "caption": "Oman flag team logo", "longCaption": "Oman flag team logo", "credit": "Unknown", "photographer": null, "peerUrls": null}, "country": {"id": 37, "objectId": 37, "name": "Oman", "shortName": "Oman", "abbreviation": "OMA", "slug": "oman"}}, "inningNumber": 1, "overNumber": 9, "overRuns": 6, "overWickets": 0, "totalRuns": 50, "totalWickets": 2, "target": 0, "overLimit": 20, "ballLimit": 120, "isMaiden": false, "isComplete": true, "isSuperOver": false, "overEndBatsmen": [{"player": {"id": 45702, "objectId": 41984, "name": "Mohammad Nadeem", "longName": "Mohammad Nadeem", "mobileName": "Nadeem", "indexName": "Mohammad Nadeem", "battingName": "Mohammad Nadeem", "fieldingName": "Mohammad Nadeem", "slug": "mohammad-nadeem", "imageUrl": "/db/PICTURES/CMS/254600/254654.1.jpg", "headshotImageUrl": "/db/PICTURES/CMS/321700/321777.png", "dateOfBirth": {"year": 1982, "month": 9, "date": 4}, "dateOfDeath": null, "gender": "M", "battingStyles": ["rhb"], "bowlingStyles": ["rmf"], "longBattingStyles": ["right-hand bat"], "longBowlingStyles": ["right-arm medium-fast"], "image": {"id": 254654, "objectId": 1065025, "slug": "muhammad-nadeem-portrait", "url": "/db/PICTURES/CMS/254600/254654.1.jpg", "width": 160, "height": 200, "caption": "Muhammad Nadeem portrait", "longCaption": "Muhammad Nadeem portrait, November 2016", "credit": "Peter Della Penna", "photographer": null, "peerUrls": null}, "countryTeamId": 37, "playerRoleTypeIds": [5], "playingRoles": ["allrounder"], "headshotImage": {"id": 321777, "objectId": 1263933, "slug": "mohammad-nadeem-player-page-headshot-cutout-2021", "url": "/db/PICTURES/CMS/321700/321777.png", "width": 600, "height": 436, "caption": "Mohammad Nadeem player page headshot cutout, 2021", "longCaption": "Mohammad Nadeem player page headshot cutout, 2021", "credit": null, "photographer": null, "peerUrls": {"FILM": null, "WIDE": null, "SQUARE": "/db/PICTURES/CMS/321700/321777.square.png"}}}, "runs": 8, "balls": 12, "fours": 0, "sixes": 0}, {"player": {"id": 87469, "objectId": 940593, "name": "Aqib Ilyas", "longName": "Aqib Ilyas", "mobileName": "Aqib", "indexName": "Aqib Ilyas", "battingName": "Aqib Ilyas", "fieldingName": "Aqib Ilyas", "slug": "aqib-ilyas", "imageUrl": "/db/PICTURES/CMS/257900/257905.1.jpg", "headshotImageUrl": "/db/PICTURES/CMS/321700/321767.png", "dateOfBirth": {"year": 1992, "month": 9, "date": 5}, "dateOfDeath": null, "gender": "M", "battingStyles": ["rhb"], "bowlingStyles": ["ob", "lbg"], "longBattingStyles": ["right-hand bat"], "longBowlingStyles": ["right-arm offbreak", "legbreak googly"], "image": {"id": 257905, "objectId": 1078253, "slug": "aaqib-illyas-player-portrait", "url": "/db/PICTURES/CMS/257900/257905.1.jpg", "width": 160, "height": 206, "caption": "Aaqib Illyas player portrait", "longCaption": "Aaqib Illyas player portrait", "credit": "Oman Cricket", "photographer": null, "peerUrls": null}, "countryTeamId": 37, "playerRoleTypeIds": [2], "playingRoles": ["top-order batter"], "headshotImage": {"id": 321767, "objectId": 1263923, "slug": "aqib-ilyas-sulehri-player-page-headshot-cutout-2021", "url": "/db/PICTURES/CMS/321700/321767.png", "width": 600, "height": 436, "caption": "Aqib Ilyas Sulehri player page headshot cutout, 2021", "longCaption": "Aqib Ilyas Sulehri player page headshot cutout, 2021", "credit": null, "photographer": null, "peerUrls": {"FILM": null, "WIDE": null, "SQUARE": "/db/PICTURES/CMS/321700/321767.square.png"}}}, "runs": 37, "balls": 33, "fours": 3, "sixes": 2}], "overEndBowlers": [{"player": {"id": 71959, "objectId": 659081, "name": "MRJ Watt", "longName": "Mark Watt", "mobileName": "Watt", "indexName": "Watt, MRJ", "battingName": "MRJ Watt", "fieldingName": "Watt", "slug": "mark-watt", "imageUrl": "/db/PICTURES/CMS/179800/179841.1.jpg", "headshotImageUrl": "/db/PICTURES/CMS/320300/320372.png", "dateOfBirth": {"year": 1996, "month": 7, "date": 29}, "dateOfDeath": null, "gender": "M", "battingStyles": ["lhb"], "bowlingStyles": ["sla"], "longBattingStyles": ["left-hand bat"], "longBowlingStyles": ["slow left-arm orthodox"], "image": {"id": 179841, "objectId": 721897, "slug": "mark-watt", "url": "/db/PICTURES/CMS/179800/179841.1.jpg", "width": 160, "height": 192, "caption": "Mark Watt", "longCaption": "Mark Watt", "credit": "International Cricket Council", "photographer": null, "peerUrls": null}, "countryTeamId": 30, "playerRoleTypeIds": [4], "playingRoles": ["bowler"], "headshotImage": {"id": 320372, "objectId": 1261166, "slug": "mark-watt-page-headshot-cutout-2021", "url": "/db/PICTURES/CMS/320300/320372.png", "width": 600, "height": 436, "caption": "Mark Watt page headshot cutout, 2021", "longCaption": "Mark Watt page headshot cutout, 2021", "credit": null, "photographer": null, "peerUrls": {"FILM": null, "WIDE": null, "SQUARE": "/db/PICTURES/CMS/320300/320372.square.png"}}}, "overs": 2, "balls": 12, "maidens": 0, "conceded": 9, "wickets": 0, "currentType": 1}, {"player": {"id": 81813, "objectId": 873199, "name": "CN Greaves", "longName": "Chris Greaves", "mobileName": "Greaves", "indexName": "Greaves, CN", "battingName": "CN Greaves", "fieldingName": "Greaves", "slug": "chris-greaves", "imageUrl": "/db/PICTURES/CMS/286300/286357.1.jpg", "headshotImageUrl": "/db/PICTURES/CMS/329700/329745.png", "dateOfBirth": {"year": 1990, "month": 10, "date": 12}, "dateOfDeath": null, "gender": "M", "battingStyles": ["rhb"], "bowlingStyles": ["lb"], "longBattingStyles": ["right-hand bat"], "longBowlingStyles": ["legbreak"], "image": {"id": 286357, "objectId": 1176647, "slug": "chris-greaves-portrait", "url": "/db/PICTURES/CMS/286300/286357.1.jpg", "width": 160, "height": 200, "caption": "Chris Greaves portrait", "longCaption": "Chris Greaves portrait, February 2019", "credit": "Peter Della Penna", "photographer": null, "peerUrls": null}, "countryTeamId": 30, "playerRoleTypeIds": [4], "playingRoles": ["bowler"], "headshotImage": {"id": 329745, "objectId": 1286738, "slug": "chris-greaves-player-page-headshot-cutout-2021", "url": "/db/PICTURES/CMS/329700/329745.png", "width": 600, "height": 436, "caption": "Chris Greaves player page headshot cutout 2021", "longCaption": "Chris Greaves player page headshot cutout 2021", "credit": null, "photographer": null, "peerUrls": {"FILM": null, "WIDE": null, "SQUARE": "/db/PICTURES/CMS/329700/329745.square.png"}}}, "overs": 1, "balls": 6, "maidens": 0, "conceded": 4, "wickets": 0, "currentType": 2}], "rollover": null}, "batsmanStatText": null, "bowlerStatText": null, "smartStats": []}]