[{"_uid": 35055216, "id": 35055216, "inningNumber": 2, "ballsActual": null, "ballsUnique": null, "oversUnique": 19.01, "oversActual": 19.1, "overNumber": 20, "ballNumber": 1, "totalRuns": 1, "batsmanRuns": 1, "isFour": false, "isSix": false, "isWicket": false, "dismissalType": null, "byes": 0, "legbyes": 0, "wides": 0, "noballs": 0, "penalties": 0, "wagonX": 325, "wagonY": 188, "wagonZone": 3, "pitchLine": "ON_THE_STUMPS", "pitchLength": "SHORT_OF_A_GOOD_LENGTH", "shotType": "PULL", "shotControl": 1, "timestamp": "2021-10-21T13:25:16.000Z", "modified": "2021-10-21T13:25:20.000Z", "batsmanPlayerId": 71459, "bowlerPlayerId": 66808, "outPlayerId": null, "totalInningRuns": 97, "totalInningWickets": 9, "predictions": {"score": 106, "winProbability": 0.01}, "title": "Taskin to Doriga", "dismissalText": null, "commentPreTextItems": null, "commentTextItems": [{"type": "HTML", "html": "slower short ball at leg stump, pulls it out to deep midwicket's right"}], "commentPostTextItems": null, "commentVideos": [], "commentImages": [], "events": [], "over": null, "batsmanStatText": null, "bowlerStatText": null, "smartStats": []}, {"_uid": 35055224, "id": 35055224, "inningNumber": 2, "ballsActual": null, "ballsUnique": null, "oversUnique": 19.02, "oversActual": 19.2, "overNumber": 20, "ballNumber": 2, "totalRuns": 0, "batsmanRuns": 0, "isFour": false, "isSix": false, "isWicket": false, "dismissalType": null, "byes": 0, "legbyes": 0, "wides": 0, "noballs": 0, "penalties": 0, "wagonX": 0, "wagonY": 0, "wagonZone": 0, "pitchLine": null, "pitchLength": null, "shotType": "CUT_SHOT", "shotControl": 2, "timestamp": "2021-10-21T13:26:08.000Z", "modified": "2021-10-21T13:26:11.000Z", "batsmanPlayerId": 101285, "bowlerPlayerId": 66808, "outPlayerId": null, "totalInningRuns": 97, "totalInningWickets": 9, "predictions": {"score": 104, "winProbability": 0.01}, "title": "Taskin to Ravu", "dismissalText": null, "commentPreTextItems": [{"type": "HTML", "html": "Mark: \"PNG going down big time, but having a lot of fun on the way. maybe, next time, we could extend the first round to 16 teams and have 4 groups of 4? \""}], "commentTextItems": [{"type": "HTML", "html": "short and following him down leg side as he backs away and has a slap at it. Beaten"}], "commentPostTextItems": null, "commentVideos": [], "commentImages": [], "events": [], "over": null, "batsmanStatText": null, "bowlerStatText": null, "smartStats": []}, {"_uid": 35055233, "id": 35055233, "inningNumber": 2, "ballsActual": null, "ballsUnique": null, "oversUnique": 19.03, "oversActual": 19.3, "overNumber": 20, "ballNumber": 3, "totalRuns": 0, "batsmanRuns": 0, "isFour": false, "isSix": false, "isWicket": true, "dismissalType": 1, "byes": 0, "legbyes": 0, "wides": 0, "noballs": 0, "penalties": 0, "wagonX": 177, "wagonY": 128, "wagonZone": 8, "pitchLine": "OUTSIDE_OFFSTUMP", "pitchLength": "SHORT_OF_A_GOOD_LENGTH", "shotType": "CUT_SHOT", "shotControl": 2, "timestamp": "2021-10-21T13:26:59.000Z", "modified": "2021-10-21T13:27:03.000Z", "batsmanPlayerId": 101285, "bowlerPlayerId": 66808, "outPlayerId": 101285, "totalInningRuns": 97, "totalInningWickets": 10, "predictions": {"score": 97, "winProbability": 0}, "title": "Taskin to Ravu", "dismissalText": {"short": "caught", "long": "c \u2020Nurul Hasan b Taskin Ahmed", "commentary": "Damien Ravu c \u2020Nurul Hasan b Taskin Ahmed 5 (5b 1x4 0x6 10m) SR: 100"}, "commentPreTextItems": [{"type": "HTML", "html": "james: \"Bangladesh had Scotland at 53 for 6 and PNG at 27 for 7. They keep letting their foot off the gas once they think they're secure with a win. We saw how that went with the Scotland game.\""}], "commentTextItems": [{"type": "HTML", "html": "<b>that's that!</b> PNG fall shy of the 100 mark and Doriga of a half-century. This is short of a length outside off, he backs away and has a stab at this. Thin outside edge is taken easily"}], "commentPostTextItems": [{"type": "HTML", "html": "<b>5.39pm</b> And that is all from the first game today. Our Oman vs Scotland coverage is up and running <a href=\"https://www.espncricinfo.com/series/icc-men-s-t20-world-cup-2021-22-1267897/oman-vs-scotland-10th-match-first-round-group-b-1273721/live-cricket-score\">over here</a>. So head over for what could be a real thriller. See you soon!"}, {"type": "HTML", "html": "<b>Mahmudullah:</b> I think it was much needed. The way that we wanted to play, the intent was there from the batters. Having said that I think the wicket was better in comparison, so the batters did well to get 180. I think the two things we've been concerned about are the first six overs with bat and ball. If we get a good start, we can capitalise, so I think we need to improve on that. I've said it before - we're much more skilled hitters than big hitters. So we need to find the bowlers we can take on on that particular day and we need to figure that out and communicate with the others as experienced batters.<br><bR>"}, {"type": "HTML", "html": "<b>Assad Vala:</b> Towards the end they got the momentum, but I thought we started really well. 1 for 40 or something in the powerplay. We pulled them back really well, but we just couldn't execute our death bowling under pressure. I think losing wickets in the powerplay has been costing us. We've not found a really good way to play. Against a really good team you need to be up for it. We can take back executing our skills under pressure, we weren't good enough. We know we could've done well. So next time if we get the opportunity, we'll try to change it.<br><bR>"}, {"type": "HTML", "html": "<b>Shakib:</b> Every game we're playing gets us into more confidence. Obviously it was a setback, the first game, but in the T20 format the team that is better on the day wins. But now the pressure is off and we can play expressively. It's not an easy format to get back into form, but luckily I'm getting more chance to bat up the order. A little tired, I've been playing non-stop cricket for the last five-six months, it's been a long season for me. But hopefully I can pull this tournament off.<br><br>"}, {"type": "HTML", "html": "<b>Shakib is the Player of the Match.</b><br><br>"}, {"type": "HTML", "html": "<b>5.27pm</b> So that is the end for PNG. And a comeback completed well from Bangladesh. This win takes them to four points with a massive boost in net run rate. <b>They are through to the Super 12s.</b> They finish this game top of the table, but that will change if Scotland win the evening game. <b>Oman will need to win by 79 runs to top the group.</b>  If they win by a smaller margin, they'll finish second. So it's pretty simple: winner of the next game qualifies alongside Bangladesh."}], "commentVideos": [], "commentImages": [], "events": [], "over": null, "batsmanStatText": null, "bowlerStatText": null, "smartStats": []}]