[{"_uid": 35042066, "id": 35042066, "inningNumber": 1, "ballsActual": null, "ballsUnique": null, "oversUnique": 15.01, "oversActual": 15.1, "overNumber": 16, "ballNumber": 1, "totalRuns": 0, "batsmanRuns": 0, "isFour": false, "isSix": false, "isWicket": false, "dismissalType": null, "byes": 0, "legbyes": 0, "wides": 0, "noballs": 0, "penalties": 0, "wagonX": 0, "wagonY": 0, "wagonZone": 0, "pitchLine": "ON_THE_STUMPS", "pitchLength": "GOOD_LENGTH", "shotType": "SLOG_SHOT", "shotControl": 2, "timestamp": "2021-10-18T15:20:26.000Z", "modified": "2021-10-18T15:20:30.000Z", "batsmanPlayerId": 63683, "bowlerPlayerId": 101991, "outPlayerId": null, "totalInningRuns": 82, "totalInningWickets": 5, "predictions": {"score": 127, "winProbability": 20.7}, "title": "Theekshana to Frylinck", "dismissalText": null, "commentPreTextItems": null, "commentTextItems": [{"type": "HTML", "html": "<b>dropped?</b> A length ball at the stumps, the batter went for the pull but misses. The ball hits the back thigh and the keeper fails to collect it. Not clear if there was an inside edge"}], "commentPostTextItems": null, "commentVideos": [], "commentImages": [], "events": [], "over": null, "batsmanStatText": null, "bowlerStatText": null, "smartStats": []}, {"_uid": 35042067, "id": 35042067, "inningNumber": 1, "ballsActual": null, "ballsUnique": null, "oversUnique": 15.02, "oversActual": 15.2, "overNumber": 16, "ballNumber": 2, "totalRuns": 1, "batsmanRuns": 1, "isFour": false, "isSix": false, "isWicket": false, "dismissalType": null, "byes": 0, "legbyes": 0, "wides": 0, "noballs": 0, "penalties": 0, "wagonX": 106, "wagonY": 258, "wagonZone": 5, "pitchLine": "ON_THE_STUMPS", "pitchLength": "GOOD_LENGTH", "shotType": "ON_DRIVE", "shotControl": 1, "timestamp": "2021-10-18T15:20:42.000Z", "modified": "2021-10-18T15:20:45.000Z", "batsmanPlayerId": 63683, "bowlerPlayerId": 101991, "outPlayerId": null, "totalInningRuns": 83, "totalInningWickets": 5, "predictions": {"score": 126, "winProbability": 19.97}, "title": "Theekshana to Frylinck", "dismissalText": null, "commentPreTextItems": null, "commentTextItems": [{"type": "HTML", "html": "length ball, tucked away towards midwicket"}], "commentPostTextItems": null, "commentVideos": [], "commentImages": [], "events": [], "over": null, "batsmanStatText": null, "bowlerStatText": null, "smartStats": []}, {"_uid": 35042070, "id": 35042070, "inningNumber": 1, "ballsActual": null, "ballsUnique": null, "oversUnique": 15.03, "oversActual": 15.3, "overNumber": 16, "ballNumber": 3, "totalRuns": 1, "batsmanRuns": 1, "isFour": false, "isSix": false, "isWicket": false, "dismissalType": null, "byes": 0, "legbyes": 0, "wides": 0, "noballs": 0, "penalties": 0, "wagonX": 249, "wagonY": 322, "wagonZone": 4, "pitchLine": "ON_THE_STUMPS", "pitchLength": "GOOD_LENGTH", "shotType": "ON_DRIVE", "shotControl": 1, "timestamp": "2021-10-18T15:21:27.000Z", "modified": "2021-10-18T15:21:30.000Z", "batsmanPlayerId": 67403, "bowlerPlayerId": 101991, "outPlayerId": null, "totalInningRuns": 84, "totalInningWickets": 5, "predictions": {"score": 126, "winProbability": 19.97}, "title": "Theekshana to Smit", "dismissalText": null, "commentPreTextItems": null, "commentTextItems": [{"type": "HTML", "html": "short of length outside off, works it towards long-on"}], "commentPostTextItems": null, "commentVideos": [], "commentImages": [], "events": [], "over": null, "batsmanStatText": null, "bowlerStatText": null, "smartStats": []}, {"_uid": 35042072, "id": 35042072, "inningNumber": 1, "ballsActual": null, "ballsUnique": null, "oversUnique": 15.04, "oversActual": 15.4, "overNumber": 16, "ballNumber": 4, "totalRuns": 0, "batsmanRuns": 0, "isFour": false, "isSix": false, "isWicket": true, "dismissalType": 2, "byes": 0, "legbyes": 0, "wides": 0, "noballs": 0, "penalties": 0, "wagonX": 0, "wagonY": 0, "wagonZone": 0, "pitchLine": "ON_THE_STUMPS", "pitchLength": "GOOD_LENGTH", "shotType": "SLOG_SWEEP", "shotControl": 2, "timestamp": "2021-10-18T15:22:15.000Z", "modified": "2021-10-18T15:22:18.000Z", "batsmanPlayerId": 63683, "bowlerPlayerId": 101991, "outPlayerId": 63683, "totalInningRuns": 84, "totalInningWickets": 6, "predictions": {"score": 122, "winProbability": 17.23}, "title": "Theekshana to Frylinck", "dismissalText": {"short": "bowled", "long": " b Theekshana", "commentary": "Jan Frylinck b Theekshana 2 (4b 0x4 0x6 6m) SR: 50"}, "commentPreTextItems": null, "commentTextItems": [{"type": "HTML", "html": "<b>bowled 'im</b>. Third wicket for Theekshana. A length ball around middle and spinning away. Frylinck went for the sweep but made no connection"}], "commentPostTextItems": [{"type": "HTML", "html": "Rob: \"\"Wiese needs to come in here, these two are batting way too slowly.\" A masterclass in be-careful-what-you-wish-for from Devashish!\""}], "commentVideos": [], "commentImages": [], "events": [], "over": null, "batsmanStatText": null, "bowlerStatText": null, "smartStats": []}, {"_uid": 35042080, "id": 35042080, "inningNumber": 1, "ballsActual": null, "ballsUnique": null, "oversUnique": 15.05, "oversActual": 15.5, "overNumber": 16, "ballNumber": 5, "totalRuns": 0, "batsmanRuns": 0, "isFour": false, "isSix": false, "isWicket": false, "dismissalType": null, "byes": 0, "legbyes": 0, "wides": 0, "noballs": 0, "penalties": 0, "wagonX": 0, "wagonY": 0, "wagonZone": 0, "pitchLine": "DOWN_LEG", "pitchLength": "GOOD_LENGTH", "shotType": "FLICK", "shotControl": 2, "timestamp": "2021-10-18T15:23:55.000Z", "modified": "2021-10-18T15:23:59.000Z", "batsmanPlayerId": 95708, "bowlerPlayerId": 101991, "outPlayerId": null, "totalInningRuns": 84, "totalInningWickets": 6, "predictions": {"score": 121, "winProbability": 16.59}, "title": "Theekshana to JN Loftie-Eaton", "dismissalText": null, "commentPreTextItems": null, "commentTextItems": [{"type": "HTML", "html": "<b>an appeal for lbw</b> but was heading down. A length ball, the carrom variation. Beats the batter for the pace as he looks to flick it away. Pitched outside leg I think"}], "commentPostTextItems": null, "commentVideos": [], "commentImages": [], "events": [], "over": null, "batsmanStatText": null, "bowlerStatText": null, "smartStats": []}, {"_uid": 35042081, "id": 35042081, "inningNumber": 1, "ballsActual": null, "ballsUnique": null, "oversUnique": 15.06, "oversActual": 15.6, "overNumber": 16, "ballNumber": 6, "totalRuns": 1, "batsmanRuns": 1, "isFour": false, "isSix": false, "isWicket": false, "dismissalType": null, "byes": 0, "legbyes": 0, "wides": 0, "noballs": 0, "penalties": 0, "wagonX": 110, "wagonY": 193, "wagonZone": 6, "pitchLine": "ON_THE_STUMPS", "pitchLength": "GOOD_LENGTH", "shotType": "FLICK", "shotControl": 1, "timestamp": "2021-10-18T15:24:02.000Z", "modified": "2021-10-18T15:24:06.000Z", "batsmanPlayerId": 95708, "bowlerPlayerId": 101991, "outPlayerId": null, "totalInningRuns": 85, "totalInningWickets": 6, "predictions": {"score": 121, "winProbability": 16.59}, "title": "Theekshana to JN Loftie-Eaton", "dismissalText": null, "commentPreTextItems": null, "commentTextItems": [{"type": "HTML", "html": "length ball on the stumps, flicked towards square leg"}], "commentPostTextItems": null, "commentVideos": [], "commentImages": [], "events": [], "over": {"team": {"id": 28, "objectId": 28, "scribeId": 28, "slug": "namibia", "name": "Namibia", "longName": "Namibia", "abbreviation": "NAM", "unofficialName": null, "imageUrl": "/db/PICTURES/CMS/313100/313148.logo.png", "isCountry": true, "primaryColor": null, "image": {"id": 313148, "objectId": 1241607, "slug": "namibia-logo", "url": "/db/PICTURES/CMS/313100/313148.logo.png", "width": 500, "height": 500, "caption": "Namibia logo", "longCaption": "Namibia logo", "credit": null, "photographer": null, "peerUrls": null}, "country": {"id": 28, "objectId": 28, "name": "Namibia", "shortName": "Namibia", "abbreviation": "NAM", "slug": "namibia"}}, "inningNumber": 1, "overNumber": 16, "overRuns": 3, "overWickets": 1, "totalRuns": 85, "totalWickets": 6, "target": 0, "overLimit": 20, "ballLimit": 120, "isMaiden": false, "isComplete": true, "isSuperOver": false, "overEndBatsmen": [{"player": {"id": 95708, "objectId": 1071473, "name": "JN Loftie-Eaton", "longName": "Jan Nicol Loftie-Eaton", "mobileName": "", "indexName": "Loftie-Eaton, JN", "battingName": "JN Loftie-Eaton", "fieldingName": "Loftie-Eaton", "slug": "jan-nicol-loftie-eaton", "imageUrl": "/db/PICTURES/CMS/347800/347847.4.jpg", "headshotImageUrl": "/db/PICTURES/CMS/348600/348606.png", "dateOfBirth": {"year": 2001, "month": 3, "date": 15}, "dateOfDeath": null, "gender": "M", "battingStyles": ["lhb"], "bowlingStyles": ["rm", "lb"], "longBattingStyles": ["left-hand bat"], "longBowlingStyles": ["right-arm medium", "legbreak"], "image": {"id": 347847, "objectId": 1340687, "slug": "jan-nicol-loftie-eaton-player-portrait", "url": "/db/PICTURES/CMS/347800/347847.4.jpg", "width": 160, "height": 234, "caption": "Jan Nicol Loftie-Eaton, player portrait", "longCaption": "Jan Nicol Loftie-Eaton, player portrait", "credit": "ICC/Getty Images", "photographer": "Mark Metcalfe", "peerUrls": null}, "countryTeamId": 28, "playerRoleTypeIds": [10], "playingRoles": ["batting allrounder"], "headshotImage": {"id": 348606, "objectId": 1342900, "slug": "jan-nicol-loftie-eaton-player-page-headshot-cutout-2022", "url": "/db/PICTURES/CMS/348600/348606.png", "width": 600, "height": 436, "caption": "Jan Nicol Loftie-Eaton, player page headshot cutout 2022", "longCaption": "Jan Nicol Loftie-Eaton, player page headshot cutout 2022", "credit": null, "photographer": null, "peerUrls": {"FILM": null, "WIDE": null, "SQUARE": "/db/PICTURES/CMS/348600/348606.square.png"}}}, "runs": 1, "balls": 2, "fours": 0, "sixes": 0}, {"player": {"id": 67403, "objectId": 553821, "name": "JJ Smit", "longName": "JJ Smit", "mobileName": "Smit", "indexName": "Smit, JJ", "battingName": "JJ Smit", "fieldingName": "Smit", "slug": "jj-smit", "imageUrl": "/db/PICTURES/CMS/179600/179653.1.jpg", "headshotImageUrl": "/db/PICTURES/CMS/329700/329762.png", "dateOfBirth": {"year": 1995, "month": 11, "date": 10}, "dateOfDeath": null, "gender": "M", "battingStyles": ["rhb"], "bowlingStyles": ["lmf"], "longBattingStyles": ["right-hand bat"], "longBowlingStyles": ["left-arm medium-fast"], "image": {"id": 179653, "objectId": 721499, "slug": "jj-smit", "url": "/db/PICTURES/CMS/179600/179653.1.jpg", "width": 160, "height": 192, "caption": "JJ Smit", "longCaption": "JJ Smit", "credit": "International Cricket Council", "photographer": null, "peerUrls": null}, "countryTeamId": 28, "playerRoleTypeIds": [11], "playingRoles": ["bowling allrounder"], "headshotImage": {"id": 329762, "objectId": 1286763, "slug": "jj-smit-player-page-headshot-cutout-2021", "url": "/db/PICTURES/CMS/329700/329762.png", "width": 600, "height": 436, "caption": "JJ Smit player page headshot cutout 2021", "longCaption": "JJ Smit player page headshot cutout 2021", "credit": null, "photographer": null, "peerUrls": {"FILM": null, "WIDE": null, "SQUARE": "/db/PICTURES/CMS/329700/329762.square.png"}}}, "runs": 5, "balls": 5, "fours": 0, "sixes": 0}], "overEndBowlers": [{"player": {"id": 101991, "objectId": 1138316, "name": "M Theekshana", "longName": "Maheesh Theekshana", "mobileName": "Theekshana", "indexName": "Theekshana, M", "battingName": "M Theekshana", "fieldingName": "Theekshana", "slug": "maheesh-theekshana", "imageUrl": "/db/PICTURES/CMS/336200/336296.4.jpg", "headshotImageUrl": "/db/PICTURES/CMS/347800/347825.png", "dateOfBirth": {"year": 2000, "month": 8, "date": 1}, "dateOfDeath": null, "gender": "M", "battingStyles": ["rhb"], "bowlingStyles": ["ob"], "longBattingStyles": ["right-hand bat"], "longBowlingStyles": ["right-arm offbreak"], "image": {"id": 336296, "objectId": 1306203, "slug": "mahesh-theekshana-player-portrait", "url": "/db/PICTURES/CMS/336200/336296.4.jpg", "width": 160, "height": 221, "caption": "Mahesh Theekshana, player portrait", "longCaption": "Mahesh Theekshana, player portrait", "credit": "Cricket Australia/Getty Images", "photographer": "Brendon Thorne", "peerUrls": null}, "countryTeamId": 8, "playerRoleTypeIds": [4], "playingRoles": ["bowler"], "headshotImage": {"id": 347825, "objectId": 1340657, "slug": "maheesh-theekshana-player-page-headshot-cutout-2022", "url": "/db/PICTURES/CMS/347800/347825.png", "width": 600, "height": 436, "caption": "Maheesh Theekshana, player page headshot cutout 2022", "longCaption": "Maheesh Theekshana, player page headshot cutout 2022", "credit": null, "photographer": null, "peerUrls": {"FILM": null, "WIDE": null, "SQUARE": "/db/PICTURES/CMS/347800/347825.square.png"}}}, "overs": 4, "balls": 24, "maidens": 0, "conceded": 25, "wickets": 3, "currentType": 1}, {"player": {"id": 70580, "objectId": 623695, "name": "C Karunaratne", "longName": "Chamika Karunaratne", "mobileName": "", "indexName": "Karunaratne, C", "battingName": "C Karunaratne", "fieldingName": "Karunaratne", "slug": "chamika-karunaratne", "imageUrl": "/db/PICTURES/CMS/303800/303830.png", "headshotImageUrl": "/db/PICTURES/CMS/329900/329937.png", "dateOfBirth": {"year": 1996, "month": 5, "date": 29}, "dateOfDeath": null, "gender": "M", "battingStyles": ["rhb"], "bowlingStyles": ["rmf"], "longBattingStyles": ["right-hand bat"], "longBowlingStyles": ["right-arm medium-fast"], "image": {"id": 303830, "objectId": 1222664, "slug": "chamika-karunaratne-portrait", "url": "/db/PICTURES/CMS/303800/303830.png", "width": 160, "height": 202, "caption": "Chamika Karunaratne portrait", "longCaption": "Chamika Karunaratne, May 2020", "credit": "Getty Images", "photographer": null, "peerUrls": null}, "countryTeamId": 8, "playerRoleTypeIds": [11], "playingRoles": ["bowling allrounder"], "headshotImage": {"id": 329937, "objectId": 1287354, "slug": "chamika-karunaratne-player-page-headshot-cutout-2021", "url": "/db/PICTURES/CMS/329900/329937.png", "width": 600, "height": 436, "caption": "Chamika Karunaratne player page headshot cutout 2021", "longCaption": "Chamika Karunaratne player page headshot cutout 2021", "credit": null, "photographer": null, "peerUrls": {"FILM": null, "WIDE": null, "SQUARE": "/db/PICTURES/CMS/329900/329937.square.png"}}}, "overs": 4, "balls": 24, "maidens": 0, "conceded": 17, "wickets": 1, "currentType": 2}], "rollover": null}, "batsmanStatText": null, "bowlerStatText": null, "smartStats": []}, {"_uid": 35042085, "id": 35042085, "inningNumber": 1, "ballsActual": null, "ballsUnique": null, "oversUnique": 16.01, "oversActual": 16.1, "overNumber": 17, "ballNumber": 1, "totalRuns": 1, "batsmanRuns": 1, "isFour": false, "isSix": false, "isWicket": false, "dismissalType": null, "byes": 0, "legbyes": 0, "wides": 0, "noballs": 0, "penalties": 0, "wagonX": 213, "wagonY": 180, "wagonZone": 3, "pitchLine": "OUTSIDE_OFFSTUMP", "pitchLength": "FULL", "shotType": "PUSH", "shotControl": 1, "timestamp": "2021-10-18T15:25:53.000Z", "modified": "2021-10-18T15:25:58.000Z", "batsmanPlayerId": 95708, "bowlerPlayerId": 67342, "outPlayerId": null, "totalInningRuns": 86, "totalInningWickets": 6, "predictions": {"score": 119, "winProbability": 15.37}, "title": "Chameera to JN Loftie-Eaton", "dismissalText": null, "commentPreTextItems": [{"type": "HTML", "html": "Chameera. Around the wicket to the left-hander"}], "commentTextItems": [{"type": "HTML", "html": "fuller around off, digs it out for a single to covers"}], "commentPostTextItems": null, "commentVideos": [], "commentImages": [], "events": [], "over": null, "batsmanStatText": null, "bowlerStatText": null, "smartStats": []}, {"_uid": 35042088, "id": 35042088, "inningNumber": 1, "ballsActual": null, "ballsUnique": null, "oversUnique": 16.02, "oversActual": 16.2, "overNumber": 17, "ballNumber": 2, "totalRuns": 1, "batsmanRuns": 1, "isFour": false, "isSix": false, "isWicket": false, "dismissalType": null, "byes": 0, "legbyes": 0, "wides": 0, "noballs": 0, "penalties": 0, "wagonX": 238, "wagonY": 195, "wagonZone": 3, "pitchLine": "OUTSIDE_OFFSTUMP", "pitchLength": "SHORT_OF_A_GOOD_LENGTH", "shotType": "PULL", "shotControl": 2, "timestamp": "2021-10-18T15:26:06.000Z", "modified": "2021-10-18T15:26:10.000Z", "batsmanPlayerId": 67403, "bowlerPlayerId": 67342, "outPlayerId": null, "totalInningRuns": 87, "totalInningWickets": 6, "predictions": {"score": 120, "winProbability": 15.97}, "title": "Chameera to Smit", "dismissalText": null, "commentPreTextItems": null, "commentTextItems": [{"type": "HTML", "html": "short of length around off, goes for the pull but is hurried on. The ball dribbles towards long-on"}], "commentPostTextItems": null, "commentVideos": [], "commentImages": [], "events": [], "over": null, "batsmanStatText": null, "bowlerStatText": null, "smartStats": []}, {"_uid": 35042089, "id": 35042089, "inningNumber": 1, "ballsActual": null, "ballsUnique": null, "oversUnique": 16.03, "oversActual": 16.3, "overNumber": 17, "ballNumber": 3, "totalRuns": 0, "batsmanRuns": 0, "isFour": false, "isSix": false, "isWicket": false, "dismissalType": null, "byes": 0, "legbyes": 0, "wides": 0, "noballs": 0, "penalties": 0, "wagonX": 233, "wagonY": 183, "wagonZone": 3, "pitchLine": "ON_THE_STUMPS", "pitchLength": "SHORT_OF_A_GOOD_LENGTH", "shotType": "SLOG_SHOT", "shotControl": 2, "timestamp": "2021-10-18T15:26:45.000Z", "modified": "2021-10-18T15:26:48.000Z", "batsmanPlayerId": 95708, "bowlerPlayerId": 67342, "outPlayerId": null, "totalInningRuns": 87, "totalInningWickets": 6, "predictions": {"score": 119, "winProbability": 15.37}, "title": "Chameera to JN Loftie-Eaton", "dismissalText": null, "commentPreTextItems": null, "commentTextItems": [{"type": "HTML", "html": "short of length coming in towards the batter. Backs away and looks to swat at it. Too quick and it drops towards extra cover"}], "commentPostTextItems": null, "commentVideos": [], "commentImages": [], "events": [], "over": null, "batsmanStatText": null, "bowlerStatText": null, "smartStats": []}, {"_uid": 35042091, "id": 35042091, "inningNumber": 1, "ballsActual": null, "ballsUnique": null, "oversUnique": 16.04, "oversActual": 16.4, "overNumber": 17, "ballNumber": 4, "totalRuns": 1, "batsmanRuns": 1, "isFour": false, "isSix": false, "isWicket": false, "dismissalType": null, "byes": 0, "legbyes": 0, "wides": 0, "noballs": 0, "penalties": 0, "wagonX": 238, "wagonY": 156, "wagonZone": 2, "pitchLine": "OUTSIDE_OFFSTUMP", "pitchLength": "FULL", "shotType": "SQUARE_DRIVE", "shotControl": 1, "timestamp": "2021-10-18T15:27:25.000Z", "modified": "2021-10-18T15:27:28.000Z", "batsmanPlayerId": 95708, "bowlerPlayerId": 67342, "outPlayerId": null, "totalInningRuns": 88, "totalInningWickets": 6, "predictions": {"score": 118, "winProbability": 14.79}, "title": "Chameera to JN Loftie-Eaton", "dismissalText": null, "commentPreTextItems": null, "commentTextItems": [{"type": "HTML", "html": "aims for the yorker but just misses his mark. Dug out towards cover"}], "commentPostTextItems": null, "commentVideos": [], "commentImages": [], "events": [], "over": null, "batsmanStatText": null, "bowlerStatText": null, "smartStats": []}, {"_uid": 35042094, "id": 35042094, "inningNumber": 1, "ballsActual": null, "ballsUnique": null, "oversUnique": 16.05, "oversActual": 16.5, "overNumber": 17, "ballNumber": 5, "totalRuns": 0, "batsmanRuns": 0, "isFour": false, "isSix": false, "isWicket": false, "dismissalType": null, "byes": 0, "legbyes": 0, "wides": 0, "noballs": 0, "penalties": 0, "wagonX": 0, "wagonY": 0, "wagonZone": 0, "pitchLine": null, "pitchLength": null, "shotType": "LEFT_ALONE", "shotControl": 1, "timestamp": "2021-10-18T15:28:02.000Z", "modified": "2021-10-18T15:28:05.000Z", "batsmanPlayerId": 67403, "bowlerPlayerId": 67342, "outPlayerId": null, "totalInningRuns": 88, "totalInningWickets": 6, "predictions": {"score": 117, "winProbability": 14.23}, "title": "Chameera to Smit", "dismissalText": null, "commentPreTextItems": null, "commentTextItems": [{"type": "HTML", "html": "short of length, just outside off, sways away from it"}], "commentPostTextItems": null, "commentVideos": [], "commentImages": [], "events": [], "over": null, "batsmanStatText": null, "bowlerStatText": null, "smartStats": []}, {"_uid": 35042097, "id": 35042097, "inningNumber": 1, "ballsActual": null, "ballsUnique": null, "oversUnique": 16.06, "oversActual": 16.6, "overNumber": 17, "ballNumber": 6, "totalRuns": 1, "batsmanRuns": 1, "isFour": false, "isSix": false, "isWicket": false, "dismissalType": null, "byes": 0, "legbyes": 0, "wides": 0, "noballs": 0, "penalties": 0, "wagonX": 307, "wagonY": 218, "wagonZone": 3, "pitchLine": "ON_THE_STUMPS", "pitchLength": "FULL", "shotType": "FLICK", "shotControl": 1, "timestamp": "2021-10-18T15:28:47.000Z", "modified": "2021-10-18T15:28:51.000Z", "batsmanPlayerId": 67403, "bowlerPlayerId": 67342, "outPlayerId": null, "totalInningRuns": 89, "totalInningWickets": 6, "predictions": {"score": 116, "winProbability": 13.68}, "title": "Chameera to Smit", "dismissalText": null, "commentPreTextItems": null, "commentTextItems": [{"type": "HTML", "html": "a slower length ball on the pads, worked towards wide long-on. Only a single"}], "commentPostTextItems": null, "commentVideos": [], "commentImages": [], "events": [], "over": {"team": {"id": 28, "objectId": 28, "scribeId": 28, "slug": "namibia", "name": "Namibia", "longName": "Namibia", "abbreviation": "NAM", "unofficialName": null, "imageUrl": "/db/PICTURES/CMS/313100/313148.logo.png", "isCountry": true, "primaryColor": null, "image": {"id": 313148, "objectId": 1241607, "slug": "namibia-logo", "url": "/db/PICTURES/CMS/313100/313148.logo.png", "width": 500, "height": 500, "caption": "Namibia logo", "longCaption": "Namibia logo", "credit": null, "photographer": null, "peerUrls": null}, "country": {"id": 28, "objectId": 28, "name": "Namibia", "shortName": "Namibia", "abbreviation": "NAM", "slug": "namibia"}}, "inningNumber": 1, "overNumber": 17, "overRuns": 4, "overWickets": 0, "totalRuns": 89, "totalWickets": 6, "target": 0, "overLimit": 20, "ballLimit": 120, "isMaiden": false, "isComplete": true, "isSuperOver": false, "overEndBatsmen": [{"player": {"id": 67403, "objectId": 553821, "name": "JJ Smit", "longName": "JJ Smit", "mobileName": "Smit", "indexName": "Smit, JJ", "battingName": "JJ Smit", "fieldingName": "Smit", "slug": "jj-smit", "imageUrl": "/db/PICTURES/CMS/179600/179653.1.jpg", "headshotImageUrl": "/db/PICTURES/CMS/329700/329762.png", "dateOfBirth": {"year": 1995, "month": 11, "date": 10}, "dateOfDeath": null, "gender": "M", "battingStyles": ["rhb"], "bowlingStyles": ["lmf"], "longBattingStyles": ["right-hand bat"], "longBowlingStyles": ["left-arm medium-fast"], "image": {"id": 179653, "objectId": 721499, "slug": "jj-smit", "url": "/db/PICTURES/CMS/179600/179653.1.jpg", "width": 160, "height": 192, "caption": "JJ Smit", "longCaption": "JJ Smit", "credit": "International Cricket Council", "photographer": null, "peerUrls": null}, "countryTeamId": 28, "playerRoleTypeIds": [11], "playingRoles": ["bowling allrounder"], "headshotImage": {"id": 329762, "objectId": 1286763, "slug": "jj-smit-player-page-headshot-cutout-2021", "url": "/db/PICTURES/CMS/329700/329762.png", "width": 600, "height": 436, "caption": "JJ Smit player page headshot cutout 2021", "longCaption": "JJ Smit player page headshot cutout 2021", "credit": null, "photographer": null, "peerUrls": {"FILM": null, "WIDE": null, "SQUARE": "/db/PICTURES/CMS/329700/329762.square.png"}}}, "runs": 7, "balls": 8, "fours": 0, "sixes": 0}, {"player": {"id": 95708, "objectId": 1071473, "name": "JN Loftie-Eaton", "longName": "Jan Nicol Loftie-Eaton", "mobileName": "", "indexName": "Loftie-Eaton, JN", "battingName": "JN Loftie-Eaton", "fieldingName": "Loftie-Eaton", "slug": "jan-nicol-loftie-eaton", "imageUrl": "/db/PICTURES/CMS/347800/347847.4.jpg", "headshotImageUrl": "/db/PICTURES/CMS/348600/348606.png", "dateOfBirth": {"year": 2001, "month": 3, "date": 15}, "dateOfDeath": null, "gender": "M", "battingStyles": ["lhb"], "bowlingStyles": ["rm", "lb"], "longBattingStyles": ["left-hand bat"], "longBowlingStyles": ["right-arm medium", "legbreak"], "image": {"id": 347847, "objectId": 1340687, "slug": "jan-nicol-loftie-eaton-player-portrait", "url": "/db/PICTURES/CMS/347800/347847.4.jpg", "width": 160, "height": 234, "caption": "Jan Nicol Loftie-Eaton, player portrait", "longCaption": "Jan Nicol Loftie-Eaton, player portrait", "credit": "ICC/Getty Images", "photographer": "Mark Metcalfe", "peerUrls": null}, "countryTeamId": 28, "playerRoleTypeIds": [10], "playingRoles": ["batting allrounder"], "headshotImage": {"id": 348606, "objectId": 1342900, "slug": "jan-nicol-loftie-eaton-player-page-headshot-cutout-2022", "url": "/db/PICTURES/CMS/348600/348606.png", "width": 600, "height": 436, "caption": "Jan Nicol Loftie-Eaton, player page headshot cutout 2022", "longCaption": "Jan Nicol Loftie-Eaton, player page headshot cutout 2022", "credit": null, "photographer": null, "peerUrls": {"FILM": null, "WIDE": null, "SQUARE": "/db/PICTURES/CMS/348600/348606.square.png"}}}, "runs": 3, "balls": 5, "fours": 0, "sixes": 0}], "overEndBowlers": [{"player": {"id": 67342, "objectId": 552152, "name": "PVD Chameera", "longName": "Dushmantha Chameera", "mobileName": "Chameera", "indexName": "Chameera, PVD", "battingName": "PVD Chameera", "fieldingName": "Chameera", "slug": "dushmantha-chameera", "imageUrl": "/db/PICTURES/CMS/305100/305114.jpg", "headshotImageUrl": "/db/PICTURES/CMS/319800/319862.png", "dateOfBirth": {"year": 1992, "month": 1, "date": 11}, "dateOfDeath": null, "gender": "M", "battingStyles": ["rhb"], "bowlingStyles": ["rf"], "longBattingStyles": ["right-hand bat"], "longBowlingStyles": ["right-arm fast"], "image": {"id": 305114, "objectId": 1224649, "slug": "dushmantha-chameera-portrait", "url": "/db/PICTURES/CMS/305100/305114.jpg", "width": 160, "height": 200, "caption": "Dushmantha Chameera portrait", "longCaption": "Dushmantha Chameera, June 2020", "credit": "Getty Images", "photographer": null, "peerUrls": null}, "countryTeamId": 8, "playerRoleTypeIds": [4], "playingRoles": ["bowler"], "headshotImage": {"id": 319862, "objectId": 1259934, "slug": "dushmantha-chameera-player-page-headshot-cutout-2021", "url": "/db/PICTURES/CMS/319800/319862.png", "width": 600, "height": 436, "caption": "Dushmantha Chameera player page headshot cutout, 2021", "longCaption": "Dushmantha Chameera player page headshot cutout, 2021", "credit": null, "photographer": null, "peerUrls": {"FILM": null, "WIDE": null, "SQUARE": "/db/PICTURES/CMS/319800/319862.square.png"}}}, "overs": 3, "balls": 18, "maidens": 0, "conceded": 15, "wickets": 0, "currentType": 1}, {"player": {"id": 101991, "objectId": 1138316, "name": "M Theekshana", "longName": "Maheesh Theekshana", "mobileName": "Theekshana", "indexName": "Theekshana, M", "battingName": "M Theekshana", "fieldingName": "Theekshana", "slug": "maheesh-theekshana", "imageUrl": "/db/PICTURES/CMS/336200/336296.4.jpg", "headshotImageUrl": "/db/PICTURES/CMS/347800/347825.png", "dateOfBirth": {"year": 2000, "month": 8, "date": 1}, "dateOfDeath": null, "gender": "M", "battingStyles": ["rhb"], "bowlingStyles": ["ob"], "longBattingStyles": ["right-hand bat"], "longBowlingStyles": ["right-arm offbreak"], "image": {"id": 336296, "objectId": 1306203, "slug": "mahesh-theekshana-player-portrait", "url": "/db/PICTURES/CMS/336200/336296.4.jpg", "width": 160, "height": 221, "caption": "Mahesh Theekshana, player portrait", "longCaption": "Mahesh Theekshana, player portrait", "credit": "Cricket Australia/Getty Images", "photographer": "Brendon Thorne", "peerUrls": null}, "countryTeamId": 8, "playerRoleTypeIds": [4], "playingRoles": ["bowler"], "headshotImage": {"id": 347825, "objectId": 1340657, "slug": "maheesh-theekshana-player-page-headshot-cutout-2022", "url": "/db/PICTURES/CMS/347800/347825.png", "width": 600, "height": 436, "caption": "Maheesh Theekshana, player page headshot cutout 2022", "longCaption": "Maheesh Theekshana, player page headshot cutout 2022", "credit": null, "photographer": null, "peerUrls": {"FILM": null, "WIDE": null, "SQUARE": "/db/PICTURES/CMS/347800/347825.square.png"}}}, "overs": 4, "balls": 24, "maidens": 0, "conceded": 25, "wickets": 3, "currentType": 2}], "rollover": null}, "batsmanStatText": null, "bowlerStatText": null, "smartStats": []}]