[{"_uid": 35036983, "id": 35036983, "inningNumber": 1, "ballsActual": null, "ballsUnique": null, "oversUnique": 15.01, "oversActual": 15.1, "overNumber": 16, "ballNumber": 1, "totalRuns": 0, "batsmanRuns": 0, "isFour": false, "isSix": false, "isWicket": true, "dismissalType": 2, "byes": 0, "legbyes": 0, "wides": 0, "noballs": 0, "penalties": 0, "wagonX": 0, "wagonY": 0, "wagonZone": 0, "pitchLine": "ON_THE_STUMPS", "pitchLength": "FULL", "shotType": "ON_DRIVE", "shotControl": 2, "timestamp": "2021-10-17T11:16:55.000Z", "modified": "2021-10-17T11:16:59.000Z", "batsmanPlayerId": 65887, "bowlerPlayerId": 68465, "outPlayerId": 65887, "totalInningRuns": 112, "totalInningWickets": 5, "predictions": {"score": 158, "winProbability": 52.07}, "title": "Maqsood to Vanua", "dismissalText": {"short": "bowled", "long": " b Zeeshan Maqsood", "commentary": "Norman Vanua b Zeeshan Maqsood 1 (2b 0x4 0x6 6m) SR: 50"}, "commentPreTextItems": [{"type": "HTML", "html": "Sheldon Smith: \"Vala losing his wicket may cost PNG 20 runs\" --- well on ESPNcricinfo's Forecaster, the total came down by just three runs, from 157 to 154. Back up to 158 with that last-ball boundary by Bau."}], "commentTextItems": [{"type": "HTML", "html": "<b>done him</b>. Nice loop and turn too. Drew him forward, looking to clip through midwicket after taking a few steps, dips and pitches so that he can't reach the pitch, turns and takes out off-stump"}], "commentPostTextItems": null, "commentVideos": [], "commentImages": [], "events": [], "over": null, "batsmanStatText": null, "bowlerStatText": null, "smartStats": []}, {"_uid": 35036988, "id": 35036988, "inningNumber": 1, "ballsActual": null, "ballsUnique": null, "oversUnique": 15.02, "oversActual": 15.2, "overNumber": 16, "ballNumber": 2, "totalRuns": 1, "batsmanRuns": 1, "isFour": false, "isSix": false, "isWicket": false, "dismissalType": null, "byes": 0, "legbyes": 0, "wides": 0, "noballs": 0, "penalties": 0, "wagonX": 309, "wagonY": 193, "wagonZone": 3, "pitchLine": "WIDE_OUTSIDE_OFFSTUMP", "pitchLength": "FULL", "shotType": "COVER_DRIVE", "shotControl": 1, "timestamp": "2021-10-17T11:17:44.000Z", "modified": "2021-10-17T11:17:47.000Z", "batsmanPlayerId": 100464, "bowlerPlayerId": 68465, "outPlayerId": null, "totalInningRuns": 113, "totalInningWickets": 5, "predictions": {"score": 158, "winProbability": 52.07}, "title": "Maqsood to Atai", "dismissalText": null, "commentPreTextItems": null, "commentTextItems": [{"type": "HTML", "html": "fuller outside off, gets down on his knee and thumps it through cover with a horizontal bat"}], "commentPostTextItems": null, "commentVideos": [], "commentImages": [], "events": [], "over": null, "batsmanStatText": null, "bowlerStatText": null, "smartStats": []}, {"_uid": 35036992, "id": 35036992, "inningNumber": 1, "ballsActual": null, "ballsUnique": null, "oversUnique": 15.03, "oversActual": 15.3, "overNumber": 16, "ballNumber": 3, "totalRuns": 0, "batsmanRuns": 0, "isFour": false, "isSix": false, "isWicket": true, "dismissalType": 1, "byes": 0, "legbyes": 0, "wides": 0, "noballs": 0, "penalties": 0, "wagonX": 236, "wagonY": 128, "wagonZone": 2, "pitchLine": "DOWN_LEG", "pitchLength": "SHORT_OF_A_GOOD_LENGTH", "shotType": "REVERSE_PULL", "shotControl": 2, "timestamp": "2021-10-17T11:19:11.000Z", "modified": "2021-10-17T11:19:15.000Z", "batsmanPlayerId": 60468, "bowlerPlayerId": 68465, "outPlayerId": 60468, "totalInningRuns": 113, "totalInningWickets": 6, "predictions": {"score": 154, "winProbability": 47.75}, "title": "Maqsood to Bau", "dismissalText": {"short": "caught", "long": "c Jatinder Singh b Zeeshan Maqsood", "commentary": "Sese Bau c Jatinder Singh b Zeeshan Maqsood 13 (13b 2x4 0x6 24m) SR: 100"}, "commentPreTextItems": null, "commentTextItems": [{"type": "HTML", "html": "<b>he's reverse-swatted him straight to short third man</b>. That was a ball that deserved punishment, proper long hop, he opened his stance and looked to reverse hit it over point, but can only pick out the safe as houses Jatinder."}], "commentPostTextItems": null, "commentVideos": [], "commentImages": [], "events": [], "over": null, "batsmanStatText": null, "bowlerStatText": null, "smartStats": []}, {"_uid": 35037003, "id": 35037003, "inningNumber": 1, "ballsActual": null, "ballsUnique": null, "oversUnique": 15.04, "oversActual": 15.4, "overNumber": 16, "ballNumber": 4, "totalRuns": 0, "batsmanRuns": 0, "isFour": false, "isSix": false, "isWicket": false, "dismissalType": null, "byes": 0, "legbyes": 0, "wides": 0, "noballs": 0, "penalties": 0, "wagonX": 125, "wagonY": 168, "wagonZone": 6, "pitchLine": "WIDE_OUTSIDE_OFFSTUMP", "pitchLength": "GOOD_LENGTH", "shotType": "FLICK", "shotControl": 2, "timestamp": "2021-10-17T11:22:23.000Z", "modified": "2021-10-17T11:22:26.000Z", "batsmanPlayerId": 71459, "bowlerPlayerId": 68465, "outPlayerId": null, "totalInningRuns": 113, "totalInningWickets": 6, "predictions": {"score": 153, "winProbability": 46.67}, "title": "Maqsood to Doriga", "dismissalText": null, "commentPreTextItems": null, "commentTextItems": [{"type": "HTML", "html": "fullish outside off, stretches on the front foot and pushes to extra cover"}], "commentPostTextItems": null, "commentVideos": [], "commentImages": [], "events": [], "over": null, "batsmanStatText": null, "bowlerStatText": null, "smartStats": []}, {"_uid": 35037007, "id": 35037007, "inningNumber": 1, "ballsActual": null, "ballsUnique": null, "oversUnique": 15.05, "oversActual": 15.5, "overNumber": 16, "ballNumber": 5, "totalRuns": 0, "batsmanRuns": 0, "isFour": false, "isSix": false, "isWicket": true, "dismissalType": 1, "byes": 0, "legbyes": 0, "wides": 0, "noballs": 0, "penalties": 0, "wagonX": 0, "wagonY": 0, "wagonZone": 0, "pitchLine": "ON_THE_STUMPS", "pitchLength": "GOOD_LENGTH", "shotType": "FLICK", "shotControl": 2, "timestamp": "2021-10-17T11:22:52.000Z", "modified": "2021-10-17T11:22:56.000Z", "batsmanPlayerId": 71459, "bowlerPlayerId": 68465, "outPlayerId": 71459, "totalInningRuns": 113, "totalInningWickets": 7, "predictions": {"score": 151, "winProbability": 44.51}, "title": "Maqsood to Doriga", "dismissalText": {"short": "caught", "long": "c Sandeep Goud b Zeeshan Maqsood", "commentary": "Kiplin Doriga c Sandeep Goud b Zeeshan Maqsood 0 (2b 0x4 0x6 3m) SR: 0"}, "commentPreTextItems": null, "commentTextItems": [{"type": "HTML", "html": "<b>three in an over for Zeeshan</b>. Tame leading edge pops straight to point. They're not reading the turn at all, he closed the face to length ball too early, and that's as straightforward a catch as any."}], "commentPostTextItems": null, "commentVideos": [], "commentImages": [], "events": [], "over": null, "batsmanStatText": null, "bowlerStatText": null, "smartStats": []}, {"_uid": 35037014, "id": 35037014, "inningNumber": 1, "ballsActual": null, "ballsUnique": null, "oversUnique": 15.06, "oversActual": 15.6, "overNumber": 16, "ballNumber": 6, "totalRuns": 0, "batsmanRuns": 0, "isFour": false, "isSix": false, "isWicket": false, "dismissalType": null, "byes": 0, "legbyes": 0, "wides": 0, "noballs": 0, "penalties": 0, "wagonX": 0, "wagonY": 0, "wagonZone": 0, "pitchLine": null, "pitchLength": null, "shotType": "LEFT_ALONE", "shotControl": null, "timestamp": "2021-10-17T11:23:04.000Z", "modified": "2021-10-17T11:23:08.000Z", "batsmanPlayerId": 101285, "bowlerPlayerId": 68465, "outPlayerId": null, "totalInningRuns": 113, "totalInningWickets": 7, "predictions": {"score": 150, "winProbability": 43.43}, "title": "Maqsood to Ravu", "dismissalText": null, "commentPreTextItems": null, "commentTextItems": [{"type": "HTML", "html": "darted in quicker into him, he's played down the wrong line and is struck on the pads. Half an appeal but that was heading down."}], "commentPostTextItems": null, "commentVideos": [], "commentImages": [], "events": [], "over": {"team": {"id": 20, "objectId": 20, "scribeId": 20, "slug": "papua-new-guinea", "name": "P.N.G.", "longName": "Papua New Guinea", "abbreviation": "PNG", "unofficialName": null, "imageUrl": "/db/PICTURES/CMS/346100/346147.png", "isCountry": true, "primaryColor": null, "image": {"id": 346147, "objectId": 1335335, "slug": "png-team-flag", "url": "/db/PICTURES/CMS/346100/346147.png", "width": 500, "height": 500, "caption": "PNG Team flag", "longCaption": "PNG Team flag", "credit": "Getty Images", "photographer": null, "peerUrls": null}, "country": {"id": 20, "objectId": 20, "name": "Papua New Guinea", "shortName": "P.N.G.", "abbreviation": "PNG", "slug": "papua-new-guinea"}}, "inningNumber": 1, "overNumber": 16, "overRuns": 1, "overWickets": 3, "totalRuns": 113, "totalWickets": 7, "target": 0, "overLimit": 20, "ballLimit": 120, "isMaiden": false, "isComplete": true, "isSuperOver": false, "overEndBatsmen": [{"player": {"id": 101285, "objectId": 1122557, "name": "D Ravu", "longName": "Damien Ravu", "mobileName": "Ravu", "indexName": "Ravu, D", "battingName": "D Ravu", "fieldingName": "Ravu", "slug": "damien-ravu", "imageUrl": "/db/PICTURES/CMS/321100/321140.png", "headshotImageUrl": "/db/PICTURES/CMS/321100/321140.png", "dateOfBirth": {"year": 1994, "month": 5, "date": 3}, "dateOfDeath": null, "gender": "M", "battingStyles": ["rhb"], "bowlingStyles": ["rmf"], "longBattingStyles": ["right-hand bat"], "longBowlingStyles": ["right-arm medium-fast"], "image": {"id": 321140, "objectId": 1262668, "slug": "damien-apa-ravu-player-page-headshot-cutout-2021", "url": "/db/PICTURES/CMS/321100/321140.png", "width": 600, "height": 436, "caption": "Damien Apa Ravu player page headshot cutout, 2021", "longCaption": "Damien Apa Ravu player page headshot cutout, 2021", "credit": null, "photographer": null, "peerUrls": null}, "countryTeamId": 20, "playerRoleTypeIds": [4], "playingRoles": ["bowler"], "headshotImage": {"id": 321140, "objectId": 1262668, "slug": "damien-apa-ravu-player-page-headshot-cutout-2021", "url": "/db/PICTURES/CMS/321100/321140.png", "width": 600, "height": 436, "caption": "Damien Apa Ravu player page headshot cutout, 2021", "longCaption": "Damien Apa Ravu player page headshot cutout, 2021", "credit": null, "photographer": null, "peerUrls": {"FILM": null, "WIDE": null, "SQUARE": "/db/PICTURES/CMS/321100/321140.square.png"}}}, "runs": 0, "balls": 1, "fours": 0, "sixes": 0}, {"player": {"id": 100464, "objectId": 1115033, "name": "SK Atai", "longName": "Simon Atai", "mobileName": "Atai", "indexName": "Atai, SK", "battingName": "SK Atai", "fieldingName": "Atai", "slug": "simon-atai", "imageUrl": "/db/PICTURES/CMS/321100/321160.png", "headshotImageUrl": "/db/PICTURES/CMS/321100/321160.png", "dateOfBirth": {"year": 1999, "month": 9, "date": 19}, "dateOfDeath": null, "gender": "M", "battingStyles": ["lhb"], "bowlingStyles": [], "longBattingStyles": ["left-hand bat"], "longBowlingStyles": [], "image": {"id": 321160, "objectId": 1262692, "slug": "simon-kwalahu-atai-player-page-headshot-cutout-2021", "url": "/db/PICTURES/CMS/321100/321160.png", "width": 600, "height": 436, "caption": "Simon Kwalahu Atai player page headshot cutout, 2021", "longCaption": "Simon Kwalahu Atai player page headshot cutout, 2021", "credit": null, "photographer": null, "peerUrls": null}, "countryTeamId": 20, "playerRoleTypeIds": [7], "playingRoles": ["wicketkeeper batter"], "headshotImage": {"id": 321160, "objectId": 1262692, "slug": "simon-kwalahu-atai-player-page-headshot-cutout-2021", "url": "/db/PICTURES/CMS/321100/321160.png", "width": 600, "height": 436, "caption": "Simon Kwalahu Atai player page headshot cutout, 2021", "longCaption": "Simon Kwalahu Atai player page headshot cutout, 2021", "credit": null, "photographer": null, "peerUrls": {"FILM": null, "WIDE": null, "SQUARE": "/db/PICTURES/CMS/321100/321160.square.png"}}}, "runs": 1, "balls": 1, "fours": 0, "sixes": 0}], "overEndBowlers": [{"player": {"id": 68465, "objectId": 585083, "name": "Zeeshan Maqsood", "longName": "Zeeshan Maqsood", "mobileName": "Maqsood", "indexName": "Zeeshan Maqsood", "battingName": "Zeeshan Maqsood", "fieldingName": "Zeeshan Maqsood", "slug": "zeeshan-maqsood", "imageUrl": "/db/PICTURES/CMS/187400/187455.1.jpg", "headshotImageUrl": "/db/PICTURES/CMS/321700/321792.png", "dateOfBirth": {"year": 1987, "month": 10, "date": 24}, "dateOfDeath": null, "gender": "M", "battingStyles": ["lhb"], "bowlingStyles": ["sla"], "longBattingStyles": ["left-hand bat"], "longBowlingStyles": ["slow left-arm orthodox"], "image": {"id": 187455, "objectId": 753197, "slug": "zeeshan-maqsood", "url": "/db/PICTURES/CMS/187400/187455.1.jpg", "width": 160, "height": 200, "caption": "Zeeshan Maqsood", "longCaption": "Zeeshan Maqsood", "credit": "ESPNcricinfo Ltd", "photographer": null, "peerUrls": null}, "countryTeamId": 37, "playerRoleTypeIds": [1], "playingRoles": ["opening batter"], "headshotImage": {"id": 321792, "objectId": 1263948, "slug": "zeeshan-maqsood-player-page-headshot-cutout-2021", "url": "/db/PICTURES/CMS/321700/321792.png", "width": 600, "height": 436, "caption": "Zeeshan Maqsood player page headshot cutout, 2021", "longCaption": "Zeeshan Maqsood player page headshot cutout, 2021", "credit": null, "photographer": null, "peerUrls": {"FILM": null, "WIDE": null, "SQUARE": "/db/PICTURES/CMS/321700/321792.square.png"}}}, "overs": 2, "balls": 12, "maidens": 0, "conceded": 12, "wickets": 3, "currentType": 1}, {"player": {"id": 96344, "objectId": 1077307, "name": "Kaleemullah", "longName": "Kaleemullah", "mobileName": "", "indexName": "Kaleemullah", "battingName": "Kaleemullah", "fieldingName": "Kaleemullah", "slug": "kaleemullah", "imageUrl": "/db/PICTURES/CMS/260600/260630.1.jpg", "headshotImageUrl": "/db/PICTURES/CMS/321700/321773.png", "dateOfBirth": {"year": 1990, "month": 12, "date": 24}, "dateOfDeath": null, "gender": "M", "battingStyles": ["rhb"], "bowlingStyles": ["rm"], "longBattingStyles": ["right-hand bat"], "longBowlingStyles": ["right-arm medium"], "image": {"id": 260630, "objectId": 1088406, "slug": "kaleemullah-portrait", "url": "/db/PICTURES/CMS/260600/260630.1.jpg", "width": 160, "height": 200, "caption": "Kaleemullah portrait", "longCaption": "Kaleemullah portrait, January 2017", "credit": "Peter Della Penna", "photographer": null, "peerUrls": null}, "countryTeamId": 37, "playerRoleTypeIds": [4], "playingRoles": ["bowler"], "headshotImage": {"id": 321773, "objectId": 1263929, "slug": "kaleemullah-player-page-headshot-cutout-2021", "url": "/db/PICTURES/CMS/321700/321773.png", "width": 600, "height": 436, "caption": "Kaleemullah player page headshot cutout, 2021", "longCaption": "Kaleemullah player page headshot cutout, 2021", "credit": null, "photographer": null, "peerUrls": {"FILM": null, "WIDE": null, "SQUARE": "/db/PICTURES/CMS/321700/321773.square.png"}}}, "overs": 3, "balls": 18, "maidens": 0, "conceded": 19, "wickets": 2, "currentType": 2}], "rollover": null}, "batsmanStatText": null, "bowlerStatText": null, "smartStats": []}, {"_uid": 35037017, "id": 35037017, "inningNumber": 1, "ballsActual": null, "ballsUnique": null, "oversUnique": 16.01, "oversActual": 16.1, "overNumber": 17, "ballNumber": 1, "totalRuns": 0, "batsmanRuns": 0, "isFour": false, "isSix": false, "isWicket": false, "dismissalType": null, "byes": 0, "legbyes": 0, "wides": 0, "noballs": 0, "penalties": 0, "wagonX": 0, "wagonY": 0, "wagonZone": 0, "pitchLine": "OUTSIDE_OFFSTUMP", "pitchLength": "GOOD_LENGTH", "shotType": "CUT_SHOT", "shotControl": 2, "timestamp": "2021-10-17T11:23:26.000Z", "modified": "2021-10-17T11:26:12.000Z", "batsmanPlayerId": 100464, "bowlerPlayerId": 87127, "outPlayerId": null, "totalInningRuns": 113, "totalInningWickets": 7, "predictions": {"score": 148, "winProbability": 41.29}, "title": "Bilal Khan to Atai", "dismissalText": null, "commentPreTextItems": [{"type": "HTML", "html": "Zeeshan has completely turned this innings around in one over."}], "commentTextItems": [{"type": "HTML", "html": "back of length ball in the channel, too close to cut and he misses connecting with the ball."}], "commentPostTextItems": null, "commentVideos": [], "commentImages": [], "events": [], "over": null, "batsmanStatText": null, "bowlerStatText": null, "smartStats": []}, {"_uid": 35037018, "id": 35037018, "inningNumber": 1, "ballsActual": null, "ballsUnique": null, "oversUnique": 16.02, "oversActual": 16.2, "overNumber": 17, "ballNumber": 2, "totalRuns": 1, "batsmanRuns": 0, "isFour": false, "isSix": false, "isWicket": false, "dismissalType": null, "byes": 0, "legbyes": 1, "wides": 0, "noballs": 0, "penalties": 0, "wagonX": 0, "wagonY": 0, "wagonZone": 0, "pitchLine": "OUTSIDE_OFFSTUMP", "pitchLength": "FULL", "shotType": "FLICK", "shotControl": 2, "timestamp": "2021-10-17T11:23:38.000Z", "modified": "2021-10-17T11:41:25.000Z", "batsmanPlayerId": 100464, "bowlerPlayerId": 87127, "outPlayerId": null, "totalInningRuns": 114, "totalInningWickets": 7, "predictions": {"score": 147, "winProbability": 40.23}, "title": "Bilal Khan to Atai", "dismissalText": null, "commentPreTextItems": null, "commentTextItems": [{"type": "HTML", "html": "down the track, the bowlers bowls it into his toes, rolls off the pad towards backward point"}], "commentPostTextItems": null, "commentVideos": [], "commentImages": [], "events": [], "over": null, "batsmanStatText": null, "bowlerStatText": null, "smartStats": []}, {"_uid": 35037020, "id": 35037020, "inningNumber": 1, "ballsActual": null, "ballsUnique": null, "oversUnique": 16.03, "oversActual": 16.3, "overNumber": 17, "ballNumber": 3, "totalRuns": 0, "batsmanRuns": 0, "isFour": false, "isSix": false, "isWicket": false, "dismissalType": null, "byes": 0, "legbyes": 0, "wides": 0, "noballs": 0, "penalties": 0, "wagonX": 0, "wagonY": 0, "wagonZone": 0, "pitchLine": "OUTSIDE_OFFSTUMP", "pitchLength": "SHORT", "shotType": "LEFT_ALONE", "shotControl": 1, "timestamp": "2021-10-17T11:24:04.000Z", "modified": "2021-10-17T11:24:08.000Z", "batsmanPlayerId": 101285, "bowlerPlayerId": 87127, "outPlayerId": null, "totalInningRuns": 114, "totalInningWickets": 7, "predictions": {"score": 145, "winProbability": 38.13}, "title": "Bilal Khan to Ravu", "dismissalText": null, "commentPreTextItems": null, "commentTextItems": [{"type": "HTML", "html": "digs it in short and the batsman is forced to duck under. That came onto him quickly"}], "commentPostTextItems": null, "commentVideos": [], "commentImages": [], "events": [], "over": null, "batsmanStatText": null, "bowlerStatText": null, "smartStats": []}, {"_uid": 35037027, "id": 35037027, "inningNumber": 1, "ballsActual": null, "ballsUnique": null, "oversUnique": 16.04, "oversActual": 16.4, "overNumber": 17, "ballNumber": 4, "totalRuns": 1, "batsmanRuns": 1, "isFour": false, "isSix": false, "isWicket": false, "dismissalType": null, "byes": 0, "legbyes": 0, "wides": 0, "noballs": 0, "penalties": 0, "wagonX": 155, "wagonY": 89, "wagonZone": 8, "pitchLine": "ON_THE_STUMPS", "pitchLength": "GOOD_LENGTH", "shotType": "SLOG_SHOT", "shotControl": 2, "timestamp": "2021-10-17T11:25:18.000Z", "modified": "2021-10-17T11:25:21.000Z", "batsmanPlayerId": 101285, "bowlerPlayerId": 87127, "outPlayerId": null, "totalInningRuns": 115, "totalInningWickets": 7, "predictions": {"score": 145, "winProbability": 38.13}, "title": "Bilal Khan to Ravu", "dismissalText": null, "commentPreTextItems": null, "commentTextItems": [{"type": "HTML", "html": "<b>top edge lands just beyond Ilyas's dive at short third man</b>. Ilyas seems to have hurt himself on his right wrist while landing. Length ball on leg stump, he was looking ot swing for the fences over square leg, gets a steepling top edge that is headed to no-man's land between short third man and third man. Keeper, point and third man all converging on it. Ilyas at point is the closest and puts in the dive, but it's too far, and he lands awkwardly on his wrist."}], "commentPostTextItems": null, "commentVideos": [], "commentImages": [], "events": [], "over": null, "batsmanStatText": null, "bowlerStatText": null, "smartStats": []}, {"_uid": 35037032, "id": 35037032, "inningNumber": 1, "ballsActual": null, "ballsUnique": null, "oversUnique": 16.05, "oversActual": 16.5, "overNumber": 17, "ballNumber": 5, "totalRuns": 2, "batsmanRuns": 2, "isFour": false, "isSix": false, "isWicket": false, "dismissalType": null, "byes": 0, "legbyes": 0, "wides": 0, "noballs": 0, "penalties": 0, "wagonX": 151, "wagonY": 23, "wagonZone": 8, "pitchLine": "ON_THE_STUMPS", "pitchLength": "GOOD_LENGTH", "shotType": "PADDLE_SWEEP", "shotControl": 1, "timestamp": "2021-10-17T11:27:04.000Z", "modified": "2021-10-17T11:27:08.000Z", "batsmanPlayerId": 100464, "bowlerPlayerId": 87127, "outPlayerId": null, "totalInningRuns": 117, "totalInningWickets": 7, "predictions": {"score": 146, "winProbability": 39.17}, "title": "Bilal Khan to Atai", "dismissalText": null, "commentPreTextItems": null, "commentTextItems": [{"type": "HTML", "html": "ramped fine, but fine leg is fine enough to run to his left and cut it off. Got into position early and scooped it over his right shoulder and out of the keeper's reach"}], "commentPostTextItems": null, "commentVideos": [], "commentImages": [], "events": [], "over": null, "batsmanStatText": null, "bowlerStatText": null, "smartStats": []}, {"_uid": 35037037, "id": 35037037, "inningNumber": 1, "ballsActual": null, "ballsUnique": null, "oversUnique": 16.06, "oversActual": 16.6, "overNumber": 17, "ballNumber": 6, "totalRuns": 0, "batsmanRuns": 0, "isFour": false, "isSix": false, "isWicket": true, "dismissalType": 1, "byes": 0, "legbyes": 0, "wides": 0, "noballs": 0, "penalties": 0, "wagonX": 119, "wagonY": 185, "wagonZone": 6, "pitchLine": "OUTSIDE_OFFSTUMP", "pitchLength": "SHORT_OF_A_GOOD_LENGTH", "shotType": "PULL", "shotControl": 2, "timestamp": "2021-10-17T11:28:08.000Z", "modified": "2021-10-17T11:28:12.000Z", "batsmanPlayerId": 100464, "bowlerPlayerId": 87127, "outPlayerId": 100464, "totalInningRuns": 117, "totalInningWickets": 8, "predictions": {"score": 139, "winProbability": 32.07}, "title": "Bilal Khan to Atai", "dismissalText": {"short": "caught", "long": "c Ayaan Khan b Bilal Khan", "commentary": "Simon Atai c Ayaan Khan b Bilal Khan 3 (5b 0x4 0x6 11m) SR: 60"}, "commentPreTextItems": null, "commentTextItems": [{"type": "HTML", "html": "<b>short ball does the trick</b>. He set himself up to pull but this got big on him and he only gets a tame top-edge that midwicket does well to catch, taking a few steps backwards and holding it over his left shoulder, tumbling but not letting the ball go."}], "commentPostTextItems": null, "commentVideos": [], "commentImages": [], "events": [], "over": {"team": {"id": 20, "objectId": 20, "scribeId": 20, "slug": "papua-new-guinea", "name": "P.N.G.", "longName": "Papua New Guinea", "abbreviation": "PNG", "unofficialName": null, "imageUrl": "/db/PICTURES/CMS/346100/346147.png", "isCountry": true, "primaryColor": null, "image": {"id": 346147, "objectId": 1335335, "slug": "png-team-flag", "url": "/db/PICTURES/CMS/346100/346147.png", "width": 500, "height": 500, "caption": "PNG Team flag", "longCaption": "PNG Team flag", "credit": "Getty Images", "photographer": null, "peerUrls": null}, "country": {"id": 20, "objectId": 20, "name": "Papua New Guinea", "shortName": "P.N.G.", "abbreviation": "PNG", "slug": "papua-new-guinea"}}, "inningNumber": 1, "overNumber": 17, "overRuns": 4, "overWickets": 1, "totalRuns": 117, "totalWickets": 8, "target": 0, "overLimit": 20, "ballLimit": 120, "isMaiden": false, "isComplete": true, "isSuperOver": false, "overEndBatsmen": [{"player": {"id": 101285, "objectId": 1122557, "name": "D Ravu", "longName": "Damien Ravu", "mobileName": "Ravu", "indexName": "Ravu, D", "battingName": "D Ravu", "fieldingName": "Ravu", "slug": "damien-ravu", "imageUrl": "/db/PICTURES/CMS/321100/321140.png", "headshotImageUrl": "/db/PICTURES/CMS/321100/321140.png", "dateOfBirth": {"year": 1994, "month": 5, "date": 3}, "dateOfDeath": null, "gender": "M", "battingStyles": ["rhb"], "bowlingStyles": ["rmf"], "longBattingStyles": ["right-hand bat"], "longBowlingStyles": ["right-arm medium-fast"], "image": {"id": 321140, "objectId": 1262668, "slug": "damien-apa-ravu-player-page-headshot-cutout-2021", "url": "/db/PICTURES/CMS/321100/321140.png", "width": 600, "height": 436, "caption": "Damien Apa Ravu player page headshot cutout, 2021", "longCaption": "Damien Apa Ravu player page headshot cutout, 2021", "credit": null, "photographer": null, "peerUrls": null}, "countryTeamId": 20, "playerRoleTypeIds": [4], "playingRoles": ["bowler"], "headshotImage": {"id": 321140, "objectId": 1262668, "slug": "damien-apa-ravu-player-page-headshot-cutout-2021", "url": "/db/PICTURES/CMS/321100/321140.png", "width": 600, "height": 436, "caption": "Damien Apa Ravu player page headshot cutout, 2021", "longCaption": "Damien Apa Ravu player page headshot cutout, 2021", "credit": null, "photographer": null, "peerUrls": {"FILM": null, "WIDE": null, "SQUARE": "/db/PICTURES/CMS/321100/321140.square.png"}}}, "runs": 1, "balls": 3, "fours": 0, "sixes": 0}], "overEndBowlers": [{"player": {"id": 87127, "objectId": 937953, "name": "Bilal Khan", "longName": "Bilal Khan", "mobileName": "Bilal Khan", "indexName": "Bilal Khan", "battingName": "Bilal Khan", "fieldingName": "Bilal Khan", "slug": "bilal-khan", "imageUrl": "/db/PICTURES/CMS/362400/362499.4.jpg", "headshotImageUrl": "/db/PICTURES/CMS/321700/321770.png", "dateOfBirth": {"year": 1987, "month": 4, "date": 10}, "dateOfDeath": null, "gender": "M", "battingStyles": ["lhb"], "bowlingStyles": ["lmf"], "longBattingStyles": ["left-hand bat"], "longBowlingStyles": ["left-arm medium-fast"], "image": {"id": 362499, "objectId": 1383182, "slug": "bilal-khan-player-portrait", "url": "/db/PICTURES/CMS/362400/362499.4.jpg", "width": 160, "height": 251, "caption": "Bilal Khan, player portrait", "longCaption": "Bilal Khan, player portrait", "credit": null, "photographer": null, "peerUrls": null}, "countryTeamId": 37, "playerRoleTypeIds": [4], "playingRoles": ["bowler"], "headshotImage": {"id": 321770, "objectId": 1263926, "slug": "bilal-khan-player-page-headshot-cutout-2021", "url": "/db/PICTURES/CMS/321700/321770.png", "width": 600, "height": 436, "caption": "Bilal Khan player page headshot cutout, 2021", "longCaption": "Bilal Khan player page headshot cutout, 2021", "credit": null, "photographer": null, "peerUrls": {"FILM": null, "WIDE": null, "SQUARE": "/db/PICTURES/CMS/321700/321770.square.png"}}}, "overs": 3, "balls": 18, "maidens": 1, "conceded": 12, "wickets": 2, "currentType": 1}, {"player": {"id": 68465, "objectId": 585083, "name": "Zeeshan Maqsood", "longName": "Zeeshan Maqsood", "mobileName": "Maqsood", "indexName": "Zeeshan Maqsood", "battingName": "Zeeshan Maqsood", "fieldingName": "Zeeshan Maqsood", "slug": "zeeshan-maqsood", "imageUrl": "/db/PICTURES/CMS/187400/187455.1.jpg", "headshotImageUrl": "/db/PICTURES/CMS/321700/321792.png", "dateOfBirth": {"year": 1987, "month": 10, "date": 24}, "dateOfDeath": null, "gender": "M", "battingStyles": ["lhb"], "bowlingStyles": ["sla"], "longBattingStyles": ["left-hand bat"], "longBowlingStyles": ["slow left-arm orthodox"], "image": {"id": 187455, "objectId": 753197, "slug": "zeeshan-maqsood", "url": "/db/PICTURES/CMS/187400/187455.1.jpg", "width": 160, "height": 200, "caption": "Zeeshan Maqsood", "longCaption": "Zeeshan Maqsood", "credit": "ESPNcricinfo Ltd", "photographer": null, "peerUrls": null}, "countryTeamId": 37, "playerRoleTypeIds": [1], "playingRoles": ["opening batter"], "headshotImage": {"id": 321792, "objectId": 1263948, "slug": "zeeshan-maqsood-player-page-headshot-cutout-2021", "url": "/db/PICTURES/CMS/321700/321792.png", "width": 600, "height": 436, "caption": "Zeeshan Maqsood player page headshot cutout, 2021", "longCaption": "Zeeshan Maqsood player page headshot cutout, 2021", "credit": null, "photographer": null, "peerUrls": {"FILM": null, "WIDE": null, "SQUARE": "/db/PICTURES/CMS/321700/321792.square.png"}}}, "overs": 2, "balls": 12, "maidens": 0, "conceded": 12, "wickets": 3, "currentType": 2}], "rollover": null}, "batsmanStatText": null, "bowlerStatText": null, "smartStats": []}]