[{"_uid": 35055065, "id": 35055065, "inningNumber": 2, "ballsActual": null, "ballsUnique": null, "oversUnique": 15.01, "oversActual": 15.1, "overNumber": 16, "ballNumber": 1, "totalRuns": 0, "batsmanRuns": 0, "isFour": false, "isSix": false, "isWicket": false, "dismissalType": null, "byes": 0, "legbyes": 0, "wides": 0, "noballs": 0, "penalties": 0, "wagonX": 0, "wagonY": 0, "wagonZone": 0, "pitchLine": "OUTSIDE_OFFSTUMP", "pitchLength": "YORKER", "shotType": "DEFENDED", "shotControl": 2, "timestamp": "2021-10-21T13:04:09.000Z", "modified": "2021-10-21T13:04:12.000Z", "batsmanPlayerId": 71459, "bowlerPlayerId": 66808, "outPlayerId": null, "totalInningRuns": 54, "totalInningWickets": 8, "predictions": {"score": 73, "winProbability": 0.01}, "title": "Taskin to Doriga", "dismissalText": null, "commentPreTextItems": null, "commentTextItems": [{"type": "HTML", "html": "yorker in at the toe this time, he looks to jam it into the leg side and cops it on the boot"}], "commentPostTextItems": null, "commentVideos": [], "commentImages": [], "events": [], "over": null, "batsmanStatText": null, "bowlerStatText": null, "smartStats": []}, {"_uid": 35055068, "id": 35055068, "inningNumber": 2, "ballsActual": null, "ballsUnique": null, "oversUnique": 15.02, "oversActual": 15.2, "overNumber": 16, "ballNumber": 2, "totalRuns": 0, "batsmanRuns": 0, "isFour": false, "isSix": false, "isWicket": false, "dismissalType": null, "byes": 0, "legbyes": 0, "wides": 0, "noballs": 0, "penalties": 0, "wagonX": 0, "wagonY": 0, "wagonZone": 0, "pitchLine": "OUTSIDE_OFFSTUMP", "pitchLength": "GOOD_LENGTH", "shotType": "COVER_DRIVE", "shotControl": 2, "timestamp": "2021-10-21T13:04:37.000Z", "modified": "2021-10-21T13:04:41.000Z", "batsmanPlayerId": 71459, "bowlerPlayerId": 66808, "outPlayerId": null, "totalInningRuns": 54, "totalInningWickets": 8, "predictions": {"score": 73, "winProbability": 0.01}, "title": "Taskin to Doriga", "dismissalText": null, "commentPreTextItems": null, "commentTextItems": [{"type": "HTML", "html": "short and wide outside off, backs away and cuts, beaten"}], "commentPostTextItems": null, "commentVideos": [], "commentImages": [], "events": [], "over": null, "batsmanStatText": null, "bowlerStatText": null, "smartStats": []}, {"_uid": 35055075, "id": 35055075, "inningNumber": 2, "ballsActual": null, "ballsUnique": null, "oversUnique": 15.03, "oversActual": 15.3, "overNumber": 16, "ballNumber": 3, "totalRuns": 4, "batsmanRuns": 4, "isFour": true, "isSix": false, "isWicket": false, "dismissalType": null, "byes": 0, "legbyes": 0, "wides": 0, "noballs": 0, "penalties": 0, "wagonX": 221, "wagonY": 3, "wagonZone": 1, "pitchLine": "ON_THE_STUMPS", "pitchLength": "SHORT_OF_A_GOOD_LENGTH", "shotType": "PULL", "shotControl": 2, "timestamp": "2021-10-21T13:05:37.000Z", "modified": "2021-10-21T13:05:41.000Z", "batsmanPlayerId": 71459, "bowlerPlayerId": 66808, "outPlayerId": null, "totalInningRuns": 58, "totalInningWickets": 8, "predictions": {"score": 77, "winProbability": 0.01}, "title": "Taskin to Doriga", "dismissalText": null, "commentPreTextItems": null, "commentTextItems": [{"type": "HTML", "html": "short and up at the ribs. Nervy swipe from underneath this and can only manage a glove on it. Trickles to fine leg's right who makes the ground and then lets it past him sloppily"}], "commentPostTextItems": null, "commentVideos": [], "commentImages": [], "events": [], "over": null, "batsmanStatText": null, "bowlerStatText": null, "smartStats": []}, {"_uid": 35055078, "id": 35055078, "inningNumber": 2, "ballsActual": null, "ballsUnique": null, "oversUnique": 15.04, "oversActual": 15.4, "overNumber": 16, "ballNumber": 4, "totalRuns": 4, "batsmanRuns": 4, "isFour": true, "isSix": false, "isWicket": false, "dismissalType": null, "byes": 0, "legbyes": 0, "wides": 0, "noballs": 0, "penalties": 0, "wagonX": 236, "wagonY": 14, "wagonZone": 1, "pitchLine": "ON_THE_STUMPS", "pitchLength": "GOOD_LENGTH", "shotType": "SLOG_SHOT", "shotControl": 2, "timestamp": "2021-10-21T13:06:10.000Z", "modified": "2021-10-21T13:06:13.000Z", "batsmanPlayerId": 71459, "bowlerPlayerId": 66808, "outPlayerId": null, "totalInningRuns": 62, "totalInningWickets": 8, "predictions": {"score": 81, "winProbability": 0.01}, "title": "Taskin to Doriga", "dismissalText": null, "commentPreTextItems": null, "commentTextItems": [{"type": "HTML", "html": "full and into leg stump, clears the front leg and has a slog, gets a big inside edge to find the fine leg boundary again"}], "commentPostTextItems": null, "commentVideos": [], "commentImages": [], "events": [], "over": null, "batsmanStatText": null, "bowlerStatText": null, "smartStats": []}, {"_uid": 35055085, "id": 35055085, "inningNumber": 2, "ballsActual": null, "ballsUnique": null, "oversUnique": 15.05, "oversActual": 15.5, "overNumber": 16, "ballNumber": 5, "totalRuns": 1, "batsmanRuns": 1, "isFour": false, "isSix": false, "isWicket": false, "dismissalType": null, "byes": 0, "legbyes": 0, "wides": 0, "noballs": 0, "penalties": 0, "wagonX": 276, "wagonY": 332, "wagonZone": 4, "pitchLine": "ON_THE_STUMPS", "pitchLength": "FULL", "shotType": "ON_DRIVE", "shotControl": 1, "timestamp": "2021-10-21T13:07:18.000Z", "modified": "2021-10-21T13:07:22.000Z", "batsmanPlayerId": 71459, "bowlerPlayerId": 66808, "outPlayerId": null, "totalInningRuns": 63, "totalInningWickets": 8, "predictions": {"score": 82, "winProbability": 0.01}, "title": "Taskin to Doriga", "dismissalText": null, "commentPreTextItems": null, "commentTextItems": [{"type": "HTML", "html": "<b>dropped but also saved.</b> Full offcutter at off stump. Comes nicely into his swinging arc and he gets a good connection on this. Mustafizur sprints to his left at long-on and times his jump perfectly to get two hands on it as he has the boundary line by his foot. Can't hold on but manages to parry it in"}], "commentPostTextItems": null, "commentVideos": [], "commentImages": [], "events": [], "over": null, "batsmanStatText": null, "bowlerStatText": null, "smartStats": []}, {"_uid": 35055090, "id": 35055090, "inningNumber": 2, "ballsActual": null, "ballsUnique": null, "oversUnique": 15.06, "oversActual": 15.6, "overNumber": 16, "ballNumber": 6, "totalRuns": 0, "batsmanRuns": 0, "isFour": false, "isSix": false, "isWicket": false, "dismissalType": null, "byes": 0, "legbyes": 0, "wides": 0, "noballs": 0, "penalties": 0, "wagonX": 111, "wagonY": 210, "wagonZone": 6, "pitchLine": "ON_THE_STUMPS", "pitchLength": "GOOD_LENGTH", "shotType": "SLOG_SHOT", "shotControl": 1, "timestamp": "2021-10-21T13:08:16.000Z", "modified": "2021-10-21T13:08:20.000Z", "batsmanPlayerId": 65889, "bowlerPlayerId": 66808, "outPlayerId": null, "totalInningRuns": 63, "totalInningWickets": 8, "predictions": {"score": 81, "winProbability": 0.01}, "title": "Taskin to Morea", "dismissalText": null, "commentPreTextItems": null, "commentTextItems": [{"type": "HTML", "html": "good length at off stump, backs away and mistimes a drive on the up to extra cover"}], "commentPostTextItems": null, "commentVideos": [], "commentImages": [], "events": [], "over": {"team": {"id": 20, "objectId": 20, "scribeId": 20, "slug": "papua-new-guinea", "name": "P.N.G.", "longName": "Papua New Guinea", "abbreviation": "PNG", "unofficialName": null, "imageUrl": "/db/PICTURES/CMS/346100/346147.png", "isCountry": true, "primaryColor": null, "image": {"id": 346147, "objectId": 1335335, "slug": "png-team-flag", "url": "/db/PICTURES/CMS/346100/346147.png", "width": 500, "height": 500, "caption": "PNG Team flag", "longCaption": "PNG Team flag", "credit": "Getty Images", "photographer": null, "peerUrls": null}, "country": {"id": 20, "objectId": 20, "name": "Papua New Guinea", "shortName": "P.N.G.", "abbreviation": "PNG", "slug": "papua-new-guinea"}}, "inningNumber": 2, "overNumber": 16, "overRuns": 9, "overWickets": 0, "totalRuns": 63, "totalWickets": 8, "target": 182, "overLimit": 20, "ballLimit": 120, "isMaiden": false, "isComplete": true, "isSuperOver": false, "overEndBatsmen": [{"player": {"id": 65889, "objectId": 524255, "name": "KV Morea", "longName": "Kabua Morea", "mobileName": "Morea", "indexName": "Morea, KV", "battingName": "KV Morea", "fieldingName": "Morea", "slug": "kabua-morea", "imageUrl": "/db/PICTURES/CMS/179800/179895.1.jpg", "headshotImageUrl": "/db/PICTURES/CMS/329700/329753.png", "dateOfBirth": {"year": 1993, "month": 9, "date": 30}, "dateOfDeath": null, "gender": "M", "battingStyles": ["rhb"], "bowlingStyles": ["lm"], "longBattingStyles": ["right-hand bat"], "longBowlingStyles": ["left-arm medium"], "image": {"id": 179895, "objectId": 721975, "slug": "kabua-morea", "url": "/db/PICTURES/CMS/179800/179895.1.jpg", "width": 160, "height": 192, "caption": "Kabua Morea", "longCaption": "Kabua Morea", "credit": "International Cricket Council", "photographer": null, "peerUrls": null}, "countryTeamId": 20, "playerRoleTypeIds": [4], "playingRoles": ["bowler"], "headshotImage": {"id": 329753, "objectId": 1286749, "slug": "kabua-morea-player-page-headshot-cutout-2021", "url": "/db/PICTURES/CMS/329700/329753.png", "width": 600, "height": 436, "caption": "Kabua Morea player page headshot cutout 2021", "longCaption": "Kabua Morea player page headshot cutout 2021", "credit": null, "photographer": null, "peerUrls": {"FILM": null, "WIDE": null, "SQUARE": "/db/PICTURES/CMS/329700/329753.square.png"}}}, "runs": 0, "balls": 2, "fours": 0, "sixes": 0}, {"player": {"id": 71459, "objectId": 646173, "name": "K Doriga", "longName": "Kiplin Doriga", "mobileName": "Doriga", "indexName": "Doriga, K", "battingName": "K Doriga", "fieldingName": "Doriga", "slug": "kiplin-doriga", "imageUrl": "/db/PICTURES/CMS/179800/179883.1.jpg", "headshotImageUrl": "/db/PICTURES/CMS/321100/321149.png", "dateOfBirth": {"year": 1995, "month": 10, "date": 18}, "dateOfDeath": null, "gender": "M", "battingStyles": ["rhb"], "bowlingStyles": [], "longBattingStyles": ["right-hand bat"], "longBowlingStyles": [], "image": {"id": 179883, "objectId": 721953, "slug": "kiplin-doriga", "url": "/db/PICTURES/CMS/179800/179883.1.jpg", "width": 160, "height": 192, "caption": "Kiplin Doriga", "longCaption": "Kiplin Doriga", "credit": "International Cricket Council", "photographer": null, "peerUrls": null}, "countryTeamId": 20, "playerRoleTypeIds": [7], "playingRoles": ["wicketkeeper batter"], "headshotImage": {"id": 321149, "objectId": 1262677, "slug": "kiplin-doriga-player-page-headshot-cutout-2021", "url": "/db/PICTURES/CMS/321100/321149.png", "width": 600, "height": 436, "caption": "Kiplin Doriga player page headshot cutout, 2021", "longCaption": "Kiplin Doriga player page headshot cutout, 2021", "credit": null, "photographer": null, "peerUrls": {"FILM": null, "WIDE": null, "SQUARE": "/db/PICTURES/CMS/321100/321149.square.png"}}}, "runs": 24, "balls": 21, "fours": 2, "sixes": 0}], "overEndBowlers": [{"player": {"id": 66808, "objectId": 538506, "name": "Taskin Ahmed", "longName": "Taskin Ahmed", "mobileName": "Taskin", "indexName": "Taskin Ahmed", "battingName": "Taskin Ahmed", "fieldingName": "Taskin Ahmed", "slug": "taskin-ahmed", "imageUrl": "/db/PICTURES/CMS/303100/303169.jpg", "headshotImageUrl": "/db/PICTURES/CMS/316700/316703.png", "dateOfBirth": {"year": 1995, "month": 4, "date": 3}, "dateOfDeath": null, "gender": "M", "battingStyles": ["lhb"], "bowlingStyles": ["rf"], "longBattingStyles": ["left-hand bat"], "longBowlingStyles": ["right-arm fast"], "image": {"id": 303169, "objectId": 1221603, "slug": "taskin-ahmed-portrait", "url": "/db/PICTURES/CMS/303100/303169.jpg", "width": 160, "height": 203, "caption": "Taskin Ahmed portrait", "longCaption": "Taskin Ahmed portrait, April 2020", "credit": "Getty Images", "photographer": null, "peerUrls": null}, "countryTeamId": 25, "playerRoleTypeIds": [4], "playingRoles": ["bowler"], "headshotImage": {"id": 316703, "objectId": 1251336, "slug": "taskin-ahmed-headshot", "url": "/db/PICTURES/CMS/316700/316703.png", "width": 600, "height": 436, "caption": "Taskin Ahmed headshot", "longCaption": "Taskin Ahmed headshot", "credit": null, "photographer": null, "peerUrls": {"FILM": null, "WIDE": null, "SQUARE": null}}}, "overs": 3, "balls": 18, "maidens": 1, "conceded": 11, "wickets": 1, "currentType": 1}, {"player": {"id": 70884, "objectId": 629070, "name": "Mohammad Saifuddin", "longName": "Mohammad Saifuddin", "mobileName": "Saifuddin", "indexName": "Mohammad Saifuddin", "battingName": "Mohammad Saifuddin", "fieldingName": "Mohammad Saifuddin", "slug": "mohammad-saifuddin", "imageUrl": "/db/PICTURES/CMS/303200/303236.jpg", "headshotImageUrl": "/db/PICTURES/CMS/322800/322800.png", "dateOfBirth": {"year": 1996, "month": 11, "date": 1}, "dateOfDeath": null, "gender": "M", "battingStyles": ["lhb"], "bowlingStyles": ["rmf"], "longBattingStyles": ["left-hand bat"], "longBowlingStyles": ["right-arm medium-fast"], "image": {"id": 303236, "objectId": 1221730, "slug": "mohammad-saifuddin-portrait", "url": "/db/PICTURES/CMS/303200/303236.jpg", "width": 160, "height": 203, "caption": "Mohammad Saifuddin portrait", "longCaption": "Mohammad Saifuddin portrait, April 2020", "credit": "Getty Images", "photographer": null, "peerUrls": null}, "countryTeamId": 25, "playerRoleTypeIds": [11], "playingRoles": ["bowling allrounder"], "headshotImage": {"id": 322800, "objectId": 1265797, "slug": "mohammad-saifuddin-player-page-headshot-cutout-2021", "url": "/db/PICTURES/CMS/322800/322800.png", "width": 600, "height": 436, "caption": "Mohammad Saifuddin  player page headshot cutout, 2021", "longCaption": "Mohammad Saifuddin  player page headshot cutout, 2021", "credit": null, "photographer": null, "peerUrls": {"FILM": null, "WIDE": null, "SQUARE": "/db/PICTURES/CMS/322800/322800.square.png"}}}, "overs": 3, "balls": 18, "maidens": 0, "conceded": 13, "wickets": 2, "currentType": 2}], "rollover": null}, "batsmanStatText": null, "bowlerStatText": null, "smartStats": []}, {"_uid": 35055095, "id": 35055095, "inningNumber": 2, "ballsActual": null, "ballsUnique": null, "oversUnique": 16.01, "oversActual": 16.1, "overNumber": 17, "ballNumber": 1, "totalRuns": 6, "batsmanRuns": 6, "isFour": false, "isSix": true, "isWicket": false, "dismissalType": null, "byes": 0, "legbyes": 0, "wides": 0, "noballs": 0, "penalties": 0, "wagonX": 241, "wagonY": 353, "wagonZone": 4, "pitchLine": "ON_THE_STUMPS", "pitchLength": "FULL", "shotType": "ON_DRIVE", "shotControl": 1, "timestamp": "2021-10-21T13:09:32.000Z", "modified": "2021-10-21T13:09:35.000Z", "batsmanPlayerId": 71459, "bowlerPlayerId": 54674, "outPlayerId": null, "totalInningRuns": 69, "totalInningWickets": 8, "predictions": {"score": 87, "winProbability": 0.01}, "title": "Mustafizur to Doriga", "dismissalText": null, "commentPreTextItems": null, "commentTextItems": [{"type": "HTML", "html": "<b>gets enough on it!</b> Full cutter at middle and off, clears the front leg and has a slog at it. Slices it a touch but there's enough to clear long-on"}], "commentPostTextItems": null, "commentVideos": [], "commentImages": [], "events": [], "over": null, "batsmanStatText": null, "bowlerStatText": null, "smartStats": []}, {"_uid": 35055099, "id": 35055099, "inningNumber": 2, "ballsActual": null, "ballsUnique": null, "oversUnique": 16.02, "oversActual": 16.2, "overNumber": 17, "ballNumber": 2, "totalRuns": 1, "batsmanRuns": 1, "isFour": false, "isSix": false, "isWicket": false, "dismissalType": null, "byes": 0, "legbyes": 0, "wides": 0, "noballs": 0, "penalties": 0, "wagonX": 297, "wagonY": 288, "wagonZone": 4, "pitchLine": "ON_THE_STUMPS", "pitchLength": "GOOD_LENGTH", "shotType": "ON_DRIVE", "shotControl": 1, "timestamp": "2021-10-21T13:10:09.000Z", "modified": "2021-10-21T13:10:12.000Z", "batsmanPlayerId": 71459, "bowlerPlayerId": 54674, "outPlayerId": null, "totalInningRuns": 70, "totalInningWickets": 8, "predictions": {"score": 88, "winProbability": 0.01}, "title": "Mustafizur to Doriga", "dismissalText": null, "commentPreTextItems": null, "commentTextItems": null, "commentPostTextItems": null, "commentVideos": [], "commentImages": [], "events": [], "over": null, "batsmanStatText": null, "bowlerStatText": null, "smartStats": []}, {"_uid": 35055102, "id": 35055102, "inningNumber": 2, "ballsActual": null, "ballsUnique": null, "oversUnique": 16.03, "oversActual": 16.3, "overNumber": 17, "ballNumber": 3, "totalRuns": 1, "batsmanRuns": 1, "isFour": false, "isSix": false, "isWicket": false, "dismissalType": null, "byes": 0, "legbyes": 0, "wides": 0, "noballs": 0, "penalties": 0, "wagonX": 306, "wagonY": 202, "wagonZone": 3, "pitchLine": "ON_THE_STUMPS", "pitchLength": "GOOD_LENGTH", "shotType": "FLICK", "shotControl": 1, "timestamp": "2021-10-21T13:10:46.000Z", "modified": "2021-10-21T13:10:50.000Z", "batsmanPlayerId": 65889, "bowlerPlayerId": 54674, "outPlayerId": null, "totalInningRuns": 71, "totalInningWickets": 8, "predictions": {"score": 89, "winProbability": 0.01}, "title": "Mustafizur to Morea", "dismissalText": null, "commentPreTextItems": null, "commentTextItems": null, "commentPostTextItems": null, "commentVideos": [], "commentImages": [], "events": [], "over": null, "batsmanStatText": null, "bowlerStatText": null, "smartStats": []}, {"_uid": 35055110, "id": 35055110, "inningNumber": 2, "ballsActual": null, "ballsUnique": null, "oversUnique": 16.04, "oversActual": 16.4, "overNumber": 17, "ballNumber": 4, "totalRuns": 1, "batsmanRuns": 1, "isFour": false, "isSix": false, "isWicket": false, "dismissalType": null, "byes": 0, "legbyes": 0, "wides": 0, "noballs": 0, "penalties": 0, "wagonX": 293, "wagonY": 214, "wagonZone": 3, "pitchLine": "ON_THE_STUMPS", "pitchLength": "GOOD_LENGTH", "shotType": "FLICK", "shotControl": 1, "timestamp": "2021-10-21T13:11:50.000Z", "modified": "2021-10-21T13:11:54.000Z", "batsmanPlayerId": 71459, "bowlerPlayerId": 54674, "outPlayerId": null, "totalInningRuns": 72, "totalInningWickets": 8, "predictions": {"score": 90, "winProbability": 0.01}, "title": "Mustafizur to Doriga", "dismissalText": null, "commentPreTextItems": null, "commentTextItems": [{"type": "HTML", "html": "short of a length at leg stump, pulled on the bounce to deep square"}], "commentPostTextItems": null, "commentVideos": [], "commentImages": [], "events": [], "over": null, "batsmanStatText": null, "bowlerStatText": null, "smartStats": []}, {"_uid": 35055112, "id": 35055112, "inningNumber": 2, "ballsActual": null, "ballsUnique": null, "oversUnique": 16.05, "oversActual": 16.5, "overNumber": 17, "ballNumber": 5, "totalRuns": 1, "batsmanRuns": 1, "isFour": false, "isSix": false, "isWicket": false, "dismissalType": null, "byes": 0, "legbyes": 0, "wides": 0, "noballs": 0, "penalties": 0, "wagonX": 58, "wagonY": 214, "wagonZone": 6, "pitchLine": "ON_THE_STUMPS", "pitchLength": "SHORT_OF_A_GOOD_LENGTH", "shotType": "CUT_SHOT", "shotControl": 1, "timestamp": "2021-10-21T13:12:00.000Z", "modified": "2021-10-21T13:12:03.000Z", "batsmanPlayerId": 65889, "bowlerPlayerId": 54674, "outPlayerId": null, "totalInningRuns": 73, "totalInningWickets": 8, "predictions": {"score": 91, "winProbability": 0.01}, "title": "Mustafizur to Morea", "dismissalText": null, "commentPreTextItems": null, "commentTextItems": [{"type": "HTML", "html": "short and rising at off stump, backs away and mistimes an upper cut towards sweeper cover"}], "commentPostTextItems": null, "commentVideos": [], "commentImages": [], "events": [], "over": null, "batsmanStatText": null, "bowlerStatText": null, "smartStats": []}, {"_uid": 35055115, "id": 35055115, "inningNumber": 2, "ballsActual": null, "ballsUnique": null, "oversUnique": 16.06, "oversActual": 16.6, "overNumber": 17, "ballNumber": 6, "totalRuns": 1, "batsmanRuns": 1, "isFour": false, "isSix": false, "isWicket": false, "dismissalType": null, "byes": 0, "legbyes": 0, "wides": 0, "noballs": 0, "penalties": 0, "wagonX": 313, "wagonY": 229, "wagonZone": 3, "pitchLine": "ON_THE_STUMPS", "pitchLength": "SHORT_OF_A_GOOD_LENGTH", "shotType": "PULL", "shotControl": 1, "timestamp": "2021-10-21T13:12:41.000Z", "modified": "2021-10-21T13:12:45.000Z", "batsmanPlayerId": 71459, "bowlerPlayerId": 54674, "outPlayerId": null, "totalInningRuns": 74, "totalInningWickets": 8, "predictions": {"score": 92, "winProbability": 0.01}, "title": "Mustafizur to Doriga", "dismissalText": null, "commentPreTextItems": null, "commentTextItems": [{"type": "HTML", "html": "short of a length at middle stump, mistimed pull towards deep square"}], "commentPostTextItems": null, "commentVideos": [], "commentImages": [], "events": [], "over": {"team": {"id": 20, "objectId": 20, "scribeId": 20, "slug": "papua-new-guinea", "name": "P.N.G.", "longName": "Papua New Guinea", "abbreviation": "PNG", "unofficialName": null, "imageUrl": "/db/PICTURES/CMS/346100/346147.png", "isCountry": true, "primaryColor": null, "image": {"id": 346147, "objectId": 1335335, "slug": "png-team-flag", "url": "/db/PICTURES/CMS/346100/346147.png", "width": 500, "height": 500, "caption": "PNG Team flag", "longCaption": "PNG Team flag", "credit": "Getty Images", "photographer": null, "peerUrls": null}, "country": {"id": 20, "objectId": 20, "name": "Papua New Guinea", "shortName": "P.N.G.", "abbreviation": "PNG", "slug": "papua-new-guinea"}}, "inningNumber": 2, "overNumber": 17, "overRuns": 11, "overWickets": 0, "totalRuns": 74, "totalWickets": 8, "target": 182, "overLimit": 20, "ballLimit": 120, "isMaiden": false, "isComplete": true, "isSuperOver": false, "overEndBatsmen": [{"player": {"id": 71459, "objectId": 646173, "name": "K Doriga", "longName": "Kiplin Doriga", "mobileName": "Doriga", "indexName": "Doriga, K", "battingName": "K Doriga", "fieldingName": "Doriga", "slug": "kiplin-doriga", "imageUrl": "/db/PICTURES/CMS/179800/179883.1.jpg", "headshotImageUrl": "/db/PICTURES/CMS/321100/321149.png", "dateOfBirth": {"year": 1995, "month": 10, "date": 18}, "dateOfDeath": null, "gender": "M", "battingStyles": ["rhb"], "bowlingStyles": [], "longBattingStyles": ["right-hand bat"], "longBowlingStyles": [], "image": {"id": 179883, "objectId": 721953, "slug": "kiplin-doriga", "url": "/db/PICTURES/CMS/179800/179883.1.jpg", "width": 160, "height": 192, "caption": "Kiplin Doriga", "longCaption": "Kiplin Doriga", "credit": "International Cricket Council", "photographer": null, "peerUrls": null}, "countryTeamId": 20, "playerRoleTypeIds": [7], "playingRoles": ["wicketkeeper batter"], "headshotImage": {"id": 321149, "objectId": 1262677, "slug": "kiplin-doriga-player-page-headshot-cutout-2021", "url": "/db/PICTURES/CMS/321100/321149.png", "width": 600, "height": 436, "caption": "Kiplin Doriga player page headshot cutout, 2021", "longCaption": "Kiplin Doriga player page headshot cutout, 2021", "credit": null, "photographer": null, "peerUrls": {"FILM": null, "WIDE": null, "SQUARE": "/db/PICTURES/CMS/321100/321149.square.png"}}}, "runs": 33, "balls": 25, "fours": 2, "sixes": 1}, {"player": {"id": 65889, "objectId": 524255, "name": "KV Morea", "longName": "Kabua Morea", "mobileName": "Morea", "indexName": "Morea, KV", "battingName": "KV Morea", "fieldingName": "Morea", "slug": "kabua-morea", "imageUrl": "/db/PICTURES/CMS/179800/179895.1.jpg", "headshotImageUrl": "/db/PICTURES/CMS/329700/329753.png", "dateOfBirth": {"year": 1993, "month": 9, "date": 30}, "dateOfDeath": null, "gender": "M", "battingStyles": ["rhb"], "bowlingStyles": ["lm"], "longBattingStyles": ["right-hand bat"], "longBowlingStyles": ["left-arm medium"], "image": {"id": 179895, "objectId": 721975, "slug": "kabua-morea", "url": "/db/PICTURES/CMS/179800/179895.1.jpg", "width": 160, "height": 192, "caption": "Kabua Morea", "longCaption": "Kabua Morea", "credit": "International Cricket Council", "photographer": null, "peerUrls": null}, "countryTeamId": 20, "playerRoleTypeIds": [4], "playingRoles": ["bowler"], "headshotImage": {"id": 329753, "objectId": 1286749, "slug": "kabua-morea-player-page-headshot-cutout-2021", "url": "/db/PICTURES/CMS/329700/329753.png", "width": 600, "height": 436, "caption": "Kabua Morea player page headshot cutout 2021", "longCaption": "Kabua Morea player page headshot cutout 2021", "credit": null, "photographer": null, "peerUrls": {"FILM": null, "WIDE": null, "SQUARE": "/db/PICTURES/CMS/329700/329753.square.png"}}}, "runs": 2, "balls": 4, "fours": 0, "sixes": 0}], "overEndBowlers": [{"player": {"id": 54674, "objectId": 330902, "name": "Mustafizur Rahman", "longName": "Mustafizur Rahman", "mobileName": "Mustafizur", "indexName": "Mustafizur Rahman", "battingName": "Mustafizur Rahman", "fieldingName": "Mustafizur Rahman", "slug": "mustafizur-rahman", "imageUrl": "/db/PICTURES/CMS/263500/263578.jpg", "headshotImageUrl": "/db/PICTURES/CMS/319700/319734.png", "dateOfBirth": {"year": 1995, "month": 9, "date": 6}, "dateOfDeath": null, "gender": "M", "battingStyles": ["lhb"], "bowlingStyles": ["lfm"], "longBattingStyles": ["left-hand bat"], "longBowlingStyles": ["left-arm fast-medium"], "image": {"id": 263578, "objectId": 1099647, "slug": "mustafizur-rahman", "url": "/db/PICTURES/CMS/263500/263578.jpg", "width": 160, "height": 200, "caption": "Mustafizur Rahman", "longCaption": null, "credit": "Getty Images", "photographer": null, "peerUrls": null}, "countryTeamId": 25, "playerRoleTypeIds": [4], "playingRoles": ["bowler"], "headshotImage": {"id": 319734, "objectId": 1259735, "slug": "mustafizur-rahman-player-page-headshot-cutout-2021", "url": "/db/PICTURES/CMS/319700/319734.png", "width": 600, "height": 436, "caption": "Mustafizur Rahman player page headshot cutout, 2021", "longCaption": "Mustafizur Rahman player page headshot cutout, 2021", "credit": null, "photographer": null, "peerUrls": {"FILM": null, "WIDE": null, "SQUARE": "/db/PICTURES/CMS/319700/319734.square.png"}}}, "overs": 3, "balls": 18, "maidens": 0, "conceded": 21, "wickets": 0, "currentType": 1}, {"player": {"id": 66808, "objectId": 538506, "name": "Taskin Ahmed", "longName": "Taskin Ahmed", "mobileName": "Taskin", "indexName": "Taskin Ahmed", "battingName": "Taskin Ahmed", "fieldingName": "Taskin Ahmed", "slug": "taskin-ahmed", "imageUrl": "/db/PICTURES/CMS/303100/303169.jpg", "headshotImageUrl": "/db/PICTURES/CMS/316700/316703.png", "dateOfBirth": {"year": 1995, "month": 4, "date": 3}, "dateOfDeath": null, "gender": "M", "battingStyles": ["lhb"], "bowlingStyles": ["rf"], "longBattingStyles": ["left-hand bat"], "longBowlingStyles": ["right-arm fast"], "image": {"id": 303169, "objectId": 1221603, "slug": "taskin-ahmed-portrait", "url": "/db/PICTURES/CMS/303100/303169.jpg", "width": 160, "height": 203, "caption": "Taskin Ahmed portrait", "longCaption": "Taskin Ahmed portrait, April 2020", "credit": "Getty Images", "photographer": null, "peerUrls": null}, "countryTeamId": 25, "playerRoleTypeIds": [4], "playingRoles": ["bowler"], "headshotImage": {"id": 316703, "objectId": 1251336, "slug": "taskin-ahmed-headshot", "url": "/db/PICTURES/CMS/316700/316703.png", "width": 600, "height": 436, "caption": "Taskin Ahmed headshot", "longCaption": "Taskin Ahmed headshot", "credit": null, "photographer": null, "peerUrls": {"FILM": null, "WIDE": null, "SQUARE": null}}}, "overs": 3, "balls": 18, "maidens": 1, "conceded": 11, "wickets": 1, "currentType": 2}], "rollover": null}, "batsmanStatText": null, "bowlerStatText": null, "smartStats": []}]