[{"_uid": 35100679, "id": 35100679, "inningNumber": 1, "ballsActual": null, "ballsUnique": null, "oversUnique": 17.01, "oversActual": 17.1, "overNumber": 18, "ballNumber": 1, "totalRuns": 1, "batsmanRuns": 1, "isFour": false, "isSix": false, "isWicket": false, "dismissalType": null, "byes": 0, "legbyes": 0, "wides": 0, "noballs": 0, "penalties": 0, "wagonX": 122, "wagonY": 192, "wagonZone": 6, "pitchLine": "ON_THE_STUMPS", "pitchLength": "GOOD_LENGTH", "shotType": "FLICK", "shotControl": 1, "timestamp": "2021-10-27T15:22:54.000Z", "modified": "2021-10-27T15:22:58.000Z", "batsmanPlayerId": 71959, "bowlerPlayerId": 48777, "outPlayerId": null, "totalInningRuns": 97, "totalInningWickets": 6, "predictions": {"score": 122, "winProbability": 14.69}, "title": "Wiese to Watt", "dismissalText": null, "commentPreTextItems": [{"type": "HTML", "html": "Wiese has two left"}], "commentTextItems": [{"type": "HTML", "html": "slightly slow on the pads and he clips it away for one"}], "commentPostTextItems": [{"type": "HTML", "html": "Azweer: \"It's feeling good to be a neutral fan. Enjoying the game ...\""}], "commentVideos": [], "commentImages": [], "events": [], "over": null, "batsmanStatText": null, "bowlerStatText": null, "smartStats": []}, {"_uid": 35100680, "id": 35100680, "inningNumber": 1, "ballsActual": null, "ballsUnique": null, "oversUnique": 17.02, "oversActual": 17.2, "overNumber": 18, "ballNumber": 2, "totalRuns": 1, "batsmanRuns": 1, "isFour": false, "isSix": false, "isWicket": false, "dismissalType": null, "byes": 0, "legbyes": 0, "wides": 0, "noballs": 0, "penalties": 0, "wagonX": 196, "wagonY": 253, "wagonZone": 4, "pitchLine": "ON_THE_STUMPS", "pitchLength": "GOOD_LENGTH", "shotType": "STRAIGHT_DRIVE", "shotControl": 2, "timestamp": "2021-10-27T15:23:34.000Z", "modified": "2021-10-27T15:23:38.000Z", "batsmanPlayerId": 81813, "bowlerPlayerId": 48777, "outPlayerId": null, "totalInningRuns": 98, "totalInningWickets": 6, "predictions": {"score": 122, "winProbability": 14.69}, "title": "Wiese to Greaves", "dismissalText": null, "commentPreTextItems": null, "commentTextItems": [{"type": "HTML", "html": "113kmh, lack of pace again and a cutter comes in. Greaves wants to hit it hard but gets only one"}], "commentPostTextItems": null, "commentVideos": [], "commentImages": [], "events": [], "over": null, "batsmanStatText": null, "bowlerStatText": null, "smartStats": []}, {"_uid": 35100681, "id": 35100681, "inningNumber": 1, "ballsActual": null, "ballsUnique": null, "oversUnique": 17.03, "oversActual": 17.3, "overNumber": 18, "ballNumber": 3, "totalRuns": 0, "batsmanRuns": 0, "isFour": false, "isSix": false, "isWicket": false, "dismissalType": null, "byes": 0, "legbyes": 0, "wides": 0, "noballs": 0, "penalties": 0, "wagonX": 0, "wagonY": 0, "wagonZone": 0, "pitchLine": "ON_THE_STUMPS", "pitchLength": "GOOD_LENGTH", "shotType": "COVER_DRIVE", "shotControl": 2, "timestamp": "2021-10-27T15:24:00.000Z", "modified": "2021-10-27T15:24:04.000Z", "batsmanPlayerId": 71959, "bowlerPlayerId": 48777, "outPlayerId": null, "totalInningRuns": 98, "totalInningWickets": 6, "predictions": {"score": 120, "winProbability": 13.59}, "title": "Wiese to Watt", "dismissalText": null, "commentPreTextItems": null, "commentTextItems": [{"type": "HTML", "html": "charges down for a heave but Wiese replies with one angled outside off at 108kmh, and he's beaten"}], "commentPostTextItems": null, "commentVideos": [], "commentImages": [], "events": [], "over": null, "batsmanStatText": null, "bowlerStatText": null, "smartStats": []}, {"_uid": 35100682, "id": 35100682, "inningNumber": 1, "ballsActual": null, "ballsUnique": null, "oversUnique": 17.04, "oversActual": 17.4, "overNumber": 18, "ballNumber": 4, "totalRuns": 1, "batsmanRuns": 1, "isFour": false, "isSix": false, "isWicket": false, "dismissalType": null, "byes": 0, "legbyes": 0, "wides": 0, "noballs": 0, "penalties": 0, "wagonX": 68, "wagonY": 104, "wagonZone": 7, "pitchLine": "ON_THE_STUMPS", "pitchLength": "GOOD_LENGTH", "shotType": "RAMP", "shotControl": 1, "timestamp": "2021-10-27T15:24:40.000Z", "modified": "2021-10-27T15:24:43.000Z", "batsmanPlayerId": 71959, "bowlerPlayerId": 48777, "outPlayerId": null, "totalInningRuns": 99, "totalInningWickets": 6, "predictions": {"score": 119, "winProbability": 13.07}, "title": "Wiese to Watt", "dismissalText": null, "commentPreTextItems": null, "commentTextItems": [{"type": "HTML", "html": "does well to connect this time by going a mile outside off and awkwardly scoops it over short fine leg but gets only one"}], "commentPostTextItems": null, "commentVideos": [], "commentImages": [], "events": [], "over": null, "batsmanStatText": null, "bowlerStatText": null, "smartStats": []}, {"_uid": 35100683, "id": 35100683, "inningNumber": 1, "ballsActual": null, "ballsUnique": null, "oversUnique": 17.05, "oversActual": 17.5, "overNumber": 18, "ballNumber": 5, "totalRuns": 0, "batsmanRuns": 0, "isFour": false, "isSix": false, "isWicket": false, "dismissalType": null, "byes": 0, "legbyes": 0, "wides": 0, "noballs": 0, "penalties": 0, "wagonX": 0, "wagonY": 0, "wagonZone": 0, "pitchLine": "OUTSIDE_OFFSTUMP", "pitchLength": "SHORT_OF_A_GOOD_LENGTH", "shotType": "PULL", "shotControl": 2, "timestamp": "2021-10-27T15:25:11.000Z", "modified": "2021-10-27T15:25:14.000Z", "batsmanPlayerId": 81813, "bowlerPlayerId": 48777, "outPlayerId": null, "totalInningRuns": 99, "totalInningWickets": 6, "predictions": {"score": 118, "winProbability": 12.57}, "title": "Wiese to Greaves", "dismissalText": null, "commentPreTextItems": null, "commentTextItems": [{"type": "HTML", "html": "111kmh, really slow and short of length, Greaves pulls and misses. Beaten by the lack of pace"}], "commentPostTextItems": null, "commentVideos": [], "commentImages": [], "events": [], "over": null, "batsmanStatText": null, "bowlerStatText": null, "smartStats": []}, {"_uid": 35100684, "id": 35100684, "inningNumber": 1, "ballsActual": null, "ballsUnique": null, "oversUnique": 17.06, "oversActual": 17.6, "overNumber": 18, "ballNumber": 6, "totalRuns": 0, "batsmanRuns": 0, "isFour": false, "isSix": false, "isWicket": false, "dismissalType": null, "byes": 0, "legbyes": 0, "wides": 0, "noballs": 0, "penalties": 0, "wagonX": 0, "wagonY": 0, "wagonZone": 0, "pitchLine": "OUTSIDE_OFFSTUMP", "pitchLength": "SHORT_OF_A_GOOD_LENGTH", "shotType": "CUT_SHOT", "shotControl": 2, "timestamp": "2021-10-27T15:25:31.000Z", "modified": "2021-10-27T15:25:34.000Z", "batsmanPlayerId": 81813, "bowlerPlayerId": 48777, "outPlayerId": null, "totalInningRuns": 99, "totalInningWickets": 6, "predictions": {"score": 116, "winProbability": 11.61}, "title": "Wiese to Greaves", "dismissalText": null, "commentPreTextItems": null, "commentTextItems": [{"type": "HTML", "html": "another great slow ball that beats him again, he doesn't even go for the shot this time. Comes down the track, Wiese bowls the slower one into the pitch and it bounces enough to end up as a slower bouncer"}], "commentPostTextItems": null, "commentVideos": [], "commentImages": [], "events": [], "over": {"team": {"id": 30, "objectId": 30, "scribeId": 30, "slug": "scotland", "name": "Scotland", "longName": "Scotland", "abbreviation": "SCOT", "unofficialName": "", "imageUrl": "/db/PICTURES/CMS/313100/313150.logo.png", "isCountry": true, "primaryColor": null, "image": {"id": 313150, "objectId": 1241609, "slug": "scotland-logo", "url": "/db/PICTURES/CMS/313100/313150.logo.png", "width": 500, "height": 500, "caption": "Scotland logo", "longCaption": "Scotland logo", "credit": null, "photographer": null, "peerUrls": null}, "country": {"id": 30, "objectId": 30, "name": "Scotland", "shortName": "Scotland", "abbreviation": "SCOT", "slug": "scotland"}}, "inningNumber": 1, "overNumber": 18, "overRuns": 3, "overWickets": 0, "totalRuns": 99, "totalWickets": 6, "target": 0, "overLimit": 20, "ballLimit": 120, "isMaiden": false, "isComplete": true, "isSuperOver": false, "overEndBatsmen": [{"player": {"id": 81813, "objectId": 873199, "name": "CN Greaves", "longName": "Chris Greaves", "mobileName": "Greaves", "indexName": "Greaves, CN", "battingName": "CN Greaves", "fieldingName": "Greaves", "slug": "chris-greaves", "imageUrl": "/db/PICTURES/CMS/286300/286357.1.jpg", "headshotImageUrl": "/db/PICTURES/CMS/329700/329745.png", "dateOfBirth": {"year": 1990, "month": 10, "date": 12}, "dateOfDeath": null, "gender": "M", "battingStyles": ["rhb"], "bowlingStyles": ["lb"], "longBattingStyles": ["right-hand bat"], "longBowlingStyles": ["legbreak"], "image": {"id": 286357, "objectId": 1176647, "slug": "chris-greaves-portrait", "url": "/db/PICTURES/CMS/286300/286357.1.jpg", "width": 160, "height": 200, "caption": "Chris Greaves portrait", "longCaption": "Chris Greaves portrait, February 2019", "credit": "Peter Della Penna", "photographer": null, "peerUrls": null}, "countryTeamId": 30, "playerRoleTypeIds": [4], "playingRoles": ["bowler"], "headshotImage": {"id": 329745, "objectId": 1286738, "slug": "chris-greaves-player-page-headshot-cutout-2021", "url": "/db/PICTURES/CMS/329700/329745.png", "width": 600, "height": 436, "caption": "Chris Greaves player page headshot cutout 2021", "longCaption": "Chris Greaves player page headshot cutout 2021", "credit": null, "photographer": null, "peerUrls": {"FILM": null, "WIDE": null, "SQUARE": "/db/PICTURES/CMS/329700/329745.square.png"}}}, "runs": 21, "balls": 26, "fours": 2, "sixes": 0}, {"player": {"id": 71959, "objectId": 659081, "name": "MRJ Watt", "longName": "Mark Watt", "mobileName": "Watt", "indexName": "Watt, MRJ", "battingName": "MRJ Watt", "fieldingName": "Watt", "slug": "mark-watt", "imageUrl": "/db/PICTURES/CMS/179800/179841.1.jpg", "headshotImageUrl": "/db/PICTURES/CMS/320300/320372.png", "dateOfBirth": {"year": 1996, "month": 7, "date": 29}, "dateOfDeath": null, "gender": "M", "battingStyles": ["lhb"], "bowlingStyles": ["sla"], "longBattingStyles": ["left-hand bat"], "longBowlingStyles": ["slow left-arm orthodox"], "image": {"id": 179841, "objectId": 721897, "slug": "mark-watt", "url": "/db/PICTURES/CMS/179800/179841.1.jpg", "width": 160, "height": 192, "caption": "Mark Watt", "longCaption": "Mark Watt", "credit": "International Cricket Council", "photographer": null, "peerUrls": null}, "countryTeamId": 30, "playerRoleTypeIds": [4], "playingRoles": ["bowler"], "headshotImage": {"id": 320372, "objectId": 1261166, "slug": "mark-watt-page-headshot-cutout-2021", "url": "/db/PICTURES/CMS/320300/320372.png", "width": 600, "height": 436, "caption": "Mark Watt page headshot cutout, 2021", "longCaption": "Mark Watt page headshot cutout, 2021", "credit": null, "photographer": null, "peerUrls": {"FILM": null, "WIDE": null, "SQUARE": "/db/PICTURES/CMS/320300/320372.square.png"}}}, "runs": 3, "balls": 5, "fours": 0, "sixes": 0}], "overEndBowlers": [{"player": {"id": 48777, "objectId": 221140, "name": "D Wiese", "longName": "David Wiese", "mobileName": "Wiese", "indexName": "Wiese, D", "battingName": "D Wiese", "fieldingName": "Wiese", "slug": "david-wiese", "imageUrl": "/db/PICTURES/CMS/312100/312185.png", "headshotImageUrl": "/db/PICTURES/CMS/322000/322079.png", "dateOfBirth": {"year": 1985, "month": 5, "date": 18}, "dateOfDeath": null, "gender": "M", "battingStyles": ["rhb"], "bowlingStyles": ["rmf"], "longBattingStyles": ["right-hand bat"], "longBowlingStyles": ["right-arm medium-fast"], "image": {"id": 312185, "objectId": 1239252, "slug": "david-wiese-portrait", "url": "/db/PICTURES/CMS/312100/312185.png", "width": 160, "height": 200, "caption": "David Wiese portrait", "longCaption": "David Wiese portrait, November 2020", "credit": "Getty Images", "photographer": null, "peerUrls": null}, "countryTeamId": 28, "playerRoleTypeIds": [5], "playingRoles": ["allrounder"], "headshotImage": {"id": 322079, "objectId": 1264453, "slug": "david-wiese-player-page-headshot-cutout-2021", "url": "/db/PICTURES/CMS/322000/322079.png", "width": 600, "height": 436, "caption": "David Wiese player page headshot cutout, 2021", "longCaption": "David Wiese player page headshot cutout, 2021", "credit": null, "photographer": null, "peerUrls": {"FILM": null, "WIDE": null, "SQUARE": "/db/PICTURES/CMS/322000/322079.square.png"}}}, "overs": 3, "balls": 18, "maidens": 0, "conceded": 15, "wickets": 1, "currentType": 1}, {"player": {"id": 67403, "objectId": 553821, "name": "JJ Smit", "longName": "JJ Smit", "mobileName": "Smit", "indexName": "Smit, JJ", "battingName": "JJ Smit", "fieldingName": "Smit", "slug": "jj-smit", "imageUrl": "/db/PICTURES/CMS/179600/179653.1.jpg", "headshotImageUrl": "/db/PICTURES/CMS/329700/329762.png", "dateOfBirth": {"year": 1995, "month": 11, "date": 10}, "dateOfDeath": null, "gender": "M", "battingStyles": ["rhb"], "bowlingStyles": ["lmf"], "longBattingStyles": ["right-hand bat"], "longBowlingStyles": ["left-arm medium-fast"], "image": {"id": 179653, "objectId": 721499, "slug": "jj-smit", "url": "/db/PICTURES/CMS/179600/179653.1.jpg", "width": 160, "height": 192, "caption": "JJ Smit", "longCaption": "JJ Smit", "credit": "International Cricket Council", "photographer": null, "peerUrls": null}, "countryTeamId": 28, "playerRoleTypeIds": [11], "playingRoles": ["bowling allrounder"], "headshotImage": {"id": 329762, "objectId": 1286763, "slug": "jj-smit-player-page-headshot-cutout-2021", "url": "/db/PICTURES/CMS/329700/329762.png", "width": 600, "height": 436, "caption": "JJ Smit player page headshot cutout 2021", "longCaption": "JJ Smit player page headshot cutout 2021", "credit": null, "photographer": null, "peerUrls": {"FILM": null, "WIDE": null, "SQUARE": "/db/PICTURES/CMS/329700/329762.square.png"}}}, "overs": 4, "balls": 24, "maidens": 0, "conceded": 20, "wickets": 1, "currentType": 2}], "rollover": null}, "batsmanStatText": null, "bowlerStatText": null, "smartStats": []}, {"_uid": 35100685, "id": 35100685, "inningNumber": 1, "ballsActual": null, "ballsUnique": null, "oversUnique": 18.01, "oversActual": 18.1, "overNumber": 19, "ballNumber": 1, "totalRuns": 0, "batsmanRuns": 0, "isFour": false, "isSix": false, "isWicket": true, "dismissalType": 1, "byes": 0, "legbyes": 0, "wides": 0, "noballs": 0, "penalties": 0, "wagonX": 125, "wagonY": 322, "wagonZone": 5, "pitchLine": "ON_THE_STUMPS", "pitchLength": "FULL", "shotType": "SLOG_SHOT", "shotControl": 2, "timestamp": "2021-10-27T15:26:53.000Z", "modified": "2021-10-27T15:26:55.000Z", "batsmanPlayerId": 71959, "bowlerPlayerId": 63683, "outPlayerId": 71959, "totalInningRuns": 99, "totalInningWickets": 7, "predictions": {"score": 116, "winProbability": 11.61}, "title": "Frylinck to Watt", "dismissalText": {"short": "caught", "long": "c Erasmus b Frylinck", "commentary": "Mark Watt c Erasmus b Frylinck 3 (6b 0x4 0x6 9m) SR: 50"}, "commentPreTextItems": [{"type": "HTML", "html": "Frylinck, as expected"}], "commentTextItems": [{"type": "HTML", "html": "118kmh, slower balls continue and he holes out to long-on. They have to go for the big shots now, this one was pitched up but with no real pace and he swings it down to long-on"}], "commentPostTextItems": null, "commentVideos": [], "commentImages": [], "events": [], "over": null, "batsmanStatText": null, "bowlerStatText": null, "smartStats": []}, {"_uid": 35100686, "id": 35100686, "inningNumber": 1, "ballsActual": null, "ballsUnique": null, "oversUnique": 18.02, "oversActual": 18.2, "overNumber": 19, "ballNumber": 2, "totalRuns": 0, "batsmanRuns": 0, "isFour": false, "isSix": false, "isWicket": false, "dismissalType": null, "byes": 0, "legbyes": 0, "wides": 0, "noballs": 0, "penalties": 0, "wagonX": 0, "wagonY": 0, "wagonZone": 0, "pitchLine": "OUTSIDE_OFFSTUMP", "pitchLength": "GOOD_LENGTH", "shotType": "CUT_SHOT", "shotControl": 2, "timestamp": "2021-10-27T15:28:12.000Z", "modified": "2021-10-27T15:28:16.000Z", "batsmanPlayerId": 81813, "bowlerPlayerId": 63683, "outPlayerId": null, "totalInningRuns": 99, "totalInningWickets": 7, "predictions": {"score": 115, "winProbability": 11.16}, "title": "Frylinck to Greaves", "dismissalText": null, "commentPreTextItems": [{"type": "HTML", "html": "Three wickets and 17 balls left. Josh Davey at the non-striker's end and Frylinck around the wicket"}], "commentTextItems": [{"type": "HTML", "html": "slow cutter yet again, well outside off, and Greaves swings bit and misses"}], "commentPostTextItems": null, "commentVideos": [], "commentImages": [], "events": [], "over": null, "batsmanStatText": null, "bowlerStatText": null, "smartStats": []}, {"_uid": 35100687, "id": 35100687, "inningNumber": 1, "ballsActual": null, "ballsUnique": null, "oversUnique": 18.03, "oversActual": 18.3, "overNumber": 19, "ballNumber": 3, "totalRuns": 1, "batsmanRuns": 1, "isFour": false, "isSix": false, "isWicket": false, "dismissalType": null, "byes": 0, "legbyes": 0, "wides": 0, "noballs": 0, "penalties": 0, "wagonX": 240, "wagonY": 291, "wagonZone": 4, "pitchLine": "OUTSIDE_OFFSTUMP", "pitchLength": "SHORT_OF_A_GOOD_LENGTH", "shotType": "SLOG_SHOT", "shotControl": 1, "timestamp": "2021-10-27T15:28:43.000Z", "modified": "2021-10-27T15:28:46.000Z", "batsmanPlayerId": 81813, "bowlerPlayerId": 63683, "outPlayerId": null, "totalInningRuns": 100, "totalInningWickets": 7, "predictions": {"score": 114, "winProbability": 10.72}, "title": "Frylinck to Greaves", "dismissalText": null, "commentPreTextItems": null, "commentTextItems": [{"type": "HTML", "html": "112kmh, the slower goes is shorter and into the pitch. Greaves waits and waits in the crease before slapping it to long-on"}], "commentPostTextItems": null, "commentVideos": [], "commentImages": [], "events": [], "over": null, "batsmanStatText": null, "bowlerStatText": null, "smartStats": []}, {"_uid": 35100688, "id": 35100688, "inningNumber": 1, "ballsActual": null, "ballsUnique": null, "oversUnique": 18.04, "oversActual": 18.4, "overNumber": 19, "ballNumber": 4, "totalRuns": 0, "batsmanRuns": 0, "isFour": false, "isSix": false, "isWicket": false, "dismissalType": null, "byes": 0, "legbyes": 0, "wides": 0, "noballs": 0, "penalties": 0, "wagonX": 0, "wagonY": 0, "wagonZone": 0, "pitchLine": "OUTSIDE_OFFSTUMP", "pitchLength": "GOOD_LENGTH", "shotType": "DEFENDED", "shotControl": 2, "timestamp": "2021-10-27T15:29:10.000Z", "modified": "2021-10-27T15:29:14.000Z", "batsmanPlayerId": 59951, "bowlerPlayerId": 63683, "outPlayerId": null, "totalInningRuns": 100, "totalInningWickets": 7, "predictions": {"score": 113, "winProbability": 10.29}, "title": "Frylinck to Davey", "dismissalText": null, "commentPreTextItems": null, "commentTextItems": [{"type": "HTML", "html": "excellent delivery outside off that just beats the outside edge and the off stump! Makes the batter smile too. A teasing slower one angling in from outside off, he pokes outside off and misses"}], "commentPostTextItems": null, "commentVideos": [], "commentImages": [], "events": [], "over": null, "batsmanStatText": null, "bowlerStatText": null, "smartStats": []}, {"_uid": 35100689, "id": 35100689, "inningNumber": 1, "ballsActual": null, "ballsUnique": null, "oversUnique": 18.05, "oversActual": 18.5, "overNumber": 19, "ballNumber": 5, "totalRuns": 1, "batsmanRuns": 1, "isFour": false, "isSix": false, "isWicket": false, "dismissalType": null, "byes": 0, "legbyes": 0, "wides": 0, "noballs": 0, "penalties": 0, "wagonX": 107, "wagonY": 200, "wagonZone": 6, "pitchLine": "OUTSIDE_OFFSTUMP", "pitchLength": "GOOD_LENGTH", "shotType": "COVER_DRIVE", "shotControl": 1, "timestamp": "2021-10-27T15:29:45.000Z", "modified": "2021-10-27T15:29:49.000Z", "batsmanPlayerId": 59951, "bowlerPlayerId": 63683, "outPlayerId": null, "totalInningRuns": 101, "totalInningWickets": 7, "predictions": {"score": 112, "winProbability": 9.89}, "title": "Frylinck to Davey", "dismissalText": null, "commentPreTextItems": null, "commentTextItems": [{"type": "HTML", "html": "bunts this length ball down to long-on for one"}], "commentPostTextItems": null, "commentVideos": [], "commentImages": [], "events": [], "over": null, "batsmanStatText": null, "bowlerStatText": null, "smartStats": []}, {"_uid": 35100690, "id": 35100690, "inningNumber": 1, "ballsActual": null, "ballsUnique": null, "oversUnique": 18.06, "oversActual": 18.6, "overNumber": 19, "ballNumber": 6, "totalRuns": 1, "batsmanRuns": 1, "isFour": false, "isSix": false, "isWicket": false, "dismissalType": null, "byes": 0, "legbyes": 0, "wides": 0, "noballs": 0, "penalties": 0, "wagonX": 313, "wagonY": 202, "wagonZone": 3, "pitchLine": "ON_THE_STUMPS", "pitchLength": "SHORT_OF_A_GOOD_LENGTH", "shotType": "PULL", "shotControl": 1, "timestamp": "2021-10-27T15:30:16.000Z", "modified": "2021-10-27T15:30:19.000Z", "batsmanPlayerId": 81813, "bowlerPlayerId": 63683, "outPlayerId": null, "totalInningRuns": 102, "totalInningWickets": 7, "predictions": {"score": 112, "winProbability": 9.89}, "title": "Frylinck to Greaves", "dismissalText": null, "commentPreTextItems": null, "commentTextItems": [{"type": "HTML", "html": "slow and short of length, pulled to deep midwicket for one and he keeps strike"}], "commentPostTextItems": null, "commentVideos": [], "commentImages": [], "events": [], "over": {"team": {"id": 30, "objectId": 30, "scribeId": 30, "slug": "scotland", "name": "Scotland", "longName": "Scotland", "abbreviation": "SCOT", "unofficialName": "", "imageUrl": "/db/PICTURES/CMS/313100/313150.logo.png", "isCountry": true, "primaryColor": null, "image": {"id": 313150, "objectId": 1241609, "slug": "scotland-logo", "url": "/db/PICTURES/CMS/313100/313150.logo.png", "width": 500, "height": 500, "caption": "Scotland logo", "longCaption": "Scotland logo", "credit": null, "photographer": null, "peerUrls": null}, "country": {"id": 30, "objectId": 30, "name": "Scotland", "shortName": "Scotland", "abbreviation": "SCOT", "slug": "scotland"}}, "inningNumber": 1, "overNumber": 19, "overRuns": 3, "overWickets": 1, "totalRuns": 102, "totalWickets": 7, "target": 0, "overLimit": 20, "ballLimit": 120, "isMaiden": false, "isComplete": true, "isSuperOver": false, "overEndBatsmen": [{"player": {"id": 81813, "objectId": 873199, "name": "CN Greaves", "longName": "Chris Greaves", "mobileName": "Greaves", "indexName": "Greaves, CN", "battingName": "CN Greaves", "fieldingName": "Greaves", "slug": "chris-greaves", "imageUrl": "/db/PICTURES/CMS/286300/286357.1.jpg", "headshotImageUrl": "/db/PICTURES/CMS/329700/329745.png", "dateOfBirth": {"year": 1990, "month": 10, "date": 12}, "dateOfDeath": null, "gender": "M", "battingStyles": ["rhb"], "bowlingStyles": ["lb"], "longBattingStyles": ["right-hand bat"], "longBowlingStyles": ["legbreak"], "image": {"id": 286357, "objectId": 1176647, "slug": "chris-greaves-portrait", "url": "/db/PICTURES/CMS/286300/286357.1.jpg", "width": 160, "height": 200, "caption": "Chris Greaves portrait", "longCaption": "Chris Greaves portrait, February 2019", "credit": "Peter Della Penna", "photographer": null, "peerUrls": null}, "countryTeamId": 30, "playerRoleTypeIds": [4], "playingRoles": ["bowler"], "headshotImage": {"id": 329745, "objectId": 1286738, "slug": "chris-greaves-player-page-headshot-cutout-2021", "url": "/db/PICTURES/CMS/329700/329745.png", "width": 600, "height": 436, "caption": "Chris Greaves player page headshot cutout 2021", "longCaption": "Chris Greaves player page headshot cutout 2021", "credit": null, "photographer": null, "peerUrls": {"FILM": null, "WIDE": null, "SQUARE": "/db/PICTURES/CMS/329700/329745.square.png"}}}, "runs": 23, "balls": 29, "fours": 2, "sixes": 0}, {"player": {"id": 59951, "objectId": 407265, "name": "JH Davey", "longName": "Josh Davey", "mobileName": "Davey", "indexName": "Davey, JH", "battingName": "JH Davey", "fieldingName": "Davey", "slug": "josh-davey", "imageUrl": "/db/PICTURES/CMS/206000/206007.1.jpg", "headshotImageUrl": "/db/PICTURES/CMS/316600/316676.png", "dateOfBirth": {"year": 1990, "month": 8, "date": 3}, "dateOfDeath": null, "gender": "M", "battingStyles": ["rhb"], "bowlingStyles": ["rmf"], "longBattingStyles": ["right-hand bat"], "longBowlingStyles": ["right-arm medium-fast"], "image": {"id": 206007, "objectId": 833185, "slug": "josh-davey", "url": "/db/PICTURES/CMS/206000/206007.1.jpg", "width": 160, "height": 192, "caption": "Josh Davey", "longCaption": "Josh Davey", "credit": "Rob Jefferies-IDI", "photographer": null, "peerUrls": null}, "countryTeamId": 30, "playerRoleTypeIds": [4], "playingRoles": ["bowler"], "headshotImage": {"id": 316676, "objectId": 1251309, "slug": "jh-davey-headshot", "url": "/db/PICTURES/CMS/316600/316676.png", "width": 600, "height": 436, "caption": "JH Davey headshot", "longCaption": "JH Davey headshot", "credit": null, "photographer": null, "peerUrls": {"FILM": null, "WIDE": null, "SQUARE": null}}}, "runs": 1, "balls": 2, "fours": 0, "sixes": 0}], "overEndBowlers": [{"player": {"id": 63683, "objectId": 482478, "name": "JN Frylinck", "longName": "Jan Frylinck", "mobileName": "Frylinck", "indexName": "Frylinck, JN", "battingName": "JN Frylinck", "fieldingName": "Frylinck", "slug": "jan-frylinck", "imageUrl": "/db/PICTURES/CMS/347800/347843.4.jpg", "headshotImageUrl": "/db/PICTURES/CMS/348600/348605.png", "dateOfBirth": {"year": 1994, "month": 4, "date": 6}, "dateOfDeath": null, "gender": "M", "battingStyles": ["lhb"], "bowlingStyles": ["lfm"], "longBattingStyles": ["left-hand bat"], "longBowlingStyles": ["left-arm fast-medium"], "image": {"id": 347843, "objectId": 1340682, "slug": "jan-frylinck-player-portrait", "url": "/db/PICTURES/CMS/347800/347843.4.jpg", "width": 160, "height": 233, "caption": "Jan Frylinck, player portrait", "longCaption": "Jan Frylinck, player portrait", "credit": "ICC/Getty Images", "photographer": "Matt King", "peerUrls": null}, "countryTeamId": 28, "playerRoleTypeIds": [5], "playingRoles": ["allrounder"], "headshotImage": {"id": 348605, "objectId": 1342899, "slug": "jan-frylinck-player-page-headshot-cutout-2022", "url": "/db/PICTURES/CMS/348600/348605.png", "width": 600, "height": 436, "caption": "Jan Frylinck, player page headshot cutout 2022", "longCaption": "Jan Frylinck, player page headshot cutout 2022", "credit": null, "photographer": null, "peerUrls": {"FILM": null, "WIDE": null, "SQUARE": "/db/PICTURES/CMS/348600/348605.square.png"}}}, "overs": 4, "balls": 24, "maidens": 0, "conceded": 10, "wickets": 2, "currentType": 1}, {"player": {"id": 48777, "objectId": 221140, "name": "D Wiese", "longName": "David Wiese", "mobileName": "Wiese", "indexName": "Wiese, D", "battingName": "D Wiese", "fieldingName": "Wiese", "slug": "david-wiese", "imageUrl": "/db/PICTURES/CMS/312100/312185.png", "headshotImageUrl": "/db/PICTURES/CMS/322000/322079.png", "dateOfBirth": {"year": 1985, "month": 5, "date": 18}, "dateOfDeath": null, "gender": "M", "battingStyles": ["rhb"], "bowlingStyles": ["rmf"], "longBattingStyles": ["right-hand bat"], "longBowlingStyles": ["right-arm medium-fast"], "image": {"id": 312185, "objectId": 1239252, "slug": "david-wiese-portrait", "url": "/db/PICTURES/CMS/312100/312185.png", "width": 160, "height": 200, "caption": "David Wiese portrait", "longCaption": "David Wiese portrait, November 2020", "credit": "Getty Images", "photographer": null, "peerUrls": null}, "countryTeamId": 28, "playerRoleTypeIds": [5], "playingRoles": ["allrounder"], "headshotImage": {"id": 322079, "objectId": 1264453, "slug": "david-wiese-player-page-headshot-cutout-2021", "url": "/db/PICTURES/CMS/322000/322079.png", "width": 600, "height": 436, "caption": "David Wiese player page headshot cutout, 2021", "longCaption": "David Wiese player page headshot cutout, 2021", "credit": null, "photographer": null, "peerUrls": {"FILM": null, "WIDE": null, "SQUARE": "/db/PICTURES/CMS/322000/322079.square.png"}}}, "overs": 3, "balls": 18, "maidens": 0, "conceded": 15, "wickets": 1, "currentType": 2}], "rollover": null}, "batsmanStatText": null, "bowlerStatText": null, "smartStats": []}]