[{"_uid": 35041185, "id": 35041185, "inningNumber": 1, "ballsActual": null, "ballsUnique": null, "oversUnique": 15.01, "oversActual": 15.1, "overNumber": 16, "ballNumber": 1, "totalRuns": 1, "batsmanRuns": 1, "isFour": false, "isSix": false, "isWicket": false, "dismissalType": null, "byes": 0, "legbyes": 0, "wides": 0, "noballs": 0, "penalties": 0, "wagonX": 245, "wagonY": 151, "wagonZone": 2, "pitchLine": "ON_THE_STUMPS", "pitchLength": "FULL", "shotType": "FLICK", "shotControl": 1, "timestamp": "2021-10-18T11:17:42.000Z", "modified": "2021-10-18T11:17:46.000Z", "batsmanPlayerId": 48503, "bowlerPlayerId": 85967, "outPlayerId": null, "totalInningRuns": 81, "totalInningWickets": 6, "predictions": {"score": 125, "winProbability": 13.57}, "title": "White to Seelaar", "dismissalText": null, "commentPreTextItems": null, "commentTextItems": [{"type": "HTML", "html": "looped up and worked into the midwicket region"}], "commentPostTextItems": null, "commentVideos": [], "commentImages": [], "events": [], "over": null, "batsmanStatText": null, "bowlerStatText": null, "smartStats": []}, {"_uid": 35041188, "id": 35041188, "inningNumber": 1, "ballsActual": null, "ballsUnique": null, "oversUnique": 15.02, "oversActual": 15.2, "overNumber": 16, "ballNumber": 2, "totalRuns": 1, "batsmanRuns": 1, "isFour": false, "isSix": false, "isWicket": false, "dismissalType": null, "byes": 0, "legbyes": 0, "wides": 0, "noballs": 0, "penalties": 0, "wagonX": 228, "wagonY": 295, "wagonZone": 4, "pitchLine": "ON_THE_STUMPS", "pitchLength": "FULL", "shotType": "ON_DRIVE", "shotControl": 1, "timestamp": "2021-10-18T11:18:08.000Z", "modified": "2021-10-18T11:18:11.000Z", "batsmanPlayerId": 71363, "bowlerPlayerId": 85967, "outPlayerId": null, "totalInningRuns": 82, "totalInningWickets": 6, "predictions": {"score": 125, "winProbability": 13.57}, "title": "White to O'Dowd", "dismissalText": null, "commentPreTextItems": null, "commentTextItems": [{"type": "HTML", "html": "rolls his arm over on middle and leg, O'Dowd nudges through leg... <b>that's his half-century</b>, standing tall for Netherlands amid the rubble of that four-wicket over. Can he drag them up to a fighting score?"}], "commentPostTextItems": null, "commentVideos": [], "commentImages": [], "events": [], "over": null, "batsmanStatText": null, "bowlerStatText": null, "smartStats": []}, {"_uid": 35041190, "id": 35041190, "inningNumber": 1, "ballsActual": null, "ballsUnique": null, "oversUnique": 15.03, "oversActual": 15.3, "overNumber": 16, "ballNumber": 3, "totalRuns": 2, "batsmanRuns": 2, "isFour": false, "isSix": false, "isWicket": false, "dismissalType": null, "byes": 0, "legbyes": 0, "wides": 0, "noballs": 0, "penalties": 0, "wagonX": 74, "wagonY": 268, "wagonZone": 6, "pitchLine": "OUTSIDE_OFFSTUMP", "pitchLength": "FULL", "shotType": "COVER_DRIVE", "shotControl": 1, "timestamp": "2021-10-18T11:18:36.000Z", "modified": "2021-10-18T11:18:41.000Z", "batsmanPlayerId": 48503, "bowlerPlayerId": 85967, "outPlayerId": null, "totalInningRuns": 84, "totalInningWickets": 6, "predictions": {"score": 126, "winProbability": 14.09}, "title": "White to Seelaar", "dismissalText": null, "commentPreTextItems": null, "commentTextItems": [{"type": "HTML", "html": "tossed up outside off, Seelaar chips this aerially through extra cover"}], "commentPostTextItems": null, "commentVideos": [], "commentImages": [], "events": [], "over": null, "batsmanStatText": null, "bowlerStatText": null, "smartStats": []}, {"_uid": 35041193, "id": 35041193, "inningNumber": 1, "ballsActual": null, "ballsUnique": null, "oversUnique": 15.04, "oversActual": 15.4, "overNumber": 16, "ballNumber": 4, "totalRuns": 1, "batsmanRuns": 1, "isFour": false, "isSix": false, "isWicket": false, "dismissalType": null, "byes": 0, "legbyes": 0, "wides": 0, "noballs": 0, "penalties": 0, "wagonX": 89, "wagonY": 214, "wagonZone": 6, "pitchLine": "ON_THE_STUMPS", "pitchLength": "GOOD_LENGTH", "shotType": "PUSH", "shotControl": 1, "timestamp": "2021-10-18T11:19:06.000Z", "modified": "2021-10-18T11:19:09.000Z", "batsmanPlayerId": 48503, "bowlerPlayerId": 85967, "outPlayerId": null, "totalInningRuns": 85, "totalInningWickets": 6, "predictions": {"score": 126, "winProbability": 14.09}, "title": "White to Seelaar", "dismissalText": null, "commentPreTextItems": null, "commentTextItems": [{"type": "HTML", "html": "googly, I think, jabbed away into the covers on the back foot"}], "commentPostTextItems": null, "commentVideos": [], "commentImages": [], "events": [], "over": null, "batsmanStatText": null, "bowlerStatText": null, "smartStats": []}, {"_uid": 35041197, "id": 35041197, "inningNumber": 1, "ballsActual": null, "ballsUnique": null, "oversUnique": 15.05, "oversActual": 15.5, "overNumber": 16, "ballNumber": 5, "totalRuns": 1, "batsmanRuns": 1, "isFour": false, "isSix": false, "isWicket": false, "dismissalType": null, "byes": 0, "legbyes": 0, "wides": 0, "noballs": 0, "penalties": 0, "wagonX": 294, "wagonY": 246, "wagonZone": 3, "pitchLine": "OUTSIDE_OFFSTUMP", "pitchLength": "SHORT_OF_A_GOOD_LENGTH", "shotType": "PULL", "shotControl": 1, "timestamp": "2021-10-18T11:19:26.000Z", "modified": "2021-10-18T11:19:29.000Z", "batsmanPlayerId": 71363, "bowlerPlayerId": 85967, "outPlayerId": null, "totalInningRuns": 86, "totalInningWickets": 6, "predictions": {"score": 126, "winProbability": 14.09}, "title": "White to O'Dowd", "dismissalText": null, "commentPreTextItems": null, "commentTextItems": [{"type": "HTML", "html": "flattish and swung leg side, just a single out to the midwicket boundary rider"}], "commentPostTextItems": null, "commentVideos": [], "commentImages": [], "events": [], "over": null, "batsmanStatText": null, "bowlerStatText": null, "smartStats": []}, {"_uid": 35041199, "id": 35041199, "inningNumber": 1, "ballsActual": null, "ballsUnique": null, "oversUnique": 15.06, "oversActual": 15.6, "overNumber": 16, "ballNumber": 6, "totalRuns": 1, "batsmanRuns": 1, "isFour": false, "isSix": false, "isWicket": false, "dismissalType": null, "byes": 0, "legbyes": 0, "wides": 0, "noballs": 0, "penalties": 0, "wagonX": 154, "wagonY": 316, "wagonZone": 5, "pitchLine": "ON_THE_STUMPS", "pitchLength": "FULL", "shotType": "ON_DRIVE", "shotControl": 1, "timestamp": "2021-10-18T11:19:46.000Z", "modified": "2021-10-18T11:19:51.000Z", "batsmanPlayerId": 48503, "bowlerPlayerId": 85967, "outPlayerId": null, "totalInningRuns": 87, "totalInningWickets": 6, "predictions": {"score": 125, "winProbability": 13.57}, "title": "White to Seelaar", "dismissalText": null, "commentPreTextItems": null, "commentTextItems": [{"type": "HTML", "html": "pushed through flatter, driven down to long-off"}], "commentPostTextItems": [{"type": "HTML", "html": "Jack: \"I only went out for a bit to get some ice cream and Campher takes 4 in 4. Maybe I should get another one...\" Dublin in October is definitely two-ice cream weather"}], "commentVideos": [], "commentImages": [], "events": [], "over": {"team": {"id": 15, "objectId": 15, "scribeId": 15, "slug": "netherlands", "name": "Netherlands", "longName": "Netherlands", "abbreviation": "NED", "unofficialName": "", "imageUrl": "/db/PICTURES/CMS/313100/313136.logo.png", "isCountry": true, "primaryColor": "#f49b1f", "image": {"id": 313136, "objectId": 1241595, "slug": "netherlands-logo", "url": "/db/PICTURES/CMS/313100/313136.logo.png", "width": 500, "height": 500, "caption": "Netherlands logo", "longCaption": "Netherlands logo", "credit": null, "photographer": null, "peerUrls": null}, "country": {"id": 15, "objectId": 15, "name": "Netherlands", "shortName": "Netherlands", "abbreviation": "NED", "slug": "netherlands"}}, "inningNumber": 1, "overNumber": 16, "overRuns": 7, "overWickets": 0, "totalRuns": 87, "totalWickets": 6, "target": 0, "overLimit": 20, "ballLimit": 120, "isMaiden": false, "isComplete": true, "isSuperOver": false, "overEndBatsmen": [{"player": {"id": 48503, "objectId": 208657, "name": "PM Seelaar", "longName": "Pieter Seelaar", "mobileName": "Seelaar", "indexName": "Seelaar, PM", "battingName": "PM Seelaar", "fieldingName": "Seelaar", "slug": "pieter-seelaar", "imageUrl": "/db/PICTURES/CMS/128500/128595.1.jpg", "headshotImageUrl": "/db/PICTURES/CMS/322500/322589.png", "dateOfBirth": {"year": 1987, "month": 7, "date": 2}, "dateOfDeath": null, "gender": "M", "battingStyles": ["rhb"], "bowlingStyles": ["sla"], "longBattingStyles": ["right-hand bat"], "longBowlingStyles": ["slow left-arm orthodox"], "image": {"id": 128595, "objectId": 501781, "slug": "pieter-seelaar-portrait-picture", "url": "/db/PICTURES/CMS/128500/128595.1.jpg", "width": 160, "height": 200, "caption": "Pieter Seelaar, Portrait Picture", "longCaption": "Pieter Seelaar, Portrait Picture", "credit": "Getty Images", "photographer": null, "peerUrls": null}, "countryTeamId": 15, "playerRoleTypeIds": [5], "playingRoles": ["allrounder"], "headshotImage": {"id": 322589, "objectId": 1265438, "slug": "pieter-seelaar-player-page-headshot-cutout-2021", "url": "/db/PICTURES/CMS/322500/322589.png", "width": 600, "height": 436, "caption": "Pieter Seelaar player page headshot cutout, 2021", "longCaption": "Pieter Seelaar player page headshot cutout, 2021", "credit": null, "photographer": null, "peerUrls": {"FILM": null, "WIDE": null, "SQUARE": "/db/PICTURES/CMS/322500/322589.square.png"}}}, "runs": 14, "balls": 20, "fours": 1, "sixes": 0}, {"player": {"id": 71363, "objectId": 643197, "name": "MP O'Dowd", "longName": "Max O'Dowd", "mobileName": "O'Dowd", "indexName": "O'Dowd, MP", "battingName": "MP O'Dowd", "fieldingName": "O'Dowd", "slug": "max-o-dowd", "imageUrl": "/db/PICTURES/CMS/217400/217449.1.jpg", "headshotImageUrl": "/db/PICTURES/CMS/322500/322583.png", "dateOfBirth": {"year": 1994, "month": 3, "date": 4}, "dateOfDeath": null, "gender": "M", "battingStyles": ["rhb"], "bowlingStyles": ["ob"], "longBattingStyles": ["right-hand bat"], "longBowlingStyles": ["right-arm offbreak"], "image": {"id": 217449, "objectId": 897441, "slug": "max-o-dowd", "url": "/db/PICTURES/CMS/217400/217449.1.jpg", "width": 160, "height": 191, "caption": "Max O'Dowd", "longCaption": "Max O'Dowd", "credit": "KNCB", "photographer": null, "peerUrls": null}, "countryTeamId": 15, "playerRoleTypeIds": [1], "playingRoles": ["opening batter"], "headshotImage": {"id": 322583, "objectId": 1265431, "slug": "max-o-dowd-player-page-headshot-cutout-2021", "url": "/db/PICTURES/CMS/322500/322583.png", "width": 600, "height": 436, "caption": "Max O'Dowd player page headshot cutout, 2021", "longCaption": "Max O'Dowd player page headshot cutout, 2021", "credit": null, "photographer": null, "peerUrls": {"FILM": null, "WIDE": null, "SQUARE": "/db/PICTURES/CMS/322500/322583.square.png"}}}, "runs": 51, "balls": 45, "fours": 7, "sixes": 0}], "overEndBowlers": [{"player": {"id": 85967, "objectId": 928059, "name": "B White", "longName": "Ben White", "mobileName": "White", "indexName": "White, B", "battingName": "B White", "fieldingName": "White", "slug": "ben-white", "imageUrl": "/db/PICTURES/CMS/332200/332221.5.jpg", "headshotImageUrl": "/db/PICTURES/CMS/339100/339163.png", "dateOfBirth": {"year": 1998, "month": 8, "date": 29}, "dateOfDeath": null, "gender": "M", "battingStyles": ["rhb"], "bowlingStyles": ["lb"], "longBattingStyles": ["right-hand bat"], "longBowlingStyles": ["legbreak"], "image": {"id": 332221, "objectId": 1294238, "slug": "ben-white-portrait", "url": "/db/PICTURES/CMS/332200/332221.5.jpg", "width": 160, "height": 164, "caption": "Ben White portrait", "longCaption": "Ben White portrait", "credit": null, "photographer": null, "peerUrls": null}, "countryTeamId": 29, "playerRoleTypeIds": [4], "playingRoles": ["bowler"], "headshotImage": {"id": 339163, "objectId": 1314464, "slug": "ben-white-player-page-headshot-cutout-2022", "url": "/db/PICTURES/CMS/339100/339163.png", "width": 600, "height": 436, "caption": "Ben White, player page headshot cutout 2022", "longCaption": "Ben White, player page headshot cutout 2022", "credit": null, "photographer": null, "peerUrls": {"FILM": null, "WIDE": null, "SQUARE": "/db/PICTURES/CMS/339100/339163.square.png"}}}, "overs": 3, "balls": 18, "maidens": 0, "conceded": 27, "wickets": 0, "currentType": 1}, {"player": {"id": 69644, "objectId": 595921, "name": "C Campher", "longName": "Curtis Campher", "mobileName": "Campher", "indexName": "Campher. C", "battingName": "C Campher", "fieldingName": "Campher", "slug": "curtis-campher", "imageUrl": "/db/PICTURES/CMS/306900/306931.1.jpg", "headshotImageUrl": "/db/PICTURES/CMS/321300/321343.png", "dateOfBirth": {"year": 1999, "month": 4, "date": 20}, "dateOfDeath": null, "gender": "M", "battingStyles": ["rhb"], "bowlingStyles": ["rmf"], "longBattingStyles": ["right-hand bat"], "longBowlingStyles": ["right-arm medium-fast"], "image": {"id": 306931, "objectId": 1228023, "slug": "curtis-campher-player-portrait", "url": "/db/PICTURES/CMS/306900/306931.1.jpg", "width": 160, "height": 200, "caption": "Curtis Campher player portrait", "longCaption": "Curtis Campher player portrait", "credit": "Getty Images", "photographer": null, "peerUrls": null}, "countryTeamId": 29, "playerRoleTypeIds": [5], "playingRoles": ["allrounder"], "headshotImage": {"id": 321343, "objectId": 1262935, "slug": "curtis-campher-player-page-headshot-cutout-2021", "url": "/db/PICTURES/CMS/321300/321343.png", "width": 600, "height": 436, "caption": "Curtis Campher player page headshot cutout, 2021", "longCaption": "Curtis Campher player page headshot cutout, 2021", "credit": null, "photographer": null, "peerUrls": {"FILM": null, "WIDE": null, "SQUARE": "/db/PICTURES/CMS/321300/321343.square.png"}}}, "overs": 4, "balls": 24, "maidens": 0, "conceded": 26, "wickets": 4, "currentType": 2}], "rollover": null}, "batsmanStatText": null, "bowlerStatText": null, "smartStats": []}, {"_uid": 35041206, "id": 35041206, "inningNumber": 1, "ballsActual": null, "ballsUnique": null, "oversUnique": 16.01, "oversActual": 16.1, "overNumber": 17, "ballNumber": 1, "totalRuns": 1, "batsmanRuns": 1, "isFour": false, "isSix": false, "isWicket": false, "dismissalType": null, "byes": 0, "legbyes": 0, "wides": 0, "noballs": 0, "penalties": 0, "wagonX": 200, "wagonY": 310, "wagonZone": 4, "pitchLine": "OUTSIDE_OFFSTUMP", "pitchLength": "GOOD_LENGTH", "shotType": "ON_DRIVE", "shotControl": 1, "timestamp": "2021-10-18T11:21:20.000Z", "modified": "2021-10-18T11:21:23.000Z", "batsmanPlayerId": 48503, "bowlerPlayerId": 66012, "outPlayerId": null, "totalInningRuns": 88, "totalInningWickets": 6, "predictions": {"score": 125, "winProbability": 13.57}, "title": "Adair to Seelaar", "dismissalText": null, "commentPreTextItems": [{"type": "HTML", "html": "Four overs to go and Mark Adair is back"}], "commentTextItems": [{"type": "HTML", "html": "tucked off the pads, long-on has to come running in a long way, but keeps them to one"}], "commentPostTextItems": null, "commentVideos": [], "commentImages": [], "events": [], "over": null, "batsmanStatText": null, "bowlerStatText": null, "smartStats": []}, {"_uid": 35041210, "id": 35041210, "inningNumber": 1, "ballsActual": null, "ballsUnique": null, "oversUnique": 16.02, "oversActual": 16.2, "overNumber": 17, "ballNumber": 2, "totalRuns": 0, "batsmanRuns": 0, "isFour": false, "isSix": false, "isWicket": false, "dismissalType": null, "byes": 0, "legbyes": 0, "wides": 0, "noballs": 0, "penalties": 0, "wagonX": 161, "wagonY": 190, "wagonZone": 5, "pitchLine": "OUTSIDE_OFFSTUMP", "pitchLength": "FULL", "shotType": "ON_DRIVE", "shotControl": 1, "timestamp": "2021-10-18T11:22:03.000Z", "modified": "2021-10-18T11:22:08.000Z", "batsmanPlayerId": 71363, "bowlerPlayerId": 66012, "outPlayerId": null, "totalInningRuns": 88, "totalInningWickets": 6, "predictions": {"score": 124, "winProbability": 13.07}, "title": "Adair to O'Dowd", "dismissalText": null, "commentPreTextItems": null, "commentTextItems": [{"type": "HTML", "html": "length outside off, O'Dowd mistimes it back down the track"}], "commentPostTextItems": null, "commentVideos": [], "commentImages": [], "events": [], "over": null, "batsmanStatText": null, "bowlerStatText": null, "smartStats": []}, {"_uid": 35041214, "id": 35041214, "inningNumber": 1, "ballsActual": null, "ballsUnique": null, "oversUnique": 16.03, "oversActual": 16.3, "overNumber": 17, "ballNumber": 3, "totalRuns": 0, "batsmanRuns": 0, "isFour": false, "isSix": false, "isWicket": true, "dismissalType": 1, "byes": 0, "legbyes": 0, "wides": 0, "noballs": 0, "penalties": 0, "wagonX": 211, "wagonY": 346, "wagonZone": 4, "pitchLine": "WIDE_OUTSIDE_OFFSTUMP", "pitchLength": "FULL", "shotType": "SLOG_SHOT", "shotControl": 2, "timestamp": "2021-10-18T11:22:58.000Z", "modified": "2021-10-18T11:23:03.000Z", "batsmanPlayerId": 71363, "bowlerPlayerId": 66012, "outPlayerId": 71363, "totalInningRuns": 88, "totalInningWickets": 7, "predictions": {"score": 121, "winProbability": 11.64}, "title": "Adair to O'Dowd", "dismissalText": {"short": "caught", "long": "c Tector b Adair", "commentary": "Max O'Dowd c Tector b Adair 51 (47b 7x4 0x6 83m) SR: 108.51"}, "commentPreTextItems": null, "commentTextItems": [{"type": "HTML", "html": "<b>O'Dowd... Oh dear! Holes out to long-on!</b> Adair's cutter does the trick, the batter unable to generate the power he needed when looking to slog down the ground. Almost went all the way, mind, only for Harry Tector to take a well-judged catch at head height in front of the rope"}], "commentPostTextItems": null, "commentVideos": [], "commentImages": [], "events": [], "over": null, "batsmanStatText": null, "bowlerStatText": null, "smartStats": []}, {"_uid": 35041223, "id": 35041223, "inningNumber": 1, "ballsActual": null, "ballsUnique": null, "oversUnique": 16.04, "oversActual": 16.4, "overNumber": 17, "ballNumber": 4, "totalRuns": 0, "batsmanRuns": 0, "isFour": false, "isSix": false, "isWicket": false, "dismissalType": null, "byes": 0, "legbyes": 0, "wides": 0, "noballs": 0, "penalties": 0, "wagonX": 157, "wagonY": 198, "wagonZone": 5, "pitchLine": "OUTSIDE_OFFSTUMP", "pitchLength": "GOOD_LENGTH", "shotType": "DEFENDED", "shotControl": 1, "timestamp": "2021-10-18T11:24:34.000Z", "modified": "2021-10-18T11:24:37.000Z", "batsmanPlayerId": 48503, "bowlerPlayerId": 66012, "outPlayerId": null, "totalInningRuns": 88, "totalInningWickets": 7, "predictions": {"score": 120, "winProbability": 11.2}, "title": "Adair to Seelaar", "dismissalText": null, "commentPreTextItems": [{"type": "HTML", "html": "Logan van Beek is in at No. 9, Seelaar has the strike"}], "commentTextItems": [{"type": "HTML", "html": "length ball, 126kph/78mph on middle and off, defended"}], "commentPostTextItems": null, "commentVideos": [], "commentImages": [], "events": [], "over": null, "batsmanStatText": null, "bowlerStatText": null, "smartStats": []}, {"_uid": 35041227, "id": 35041227, "inningNumber": 1, "ballsActual": null, "ballsUnique": null, "oversUnique": 16.05, "oversActual": 16.5, "overNumber": 17, "ballNumber": 5, "totalRuns": 1, "batsmanRuns": 1, "isFour": false, "isSix": false, "isWicket": false, "dismissalType": null, "byes": 0, "legbyes": 0, "wides": 0, "noballs": 0, "penalties": 0, "wagonX": 157, "wagonY": 123, "wagonZone": 8, "pitchLine": "OUTSIDE_OFFSTUMP", "pitchLength": "GOOD_LENGTH", "shotType": "STEERED", "shotControl": 1, "timestamp": "2021-10-18T11:25:07.000Z", "modified": "2021-10-18T11:25:10.000Z", "batsmanPlayerId": 48503, "bowlerPlayerId": 66012, "outPlayerId": null, "totalInningRuns": 89, "totalInningWickets": 7, "predictions": {"score": 119, "winProbability": 10.78}, "title": "Adair to Seelaar", "dismissalText": null, "commentPreTextItems": null, "commentTextItems": [{"type": "HTML", "html": "shuffles across and runs this through backward point"}], "commentPostTextItems": [{"type": "HTML", "html": "\"Was that Campher over an all South African affair, I think at least four of the five were born there?\" Believe Scott Edwards was born in Tonga, Dave. But pretty close"}], "commentVideos": [], "commentImages": [], "events": [], "over": null, "batsmanStatText": null, "bowlerStatText": null, "smartStats": []}, {"_uid": 35041231, "id": 35041231, "inningNumber": 1, "ballsActual": null, "ballsUnique": null, "oversUnique": 16.06, "oversActual": 16.6, "overNumber": 17, "ballNumber": 6, "totalRuns": 1, "batsmanRuns": 1, "isFour": false, "isSix": false, "isWicket": false, "dismissalType": null, "byes": 0, "legbyes": 0, "wides": 0, "noballs": 0, "penalties": 0, "wagonX": 256, "wagonY": 82, "wagonZone": 1, "pitchLine": "OUTSIDE_OFFSTUMP", "pitchLength": "SHORT_OF_A_GOOD_LENGTH", "shotType": "FLICK", "shotControl": 1, "timestamp": "2021-10-18T11:25:58.000Z", "modified": "2021-10-18T11:26:02.000Z", "batsmanPlayerId": 61845, "bowlerPlayerId": 66012, "outPlayerId": null, "totalInningRuns": 90, "totalInningWickets": 7, "predictions": {"score": 119, "winProbability": 10.78}, "title": "Adair to van Beek", "dismissalText": null, "commentPreTextItems": null, "commentTextItems": [{"type": "HTML", "html": "short of a length and worked off the hip to long leg"}], "commentPostTextItems": null, "commentVideos": [], "commentImages": [], "events": [], "over": {"team": {"id": 15, "objectId": 15, "scribeId": 15, "slug": "netherlands", "name": "Netherlands", "longName": "Netherlands", "abbreviation": "NED", "unofficialName": "", "imageUrl": "/db/PICTURES/CMS/313100/313136.logo.png", "isCountry": true, "primaryColor": "#f49b1f", "image": {"id": 313136, "objectId": 1241595, "slug": "netherlands-logo", "url": "/db/PICTURES/CMS/313100/313136.logo.png", "width": 500, "height": 500, "caption": "Netherlands logo", "longCaption": "Netherlands logo", "credit": null, "photographer": null, "peerUrls": null}, "country": {"id": 15, "objectId": 15, "name": "Netherlands", "shortName": "Netherlands", "abbreviation": "NED", "slug": "netherlands"}}, "inningNumber": 1, "overNumber": 17, "overRuns": 3, "overWickets": 1, "totalRuns": 90, "totalWickets": 7, "target": 0, "overLimit": 20, "ballLimit": 120, "isMaiden": false, "isComplete": true, "isSuperOver": false, "overEndBatsmen": [{"player": {"id": 61845, "objectId": 440522, "name": "LV van Beek", "longName": "Logan van Beek", "mobileName": "van Beek", "indexName": "van Beek, LV", "battingName": "LV van Beek", "fieldingName": "van Beek", "slug": "logan-van-beek", "imageUrl": "/db/PICTURES/CMS/329300/329356.4.jpg", "headshotImageUrl": "/db/PICTURES/CMS/331100/331170.png", "dateOfBirth": {"year": 1990, "month": 9, "date": 7}, "dateOfDeath": null, "gender": "M", "battingStyles": ["rhb"], "bowlingStyles": ["rmf"], "longBattingStyles": ["right-hand bat"], "longBowlingStyles": ["right-arm medium-fast"], "image": {"id": 329356, "objectId": 1285455, "slug": "logan-van-beek-player-portrait", "url": "/db/PICTURES/CMS/329300/329356.4.jpg", "width": 160, "height": 258, "caption": "Logan van Beek, player portrait", "longCaption": "Logan van Beek, player portrait", "credit": "ICC/Getty Images", "photographer": "Matthew Lewis", "peerUrls": null}, "countryTeamId": 15, "playerRoleTypeIds": [4], "playingRoles": ["bowler"], "headshotImage": {"id": 331170, "objectId": 1291512, "slug": "logan-van-beek-player-page-headshot-cutout-2021", "url": "/db/PICTURES/CMS/331100/331170.png", "width": 600, "height": 436, "caption": "Logan van Beek player page headshot cutout 2021", "longCaption": "Logan van Beek player page headshot cutout 2021", "credit": null, "photographer": null, "peerUrls": {"FILM": null, "WIDE": null, "SQUARE": "/db/PICTURES/CMS/331100/331170.square.png"}}}, "runs": 1, "balls": 1, "fours": 0, "sixes": 0}, {"player": {"id": 48503, "objectId": 208657, "name": "PM Seelaar", "longName": "Pieter Seelaar", "mobileName": "Seelaar", "indexName": "Seelaar, PM", "battingName": "PM Seelaar", "fieldingName": "Seelaar", "slug": "pieter-seelaar", "imageUrl": "/db/PICTURES/CMS/128500/128595.1.jpg", "headshotImageUrl": "/db/PICTURES/CMS/322500/322589.png", "dateOfBirth": {"year": 1987, "month": 7, "date": 2}, "dateOfDeath": null, "gender": "M", "battingStyles": ["rhb"], "bowlingStyles": ["sla"], "longBattingStyles": ["right-hand bat"], "longBowlingStyles": ["slow left-arm orthodox"], "image": {"id": 128595, "objectId": 501781, "slug": "pieter-seelaar-portrait-picture", "url": "/db/PICTURES/CMS/128500/128595.1.jpg", "width": 160, "height": 200, "caption": "Pieter Seelaar, Portrait Picture", "longCaption": "Pieter Seelaar, Portrait Picture", "credit": "Getty Images", "photographer": null, "peerUrls": null}, "countryTeamId": 15, "playerRoleTypeIds": [5], "playingRoles": ["allrounder"], "headshotImage": {"id": 322589, "objectId": 1265438, "slug": "pieter-seelaar-player-page-headshot-cutout-2021", "url": "/db/PICTURES/CMS/322500/322589.png", "width": 600, "height": 436, "caption": "Pieter Seelaar player page headshot cutout, 2021", "longCaption": "Pieter Seelaar player page headshot cutout, 2021", "credit": null, "photographer": null, "peerUrls": {"FILM": null, "WIDE": null, "SQUARE": "/db/PICTURES/CMS/322500/322589.square.png"}}}, "runs": 16, "balls": 23, "fours": 1, "sixes": 0}], "overEndBowlers": [{"player": {"id": 66012, "objectId": 526441, "name": "MR Adair", "longName": "Mark Adair", "mobileName": "Adair", "indexName": "Adair, MR", "battingName": "MR Adair", "fieldingName": "Adair", "slug": "mark-adair", "imageUrl": "/db/PICTURES/CMS/305200/305254.jpg", "headshotImageUrl": "/db/PICTURES/CMS/319800/319892.png", "dateOfBirth": {"year": 1996, "month": 3, "date": 27}, "dateOfDeath": null, "gender": "M", "battingStyles": ["rhb"], "bowlingStyles": ["rfm"], "longBattingStyles": ["right-hand bat"], "longBowlingStyles": ["right-arm fast-medium"], "image": {"id": 305254, "objectId": 1224828, "slug": "mark-adair-portrait", "url": "/db/PICTURES/CMS/305200/305254.jpg", "width": 160, "height": 200, "caption": "Mark Adair portrait", "longCaption": "Mark Adair, June 2020", "credit": "Getty Images", "photographer": null, "peerUrls": null}, "countryTeamId": 29, "playerRoleTypeIds": [11], "playingRoles": ["bowling allrounder"], "headshotImage": {"id": 319892, "objectId": 1259969, "slug": "mark-adair-player-page-headshot-cutout-2021", "url": "/db/PICTURES/CMS/319800/319892.png", "width": 600, "height": 436, "caption": "Mark Adair player page headshot cutout, 2021", "longCaption": "Mark Adair player page headshot cutout, 2021", "credit": null, "photographer": null, "peerUrls": {"FILM": null, "WIDE": null, "SQUARE": "/db/PICTURES/CMS/319800/319892.square.png"}}}, "overs": 3, "balls": 18, "maidens": 0, "conceded": 5, "wickets": 1, "currentType": 1}, {"player": {"id": 85967, "objectId": 928059, "name": "B White", "longName": "Ben White", "mobileName": "White", "indexName": "White, B", "battingName": "B White", "fieldingName": "White", "slug": "ben-white", "imageUrl": "/db/PICTURES/CMS/332200/332221.5.jpg", "headshotImageUrl": "/db/PICTURES/CMS/339100/339163.png", "dateOfBirth": {"year": 1998, "month": 8, "date": 29}, "dateOfDeath": null, "gender": "M", "battingStyles": ["rhb"], "bowlingStyles": ["lb"], "longBattingStyles": ["right-hand bat"], "longBowlingStyles": ["legbreak"], "image": {"id": 332221, "objectId": 1294238, "slug": "ben-white-portrait", "url": "/db/PICTURES/CMS/332200/332221.5.jpg", "width": 160, "height": 164, "caption": "Ben White portrait", "longCaption": "Ben White portrait", "credit": null, "photographer": null, "peerUrls": null}, "countryTeamId": 29, "playerRoleTypeIds": [4], "playingRoles": ["bowler"], "headshotImage": {"id": 339163, "objectId": 1314464, "slug": "ben-white-player-page-headshot-cutout-2022", "url": "/db/PICTURES/CMS/339100/339163.png", "width": 600, "height": 436, "caption": "Ben White, player page headshot cutout 2022", "longCaption": "Ben White, player page headshot cutout 2022", "credit": null, "photographer": null, "peerUrls": {"FILM": null, "WIDE": null, "SQUARE": "/db/PICTURES/CMS/339100/339163.square.png"}}}, "overs": 3, "balls": 18, "maidens": 0, "conceded": 27, "wickets": 0, "currentType": 2}], "rollover": null}, "batsmanStatText": null, "bowlerStatText": null, "smartStats": []}]