[{"_uid": 35113160, "id": 35113160, "inningNumber": 2, "ballsActual": null, "ballsUnique": null, "oversUnique": 1.01, "oversActual": 1.1, "overNumber": 2, "ballNumber": 1, "totalRuns": 0, "batsmanRuns": 0, "isFour": false, "isSix": false, "isWicket": false, "dismissalType": null, "byes": 0, "legbyes": 0, "wides": 0, "noballs": 0, "penalties": 0, "wagonX": 202, "wagonY": 185, "wagonZone": 3, "pitchLine": "ON_THE_STUMPS", "pitchLength": "GOOD_LENGTH", "shotType": "DEFENDED", "shotControl": 1, "timestamp": "2021-10-28T15:58:10.000Z", "modified": "2021-10-28T15:58:13.000Z", "batsmanPlayerId": 48739, "bowlerPlayerId": 101991, "outPlayerId": null, "totalInningRuns": 9, "totalInningWickets": 0, "predictions": {"score": 154, "winProbability": 57.65}, "title": "Theekshana to Warner", "dismissalText": null, "commentPreTextItems": [{"type": "HTML", "html": "Sri Lanka have to strike with wickets in the powerplay. Here's Theekshana. Starts with slip in place"}], "commentTextItems": [{"type": "HTML", "html": "off break, around leg and middle, and he defends with a forward press"}], "commentPostTextItems": null, "commentVideos": [], "commentImages": [], "events": [], "over": null, "batsmanStatText": null, "bowlerStatText": null, "smartStats": []}, {"_uid": 35113161, "id": 35113161, "inningNumber": 2, "ballsActual": null, "ballsUnique": null, "oversUnique": 1.02, "oversActual": 1.2, "overNumber": 2, "ballNumber": 2, "totalRuns": 4, "batsmanRuns": 4, "isFour": true, "isSix": false, "isWicket": false, "dismissalType": null, "byes": 0, "legbyes": 0, "wides": 0, "noballs": 0, "penalties": 0, "wagonX": 291, "wagonY": 37, "wagonZone": 1, "pitchLine": "ON_THE_STUMPS", "pitchLength": "GOOD_LENGTH", "shotType": "REVERSE_SWEEP", "shotControl": 1, "timestamp": "2021-10-28T15:58:27.000Z", "modified": "2021-10-28T15:58:30.000Z", "batsmanPlayerId": 48739, "bowlerPlayerId": 101991, "outPlayerId": null, "totalInningRuns": 13, "totalInningWickets": 0, "predictions": {"score": 157, "winProbability": 61.23}, "title": "Theekshana to Warner", "dismissalText": null, "commentPreTextItems": null, "commentTextItems": [{"type": "HTML", "html": "goes for the reverse sweep, and does well to clear short third. It was loopy, but strong enough. One bounce and through to the third boundary for four"}], "commentPostTextItems": null, "commentVideos": [], "commentImages": [], "events": [], "over": null, "batsmanStatText": null, "bowlerStatText": null, "smartStats": []}, {"_uid": 35113162, "id": 35113162, "inningNumber": 2, "ballsActual": null, "ballsUnique": null, "oversUnique": 1.03, "oversActual": 1.3, "overNumber": 2, "ballNumber": 3, "totalRuns": 1, "batsmanRuns": 1, "isFour": false, "isSix": false, "isWicket": false, "dismissalType": null, "byes": 0, "legbyes": 0, "wides": 0, "noballs": 0, "penalties": 0, "wagonX": 127, "wagonY": 169, "wagonZone": 6, "pitchLine": "ON_THE_STUMPS", "pitchLength": "GOOD_LENGTH", "shotType": "FLICK", "shotControl": 1, "timestamp": "2021-10-28T15:59:05.000Z", "modified": "2021-10-28T15:59:09.000Z", "batsmanPlayerId": 48739, "bowlerPlayerId": 101991, "outPlayerId": null, "totalInningRuns": 14, "totalInningWickets": 0, "predictions": {"score": 157, "winProbability": 61.44}, "title": "Theekshana to Warner", "dismissalText": null, "commentPreTextItems": null, "commentTextItems": [{"type": "HTML", "html": "carrom ball, from the look of things. Pushed through a bit quicker. Warner stays legside of it and pushes it towards mid-wicket"}], "commentPostTextItems": [{"type": "HTML", "html": "Wajid Jawaid : \"I think the night will belong to Maxwell. Call it a hunch, a guess or anything you want.\""}], "commentVideos": [], "commentImages": [], "events": [], "over": null, "batsmanStatText": null, "bowlerStatText": null, "smartStats": []}, {"_uid": 35113163, "id": 35113163, "inningNumber": 2, "ballsActual": null, "ballsUnique": null, "oversUnique": 1.04, "oversActual": 1.4, "overNumber": 2, "ballNumber": 4, "totalRuns": 0, "batsmanRuns": 0, "isFour": false, "isSix": false, "isWicket": false, "dismissalType": null, "byes": 0, "legbyes": 0, "wides": 0, "noballs": 0, "penalties": 0, "wagonX": 233, "wagonY": 139, "wagonZone": 2, "pitchLine": "ON_THE_STUMPS", "pitchLength": "GOOD_LENGTH", "shotType": "FLICK", "shotControl": 1, "timestamp": "2021-10-28T15:59:42.000Z", "modified": "2021-10-28T15:59:45.000Z", "batsmanPlayerId": 35812, "bowlerPlayerId": 101991, "outPlayerId": null, "totalInningRuns": 14, "totalInningWickets": 0, "predictions": {"score": 156, "winProbability": 60.5}, "title": "Theekshana to Finch", "dismissalText": null, "commentPreTextItems": null, "commentTextItems": [{"type": "HTML", "html": "fuller, around the pads, and he works it away to short fine. Wants one, but there's none on offer"}], "commentPostTextItems": null, "commentVideos": [], "commentImages": [], "events": [], "over": null, "batsmanStatText": null, "bowlerStatText": null, "smartStats": []}, {"_uid": 35113164, "id": 35113164, "inningNumber": 2, "ballsActual": null, "ballsUnique": null, "oversUnique": 1.05, "oversActual": 1.5, "overNumber": 2, "ballNumber": 5, "totalRuns": 1, "batsmanRuns": 1, "isFour": false, "isSix": false, "isWicket": false, "dismissalType": null, "byes": 0, "legbyes": 0, "wides": 0, "noballs": 0, "penalties": 0, "wagonX": 293, "wagonY": 231, "wagonZone": 3, "pitchLine": "ON_THE_STUMPS", "pitchLength": "GOOD_LENGTH", "shotType": "FLICK", "shotControl": 1, "timestamp": "2021-10-28T16:00:18.000Z", "modified": "2021-10-28T16:00:21.000Z", "batsmanPlayerId": 35812, "bowlerPlayerId": 101991, "outPlayerId": null, "totalInningRuns": 15, "totalInningWickets": 0, "predictions": {"score": 155, "winProbability": 60.01}, "title": "Theekshana to Finch", "dismissalText": null, "commentPreTextItems": null, "commentTextItems": [{"type": "HTML", "html": "skips down the wicket. Theekshana responds by bowling it quicker and flatter. He works it away towards deep mid-wicket. Wants two, but will have to be satisfied with the single"}], "commentPostTextItems": null, "commentVideos": [], "commentImages": [], "events": [], "over": null, "batsmanStatText": null, "bowlerStatText": null, "smartStats": []}, {"_uid": 35113165, "id": 35113165, "inningNumber": 2, "ballsActual": null, "ballsUnique": null, "oversUnique": 1.06, "oversActual": 1.6, "overNumber": 2, "ballNumber": 6, "totalRuns": 0, "batsmanRuns": 0, "isFour": false, "isSix": false, "isWicket": false, "dismissalType": null, "byes": 0, "legbyes": 0, "wides": 0, "noballs": 0, "penalties": 0, "wagonX": 131, "wagonY": 208, "wagonZone": 6, "pitchLine": "ON_THE_STUMPS", "pitchLength": "GOOD_LENGTH", "shotType": "PUSH", "shotControl": 1, "timestamp": "2021-10-28T16:00:47.000Z", "modified": "2021-10-28T16:00:50.000Z", "batsmanPlayerId": 48739, "bowlerPlayerId": 101991, "outPlayerId": null, "totalInningRuns": 15, "totalInningWickets": 0, "predictions": {"score": 154, "winProbability": 58.93}, "title": "Theekshana to Warner", "dismissalText": null, "commentPreTextItems": null, "commentTextItems": [{"type": "HTML", "html": "off-break, pushed towards mid-on. <strong>He has come a long way down the wicket</strong>, but has put the brakes on time. Scampers back home after being sent back by Finch!"}], "commentPostTextItems": [{"type": "HTML", "html": "Varun Bansal: \"Relevance of toss is greater than performance in this world Cup. All the matches apart from Afganistan's match are won by chasing team. \""}], "commentVideos": [], "commentImages": [], "events": [], "over": {"team": {"id": 2, "objectId": 2, "scribeId": 2, "slug": "australia", "name": "Australia", "longName": "Australia", "abbreviation": "AUS", "unofficialName": "", "imageUrl": "/db/PICTURES/CMS/340400/340493.png", "isCountry": true, "primaryColor": "#f3f702", "image": {"id": 340493, "objectId": 1318684, "slug": "australia-team-flag-latest", "url": "/db/PICTURES/CMS/340400/340493.png", "width": 500, "height": 500, "caption": "Australia team flag-latest", "longCaption": "Australia team flag-latest", "credit": "Getty Images", "photographer": null, "peerUrls": null}, "country": {"id": 2, "objectId": 2, "name": "Australia", "shortName": "Australia", "abbreviation": "AUS", "slug": "australia"}}, "inningNumber": 2, "overNumber": 2, "overRuns": 6, "overWickets": 0, "totalRuns": 15, "totalWickets": 0, "target": 155, "overLimit": 20, "ballLimit": 120, "isMaiden": false, "isComplete": true, "isSuperOver": false, "overEndBatsmen": [{"player": {"id": 48739, "objectId": 219889, "name": "DA Warner", "longName": "David Warner", "mobileName": "Warner", "indexName": "Warner, DA", "battingName": "DA Warner", "fieldingName": "Warner", "slug": "david-warner", "imageUrl": "/db/PICTURES/CMS/263500/263541.1.jpg", "headshotImageUrl": "/db/PICTURES/CMS/316500/316589.png", "dateOfBirth": {"year": 1986, "month": 10, "date": 27}, "dateOfDeath": null, "gender": "M", "battingStyles": ["lhb"], "bowlingStyles": ["lb"], "longBattingStyles": ["left-hand bat"], "longBowlingStyles": ["legbreak"], "image": {"id": 263541, "objectId": 1099532, "slug": "david-warner", "url": "/db/PICTURES/CMS/263500/263541.1.jpg", "width": 160, "height": 200, "caption": "David Warner", "longCaption": "David Warner", "credit": "Getty Images", "photographer": null, "peerUrls": null}, "countryTeamId": 2, "playerRoleTypeIds": [1], "playingRoles": ["opening batter"], "headshotImage": {"id": 316589, "objectId": 1251218, "slug": "da-warner-headshot", "url": "/db/PICTURES/CMS/316500/316589.png", "width": 600, "height": 436, "caption": "DA Warner headshot", "longCaption": "DA Warner headshot", "credit": null, "photographer": null, "peerUrls": {"FILM": null, "WIDE": null, "SQUARE": null}}}, "runs": 6, "balls": 5, "fours": 1, "sixes": 0}, {"player": {"id": 35812, "objectId": 5334, "name": "AJ Finch", "longName": "Aaron Finch", "mobileName": "Finch", "indexName": "Finch, AJ", "battingName": "AJ Finch", "fieldingName": "Finch", "slug": "aaron-finch", "imageUrl": "/db/PICTURES/CMS/304000/304053.jpg", "headshotImageUrl": "/db/PICTURES/CMS/316500/316533.png", "dateOfBirth": {"year": 1986, "month": 11, "date": 17}, "dateOfDeath": null, "gender": "M", "battingStyles": ["rhb"], "bowlingStyles": ["sla"], "longBattingStyles": ["right-hand bat"], "longBowlingStyles": ["slow left-arm orthodox"], "image": {"id": 304053, "objectId": 1223018, "slug": "aaron-finch-portrait", "url": "/db/PICTURES/CMS/304000/304053.jpg", "width": 160, "height": 200, "caption": "Aaron Finch portrait", "longCaption": "Aaron Finch portrait, May 2020", "credit": "Getty Images", "photographer": null, "peerUrls": null}, "countryTeamId": 2, "playerRoleTypeIds": [2], "playingRoles": ["top-order batter"], "headshotImage": {"id": 316533, "objectId": 1251162, "slug": "aj-finch-headshot", "url": "/db/PICTURES/CMS/316500/316533.png", "width": 600, "height": 436, "caption": "AJ Finch headshot", "longCaption": "AJ Finch headshot", "credit": null, "photographer": null, "peerUrls": {"FILM": null, "WIDE": null, "SQUARE": null}}}, "runs": 9, "balls": 7, "fours": 2, "sixes": 0}], "overEndBowlers": [{"player": {"id": 101991, "objectId": 1138316, "name": "M Theekshana", "longName": "Maheesh Theekshana", "mobileName": "Theekshana", "indexName": "Theekshana, M", "battingName": "M Theekshana", "fieldingName": "Theekshana", "slug": "maheesh-theekshana", "imageUrl": "/db/PICTURES/CMS/336200/336296.4.jpg", "headshotImageUrl": "/db/PICTURES/CMS/347800/347825.png", "dateOfBirth": {"year": 2000, "month": 8, "date": 1}, "dateOfDeath": null, "gender": "M", "battingStyles": ["rhb"], "bowlingStyles": ["ob"], "longBattingStyles": ["right-hand bat"], "longBowlingStyles": ["right-arm offbreak"], "image": {"id": 336296, "objectId": 1306203, "slug": "mahesh-theekshana-player-portrait", "url": "/db/PICTURES/CMS/336200/336296.4.jpg", "width": 160, "height": 221, "caption": "Mahesh Theekshana, player portrait", "longCaption": "Mahesh Theekshana, player portrait", "credit": "Cricket Australia/Getty Images", "photographer": "Brendon Thorne", "peerUrls": null}, "countryTeamId": 8, "playerRoleTypeIds": [4], "playingRoles": ["bowler"], "headshotImage": {"id": 347825, "objectId": 1340657, "slug": "maheesh-theekshana-player-page-headshot-cutout-2022", "url": "/db/PICTURES/CMS/347800/347825.png", "width": 600, "height": 436, "caption": "Maheesh Theekshana, player page headshot cutout 2022", "longCaption": "Maheesh Theekshana, player page headshot cutout 2022", "credit": null, "photographer": null, "peerUrls": {"FILM": null, "WIDE": null, "SQUARE": "/db/PICTURES/CMS/347800/347825.square.png"}}}, "overs": 1, "balls": 6, "maidens": 0, "conceded": 6, "wickets": 0, "currentType": 1}, {"player": {"id": 70580, "objectId": 623695, "name": "C Karunaratne", "longName": "Chamika Karunaratne", "mobileName": "", "indexName": "Karunaratne, C", "battingName": "C Karunaratne", "fieldingName": "Karunaratne", "slug": "chamika-karunaratne", "imageUrl": "/db/PICTURES/CMS/303800/303830.png", "headshotImageUrl": "/db/PICTURES/CMS/329900/329937.png", "dateOfBirth": {"year": 1996, "month": 5, "date": 29}, "dateOfDeath": null, "gender": "M", "battingStyles": ["rhb"], "bowlingStyles": ["rmf"], "longBattingStyles": ["right-hand bat"], "longBowlingStyles": ["right-arm medium-fast"], "image": {"id": 303830, "objectId": 1222664, "slug": "chamika-karunaratne-portrait", "url": "/db/PICTURES/CMS/303800/303830.png", "width": 160, "height": 202, "caption": "Chamika Karunaratne portrait", "longCaption": "Chamika Karunaratne, May 2020", "credit": "Getty Images", "photographer": null, "peerUrls": null}, "countryTeamId": 8, "playerRoleTypeIds": [11], "playingRoles": ["bowling allrounder"], "headshotImage": {"id": 329937, "objectId": 1287354, "slug": "chamika-karunaratne-player-page-headshot-cutout-2021", "url": "/db/PICTURES/CMS/329900/329937.png", "width": 600, "height": 436, "caption": "Chamika Karunaratne player page headshot cutout 2021", "longCaption": "Chamika Karunaratne player page headshot cutout 2021", "credit": null, "photographer": null, "peerUrls": {"FILM": null, "WIDE": null, "SQUARE": "/db/PICTURES/CMS/329900/329937.square.png"}}}, "overs": 1, "balls": 6, "maidens": 0, "conceded": 9, "wickets": 0, "currentType": 2}], "rollover": null}, "batsmanStatText": null, "bowlerStatText": null, "smartStats": []}, {"_uid": 35113166, "id": 35113166, "inningNumber": 2, "ballsActual": null, "ballsUnique": null, "oversUnique": 2.01, "oversActual": 2.1, "overNumber": 3, "ballNumber": 1, "totalRuns": 4, "batsmanRuns": 4, "isFour": true, "isSix": false, "isWicket": false, "dismissalType": null, "byes": 0, "legbyes": 0, "wides": 0, "noballs": 0, "penalties": 0, "wagonX": 195, "wagonY": 359, "wagonZone": 4, "pitchLine": "ON_THE_STUMPS", "pitchLength": "FULL", "shotType": "STRAIGHT_DRIVE", "shotControl": 1, "timestamp": "2021-10-28T16:02:11.000Z", "modified": "2021-10-28T16:02:15.000Z", "batsmanPlayerId": 35812, "bowlerPlayerId": 67342, "outPlayerId": null, "totalInningRuns": 19, "totalInningWickets": 0, "predictions": {"score": 156, "winProbability": 61.86}, "title": "Chameera to Finch", "dismissalText": null, "commentPreTextItems": [{"type": "HTML", "html": "Chameera"}], "commentTextItems": [{"type": "HTML", "html": "<strong>welcomed with a delightful straight drive past mid-on!</strong> Another sign that this is going to be a great batting surface. A bit full, and he can just play it on the up with a straight bat"}], "commentPostTextItems": [{"type": "HTML", "html": "So well struck, in fact, that he's looking to switch his bat now"}], "commentVideos": [], "commentImages": [], "events": [], "over": null, "batsmanStatText": null, "bowlerStatText": null, "smartStats": []}, {"_uid": 35113167, "id": 35113167, "inningNumber": 2, "ballsActual": null, "ballsUnique": null, "oversUnique": 2.02, "oversActual": 2.2, "overNumber": 3, "ballNumber": 2, "totalRuns": 0, "batsmanRuns": 0, "isFour": false, "isSix": false, "isWicket": false, "dismissalType": null, "byes": 0, "legbyes": 0, "wides": 0, "noballs": 0, "penalties": 0, "wagonX": 181, "wagonY": 189, "wagonZone": 4, "pitchLine": "OUTSIDE_OFFSTUMP", "pitchLength": "SHORT_OF_A_GOOD_LENGTH", "shotType": "DEFENDED", "shotControl": 1, "timestamp": "2021-10-28T16:03:21.000Z", "modified": "2021-10-28T16:03:25.000Z", "batsmanPlayerId": 35812, "bowlerPlayerId": 67342, "outPlayerId": null, "totalInningRuns": 19, "totalInningWickets": 0, "predictions": {"score": 156, "winProbability": 61.54}, "title": "Chameera to Finch", "dismissalText": null, "commentPreTextItems": [{"type": "HTML", "html": "SunilJoy: \"As an SRH fan, I just want Warner to bat till the end and prove that SRH management made a wrong decision.\" --- Seems a popular sentiment on feedback"}], "commentTextItems": [{"type": "HTML", "html": "back of a length, good pace, and he defends from the crease. Chameera has cranked this up to <strong>141 kph</strong>"}], "commentPostTextItems": null, "commentVideos": [], "commentImages": [], "events": [], "over": null, "batsmanStatText": null, "bowlerStatText": null, "smartStats": []}, {"_uid": 35113168, "id": 35113168, "inningNumber": 2, "ballsActual": null, "ballsUnique": null, "oversUnique": 2.03, "oversActual": 2.3, "overNumber": 3, "ballNumber": 3, "totalRuns": 1, "batsmanRuns": 1, "isFour": false, "isSix": false, "isWicket": false, "dismissalType": null, "byes": 0, "legbyes": 0, "wides": 0, "noballs": 0, "penalties": 0, "wagonX": 231, "wagonY": 197, "wagonZone": 3, "pitchLine": "ON_THE_STUMPS", "pitchLength": "GOOD_LENGTH", "shotType": "FLICK", "shotControl": 1, "timestamp": "2021-10-28T16:04:01.000Z", "modified": "2021-10-28T16:04:05.000Z", "batsmanPlayerId": 35812, "bowlerPlayerId": 67342, "outPlayerId": null, "totalInningRuns": 20, "totalInningWickets": 0, "predictions": {"score": 155, "winProbability": 60.97}, "title": "Chameera to Finch", "dismissalText": null, "commentPreTextItems": null, "commentTextItems": [{"type": "HTML", "html": "looks for the slower one, with a bit of a side of the hand release. Down leg side, and Finch is able to work it towards square leg and pick up a quick single"}], "commentPostTextItems": null, "commentVideos": [], "commentImages": [], "events": [], "over": null, "batsmanStatText": null, "bowlerStatText": null, "smartStats": []}, {"_uid": 35113169, "id": 35113169, "inningNumber": 2, "ballsActual": null, "ballsUnique": null, "oversUnique": 2.04, "oversActual": 2.4, "overNumber": 3, "ballNumber": 4, "totalRuns": 2, "batsmanRuns": 2, "isFour": false, "isSix": false, "isWicket": false, "dismissalType": null, "byes": 0, "legbyes": 0, "wides": 0, "noballs": 0, "penalties": 0, "wagonX": 313, "wagonY": 233, "wagonZone": 3, "pitchLine": "ON_THE_STUMPS", "pitchLength": "GOOD_LENGTH", "shotType": "SLOG_SHOT", "shotControl": 2, "timestamp": "2021-10-28T16:04:54.000Z", "modified": "2021-10-28T16:04:57.000Z", "batsmanPlayerId": 48739, "bowlerPlayerId": 67342, "outPlayerId": null, "totalInningRuns": 22, "totalInningWickets": 0, "predictions": {"score": 156, "winProbability": 62.28}, "title": "Chameera to Warner", "dismissalText": null, "commentPreTextItems": null, "commentTextItems": [{"type": "HTML", "html": "<strong>this could be Warner's lucky day, you know?</strong> Fullish, and he looks to bunt it down the ground. Off the outer edge, but able to clear the infield over covers. They are able to come back for the second before it is reeled back in"}], "commentPostTextItems": null, "commentVideos": [], "commentImages": [], "events": [], "over": null, "batsmanStatText": null, "bowlerStatText": null, "smartStats": []}, {"_uid": 35113170, "id": 35113170, "inningNumber": 2, "ballsActual": null, "ballsUnique": null, "oversUnique": 2.05, "oversActual": 2.5, "overNumber": 3, "ballNumber": 5, "totalRuns": 1, "batsmanRuns": 1, "isFour": false, "isSix": false, "isWicket": false, "dismissalType": null, "byes": 0, "legbyes": 0, "wides": 0, "noballs": 0, "penalties": 0, "wagonX": 245, "wagonY": 52, "wagonZone": 1, "pitchLine": "ON_THE_STUMPS", "pitchLength": "SHORT_OF_A_GOOD_LENGTH", "shotType": "STEERED", "shotControl": 1, "timestamp": "2021-10-28T16:05:28.000Z", "modified": "2021-10-28T16:05:32.000Z", "batsmanPlayerId": 48739, "bowlerPlayerId": 67342, "outPlayerId": null, "totalInningRuns": 23, "totalInningWickets": 0, "predictions": {"score": 156, "winProbability": 62.41}, "title": "Chameera to Warner", "dismissalText": null, "commentPreTextItems": null, "commentTextItems": [{"type": "HTML", "html": "jams into him from a bit back of a length, and he runs it down to third man. At 128 kph, a slower ball too"}], "commentPostTextItems": null, "commentVideos": [], "commentImages": [], "events": [], "over": null, "batsmanStatText": null, "bowlerStatText": null, "smartStats": []}, {"_uid": 35113171, "id": 35113171, "inningNumber": 2, "ballsActual": null, "ballsUnique": null, "oversUnique": 2.06, "oversActual": 2.6, "overNumber": 3, "ballNumber": 6, "totalRuns": 0, "batsmanRuns": 0, "isFour": false, "isSix": false, "isWicket": false, "dismissalType": null, "byes": 0, "legbyes": 0, "wides": 0, "noballs": 0, "penalties": 0, "wagonX": 226, "wagonY": 238, "wagonZone": 4, "pitchLine": "OUTSIDE_OFFSTUMP", "pitchLength": "SHORT_OF_A_GOOD_LENGTH", "shotType": "PULL", "shotControl": 2, "timestamp": "2021-10-28T16:06:06.000Z", "modified": "2021-10-28T16:06:10.000Z", "batsmanPlayerId": 35812, "bowlerPlayerId": 67342, "outPlayerId": null, "totalInningRuns": 23, "totalInningWickets": 0, "predictions": {"score": 155, "winProbability": 62.29}, "title": "Chameera to Finch", "dismissalText": null, "commentPreTextItems": null, "commentTextItems": [{"type": "HTML", "html": "back of a length, and he wants to muscle it away towards mid-wicket. Just gets it off the toe of the bat towards mid-on"}], "commentPostTextItems": [{"type": "HTML", "html": "Still a good over for Australia. They have made just the right kind of start when chasing a total of 155 on this pitch"}], "commentVideos": [], "commentImages": [], "events": [], "over": {"team": {"id": 2, "objectId": 2, "scribeId": 2, "slug": "australia", "name": "Australia", "longName": "Australia", "abbreviation": "AUS", "unofficialName": "", "imageUrl": "/db/PICTURES/CMS/340400/340493.png", "isCountry": true, "primaryColor": "#f3f702", "image": {"id": 340493, "objectId": 1318684, "slug": "australia-team-flag-latest", "url": "/db/PICTURES/CMS/340400/340493.png", "width": 500, "height": 500, "caption": "Australia team flag-latest", "longCaption": "Australia team flag-latest", "credit": "Getty Images", "photographer": null, "peerUrls": null}, "country": {"id": 2, "objectId": 2, "name": "Australia", "shortName": "Australia", "abbreviation": "AUS", "slug": "australia"}}, "inningNumber": 2, "overNumber": 3, "overRuns": 8, "overWickets": 0, "totalRuns": 23, "totalWickets": 0, "target": 155, "overLimit": 20, "ballLimit": 120, "isMaiden": false, "isComplete": true, "isSuperOver": false, "overEndBatsmen": [{"player": {"id": 35812, "objectId": 5334, "name": "AJ Finch", "longName": "Aaron Finch", "mobileName": "Finch", "indexName": "Finch, AJ", "battingName": "AJ Finch", "fieldingName": "Finch", "slug": "aaron-finch", "imageUrl": "/db/PICTURES/CMS/304000/304053.jpg", "headshotImageUrl": "/db/PICTURES/CMS/316500/316533.png", "dateOfBirth": {"year": 1986, "month": 11, "date": 17}, "dateOfDeath": null, "gender": "M", "battingStyles": ["rhb"], "bowlingStyles": ["sla"], "longBattingStyles": ["right-hand bat"], "longBowlingStyles": ["slow left-arm orthodox"], "image": {"id": 304053, "objectId": 1223018, "slug": "aaron-finch-portrait", "url": "/db/PICTURES/CMS/304000/304053.jpg", "width": 160, "height": 200, "caption": "Aaron Finch portrait", "longCaption": "Aaron Finch portrait, May 2020", "credit": "Getty Images", "photographer": null, "peerUrls": null}, "countryTeamId": 2, "playerRoleTypeIds": [2], "playingRoles": ["top-order batter"], "headshotImage": {"id": 316533, "objectId": 1251162, "slug": "aj-finch-headshot", "url": "/db/PICTURES/CMS/316500/316533.png", "width": 600, "height": 436, "caption": "AJ Finch headshot", "longCaption": "AJ Finch headshot", "credit": null, "photographer": null, "peerUrls": {"FILM": null, "WIDE": null, "SQUARE": null}}}, "runs": 14, "balls": 11, "fours": 3, "sixes": 0}, {"player": {"id": 48739, "objectId": 219889, "name": "DA Warner", "longName": "David Warner", "mobileName": "Warner", "indexName": "Warner, DA", "battingName": "DA Warner", "fieldingName": "Warner", "slug": "david-warner", "imageUrl": "/db/PICTURES/CMS/263500/263541.1.jpg", "headshotImageUrl": "/db/PICTURES/CMS/316500/316589.png", "dateOfBirth": {"year": 1986, "month": 10, "date": 27}, "dateOfDeath": null, "gender": "M", "battingStyles": ["lhb"], "bowlingStyles": ["lb"], "longBattingStyles": ["left-hand bat"], "longBowlingStyles": ["legbreak"], "image": {"id": 263541, "objectId": 1099532, "slug": "david-warner", "url": "/db/PICTURES/CMS/263500/263541.1.jpg", "width": 160, "height": 200, "caption": "David Warner", "longCaption": "David Warner", "credit": "Getty Images", "photographer": null, "peerUrls": null}, "countryTeamId": 2, "playerRoleTypeIds": [1], "playingRoles": ["opening batter"], "headshotImage": {"id": 316589, "objectId": 1251218, "slug": "da-warner-headshot", "url": "/db/PICTURES/CMS/316500/316589.png", "width": 600, "height": 436, "caption": "DA Warner headshot", "longCaption": "DA Warner headshot", "credit": null, "photographer": null, "peerUrls": {"FILM": null, "WIDE": null, "SQUARE": null}}}, "runs": 9, "balls": 7, "fours": 1, "sixes": 0}], "overEndBowlers": [{"player": {"id": 67342, "objectId": 552152, "name": "PVD Chameera", "longName": "Dushmantha Chameera", "mobileName": "Chameera", "indexName": "Chameera, PVD", "battingName": "PVD Chameera", "fieldingName": "Chameera", "slug": "dushmantha-chameera", "imageUrl": "/db/PICTURES/CMS/305100/305114.jpg", "headshotImageUrl": "/db/PICTURES/CMS/319800/319862.png", "dateOfBirth": {"year": 1992, "month": 1, "date": 11}, "dateOfDeath": null, "gender": "M", "battingStyles": ["rhb"], "bowlingStyles": ["rf"], "longBattingStyles": ["right-hand bat"], "longBowlingStyles": ["right-arm fast"], "image": {"id": 305114, "objectId": 1224649, "slug": "dushmantha-chameera-portrait", "url": "/db/PICTURES/CMS/305100/305114.jpg", "width": 160, "height": 200, "caption": "Dushmantha Chameera portrait", "longCaption": "Dushmantha Chameera, June 2020", "credit": "Getty Images", "photographer": null, "peerUrls": null}, "countryTeamId": 8, "playerRoleTypeIds": [4], "playingRoles": ["bowler"], "headshotImage": {"id": 319862, "objectId": 1259934, "slug": "dushmantha-chameera-player-page-headshot-cutout-2021", "url": "/db/PICTURES/CMS/319800/319862.png", "width": 600, "height": 436, "caption": "Dushmantha Chameera player page headshot cutout, 2021", "longCaption": "Dushmantha Chameera player page headshot cutout, 2021", "credit": null, "photographer": null, "peerUrls": {"FILM": null, "WIDE": null, "SQUARE": "/db/PICTURES/CMS/319800/319862.square.png"}}}, "overs": 1, "balls": 6, "maidens": 0, "conceded": 8, "wickets": 0, "currentType": 1}, {"player": {"id": 101991, "objectId": 1138316, "name": "M Theekshana", "longName": "Maheesh Theekshana", "mobileName": "Theekshana", "indexName": "Theekshana, M", "battingName": "M Theekshana", "fieldingName": "Theekshana", "slug": "maheesh-theekshana", "imageUrl": "/db/PICTURES/CMS/336200/336296.4.jpg", "headshotImageUrl": "/db/PICTURES/CMS/347800/347825.png", "dateOfBirth": {"year": 2000, "month": 8, "date": 1}, "dateOfDeath": null, "gender": "M", "battingStyles": ["rhb"], "bowlingStyles": ["ob"], "longBattingStyles": ["right-hand bat"], "longBowlingStyles": ["right-arm offbreak"], "image": {"id": 336296, "objectId": 1306203, "slug": "mahesh-theekshana-player-portrait", "url": "/db/PICTURES/CMS/336200/336296.4.jpg", "width": 160, "height": 221, "caption": "Mahesh Theekshana, player portrait", "longCaption": "Mahesh Theekshana, player portrait", "credit": "Cricket Australia/Getty Images", "photographer": "Brendon Thorne", "peerUrls": null}, "countryTeamId": 8, "playerRoleTypeIds": [4], "playingRoles": ["bowler"], "headshotImage": {"id": 347825, "objectId": 1340657, "slug": "maheesh-theekshana-player-page-headshot-cutout-2022", "url": "/db/PICTURES/CMS/347800/347825.png", "width": 600, "height": 436, "caption": "Maheesh Theekshana, player page headshot cutout 2022", "longCaption": "Maheesh Theekshana, player page headshot cutout 2022", "credit": null, "photographer": null, "peerUrls": {"FILM": null, "WIDE": null, "SQUARE": "/db/PICTURES/CMS/347800/347825.square.png"}}}, "overs": 1, "balls": 6, "maidens": 0, "conceded": 6, "wickets": 0, "currentType": 2}], "rollover": null}, "batsmanStatText": null, "bowlerStatText": null, "smartStats": []}]