[{"_uid": 35078851, "id": 35078851, "inningNumber": 2, "ballsActual": null, "ballsUnique": null, "oversUnique": 15.01, "oversActual": 15.1, "overNumber": 16, "ballNumber": 1, "totalRuns": 4, "batsmanRuns": 4, "isFour": true, "isSix": false, "isWicket": false, "dismissalType": null, "byes": 0, "legbyes": 0, "wides": 0, "noballs": 0, "penalties": 0, "wagonX": 321, "wagonY": 56, "wagonZone": 2, "pitchLine": "ON_THE_STUMPS", "pitchLength": "GOOD_LENGTH", "shotType": "SLOG_SWEEP", "shotControl": 1, "timestamp": "2021-10-26T13:13:20.000Z", "modified": "2021-10-26T13:13:31.000Z", "batsmanPlayerId": 55398, "bowlerPlayerId": 45257, "outPlayerId": null, "totalInningRuns": 115, "totalInningWickets": 2, "predictions": {"score": 163, "winProbability": 97.59}, "title": "Dwayne Bravo to van der Dussen", "dismissalText": null, "commentPreTextItems": null, "commentTextItems": [{"type": "HTML", "html": "van der Dussen breaks his own shackles and shuffles across to sweep a slower ball from Bravo over backward square and no fielder to plug that gap on the rope."}], "commentPostTextItems": null, "commentVideos": [], "commentImages": [], "events": [], "over": null, "batsmanStatText": null, "bowlerStatText": null, "smartStats": []}, {"_uid": 35078852, "id": 35078852, "inningNumber": 2, "ballsActual": null, "ballsUnique": null, "oversUnique": 15.02, "oversActual": 15.2, "overNumber": 16, "ballNumber": 2, "totalRuns": 4, "batsmanRuns": 4, "isFour": true, "isSix": false, "isWicket": false, "dismissalType": null, "byes": 0, "legbyes": 0, "wides": 0, "noballs": 0, "penalties": 0, "wagonX": 113, "wagonY": 347, "wagonZone": 5, "pitchLine": "OUTSIDE_OFFSTUMP", "pitchLength": "FULL", "shotType": "ON_DRIVE", "shotControl": 1, "timestamp": "2021-10-26T13:14:01.000Z", "modified": "2021-10-26T13:14:05.000Z", "batsmanPlayerId": 55398, "bowlerPlayerId": 45257, "outPlayerId": null, "totalInningRuns": 119, "totalInningWickets": 2, "predictions": {"score": 165, "winProbability": 98.47}, "title": "Dwayne Bravo to van der Dussen", "dismissalText": null, "commentPreTextItems": null, "commentTextItems": [{"type": "HTML", "html": "Bravo tries for wide yorker, van der Dussen counters with a shuffle across and drives firmly over mid-off to the rope."}], "commentPostTextItems": [{"type": "HTML", "html": "Required run rate now under a run a ball. South Africa walking this home."}], "commentVideos": [], "commentImages": [], "events": [], "over": null, "batsmanStatText": null, "bowlerStatText": null, "smartStats": []}, {"_uid": 35078853, "id": 35078853, "inningNumber": 2, "ballsActual": null, "ballsUnique": null, "oversUnique": 15.03, "oversActual": 15.3, "overNumber": 16, "ballNumber": 3, "totalRuns": 1, "batsmanRuns": 1, "isFour": false, "isSix": false, "isWicket": false, "dismissalType": null, "byes": 0, "legbyes": 0, "wides": 0, "noballs": 0, "penalties": 0, "wagonX": 107, "wagonY": 321, "wagonZone": 5, "pitchLine": "OUTSIDE_OFFSTUMP", "pitchLength": "FULL", "shotType": "ON_DRIVE", "shotControl": 1, "timestamp": "2021-10-26T13:16:03.000Z", "modified": "2021-10-26T13:16:07.000Z", "batsmanPlayerId": 55398, "bowlerPlayerId": 45257, "outPlayerId": null, "totalInningRuns": 120, "totalInningWickets": 2, "predictions": {"score": 165, "winProbability": 98.61}, "title": "Dwayne Bravo to van der Dussen", "dismissalText": null, "commentPreTextItems": [{"type": "HTML", "html": "Delay between balls as Pooran calls for a helmet from the boundary to stand up the stumps for Bravo."}], "commentTextItems": [{"type": "HTML", "html": "full on fourth stump, driven in the air over cover for one."}], "commentPostTextItems": null, "commentVideos": [], "commentImages": [], "events": [], "over": null, "batsmanStatText": null, "bowlerStatText": null, "smartStats": []}, {"_uid": 35078854, "id": 35078854, "inningNumber": 2, "ballsActual": null, "ballsUnique": null, "oversUnique": 15.04, "oversActual": 15.4, "overNumber": 16, "ballNumber": 4, "totalRuns": 0, "batsmanRuns": 0, "isFour": false, "isSix": false, "isWicket": false, "dismissalType": null, "byes": 0, "legbyes": 0, "wides": 0, "noballs": 0, "penalties": 0, "wagonX": 194, "wagonY": 199, "wagonZone": 4, "pitchLine": "DOWN_LEG", "pitchLength": "FULL_TOSS", "shotType": "ON_DRIVE", "shotControl": 2, "timestamp": "2021-10-26T13:16:40.000Z", "modified": "2021-10-26T13:16:42.000Z", "batsmanPlayerId": 70277, "bowlerPlayerId": 45257, "outPlayerId": null, "totalInningRuns": 120, "totalInningWickets": 2, "predictions": {"score": 164, "winProbability": 98.52}, "title": "Dwayne Bravo to Markram", "dismissalText": null, "commentPreTextItems": null, "commentTextItems": [{"type": "HTML", "html": "full on leg stump, flicks this to midwicket."}], "commentPostTextItems": null, "commentVideos": [], "commentImages": [], "events": [], "over": null, "batsmanStatText": null, "bowlerStatText": null, "smartStats": []}, {"_uid": 35078855, "id": 35078855, "inningNumber": 2, "ballsActual": null, "ballsUnique": null, "oversUnique": 15.05, "oversActual": 15.5, "overNumber": 16, "ballNumber": 5, "totalRuns": 0, "batsmanRuns": 0, "isFour": false, "isSix": false, "isWicket": false, "dismissalType": null, "byes": 0, "legbyes": 0, "wides": 0, "noballs": 0, "penalties": 0, "wagonX": 138, "wagonY": 206, "wagonZone": 6, "pitchLine": "ON_THE_STUMPS", "pitchLength": "GOOD_LENGTH", "shotType": "COVER_DRIVE", "shotControl": 1, "timestamp": "2021-10-26T13:17:16.000Z", "modified": "2021-10-26T13:17:18.000Z", "batsmanPlayerId": 70277, "bowlerPlayerId": 45257, "outPlayerId": null, "totalInningRuns": 120, "totalInningWickets": 2, "predictions": {"score": 161, "winProbability": 98.18}, "title": "Dwayne Bravo to Markram", "dismissalText": null, "commentPreTextItems": null, "commentTextItems": [{"type": "HTML", "html": "full and wide, driven to cover on the ring."}], "commentPostTextItems": null, "commentVideos": [], "commentImages": [], "events": [], "over": null, "batsmanStatText": null, "bowlerStatText": null, "smartStats": []}, {"_uid": 35078856, "id": 35078856, "inningNumber": 2, "ballsActual": null, "ballsUnique": null, "oversUnique": 15.06, "oversActual": 15.6, "overNumber": 16, "ballNumber": 6, "totalRuns": 1, "batsmanRuns": 1, "isFour": false, "isSix": false, "isWicket": false, "dismissalType": null, "byes": 0, "legbyes": 0, "wides": 0, "noballs": 0, "penalties": 0, "wagonX": 100, "wagonY": 317, "wagonZone": 5, "pitchLine": "ON_THE_STUMPS", "pitchLength": "FULL", "shotType": "ON_DRIVE", "shotControl": 1, "timestamp": "2021-10-26T13:17:55.000Z", "modified": "2021-10-26T13:17:59.000Z", "batsmanPlayerId": 70277, "bowlerPlayerId": 45257, "outPlayerId": null, "totalInningRuns": 121, "totalInningWickets": 2, "predictions": {"score": 160, "winProbability": 98.18}, "title": "Dwayne Bravo to Markram", "dismissalText": null, "commentPreTextItems": null, "commentTextItems": [{"type": "HTML", "html": "full on off, driven to long-off."}], "commentPostTextItems": null, "commentVideos": [], "commentImages": [], "events": [], "over": {"team": {"id": 3, "objectId": 3, "scribeId": 3, "slug": "south-africa", "name": "South Africa", "longName": "South Africa", "abbreviation": "SA", "unofficialName": "", "imageUrl": "/db/PICTURES/CMS/313100/313125.logo.png", "isCountry": true, "primaryColor": "#ace411", "image": {"id": 313125, "objectId": 1241584, "slug": "south-africa-logo", "url": "/db/PICTURES/CMS/313100/313125.logo.png", "width": 500, "height": 500, "caption": "South Africa logo", "longCaption": "South Africa logo", "credit": null, "photographer": null, "peerUrls": null}, "country": {"id": 3, "objectId": 3, "name": "South Africa", "shortName": "South Africa", "abbreviation": "SA", "slug": "south-africa"}}, "inningNumber": 2, "overNumber": 16, "overRuns": 10, "overWickets": 0, "totalRuns": 121, "totalWickets": 2, "target": 144, "overLimit": 20, "ballLimit": 120, "isMaiden": false, "isComplete": true, "isSuperOver": false, "overEndBatsmen": [{"player": {"id": 70277, "objectId": 600498, "name": "AK Markram", "longName": "Aiden Markram", "mobileName": "Markram", "indexName": "Markram, AK", "battingName": "AK Markram", "fieldingName": "Markram", "slug": "aiden-markram", "imageUrl": "/db/PICTURES/CMS/317900/317970.jpg", "headshotImageUrl": "/db/PICTURES/CMS/322000/322067.png", "dateOfBirth": {"year": 1994, "month": 10, "date": 4}, "dateOfDeath": null, "gender": "M", "battingStyles": ["rhb"], "bowlingStyles": ["ob"], "longBattingStyles": ["right-hand bat"], "longBowlingStyles": ["right-arm offbreak"], "image": {"id": 317970, "objectId": 1254938, "slug": "aiden-markram-portrait", "url": "/db/PICTURES/CMS/317900/317970.jpg", "width": 160, "height": 200, "caption": "Aiden Markram portrait", "longCaption": "Aiden Markram portrait, December 23, 2020", "credit": "Cricket South Africa", "photographer": null, "peerUrls": null}, "countryTeamId": 3, "playerRoleTypeIds": [1], "playingRoles": ["opening batter"], "headshotImage": {"id": 322067, "objectId": 1264436, "slug": "aiden-markram-player-page-headshot-cutout-2021", "url": "/db/PICTURES/CMS/322000/322067.png", "width": 600, "height": 436, "caption": "Aiden Markram player page headshot cutout, 2021", "longCaption": "Aiden Markram player page headshot cutout, 2021", "credit": null, "photographer": null, "peerUrls": {"FILM": null, "WIDE": null, "SQUARE": "/db/PICTURES/CMS/322000/322067.square.png"}}}, "runs": 32, "balls": 18, "fours": 0, "sixes": 3}, {"player": {"id": 55398, "objectId": 337790, "name": "HE van der Dussen", "longName": "Rassie van der Dussen", "mobileName": "van der Dussen", "indexName": "van der Dussen, HE", "battingName": "HE van der Dussen", "fieldingName": "van der Dussen", "slug": "rassie-van-der-dussen", "imageUrl": "/db/PICTURES/CMS/317900/317946.jpg", "headshotImageUrl": "/db/PICTURES/CMS/322000/322070.png", "dateOfBirth": {"year": 1989, "month": 2, "date": 7}, "dateOfDeath": null, "gender": "M", "battingStyles": ["rhb"], "bowlingStyles": ["lb"], "longBattingStyles": ["right-hand bat"], "longBowlingStyles": ["legbreak"], "image": {"id": 317946, "objectId": 1254912, "slug": "rassie-van-der-dussen-portrait", "url": "/db/PICTURES/CMS/317900/317946.jpg", "width": 160, "height": 200, "caption": "Rassie van der Dussen portrait", "longCaption": "Rassie van der Dussen portrait, November 19, 2020", "credit": "Cricket South Africa", "photographer": null, "peerUrls": null}, "countryTeamId": 3, "playerRoleTypeIds": [2], "playingRoles": ["top-order batter"], "headshotImage": {"id": 322070, "objectId": 1264440, "slug": "rassie-van-der-dussen-player-page-headshot-cutout-2021", "url": "/db/PICTURES/CMS/322000/322070.png", "width": 600, "height": 436, "caption": "Rassie van der Dussen player page headshot cutout, 2021", "longCaption": "Rassie van der Dussen player page headshot cutout, 2021", "credit": null, "photographer": null, "peerUrls": {"FILM": null, "WIDE": null, "SQUARE": "/db/PICTURES/CMS/322000/322070.square.png"}}}, "runs": 39, "balls": 45, "fours": 3, "sixes": 0}], "overEndBowlers": [{"player": {"id": 45257, "objectId": 51439, "name": "DJ Bravo", "longName": "Dwayne Bravo", "mobileName": "Dwayne Bravo", "indexName": "Bravo, DJ", "battingName": "DJ Bravo", "fieldingName": "Bravo", "slug": "dwayne-bravo", "imageUrl": "/db/PICTURES/CMS/309000/309099.png", "headshotImageUrl": "/db/PICTURES/CMS/320000/320092.png", "dateOfBirth": {"year": 1983, "month": 10, "date": 7}, "dateOfDeath": null, "gender": "M", "battingStyles": ["rhb"], "bowlingStyles": ["rm"], "longBattingStyles": ["right-hand bat"], "longBowlingStyles": ["right-arm medium"], "image": {"id": 309099, "objectId": 1232616, "slug": "dwayne-bravo-portrait", "url": "/db/PICTURES/CMS/309000/309099.png", "width": 160, "height": 200, "caption": "Dwayne Bravo portrait", "longCaption": "Dwayne Bravo portrait, September 2020", "credit": "Getty Images", "photographer": null, "peerUrls": null}, "countryTeamId": 4, "playerRoleTypeIds": [5], "playingRoles": ["allrounder"], "headshotImage": {"id": 320092, "objectId": 1260547, "slug": "dwayne-bravo-player-page-headshot-cutout-2021", "url": "/db/PICTURES/CMS/320000/320092.png", "width": 600, "height": 436, "caption": "Dwayne Bravo player page headshot cutout, 2021", "longCaption": "Dwayne Bravo player page headshot cutout, 2021", "credit": null, "photographer": null, "peerUrls": {"FILM": null, "WIDE": null, "SQUARE": "/db/PICTURES/CMS/320000/320092.square.png"}}}, "overs": 3, "balls": 18, "maidens": 0, "conceded": 19, "wickets": 0, "currentType": 1}, {"player": {"id": 45258, "objectId": 52912, "name": "R Rampaul", "longName": "Ravi Rampaul", "mobileName": "Rampaul", "indexName": "Rampaul, R", "battingName": "R Rampaul", "fieldingName": "Rampaul", "slug": "ravi-rampaul", "imageUrl": "/db/PICTURES/CMS/203200/203291.1.jpg", "headshotImageUrl": "/db/PICTURES/CMS/320100/320111.png", "dateOfBirth": {"year": 1984, "month": 10, "date": 15}, "dateOfDeath": null, "gender": "M", "battingStyles": ["lhb"], "bowlingStyles": ["rfm"], "longBattingStyles": ["left-hand bat"], "longBowlingStyles": ["right-arm fast-medium"], "image": {"id": 203291, "objectId": 818693, "slug": "ravi-rampaul", "url": "/db/PICTURES/CMS/203200/203291.1.jpg", "width": 160, "height": 192, "caption": "Ravi Rampaul", "longCaption": "Ravi Rampaul", "credit": "Getty Images", "photographer": null, "peerUrls": null}, "countryTeamId": 4, "playerRoleTypeIds": [4], "playingRoles": ["bowler"], "headshotImage": {"id": 320111, "objectId": 1260566, "slug": "ravi-rampaul-player-page-headshot-cutout-2021", "url": "/db/PICTURES/CMS/320100/320111.png", "width": 600, "height": 436, "caption": "Ravi Rampaul player page headshot cutout, 2021", "longCaption": "Ravi Rampaul player page headshot cutout, 2021", "credit": null, "photographer": null, "peerUrls": {"FILM": null, "WIDE": null, "SQUARE": "/db/PICTURES/CMS/320100/320111.square.png"}}}, "overs": 3, "balls": 18, "maidens": 0, "conceded": 22, "wickets": 0, "currentType": 2}], "rollover": null}, "batsmanStatText": null, "bowlerStatText": null, "smartStats": []}, {"_uid": 35078857, "id": 35078857, "inningNumber": 2, "ballsActual": null, "ballsUnique": null, "oversUnique": 16.01, "oversActual": 16.1, "overNumber": 17, "ballNumber": 1, "totalRuns": 1, "batsmanRuns": 1, "isFour": false, "isSix": false, "isWicket": false, "dismissalType": null, "byes": 0, "legbyes": 0, "wides": 0, "noballs": 0, "penalties": 0, "wagonX": 180, "wagonY": 337, "wagonZone": 4, "pitchLine": "ON_THE_STUMPS", "pitchLength": "FULL", "shotType": "STRAIGHT_DRIVE", "shotControl": 1, "timestamp": "2021-10-26T13:19:40.000Z", "modified": "2021-10-26T13:19:44.000Z", "batsmanPlayerId": 70277, "bowlerPlayerId": 51012, "outPlayerId": null, "totalInningRuns": 122, "totalInningWickets": 2, "predictions": {"score": 159, "winProbability": 98.2}, "title": "Russell to Markram", "dismissalText": null, "commentPreTextItems": [{"type": "HTML", "html": "Russell now bowling around the stumps like Bravo."}], "commentTextItems": [{"type": "HTML", "html": "full on off, driven to long-off for one."}], "commentPostTextItems": null, "commentVideos": [], "commentImages": [], "events": [], "over": null, "batsmanStatText": null, "bowlerStatText": null, "smartStats": []}, {"_uid": 35078858, "id": 35078858, "inningNumber": 2, "ballsActual": null, "ballsUnique": null, "oversUnique": 16.02, "oversActual": 16.2, "overNumber": 17, "ballNumber": 2, "totalRuns": 1, "batsmanRuns": 1, "isFour": false, "isSix": false, "isWicket": false, "dismissalType": null, "byes": 0, "legbyes": 0, "wides": 0, "noballs": 0, "penalties": 0, "wagonX": 126, "wagonY": 319, "wagonZone": 5, "pitchLine": "OUTSIDE_OFFSTUMP", "pitchLength": "FULL", "shotType": "ON_DRIVE", "shotControl": 2, "timestamp": "2021-10-26T13:20:15.000Z", "modified": "2021-10-26T13:20:19.000Z", "batsmanPlayerId": 55398, "bowlerPlayerId": 51012, "outPlayerId": null, "totalInningRuns": 123, "totalInningWickets": 2, "predictions": {"score": 158, "winProbability": 98.2}, "title": "Russell to van der Dussen", "dismissalText": null, "commentPreTextItems": null, "commentTextItems": [{"type": "HTML", "html": "full outside off, driven to long-off."}], "commentPostTextItems": null, "commentVideos": [], "commentImages": [], "events": [], "over": null, "batsmanStatText": null, "bowlerStatText": null, "smartStats": []}, {"_uid": 35078859, "id": 35078859, "inningNumber": 2, "ballsActual": null, "ballsUnique": null, "oversUnique": 16.03, "oversActual": 16.3, "overNumber": 17, "ballNumber": 3, "totalRuns": 4, "batsmanRuns": 4, "isFour": true, "isSix": false, "isWicket": false, "dismissalType": null, "byes": 0, "legbyes": 0, "wides": 0, "noballs": 0, "penalties": 0, "wagonX": 51, "wagonY": 303, "wagonZone": 5, "pitchLine": "OUTSIDE_OFFSTUMP", "pitchLength": "FULL", "shotType": "COVER_DRIVE", "shotControl": 1, "timestamp": "2021-10-26T13:21:26.000Z", "modified": "2021-10-26T13:21:30.000Z", "batsmanPlayerId": 70277, "bowlerPlayerId": 51012, "outPlayerId": null, "totalInningRuns": 127, "totalInningWickets": 2, "predictions": {"score": 159, "winProbability": 98.71}, "title": "Russell to Markram", "dismissalText": null, "commentPreTextItems": null, "commentTextItems": [{"type": "HTML", "html": "full and wide outside off, shovels this high over wide long-off, Hetmyer dives on the rope to save two runs. Third replay though shows his foot was in contact with the rope while trying to dive and save the ball back into play and it is changed to a boundary."}], "commentPostTextItems": null, "commentVideos": [], "commentImages": [], "events": [], "over": null, "batsmanStatText": null, "bowlerStatText": null, "smartStats": []}, {"_uid": 35078860, "id": 35078860, "inningNumber": 2, "ballsActual": null, "ballsUnique": null, "oversUnique": 16.04, "oversActual": 16.4, "overNumber": 17, "ballNumber": 4, "totalRuns": 1, "batsmanRuns": 1, "isFour": false, "isSix": false, "isWicket": false, "dismissalType": null, "byes": 0, "legbyes": 0, "wides": 0, "noballs": 0, "penalties": 0, "wagonX": 125, "wagonY": 198, "wagonZone": 6, "pitchLine": "DOWN_LEG", "pitchLength": "YORKER", "shotType": "ON_DRIVE", "shotControl": 1, "timestamp": "2021-10-26T13:21:56.000Z", "modified": "2021-10-26T13:22:00.000Z", "batsmanPlayerId": 70277, "bowlerPlayerId": 51012, "outPlayerId": null, "totalInningRuns": 128, "totalInningWickets": 2, "predictions": {"score": 160, "winProbability": 99.18}, "title": "Russell to Markram", "dismissalText": null, "commentPreTextItems": null, "commentTextItems": [{"type": "HTML", "html": "yorker on middle, dug out to extra cover."}], "commentPostTextItems": null, "commentVideos": [], "commentImages": [], "events": [], "over": null, "batsmanStatText": null, "bowlerStatText": null, "smartStats": []}, {"_uid": 35078861, "id": 35078861, "inningNumber": 2, "ballsActual": null, "ballsUnique": null, "oversUnique": 16.05, "oversActual": 16.5, "overNumber": 17, "ballNumber": 5, "totalRuns": 1, "batsmanRuns": 1, "isFour": false, "isSix": false, "isWicket": false, "dismissalType": null, "byes": 0, "legbyes": 0, "wides": 0, "noballs": 0, "penalties": 0, "wagonX": 52, "wagonY": 113, "wagonZone": 7, "pitchLine": "ON_THE_STUMPS", "pitchLength": "SHORT_OF_A_GOOD_LENGTH", "shotType": "CUT_SHOT", "shotControl": 1, "timestamp": "2021-10-26T13:22:25.000Z", "modified": "2021-10-26T13:22:29.000Z", "batsmanPlayerId": 55398, "bowlerPlayerId": 51012, "outPlayerId": null, "totalInningRuns": 129, "totalInningWickets": 2, "predictions": {"score": 160, "winProbability": 99.3}, "title": "Russell to van der Dussen", "dismissalText": null, "commentPreTextItems": null, "commentTextItems": [{"type": "HTML", "html": "short and wide, slaps this to the cover sweeper."}], "commentPostTextItems": null, "commentVideos": [], "commentImages": [], "events": [], "over": null, "batsmanStatText": null, "bowlerStatText": null, "smartStats": []}, {"_uid": 35078862, "id": 35078862, "inningNumber": 2, "ballsActual": null, "ballsUnique": null, "oversUnique": 16.06, "oversActual": 16.6, "overNumber": 17, "ballNumber": 6, "totalRuns": 4, "batsmanRuns": 4, "isFour": true, "isSix": false, "isWicket": false, "dismissalType": null, "byes": 0, "legbyes": 0, "wides": 0, "noballs": 0, "penalties": 0, "wagonX": 21, "wagonY": 258, "wagonZone": 6, "pitchLine": "OUTSIDE_OFFSTUMP", "pitchLength": "FULL", "shotType": "COVER_DRIVE", "shotControl": 1, "timestamp": "2021-10-26T13:22:55.000Z", "modified": "2021-10-26T13:22:58.000Z", "batsmanPlayerId": 70277, "bowlerPlayerId": 51012, "outPlayerId": null, "totalInningRuns": 133, "totalInningWickets": 2, "predictions": {"score": 162, "winProbability": 99.57}, "title": "Russell to Markram", "dismissalText": null, "commentPreTextItems": null, "commentTextItems": [{"type": "HTML", "html": "<b>glorious shot!</b> Full on fifth stump, goes with the angle and drives this inside out over extra cover, no chance for the sweeper or long-off to cut that off."}], "commentPostTextItems": null, "commentVideos": [], "commentImages": [], "events": [], "over": {"team": {"id": 3, "objectId": 3, "scribeId": 3, "slug": "south-africa", "name": "South Africa", "longName": "South Africa", "abbreviation": "SA", "unofficialName": "", "imageUrl": "/db/PICTURES/CMS/313100/313125.logo.png", "isCountry": true, "primaryColor": "#ace411", "image": {"id": 313125, "objectId": 1241584, "slug": "south-africa-logo", "url": "/db/PICTURES/CMS/313100/313125.logo.png", "width": 500, "height": 500, "caption": "South Africa logo", "longCaption": "South Africa logo", "credit": null, "photographer": null, "peerUrls": null}, "country": {"id": 3, "objectId": 3, "name": "South Africa", "shortName": "South Africa", "abbreviation": "SA", "slug": "south-africa"}}, "inningNumber": 2, "overNumber": 17, "overRuns": 12, "overWickets": 0, "totalRuns": 133, "totalWickets": 2, "target": 144, "overLimit": 20, "ballLimit": 120, "isMaiden": false, "isComplete": true, "isSuperOver": false, "overEndBatsmen": [{"player": {"id": 70277, "objectId": 600498, "name": "AK Markram", "longName": "Aiden Markram", "mobileName": "Markram", "indexName": "Markram, AK", "battingName": "AK Markram", "fieldingName": "Markram", "slug": "aiden-markram", "imageUrl": "/db/PICTURES/CMS/317900/317970.jpg", "headshotImageUrl": "/db/PICTURES/CMS/322000/322067.png", "dateOfBirth": {"year": 1994, "month": 10, "date": 4}, "dateOfDeath": null, "gender": "M", "battingStyles": ["rhb"], "bowlingStyles": ["ob"], "longBattingStyles": ["right-hand bat"], "longBowlingStyles": ["right-arm offbreak"], "image": {"id": 317970, "objectId": 1254938, "slug": "aiden-markram-portrait", "url": "/db/PICTURES/CMS/317900/317970.jpg", "width": 160, "height": 200, "caption": "Aiden Markram portrait", "longCaption": "Aiden Markram portrait, December 23, 2020", "credit": "Cricket South Africa", "photographer": null, "peerUrls": null}, "countryTeamId": 3, "playerRoleTypeIds": [1], "playingRoles": ["opening batter"], "headshotImage": {"id": 322067, "objectId": 1264436, "slug": "aiden-markram-player-page-headshot-cutout-2021", "url": "/db/PICTURES/CMS/322000/322067.png", "width": 600, "height": 436, "caption": "Aiden Markram player page headshot cutout, 2021", "longCaption": "Aiden Markram player page headshot cutout, 2021", "credit": null, "photographer": null, "peerUrls": {"FILM": null, "WIDE": null, "SQUARE": "/db/PICTURES/CMS/322000/322067.square.png"}}}, "runs": 42, "balls": 22, "fours": 2, "sixes": 3}, {"player": {"id": 55398, "objectId": 337790, "name": "HE van der Dussen", "longName": "Rassie van der Dussen", "mobileName": "van der Dussen", "indexName": "van der Dussen, HE", "battingName": "HE van der Dussen", "fieldingName": "van der Dussen", "slug": "rassie-van-der-dussen", "imageUrl": "/db/PICTURES/CMS/317900/317946.jpg", "headshotImageUrl": "/db/PICTURES/CMS/322000/322070.png", "dateOfBirth": {"year": 1989, "month": 2, "date": 7}, "dateOfDeath": null, "gender": "M", "battingStyles": ["rhb"], "bowlingStyles": ["lb"], "longBattingStyles": ["right-hand bat"], "longBowlingStyles": ["legbreak"], "image": {"id": 317946, "objectId": 1254912, "slug": "rassie-van-der-dussen-portrait", "url": "/db/PICTURES/CMS/317900/317946.jpg", "width": 160, "height": 200, "caption": "Rassie van der Dussen portrait", "longCaption": "Rassie van der Dussen portrait, November 19, 2020", "credit": "Cricket South Africa", "photographer": null, "peerUrls": null}, "countryTeamId": 3, "playerRoleTypeIds": [2], "playingRoles": ["top-order batter"], "headshotImage": {"id": 322070, "objectId": 1264440, "slug": "rassie-van-der-dussen-player-page-headshot-cutout-2021", "url": "/db/PICTURES/CMS/322000/322070.png", "width": 600, "height": 436, "caption": "Rassie van der Dussen player page headshot cutout, 2021", "longCaption": "Rassie van der Dussen player page headshot cutout, 2021", "credit": null, "photographer": null, "peerUrls": {"FILM": null, "WIDE": null, "SQUARE": "/db/PICTURES/CMS/322000/322070.square.png"}}}, "runs": 41, "balls": 47, "fours": 3, "sixes": 0}], "overEndBowlers": [{"player": {"id": 51012, "objectId": 276298, "name": "AD Russell", "longName": "Andre Russell", "mobileName": "Russell", "indexName": "Russell, AD", "battingName": "AD Russell", "fieldingName": "Russell", "slug": "andre-russell", "imageUrl": "/db/PICTURES/CMS/308900/308972.png", "headshotImageUrl": "/db/PICTURES/CMS/316600/316615.png", "dateOfBirth": {"year": 1988, "month": 4, "date": 29}, "dateOfDeath": null, "gender": "M", "battingStyles": ["rhb"], "bowlingStyles": ["rf"], "longBattingStyles": ["right-hand bat"], "longBowlingStyles": ["right-arm fast"], "image": {"id": 308972, "objectId": 1232420, "slug": "andre-russell-portrait", "url": "/db/PICTURES/CMS/308900/308972.png", "width": 160, "height": 200, "caption": "Andre Russell portrait", "longCaption": "Andre Russell portrait, September 2020", "credit": "Getty Images", "photographer": null, "peerUrls": null}, "countryTeamId": 4, "playerRoleTypeIds": [5], "playingRoles": ["allrounder"], "headshotImage": {"id": 316615, "objectId": 1251247, "slug": "ad-russell-headshot", "url": "/db/PICTURES/CMS/316600/316615.png", "width": 600, "height": 436, "caption": "AD Russell headshot", "longCaption": "AD Russell headshot", "credit": null, "photographer": null, "peerUrls": {"FILM": null, "WIDE": null, "SQUARE": null}}}, "overs": 3, "balls": 18, "maidens": 0, "conceded": 29, "wickets": 0, "currentType": 1}, {"player": {"id": 45257, "objectId": 51439, "name": "DJ Bravo", "longName": "Dwayne Bravo", "mobileName": "Dwayne Bravo", "indexName": "Bravo, DJ", "battingName": "DJ Bravo", "fieldingName": "Bravo", "slug": "dwayne-bravo", "imageUrl": "/db/PICTURES/CMS/309000/309099.png", "headshotImageUrl": "/db/PICTURES/CMS/320000/320092.png", "dateOfBirth": {"year": 1983, "month": 10, "date": 7}, "dateOfDeath": null, "gender": "M", "battingStyles": ["rhb"], "bowlingStyles": ["rm"], "longBattingStyles": ["right-hand bat"], "longBowlingStyles": ["right-arm medium"], "image": {"id": 309099, "objectId": 1232616, "slug": "dwayne-bravo-portrait", "url": "/db/PICTURES/CMS/309000/309099.png", "width": 160, "height": 200, "caption": "Dwayne Bravo portrait", "longCaption": "Dwayne Bravo portrait, September 2020", "credit": "Getty Images", "photographer": null, "peerUrls": null}, "countryTeamId": 4, "playerRoleTypeIds": [5], "playingRoles": ["allrounder"], "headshotImage": {"id": 320092, "objectId": 1260547, "slug": "dwayne-bravo-player-page-headshot-cutout-2021", "url": "/db/PICTURES/CMS/320000/320092.png", "width": 600, "height": 436, "caption": "Dwayne Bravo player page headshot cutout, 2021", "longCaption": "Dwayne Bravo player page headshot cutout, 2021", "credit": null, "photographer": null, "peerUrls": {"FILM": null, "WIDE": null, "SQUARE": "/db/PICTURES/CMS/320000/320092.square.png"}}}, "overs": 3, "balls": 18, "maidens": 0, "conceded": 19, "wickets": 0, "currentType": 2}], "rollover": null}, "batsmanStatText": null, "bowlerStatText": null, "smartStats": []}]