[{"_uid": 35053980, "id": 35053980, "inningNumber": 1, "ballsActual": null, "ballsUnique": null, "oversUnique": 1.01, "oversActual": 1.1, "overNumber": 2, "ballNumber": 1, "totalRuns": 0, "batsmanRuns": 0, "isFour": false, "isSix": false, "isWicket": false, "dismissalType": null, "byes": 0, "legbyes": 0, "wides": 0, "noballs": 0, "penalties": 0, "wagonX": 135, "wagonY": 144, "wagonZone": 7, "pitchLine": "OUTSIDE_OFFSTUMP", "pitchLength": "SHORT_OF_A_GOOD_LENGTH", "shotType": "DEFENDED", "shotControl": 1, "timestamp": "2021-10-21T10:08:31.000Z", "modified": "2021-10-21T10:08:34.000Z", "batsmanPlayerId": 66691, "bowlerPlayerId": 101285, "outPlayerId": null, "totalInningRuns": 3, "totalInningWickets": 1, "predictions": {"score": 145, "winProbability": 36.97}, "title": "Ravu to Litton Das", "dismissalText": null, "commentPreTextItems": [{"type": "HTML", "html": "Damien Ravu takes the new ball opposite Morea. Slip in place."}], "commentTextItems": [{"type": "HTML", "html": "back of a length on off, defended into the off side."}], "commentPostTextItems": null, "commentVideos": [], "commentImages": [], "events": [], "over": null, "batsmanStatText": null, "bowlerStatText": null, "smartStats": []}, {"_uid": 35053986, "id": 35053986, "inningNumber": 1, "ballsActual": null, "ballsUnique": null, "oversUnique": 1.02, "oversActual": 1.2, "overNumber": 2, "ballNumber": 2, "totalRuns": 1, "batsmanRuns": 1, "isFour": false, "isSix": false, "isWicket": false, "dismissalType": null, "byes": 0, "legbyes": 0, "wides": 0, "noballs": 0, "penalties": 0, "wagonX": 281, "wagonY": 246, "wagonZone": 3, "pitchLine": "ON_THE_STUMPS", "pitchLength": "FULL", "shotType": "FLICK", "shotControl": 1, "timestamp": "2021-10-21T10:09:03.000Z", "modified": "2021-10-21T10:09:06.000Z", "batsmanPlayerId": 66691, "bowlerPlayerId": 101285, "outPlayerId": null, "totalInningRuns": 4, "totalInningWickets": 1, "predictions": {"score": 145, "winProbability": 36.97}, "title": "Ravu to Litton Das", "dismissalText": null, "commentPreTextItems": null, "commentTextItems": [{"type": "HTML", "html": "back of a length on middle, goes back to flick wide of midwicket for one."}], "commentPostTextItems": null, "commentVideos": [], "commentImages": [], "events": [], "over": null, "batsmanStatText": null, "bowlerStatText": null, "smartStats": []}, {"_uid": 35053996, "id": 35053996, "inningNumber": 1, "ballsActual": null, "ballsUnique": null, "oversUnique": 1.03, "oversActual": 1.3, "overNumber": 2, "ballNumber": 3, "totalRuns": 1, "batsmanRuns": 1, "isFour": false, "isSix": false, "isWicket": false, "dismissalType": null, "byes": 0, "legbyes": 0, "wides": 0, "noballs": 0, "penalties": 0, "wagonX": 332, "wagonY": 119, "wagonZone": 2, "pitchLine": "OUTSIDE_OFFSTUMP", "pitchLength": "SHORT_OF_A_GOOD_LENGTH", "shotType": "CUT_SHOT", "shotControl": 1, "timestamp": "2021-10-21T10:09:54.000Z", "modified": "2021-10-21T10:09:57.000Z", "batsmanPlayerId": 48277, "bowlerPlayerId": 101285, "outPlayerId": null, "totalInningRuns": 5, "totalInningWickets": 1, "predictions": {"score": 145, "winProbability": 36.97}, "title": "Ravu to Shakib", "dismissalText": null, "commentPreTextItems": null, "commentTextItems": [{"type": "HTML", "html": "short and wide, slaps this high over backward point and cut off at deep third man for one."}], "commentPostTextItems": null, "commentVideos": [], "commentImages": [], "events": [], "over": null, "batsmanStatText": null, "bowlerStatText": null, "smartStats": []}, {"_uid": 35054000, "id": 35054000, "inningNumber": 1, "ballsActual": null, "ballsUnique": null, "oversUnique": 1.04, "oversActual": 1.4, "overNumber": 2, "ballNumber": 4, "totalRuns": 1, "batsmanRuns": 1, "isFour": false, "isSix": false, "isWicket": false, "dismissalType": null, "byes": 0, "legbyes": 0, "wides": 0, "noballs": 0, "penalties": 0, "wagonX": 129, "wagonY": 64, "wagonZone": 8, "pitchLine": "OUTSIDE_OFFSTUMP", "pitchLength": "SHORT_OF_A_GOOD_LENGTH", "shotType": "STEERED", "shotControl": 1, "timestamp": "2021-10-21T10:10:22.000Z", "modified": "2021-10-21T10:10:25.000Z", "batsmanPlayerId": 66691, "bowlerPlayerId": 101285, "outPlayerId": null, "totalInningRuns": 6, "totalInningWickets": 1, "predictions": {"score": 144, "winProbability": 35.94}, "title": "Ravu to Litton Das", "dismissalText": null, "commentPreTextItems": null, "commentTextItems": [{"type": "HTML", "html": "back of a length on fourth stump, guided with soft hands behind point for one."}], "commentPostTextItems": null, "commentVideos": [], "commentImages": [], "events": [], "over": null, "batsmanStatText": null, "bowlerStatText": null, "smartStats": []}, {"_uid": 35054004, "id": 35054004, "inningNumber": 1, "ballsActual": null, "ballsUnique": null, "oversUnique": 1.05, "oversActual": 1.5, "overNumber": 2, "ballNumber": 5, "totalRuns": 0, "batsmanRuns": 0, "isFour": false, "isSix": false, "isWicket": false, "dismissalType": null, "byes": 0, "legbyes": 0, "wides": 0, "noballs": 0, "penalties": 0, "wagonX": 183, "wagonY": 199, "wagonZone": 4, "pitchLine": "ON_THE_STUMPS", "pitchLength": "GOOD_LENGTH", "shotType": "STRAIGHT_DRIVE", "shotControl": 1, "timestamp": "2021-10-21T10:11:00.000Z", "modified": "2021-10-21T10:11:03.000Z", "batsmanPlayerId": 48277, "bowlerPlayerId": 101285, "outPlayerId": null, "totalInningRuns": 6, "totalInningWickets": 1, "predictions": {"score": 143, "winProbability": 34.92}, "title": "Ravu to Shakib", "dismissalText": null, "commentPreTextItems": null, "commentTextItems": [{"type": "HTML", "html": "full and driven back to Ravu."}], "commentPostTextItems": null, "commentVideos": [], "commentImages": [], "events": [], "over": null, "batsmanStatText": null, "bowlerStatText": null, "smartStats": []}, {"_uid": 35054009, "id": 35054009, "inningNumber": 1, "ballsActual": null, "ballsUnique": null, "oversUnique": 1.06, "oversActual": 1.6, "overNumber": 2, "ballNumber": 6, "totalRuns": 0, "batsmanRuns": 0, "isFour": false, "isSix": false, "isWicket": false, "dismissalType": null, "byes": 0, "legbyes": 0, "wides": 0, "noballs": 0, "penalties": 0, "wagonX": 0, "wagonY": 0, "wagonZone": 0, "pitchLine": "ON_THE_STUMPS", "pitchLength": "SHORT_OF_A_GOOD_LENGTH", "shotType": "CUT_SHOT", "shotControl": 2, "timestamp": "2021-10-21T10:11:39.000Z", "modified": "2021-10-21T10:11:42.000Z", "batsmanPlayerId": 48277, "bowlerPlayerId": 101285, "outPlayerId": null, "totalInningRuns": 6, "totalInningWickets": 1, "predictions": {"score": 142, "winProbability": 33.92}, "title": "Ravu to Shakib", "dismissalText": null, "commentPreTextItems": null, "commentTextItems": [{"type": "HTML", "html": "bouncer clears Shakib on the attempted hook."}], "commentPostTextItems": null, "commentVideos": [], "commentImages": [], "events": [], "over": {"team": {"id": 25, "objectId": 25, "scribeId": 25, "slug": "bangladesh", "name": "Bangladesh", "longName": "Bangladesh", "abbreviation": "BAN", "unofficialName": "", "imageUrl": "/db/PICTURES/CMS/341400/341456.png", "isCountry": true, "primaryColor": "#ed3507", "image": {"id": 341456, "objectId": 1321180, "slug": "bangladesh-latest-team-flag", "url": "/db/PICTURES/CMS/341400/341456.png", "width": 500, "height": 500, "caption": "Bangladesh latest-team flag", "longCaption": "Bangladesh latest-team flag", "credit": "Getty Images", "photographer": null, "peerUrls": null}, "country": {"id": 25, "objectId": 25, "name": "Bangladesh", "shortName": "Bangladesh", "abbreviation": "BAN", "slug": "bangladesh"}}, "inningNumber": 1, "overNumber": 2, "overRuns": 3, "overWickets": 0, "totalRuns": 6, "totalWickets": 1, "target": 0, "overLimit": 20, "ballLimit": 120, "isMaiden": false, "isComplete": true, "isSuperOver": false, "overEndBatsmen": [{"player": {"id": 48277, "objectId": 56143, "name": "Shakib Al Hasan", "longName": "Shakib Al Hasan", "mobileName": "Shakib", "indexName": "Shakib Al Hasan", "battingName": "Shakib Al Hasan", "fieldingName": "Shakib Al Hasan", "slug": "shakib-al-hasan", "imageUrl": "/db/PICTURES/CMS/303100/303157.jpg", "headshotImageUrl": "/db/PICTURES/CMS/316500/316581.png", "dateOfBirth": {"year": 1987, "month": 3, "date": 24}, "dateOfDeath": null, "gender": "M", "battingStyles": ["lhb"], "bowlingStyles": ["sla"], "longBattingStyles": ["left-hand bat"], "longBowlingStyles": ["slow left-arm orthodox"], "image": {"id": 303157, "objectId": 1221590, "slug": "shakib-al-hasan-portrait", "url": "/db/PICTURES/CMS/303100/303157.jpg", "width": 160, "height": 202, "caption": "Shakib Al Hasan portrait", "longCaption": "Shakib Al Hasan portrait, April 2020", "credit": "Getty Images", "photographer": null, "peerUrls": null}, "countryTeamId": 25, "playerRoleTypeIds": [5], "playingRoles": ["allrounder"], "headshotImage": {"id": 316581, "objectId": 1251210, "slug": "shakib-al-hasan-headshot", "url": "/db/PICTURES/CMS/316500/316581.png", "width": 600, "height": 436, "caption": "Shakib Al Hasan headshot", "longCaption": "Shakib Al Hasan headshot", "credit": null, "photographer": null, "peerUrls": {"FILM": null, "WIDE": null, "SQUARE": null}}}, "runs": 2, "balls": 5, "fours": 0, "sixes": 0}, {"player": {"id": 66691, "objectId": 536936, "name": "Liton Das", "longName": "Litton Das", "mobileName": "Litton Das", "indexName": "Litton Das", "battingName": "Liton Das", "fieldingName": "Liton Das", "slug": "litton-das", "imageUrl": "/db/PICTURES/CMS/302900/302995.jpg", "headshotImageUrl": "/db/PICTURES/CMS/319700/319727.png", "dateOfBirth": {"year": 1994, "month": 10, "date": 13}, "dateOfDeath": null, "gender": "M", "battingStyles": ["rhb"], "bowlingStyles": ["ob"], "longBattingStyles": ["right-hand bat"], "longBowlingStyles": ["right-arm offbreak"], "image": {"id": 302995, "objectId": 1221378, "slug": "liton-das-portrait", "url": "/db/PICTURES/CMS/302900/302995.jpg", "width": 160, "height": 199, "caption": "Liton Das portrait", "longCaption": "Liton Das portrait, April 2020", "credit": "Getty Images", "photographer": null, "peerUrls": null}, "countryTeamId": 25, "playerRoleTypeIds": [7], "playingRoles": ["wicketkeeper batter"], "headshotImage": {"id": 319727, "objectId": 1259727, "slug": "liton-das-player-page-headshot-cutout-2021", "url": "/db/PICTURES/CMS/319700/319727.png", "width": 600, "height": 436, "caption": "Liton Das player page headshot cutout, 2021", "longCaption": "Liton Das player page headshot cutout, 2021", "credit": null, "photographer": null, "peerUrls": {"FILM": null, "WIDE": null, "SQUARE": "/db/PICTURES/CMS/319700/319727.square.png"}}}, "runs": 4, "balls": 5, "fours": 0, "sixes": 0}], "overEndBowlers": [{"player": {"id": 101285, "objectId": 1122557, "name": "D Ravu", "longName": "Damien Ravu", "mobileName": "Ravu", "indexName": "Ravu, D", "battingName": "D Ravu", "fieldingName": "Ravu", "slug": "damien-ravu", "imageUrl": "/db/PICTURES/CMS/321100/321140.png", "headshotImageUrl": "/db/PICTURES/CMS/321100/321140.png", "dateOfBirth": {"year": 1994, "month": 5, "date": 3}, "dateOfDeath": null, "gender": "M", "battingStyles": ["rhb"], "bowlingStyles": ["rmf"], "longBattingStyles": ["right-hand bat"], "longBowlingStyles": ["right-arm medium-fast"], "image": {"id": 321140, "objectId": 1262668, "slug": "damien-apa-ravu-player-page-headshot-cutout-2021", "url": "/db/PICTURES/CMS/321100/321140.png", "width": 600, "height": 436, "caption": "Damien Apa Ravu player page headshot cutout, 2021", "longCaption": "Damien Apa Ravu player page headshot cutout, 2021", "credit": null, "photographer": null, "peerUrls": null}, "countryTeamId": 20, "playerRoleTypeIds": [4], "playingRoles": ["bowler"], "headshotImage": {"id": 321140, "objectId": 1262668, "slug": "damien-apa-ravu-player-page-headshot-cutout-2021", "url": "/db/PICTURES/CMS/321100/321140.png", "width": 600, "height": 436, "caption": "Damien Apa Ravu player page headshot cutout, 2021", "longCaption": "Damien Apa Ravu player page headshot cutout, 2021", "credit": null, "photographer": null, "peerUrls": {"FILM": null, "WIDE": null, "SQUARE": "/db/PICTURES/CMS/321100/321140.square.png"}}}, "overs": 1, "balls": 6, "maidens": 0, "conceded": 3, "wickets": 0, "currentType": 1}, {"player": {"id": 65889, "objectId": 524255, "name": "KV Morea", "longName": "Kabua Morea", "mobileName": "Morea", "indexName": "Morea, KV", "battingName": "KV Morea", "fieldingName": "Morea", "slug": "kabua-morea", "imageUrl": "/db/PICTURES/CMS/179800/179895.1.jpg", "headshotImageUrl": "/db/PICTURES/CMS/329700/329753.png", "dateOfBirth": {"year": 1993, "month": 9, "date": 30}, "dateOfDeath": null, "gender": "M", "battingStyles": ["rhb"], "bowlingStyles": ["lm"], "longBattingStyles": ["right-hand bat"], "longBowlingStyles": ["left-arm medium"], "image": {"id": 179895, "objectId": 721975, "slug": "kabua-morea", "url": "/db/PICTURES/CMS/179800/179895.1.jpg", "width": 160, "height": 192, "caption": "Kabua Morea", "longCaption": "Kabua Morea", "credit": "International Cricket Council", "photographer": null, "peerUrls": null}, "countryTeamId": 20, "playerRoleTypeIds": [4], "playingRoles": ["bowler"], "headshotImage": {"id": 329753, "objectId": 1286749, "slug": "kabua-morea-player-page-headshot-cutout-2021", "url": "/db/PICTURES/CMS/329700/329753.png", "width": 600, "height": 436, "caption": "Kabua Morea player page headshot cutout 2021", "longCaption": "Kabua Morea player page headshot cutout 2021", "credit": null, "photographer": null, "peerUrls": {"FILM": null, "WIDE": null, "SQUARE": "/db/PICTURES/CMS/329700/329753.square.png"}}}, "overs": 1, "balls": 6, "maidens": 0, "conceded": 3, "wickets": 1, "currentType": 2}], "rollover": null}, "batsmanStatText": null, "bowlerStatText": null, "smartStats": []}, {"_uid": 35054017, "id": 35054017, "inningNumber": 1, "ballsActual": null, "ballsUnique": null, "oversUnique": 2.01, "oversActual": 2.1, "overNumber": 3, "ballNumber": 1, "totalRuns": 1, "batsmanRuns": 1, "isFour": false, "isSix": false, "isWicket": false, "dismissalType": null, "byes": 0, "legbyes": 0, "wides": 0, "noballs": 0, "penalties": 0, "wagonX": 149, "wagonY": 233, "wagonZone": 5, "pitchLine": "OUTSIDE_OFFSTUMP", "pitchLength": "FULL", "shotType": "ON_DRIVE", "shotControl": 1, "timestamp": "2021-10-21T10:13:16.000Z", "modified": "2021-10-21T10:13:20.000Z", "batsmanPlayerId": 66691, "bowlerPlayerId": 68066, "outPlayerId": null, "totalInningRuns": 7, "totalInningWickets": 1, "predictions": {"score": 140, "winProbability": 31.94}, "title": "Soper to Litton Das", "dismissalText": null, "commentPreTextItems": [{"type": "HTML", "html": "Chad Super into the attack replacing Morea."}], "commentTextItems": [{"type": "HTML", "html": "full on fifth stump, pushed wide of mid-off for one."}], "commentPostTextItems": null, "commentVideos": [], "commentImages": [], "events": [], "over": null, "batsmanStatText": null, "bowlerStatText": null, "smartStats": []}, {"_uid": 35054023, "id": 35054023, "inningNumber": 1, "ballsActual": null, "ballsUnique": null, "oversUnique": 2.02, "oversActual": 2.2, "overNumber": 3, "ballNumber": 2, "totalRuns": 0, "batsmanRuns": 0, "isFour": false, "isSix": false, "isWicket": false, "dismissalType": null, "byes": 0, "legbyes": 0, "wides": 0, "noballs": 0, "penalties": 0, "wagonX": 232, "wagonY": 152, "wagonZone": 2, "pitchLine": "OUTSIDE_OFFSTUMP", "pitchLength": "SHORT_OF_A_GOOD_LENGTH", "shotType": "CUT_SHOT", "shotControl": 1, "timestamp": "2021-10-21T10:13:29.000Z", "modified": "2021-10-21T10:13:32.000Z", "batsmanPlayerId": 48277, "bowlerPlayerId": 68066, "outPlayerId": null, "totalInningRuns": 7, "totalInningWickets": 1, "predictions": {"score": 140, "winProbability": 31.94}, "title": "Soper to Shakib", "dismissalText": null, "commentPreTextItems": null, "commentTextItems": [{"type": "HTML", "html": "short and wide, slaps this to backward point."}], "commentPostTextItems": null, "commentVideos": [], "commentImages": [], "events": [], "over": null, "batsmanStatText": null, "bowlerStatText": null, "smartStats": []}, {"_uid": 35054025, "id": 35054025, "inningNumber": 1, "ballsActual": null, "ballsUnique": null, "oversUnique": 2.03, "oversActual": 2.3, "overNumber": 3, "ballNumber": 3, "totalRuns": 1, "batsmanRuns": 1, "isFour": false, "isSix": false, "isWicket": false, "dismissalType": null, "byes": 0, "legbyes": 0, "wides": 0, "noballs": 0, "penalties": 0, "wagonX": 141, "wagonY": 292, "wagonZone": 5, "pitchLine": "ON_THE_STUMPS", "pitchLength": "FULL", "shotType": "ON_DRIVE", "shotControl": 1, "timestamp": "2021-10-21T10:13:43.000Z", "modified": "2021-10-21T10:13:46.000Z", "batsmanPlayerId": 48277, "bowlerPlayerId": 68066, "outPlayerId": null, "totalInningRuns": 8, "totalInningWickets": 1, "predictions": {"score": 140, "winProbability": 31.94}, "title": "Soper to Shakib", "dismissalText": null, "commentPreTextItems": null, "commentTextItems": [{"type": "HTML", "html": "fullish length ball on off, driven through mid-on for one."}], "commentPostTextItems": null, "commentVideos": [], "commentImages": [], "events": [], "over": null, "batsmanStatText": null, "bowlerStatText": null, "smartStats": []}, {"_uid": 35054028, "id": 35054028, "inningNumber": 1, "ballsActual": null, "ballsUnique": null, "oversUnique": 2.04, "oversActual": 2.4, "overNumber": 3, "ballNumber": 4, "totalRuns": 0, "batsmanRuns": 0, "isFour": false, "isSix": false, "isWicket": false, "dismissalType": null, "byes": 0, "legbyes": 0, "wides": 0, "noballs": 0, "penalties": 0, "wagonX": 199, "wagonY": 199, "wagonZone": 4, "pitchLine": "OUTSIDE_OFFSTUMP", "pitchLength": "GOOD_LENGTH", "shotType": "DEFENDED", "shotControl": 1, "timestamp": "2021-10-21T10:14:13.000Z", "modified": "2021-10-21T10:14:16.000Z", "batsmanPlayerId": 66691, "bowlerPlayerId": 68066, "outPlayerId": null, "totalInningRuns": 8, "totalInningWickets": 1, "predictions": {"score": 139, "winProbability": 30.98}, "title": "Soper to Litton Das", "dismissalText": null, "commentPreTextItems": null, "commentTextItems": [{"type": "HTML", "html": "back of a length on fifth stump, pushed back to Soper."}], "commentPostTextItems": null, "commentVideos": [], "commentImages": [], "events": [], "over": null, "batsmanStatText": null, "bowlerStatText": null, "smartStats": []}, {"_uid": 35054033, "id": 35054033, "inningNumber": 1, "ballsActual": null, "ballsUnique": null, "oversUnique": 2.05, "oversActual": 2.5, "overNumber": 3, "ballNumber": 5, "totalRuns": 6, "batsmanRuns": 6, "isFour": false, "isSix": true, "isWicket": false, "dismissalType": null, "byes": 0, "legbyes": 0, "wides": 0, "noballs": 0, "penalties": 0, "wagonX": 352, "wagonY": 105, "wagonZone": 2, "pitchLine": "ON_THE_STUMPS", "pitchLength": "GOOD_LENGTH", "shotType": "SLOG_SHOT", "shotControl": 1, "timestamp": "2021-10-21T10:14:44.000Z", "modified": "2021-10-21T10:14:47.000Z", "batsmanPlayerId": 66691, "bowlerPlayerId": 68066, "outPlayerId": null, "totalInningRuns": 14, "totalInningWickets": 1, "predictions": {"score": 143, "winProbability": 34.92}, "title": "Soper to Litton Das", "dismissalText": null, "commentPreTextItems": null, "commentTextItems": [{"type": "HTML", "html": "Audacious by Liton! Full on fifth stump, shuffles across and slog sweeps this over fine leg and sails over the rope."}], "commentPostTextItems": null, "commentVideos": [], "commentImages": [], "events": [], "over": null, "batsmanStatText": null, "bowlerStatText": null, "smartStats": []}, {"_uid": 35054036, "id": 35054036, "inningNumber": 1, "ballsActual": null, "ballsUnique": null, "oversUnique": 2.06, "oversActual": 2.6, "overNumber": 3, "ballNumber": 6, "totalRuns": 1, "batsmanRuns": 1, "isFour": false, "isSix": false, "isWicket": false, "dismissalType": null, "byes": 0, "legbyes": 0, "wides": 0, "noballs": 0, "penalties": 0, "wagonX": 295, "wagonY": 92, "wagonZone": 2, "pitchLine": "ON_THE_STUMPS", "pitchLength": "GOOD_LENGTH", "shotType": "FLICK", "shotControl": 1, "timestamp": "2021-10-21T10:15:35.000Z", "modified": "2021-10-21T10:15:39.000Z", "batsmanPlayerId": 66691, "bowlerPlayerId": 68066, "outPlayerId": null, "totalInningRuns": 15, "totalInningWickets": 1, "predictions": {"score": 145, "winProbability": 36.97}, "title": "Soper to Litton Das", "dismissalText": null, "commentPreTextItems": null, "commentTextItems": [{"type": "HTML", "html": "good length ball on the hips, flicks this to deep fine leg for one."}], "commentPostTextItems": null, "commentVideos": [], "commentImages": [], "events": [], "over": {"team": {"id": 25, "objectId": 25, "scribeId": 25, "slug": "bangladesh", "name": "Bangladesh", "longName": "Bangladesh", "abbreviation": "BAN", "unofficialName": "", "imageUrl": "/db/PICTURES/CMS/341400/341456.png", "isCountry": true, "primaryColor": "#ed3507", "image": {"id": 341456, "objectId": 1321180, "slug": "bangladesh-latest-team-flag", "url": "/db/PICTURES/CMS/341400/341456.png", "width": 500, "height": 500, "caption": "Bangladesh latest-team flag", "longCaption": "Bangladesh latest-team flag", "credit": "Getty Images", "photographer": null, "peerUrls": null}, "country": {"id": 25, "objectId": 25, "name": "Bangladesh", "shortName": "Bangladesh", "abbreviation": "BAN", "slug": "bangladesh"}}, "inningNumber": 1, "overNumber": 3, "overRuns": 9, "overWickets": 0, "totalRuns": 15, "totalWickets": 1, "target": 0, "overLimit": 20, "ballLimit": 120, "isMaiden": false, "isComplete": true, "isSuperOver": false, "overEndBatsmen": [{"player": {"id": 66691, "objectId": 536936, "name": "Liton Das", "longName": "Litton Das", "mobileName": "Litton Das", "indexName": "Litton Das", "battingName": "Liton Das", "fieldingName": "Liton Das", "slug": "litton-das", "imageUrl": "/db/PICTURES/CMS/302900/302995.jpg", "headshotImageUrl": "/db/PICTURES/CMS/319700/319727.png", "dateOfBirth": {"year": 1994, "month": 10, "date": 13}, "dateOfDeath": null, "gender": "M", "battingStyles": ["rhb"], "bowlingStyles": ["ob"], "longBattingStyles": ["right-hand bat"], "longBowlingStyles": ["right-arm offbreak"], "image": {"id": 302995, "objectId": 1221378, "slug": "liton-das-portrait", "url": "/db/PICTURES/CMS/302900/302995.jpg", "width": 160, "height": 199, "caption": "Liton Das portrait", "longCaption": "Liton Das portrait, April 2020", "credit": "Getty Images", "photographer": null, "peerUrls": null}, "countryTeamId": 25, "playerRoleTypeIds": [7], "playingRoles": ["wicketkeeper batter"], "headshotImage": {"id": 319727, "objectId": 1259727, "slug": "liton-das-player-page-headshot-cutout-2021", "url": "/db/PICTURES/CMS/319700/319727.png", "width": 600, "height": 436, "caption": "Liton Das player page headshot cutout, 2021", "longCaption": "Liton Das player page headshot cutout, 2021", "credit": null, "photographer": null, "peerUrls": {"FILM": null, "WIDE": null, "SQUARE": "/db/PICTURES/CMS/319700/319727.square.png"}}}, "runs": 12, "balls": 9, "fours": 0, "sixes": 1}, {"player": {"id": 48277, "objectId": 56143, "name": "Shakib Al Hasan", "longName": "Shakib Al Hasan", "mobileName": "Shakib", "indexName": "Shakib Al Hasan", "battingName": "Shakib Al Hasan", "fieldingName": "Shakib Al Hasan", "slug": "shakib-al-hasan", "imageUrl": "/db/PICTURES/CMS/303100/303157.jpg", "headshotImageUrl": "/db/PICTURES/CMS/316500/316581.png", "dateOfBirth": {"year": 1987, "month": 3, "date": 24}, "dateOfDeath": null, "gender": "M", "battingStyles": ["lhb"], "bowlingStyles": ["sla"], "longBattingStyles": ["left-hand bat"], "longBowlingStyles": ["slow left-arm orthodox"], "image": {"id": 303157, "objectId": 1221590, "slug": "shakib-al-hasan-portrait", "url": "/db/PICTURES/CMS/303100/303157.jpg", "width": 160, "height": 202, "caption": "Shakib Al Hasan portrait", "longCaption": "Shakib Al Hasan portrait, April 2020", "credit": "Getty Images", "photographer": null, "peerUrls": null}, "countryTeamId": 25, "playerRoleTypeIds": [5], "playingRoles": ["allrounder"], "headshotImage": {"id": 316581, "objectId": 1251210, "slug": "shakib-al-hasan-headshot", "url": "/db/PICTURES/CMS/316500/316581.png", "width": 600, "height": 436, "caption": "Shakib Al Hasan headshot", "longCaption": "Shakib Al Hasan headshot", "credit": null, "photographer": null, "peerUrls": {"FILM": null, "WIDE": null, "SQUARE": null}}}, "runs": 3, "balls": 7, "fours": 0, "sixes": 0}], "overEndBowlers": [{"player": {"id": 68066, "objectId": 574287, "name": "CA Soper", "longName": "Chad Soper", "mobileName": "Soper", "indexName": "Soper, CA", "battingName": "CA Soper", "fieldingName": "Soper", "slug": "chad-soper", "imageUrl": "/db/PICTURES/CMS/148200/148220.jpg", "headshotImageUrl": "/db/PICTURES/CMS/321100/321137.png", "dateOfBirth": {"year": 1991, "month": 11, "date": 19}, "dateOfDeath": null, "gender": "M", "battingStyles": ["rhb"], "bowlingStyles": ["rmf"], "longBattingStyles": ["right-hand bat"], "longBowlingStyles": ["right-arm medium-fast"], "image": {"id": 148220, "objectId": 575907, "slug": "chad-soper", "url": "/db/PICTURES/CMS/148200/148220.jpg", "width": 160, "height": 206, "caption": "Chad Soper", "longCaption": "Chad Soper, player portrait, August 6, 2012", "credit": "Getty Images", "photographer": null, "peerUrls": null}, "countryTeamId": 20, "playerRoleTypeIds": [4], "playingRoles": ["bowler"], "headshotImage": {"id": 321137, "objectId": 1262665, "slug": "chad-aiwati-soper-player-page-headshot-cutout-2021", "url": "/db/PICTURES/CMS/321100/321137.png", "width": 600, "height": 436, "caption": "Chad Aiwati Soper player page headshot cutout, 2021", "longCaption": "Chad Aiwati Soper player page headshot cutout, 2021", "credit": null, "photographer": null, "peerUrls": {"FILM": null, "WIDE": null, "SQUARE": "/db/PICTURES/CMS/321100/321137.square.png"}}}, "overs": 1, "balls": 6, "maidens": 0, "conceded": 9, "wickets": 0, "currentType": 1}, {"player": {"id": 101285, "objectId": 1122557, "name": "D Ravu", "longName": "Damien Ravu", "mobileName": "Ravu", "indexName": "Ravu, D", "battingName": "D Ravu", "fieldingName": "Ravu", "slug": "damien-ravu", "imageUrl": "/db/PICTURES/CMS/321100/321140.png", "headshotImageUrl": "/db/PICTURES/CMS/321100/321140.png", "dateOfBirth": {"year": 1994, "month": 5, "date": 3}, "dateOfDeath": null, "gender": "M", "battingStyles": ["rhb"], "bowlingStyles": ["rmf"], "longBattingStyles": ["right-hand bat"], "longBowlingStyles": ["right-arm medium-fast"], "image": {"id": 321140, "objectId": 1262668, "slug": "damien-apa-ravu-player-page-headshot-cutout-2021", "url": "/db/PICTURES/CMS/321100/321140.png", "width": 600, "height": 436, "caption": "Damien Apa Ravu player page headshot cutout, 2021", "longCaption": "Damien Apa Ravu player page headshot cutout, 2021", "credit": null, "photographer": null, "peerUrls": null}, "countryTeamId": 20, "playerRoleTypeIds": [4], "playingRoles": ["bowler"], "headshotImage": {"id": 321140, "objectId": 1262668, "slug": "damien-apa-ravu-player-page-headshot-cutout-2021", "url": "/db/PICTURES/CMS/321100/321140.png", "width": 600, "height": 436, "caption": "Damien Apa Ravu player page headshot cutout, 2021", "longCaption": "Damien Apa Ravu player page headshot cutout, 2021", "credit": null, "photographer": null, "peerUrls": {"FILM": null, "WIDE": null, "SQUARE": "/db/PICTURES/CMS/321100/321140.square.png"}}}, "overs": 1, "balls": 6, "maidens": 0, "conceded": 3, "wickets": 0, "currentType": 2}], "rollover": null}, "batsmanStatText": null, "bowlerStatText": null, "smartStats": []}]