[{"_uid": 35050521, "id": 35050521, "inningNumber": 2, "ballsActual": null, "ballsUnique": null, "oversUnique": 5.01, "oversActual": 5.1, "overNumber": 6, "ballNumber": 1, "totalRuns": 1, "batsmanRuns": 1, "isFour": false, "isSix": false, "isWicket": false, "dismissalType": null, "byes": 0, "legbyes": 0, "wides": 0, "noballs": 0, "penalties": 0, "wagonX": 128, "wagonY": 229, "wagonZone": 5, "pitchLine": "OUTSIDE_OFFSTUMP", "pitchLength": "FULL", "shotType": "ON_DRIVE", "shotControl": 1, "timestamp": "2021-10-20T12:08:49.000Z", "modified": "2021-10-20T12:08:52.000Z", "batsmanPlayerId": 53463, "bowlerPlayerId": 61845, "outPlayerId": null, "totalInningRuns": 36, "totalInningWickets": 1, "predictions": {"score": 155, "winProbability": 42.6}, "title": "van Beek to Williams", "dismissalText": null, "commentPreTextItems": null, "commentTextItems": [{"type": "HTML", "html": "full on off, punched wide of mid-off for one."}], "commentPostTextItems": null, "commentVideos": [], "commentImages": [], "events": [], "over": null, "batsmanStatText": null, "bowlerStatText": null, "smartStats": []}, {"_uid": 35050526, "id": 35050526, "inningNumber": 2, "ballsActual": null, "ballsUnique": null, "oversUnique": 5.02, "oversActual": 5.2, "overNumber": 6, "ballNumber": 2, "totalRuns": 1, "batsmanRuns": 1, "isFour": false, "isSix": false, "isWicket": false, "dismissalType": null, "byes": 0, "legbyes": 0, "wides": 0, "noballs": 0, "penalties": 0, "wagonX": 334, "wagonY": 209, "wagonZone": 3, "pitchLine": "ON_THE_STUMPS", "pitchLength": "GOOD_LENGTH", "shotType": "FLICK", "shotControl": 1, "timestamp": "2021-10-20T12:09:24.000Z", "modified": "2021-10-20T12:09:27.000Z", "batsmanPlayerId": 61771, "bowlerPlayerId": 61845, "outPlayerId": null, "totalInningRuns": 37, "totalInningWickets": 1, "predictions": {"score": 155, "winProbability": 42.53}, "title": "van Beek to Baard", "dismissalText": null, "commentPreTextItems": null, "commentTextItems": [{"type": "HTML", "html": "full on middle and off, flicked into midwicket."}], "commentPostTextItems": null, "commentVideos": [], "commentImages": [], "events": [], "over": null, "batsmanStatText": null, "bowlerStatText": null, "smartStats": []}, {"_uid": 35050530, "id": 35050530, "inningNumber": 2, "ballsActual": null, "ballsUnique": null, "oversUnique": 5.03, "oversActual": 5.3, "overNumber": 6, "ballNumber": 3, "totalRuns": 0, "batsmanRuns": 0, "isFour": false, "isSix": false, "isWicket": false, "dismissalType": null, "byes": 0, "legbyes": 0, "wides": 0, "noballs": 0, "penalties": 0, "wagonX": 121, "wagonY": 204, "wagonZone": 6, "pitchLine": "OUTSIDE_OFFSTUMP", "pitchLength": "SHORT_OF_A_GOOD_LENGTH", "shotType": "COVER_DRIVE", "shotControl": 1, "timestamp": "2021-10-20T12:09:59.000Z", "modified": "2021-10-20T12:10:02.000Z", "batsmanPlayerId": 53463, "bowlerPlayerId": 61845, "outPlayerId": null, "totalInningRuns": 37, "totalInningWickets": 1, "predictions": {"score": 154, "winProbability": 40.99}, "title": "van Beek to Williams", "dismissalText": null, "commentPreTextItems": null, "commentTextItems": [{"type": "HTML", "html": "back of a length on off, punched to extra cover."}], "commentPostTextItems": null, "commentVideos": [], "commentImages": [], "events": [], "over": null, "batsmanStatText": null, "bowlerStatText": null, "smartStats": []}, {"_uid": 35050534, "id": 35050534, "inningNumber": 2, "ballsActual": null, "ballsUnique": null, "oversUnique": 5.04, "oversActual": 5.4, "overNumber": 6, "ballNumber": 4, "totalRuns": 0, "batsmanRuns": 0, "isFour": false, "isSix": false, "isWicket": false, "dismissalType": null, "byes": 0, "legbyes": 0, "wides": 0, "noballs": 0, "penalties": 0, "wagonX": 138, "wagonY": 124, "wagonZone": 7, "pitchLine": "OUTSIDE_OFFSTUMP", "pitchLength": "SHORT_OF_A_GOOD_LENGTH", "shotType": "DAB", "shotControl": 1, "timestamp": "2021-10-20T12:10:38.000Z", "modified": "2021-10-20T12:10:41.000Z", "batsmanPlayerId": 53463, "bowlerPlayerId": 61845, "outPlayerId": null, "totalInningRuns": 37, "totalInningWickets": 1, "predictions": {"score": 152, "winProbability": 38.68}, "title": "van Beek to Williams", "dismissalText": null, "commentPreTextItems": null, "commentTextItems": [{"type": "HTML", "html": "back of a length on middle, defended to point."}], "commentPostTextItems": null, "commentVideos": [], "commentImages": [], "events": [], "over": null, "batsmanStatText": null, "bowlerStatText": null, "smartStats": []}, {"_uid": 35050536, "id": 35050536, "inningNumber": 2, "ballsActual": null, "ballsUnique": null, "oversUnique": 5.05, "oversActual": 5.5, "overNumber": 6, "ballNumber": 5, "totalRuns": 0, "batsmanRuns": 0, "isFour": false, "isSix": false, "isWicket": false, "dismissalType": null, "byes": 0, "legbyes": 0, "wides": 0, "noballs": 0, "penalties": 0, "wagonX": 0, "wagonY": 0, "wagonZone": 0, "pitchLine": "DOWN_LEG", "pitchLength": "GOOD_LENGTH", "shotType": "ON_DRIVE", "shotControl": 2, "timestamp": "2021-10-20T12:11:06.000Z", "modified": "2021-10-20T12:11:09.000Z", "batsmanPlayerId": 53463, "bowlerPlayerId": 61845, "outPlayerId": null, "totalInningRuns": 37, "totalInningWickets": 1, "predictions": {"score": 150, "winProbability": 36.4}, "title": "van Beek to Williams", "dismissalText": null, "commentPreTextItems": null, "commentTextItems": [{"type": "HTML", "html": "slower ball slanted into the legs, misses a heave to the leg side."}], "commentPostTextItems": null, "commentVideos": [], "commentImages": [], "events": [], "over": null, "batsmanStatText": null, "bowlerStatText": null, "smartStats": []}, {"_uid": 35050540, "id": 35050540, "inningNumber": 2, "ballsActual": null, "ballsUnique": null, "oversUnique": 5.06, "oversActual": 5.6, "overNumber": 6, "ballNumber": 6, "totalRuns": 4, "batsmanRuns": 4, "isFour": true, "isSix": false, "isWicket": false, "dismissalType": null, "byes": 0, "legbyes": 0, "wides": 0, "noballs": 0, "penalties": 0, "wagonX": 4, "wagonY": 214, "wagonZone": 6, "pitchLine": "OUTSIDE_OFFSTUMP", "pitchLength": "SHORT_OF_A_GOOD_LENGTH", "shotType": "CUT_SHOT", "shotControl": 1, "timestamp": "2021-10-20T12:11:40.000Z", "modified": "2021-10-20T12:11:43.000Z", "batsmanPlayerId": 53463, "bowlerPlayerId": 61845, "outPlayerId": null, "totalInningRuns": 41, "totalInningWickets": 1, "predictions": {"score": 153, "winProbability": 40.44}, "title": "van Beek to Williams", "dismissalText": null, "commentPreTextItems": null, "commentTextItems": [{"type": "HTML", "html": "back of a length outside off, slaps this through cover for a boundary to end the Powerplay."}], "commentPostTextItems": null, "commentVideos": [], "commentImages": [], "events": [], "over": {"team": {"id": 28, "objectId": 28, "scribeId": 28, "slug": "namibia", "name": "Namibia", "longName": "Namibia", "abbreviation": "NAM", "unofficialName": null, "imageUrl": "/db/PICTURES/CMS/313100/313148.logo.png", "isCountry": true, "primaryColor": null, "image": {"id": 313148, "objectId": 1241607, "slug": "namibia-logo", "url": "/db/PICTURES/CMS/313100/313148.logo.png", "width": 500, "height": 500, "caption": "Namibia logo", "longCaption": "Namibia logo", "credit": null, "photographer": null, "peerUrls": null}, "country": {"id": 28, "objectId": 28, "name": "Namibia", "shortName": "Namibia", "abbreviation": "NAM", "slug": "namibia"}}, "inningNumber": 2, "overNumber": 6, "overRuns": 6, "overWickets": 0, "totalRuns": 41, "totalWickets": 1, "target": 165, "overLimit": 20, "ballLimit": 120, "isMaiden": false, "isComplete": true, "isSuperOver": false, "overEndBatsmen": [{"player": {"id": 53463, "objectId": 316102, "name": "CG Williams", "longName": "Craig Williams", "mobileName": "Williams", "indexName": "Williams, CG", "battingName": "CG Williams", "fieldingName": "Williams", "slug": "craig-williams", "imageUrl": "/db/PICTURES/CMS/173100/173103.1.jpg", "headshotImageUrl": "/db/PICTURES/CMS/329700/329764.png", "dateOfBirth": {"year": 1984, "month": 2, "date": 25}, "dateOfDeath": null, "gender": "M", "battingStyles": ["rhb"], "bowlingStyles": ["rm"], "longBattingStyles": ["right-hand bat"], "longBowlingStyles": ["right-arm medium"], "image": {"id": 173103, "objectId": 694975, "slug": "craig-williams", "url": "/db/PICTURES/CMS/173100/173103.1.jpg", "width": 160, "height": 192, "caption": "Craig Williams", "longCaption": "Craig Williams", "credit": "International Cricket Council", "photographer": null, "peerUrls": null}, "countryTeamId": 28, "playerRoleTypeIds": [2], "playingRoles": ["top-order batter"], "headshotImage": {"id": 329764, "objectId": 1286765, "slug": "craig-williams-player-page-headshot-cutout-2021", "url": "/db/PICTURES/CMS/329700/329764.png", "width": 600, "height": 436, "caption": "Craig Williams player page headshot cutout 2021", "longCaption": "Craig Williams player page headshot cutout 2021", "credit": null, "photographer": null, "peerUrls": {"FILM": null, "WIDE": null, "SQUARE": "/db/PICTURES/CMS/329700/329764.square.png"}}}, "runs": 6, "balls": 8, "fours": 1, "sixes": 0}, {"player": {"id": 61771, "objectId": 437927, "name": "SJ Baard", "longName": "Stephan Baard", "mobileName": "Baard", "indexName": "Baard, SJ", "battingName": "SJ Baard", "fieldingName": "Baard", "slug": "stephan-baard", "imageUrl": "/db/PICTURES/CMS/173100/173119.1.jpg", "headshotImageUrl": "/db/PICTURES/CMS/329700/329756.png", "dateOfBirth": {"year": 1992, "month": 4, "date": 29}, "dateOfDeath": null, "gender": "M", "battingStyles": ["rhb"], "bowlingStyles": ["rmf"], "longBattingStyles": ["right-hand bat"], "longBowlingStyles": ["right-arm medium-fast"], "image": {"id": 173119, "objectId": 694991, "slug": "stephan-baard", "url": "/db/PICTURES/CMS/173100/173119.1.jpg", "width": 160, "height": 192, "caption": "Stephan Baard", "longCaption": "Stephan Baard", "credit": "International Cricket Council", "photographer": null, "peerUrls": null}, "countryTeamId": 28, "playerRoleTypeIds": [8], "playingRoles": ["batter"], "headshotImage": {"id": 329756, "objectId": 1286755, "slug": "stephan-baard-player-page-headshot-cutout-2021", "url": "/db/PICTURES/CMS/329700/329756.png", "width": 600, "height": 436, "caption": "Stephan Baard player page headshot cutout 2021", "longCaption": "Stephan Baard player page headshot cutout 2021", "credit": null, "photographer": null, "peerUrls": {"FILM": null, "WIDE": null, "SQUARE": "/db/PICTURES/CMS/329700/329756.square.png"}}}, "runs": 18, "balls": 16, "fours": 3, "sixes": 0}], "overEndBowlers": [{"player": {"id": 61845, "objectId": 440522, "name": "LV van Beek", "longName": "Logan van Beek", "mobileName": "van Beek", "indexName": "van Beek, LV", "battingName": "LV van Beek", "fieldingName": "van Beek", "slug": "logan-van-beek", "imageUrl": "/db/PICTURES/CMS/329300/329356.4.jpg", "headshotImageUrl": "/db/PICTURES/CMS/331100/331170.png", "dateOfBirth": {"year": 1990, "month": 9, "date": 7}, "dateOfDeath": null, "gender": "M", "battingStyles": ["rhb"], "bowlingStyles": ["rmf"], "longBattingStyles": ["right-hand bat"], "longBowlingStyles": ["right-arm medium-fast"], "image": {"id": 329356, "objectId": 1285455, "slug": "logan-van-beek-player-portrait", "url": "/db/PICTURES/CMS/329300/329356.4.jpg", "width": 160, "height": 258, "caption": "Logan van Beek, player portrait", "longCaption": "Logan van Beek, player portrait", "credit": "ICC/Getty Images", "photographer": "Matthew Lewis", "peerUrls": null}, "countryTeamId": 15, "playerRoleTypeIds": [4], "playingRoles": ["bowler"], "headshotImage": {"id": 331170, "objectId": 1291512, "slug": "logan-van-beek-player-page-headshot-cutout-2021", "url": "/db/PICTURES/CMS/331100/331170.png", "width": 600, "height": 436, "caption": "Logan van Beek player page headshot cutout 2021", "longCaption": "Logan van Beek player page headshot cutout 2021", "credit": null, "photographer": null, "peerUrls": {"FILM": null, "WIDE": null, "SQUARE": "/db/PICTURES/CMS/331100/331170.square.png"}}}, "overs": 2, "balls": 12, "maidens": 0, "conceded": 16, "wickets": 0, "currentType": 1}, {"player": {"id": 97878, "objectId": 1104703, "name": "FJ Klaassen", "longName": "Fred Klaassen", "mobileName": "Klaassen", "indexName": "Klaassen, FJ", "battingName": "FJ Klaassen", "fieldingName": "Klaassen", "slug": "fred-klaassen", "imageUrl": "/db/PICTURES/CMS/279800/279855.1.jpg", "headshotImageUrl": "/db/PICTURES/CMS/324200/324241.png", "dateOfBirth": {"year": 1992, "month": 11, "date": 13}, "dateOfDeath": null, "gender": "M", "battingStyles": ["rhb"], "bowlingStyles": ["lfm"], "longBattingStyles": ["right-hand bat"], "longBowlingStyles": ["left-arm fast-medium"], "image": {"id": 279855, "objectId": 1158288, "slug": "fred-klaasen-player-portrait", "url": "/db/PICTURES/CMS/279800/279855.1.jpg", "width": 160, "height": 221, "caption": "Fred Klaasen player portrait", "longCaption": "Fred Klaasen player portrait", "credit": "Fred Klaasen", "photographer": null, "peerUrls": null}, "countryTeamId": 15, "playerRoleTypeIds": [4], "playingRoles": ["bowler"], "headshotImage": {"id": 324241, "objectId": 1269047, "slug": "fred-klaassen-player-page-headshot-cutout-2021", "url": "/db/PICTURES/CMS/324200/324241.png", "width": 600, "height": 436, "caption": "Fred Klaassen player page headshot cutout, 2021", "longCaption": "Fred Klaassen player page headshot cutout, 2021", "credit": null, "photographer": null, "peerUrls": {"FILM": null, "WIDE": null, "SQUARE": "/db/PICTURES/CMS/324200/324241.square.png"}}}, "overs": 2, "balls": 12, "maidens": 0, "conceded": 4, "wickets": 1, "currentType": 2}], "rollover": null}, "batsmanStatText": null, "bowlerStatText": null, "smartStats": []}, {"_uid": 35050547, "id": 35050547, "inningNumber": 2, "ballsActual": null, "ballsUnique": null, "oversUnique": 6.01, "oversActual": 6.1, "overNumber": 7, "ballNumber": 1, "totalRuns": 0, "batsmanRuns": 0, "isFour": false, "isSix": false, "isWicket": false, "dismissalType": null, "byes": 0, "legbyes": 0, "wides": 0, "noballs": 0, "penalties": 0, "wagonX": 192, "wagonY": 195, "wagonZone": 4, "pitchLine": "ON_THE_STUMPS", "pitchLength": "GOOD_LENGTH", "shotType": "PUSH", "shotControl": 1, "timestamp": "2021-10-20T12:13:08.000Z", "modified": "2021-10-20T12:13:13.000Z", "batsmanPlayerId": 61771, "bowlerPlayerId": 47391, "outPlayerId": null, "totalInningRuns": 41, "totalInningWickets": 1, "predictions": {"score": 154, "winProbability": 40.47}, "title": "van der Merwe to Baard", "dismissalText": null, "commentPreTextItems": [{"type": "HTML", "html": "Roelof van der Merwe comes into the attack to bowl his left-arm spin after the Powerplay."}], "commentTextItems": [{"type": "HTML", "html": "full on middle and off, defended."}], "commentPostTextItems": null, "commentVideos": [], "commentImages": [], "events": [], "over": null, "batsmanStatText": null, "bowlerStatText": null, "smartStats": []}, {"_uid": 35050549, "id": 35050549, "inningNumber": 2, "ballsActual": null, "ballsUnique": null, "oversUnique": 6.02, "oversActual": 6.2, "overNumber": 7, "ballNumber": 2, "totalRuns": 1, "batsmanRuns": 1, "isFour": false, "isSix": false, "isWicket": false, "dismissalType": null, "byes": 0, "legbyes": 0, "wides": 0, "noballs": 0, "penalties": 0, "wagonX": 157, "wagonY": 104, "wagonZone": 8, "pitchLine": "OUTSIDE_OFFSTUMP", "pitchLength": "FULL", "shotType": "REVERSE_SWEEP", "shotControl": 1, "timestamp": "2021-10-20T12:13:39.000Z", "modified": "2021-10-20T12:13:43.000Z", "batsmanPlayerId": 61771, "bowlerPlayerId": 47391, "outPlayerId": null, "totalInningRuns": 42, "totalInningWickets": 1, "predictions": {"score": 153, "winProbability": 39.61}, "title": "van der Merwe to Baard", "dismissalText": null, "commentPreTextItems": null, "commentTextItems": [{"type": "HTML", "html": "reverse sweep comes out to a ball full on fourth stump, gets it fine and stopped by a dive at short third man. They think about a second initially but Myburgh recovers well enough to prevent that."}], "commentPostTextItems": null, "commentVideos": [], "commentImages": [], "events": [], "over": null, "batsmanStatText": null, "bowlerStatText": null, "smartStats": []}, {"_uid": 35050552, "id": 35050552, "inningNumber": 2, "ballsActual": null, "ballsUnique": null, "oversUnique": 6.03, "oversActual": 6.3, "overNumber": 7, "ballNumber": 3, "totalRuns": 2, "batsmanRuns": 2, "isFour": false, "isSix": false, "isWicket": false, "dismissalType": null, "byes": 0, "legbyes": 0, "wides": 0, "noballs": 0, "penalties": 0, "wagonX": 52, "wagonY": 211, "wagonZone": 6, "pitchLine": "ON_THE_STUMPS", "pitchLength": "GOOD_LENGTH", "shotType": "CUT_SHOT", "shotControl": 1, "timestamp": "2021-10-20T12:14:16.000Z", "modified": "2021-10-20T12:14:19.000Z", "batsmanPlayerId": 53463, "bowlerPlayerId": 47391, "outPlayerId": null, "totalInningRuns": 44, "totalInningWickets": 1, "predictions": {"score": 154, "winProbability": 41.02}, "title": "van der Merwe to Williams", "dismissalText": null, "commentPreTextItems": null, "commentTextItems": [{"type": "HTML", "html": "good length ball on off stump, punched to cover."}], "commentPostTextItems": null, "commentVideos": [], "commentImages": [], "events": [], "over": null, "batsmanStatText": null, "bowlerStatText": null, "smartStats": []}, {"_uid": 35050554, "id": 35050554, "inningNumber": 2, "ballsActual": null, "ballsUnique": null, "oversUnique": 6.04, "oversActual": 6.4, "overNumber": 7, "ballNumber": 4, "totalRuns": 0, "batsmanRuns": 0, "isFour": false, "isSix": false, "isWicket": false, "dismissalType": null, "byes": 0, "legbyes": 0, "wides": 0, "noballs": 0, "penalties": 0, "wagonX": 131, "wagonY": 192, "wagonZone": 6, "pitchLine": "OUTSIDE_OFFSTUMP", "pitchLength": "GOOD_LENGTH", "shotType": "COVER_DRIVE", "shotControl": 1, "timestamp": "2021-10-20T12:14:46.000Z", "modified": "2021-10-20T12:14:49.000Z", "batsmanPlayerId": 53463, "bowlerPlayerId": 47391, "outPlayerId": null, "totalInningRuns": 44, "totalInningWickets": 1, "predictions": {"score": 154, "winProbability": 40.22}, "title": "van der Merwe to Williams", "dismissalText": null, "commentPreTextItems": null, "commentTextItems": [{"type": "HTML", "html": "good length ball on fifth stump, punched to extra cover."}], "commentPostTextItems": null, "commentVideos": [], "commentImages": [], "events": [], "over": null, "batsmanStatText": null, "bowlerStatText": null, "smartStats": []}, {"_uid": 35050556, "id": 35050556, "inningNumber": 2, "ballsActual": null, "ballsUnique": null, "oversUnique": 6.05, "oversActual": 6.5, "overNumber": 7, "ballNumber": 5, "totalRuns": 2, "batsmanRuns": 2, "isFour": false, "isSix": false, "isWicket": false, "dismissalType": null, "byes": 0, "legbyes": 0, "wides": 0, "noballs": 0, "penalties": 0, "wagonX": 258, "wagonY": 305, "wagonZone": 4, "pitchLine": "ON_THE_STUMPS", "pitchLength": "FULL", "shotType": "ON_DRIVE", "shotControl": 1, "timestamp": "2021-10-20T12:15:09.000Z", "modified": "2021-10-20T12:15:12.000Z", "batsmanPlayerId": 53463, "bowlerPlayerId": 47391, "outPlayerId": null, "totalInningRuns": 46, "totalInningWickets": 1, "predictions": {"score": 154, "winProbability": 40.84}, "title": "van der Merwe to Williams", "dismissalText": null, "commentPreTextItems": null, "commentTextItems": [{"type": "HTML", "html": "full on middle, flicked to wide long-on for a well placed and well run pair."}], "commentPostTextItems": null, "commentVideos": [], "commentImages": [], "events": [], "over": null, "batsmanStatText": null, "bowlerStatText": null, "smartStats": []}, {"_uid": 35050559, "id": 35050559, "inningNumber": 2, "ballsActual": null, "ballsUnique": null, "oversUnique": 6.06, "oversActual": 6.6, "overNumber": 7, "ballNumber": 6, "totalRuns": 1, "batsmanRuns": 1, "isFour": false, "isSix": false, "isWicket": false, "dismissalType": null, "byes": 0, "legbyes": 0, "wides": 0, "noballs": 0, "penalties": 0, "wagonX": 83, "wagonY": 211, "wagonZone": 6, "pitchLine": "OUTSIDE_OFFSTUMP", "pitchLength": "GOOD_LENGTH", "shotType": "PUSH", "shotControl": 1, "timestamp": "2021-10-20T12:15:35.000Z", "modified": "2021-10-20T12:15:38.000Z", "batsmanPlayerId": 53463, "bowlerPlayerId": 47391, "outPlayerId": null, "totalInningRuns": 47, "totalInningWickets": 1, "predictions": {"score": 155, "winProbability": 42}, "title": "van der Merwe to Williams", "dismissalText": null, "commentPreTextItems": null, "commentTextItems": [{"type": "HTML", "html": "good length ball on off, tapped through extra cover for one."}], "commentPostTextItems": null, "commentVideos": [], "commentImages": [], "events": [], "over": {"team": {"id": 28, "objectId": 28, "scribeId": 28, "slug": "namibia", "name": "Namibia", "longName": "Namibia", "abbreviation": "NAM", "unofficialName": null, "imageUrl": "/db/PICTURES/CMS/313100/313148.logo.png", "isCountry": true, "primaryColor": null, "image": {"id": 313148, "objectId": 1241607, "slug": "namibia-logo", "url": "/db/PICTURES/CMS/313100/313148.logo.png", "width": 500, "height": 500, "caption": "Namibia logo", "longCaption": "Namibia logo", "credit": null, "photographer": null, "peerUrls": null}, "country": {"id": 28, "objectId": 28, "name": "Namibia", "shortName": "Namibia", "abbreviation": "NAM", "slug": "namibia"}}, "inningNumber": 2, "overNumber": 7, "overRuns": 6, "overWickets": 0, "totalRuns": 47, "totalWickets": 1, "target": 165, "overLimit": 20, "ballLimit": 120, "isMaiden": false, "isComplete": true, "isSuperOver": false, "overEndBatsmen": [{"player": {"id": 53463, "objectId": 316102, "name": "CG Williams", "longName": "Craig Williams", "mobileName": "Williams", "indexName": "Williams, CG", "battingName": "CG Williams", "fieldingName": "Williams", "slug": "craig-williams", "imageUrl": "/db/PICTURES/CMS/173100/173103.1.jpg", "headshotImageUrl": "/db/PICTURES/CMS/329700/329764.png", "dateOfBirth": {"year": 1984, "month": 2, "date": 25}, "dateOfDeath": null, "gender": "M", "battingStyles": ["rhb"], "bowlingStyles": ["rm"], "longBattingStyles": ["right-hand bat"], "longBowlingStyles": ["right-arm medium"], "image": {"id": 173103, "objectId": 694975, "slug": "craig-williams", "url": "/db/PICTURES/CMS/173100/173103.1.jpg", "width": 160, "height": 192, "caption": "Craig Williams", "longCaption": "Craig Williams", "credit": "International Cricket Council", "photographer": null, "peerUrls": null}, "countryTeamId": 28, "playerRoleTypeIds": [2], "playingRoles": ["top-order batter"], "headshotImage": {"id": 329764, "objectId": 1286765, "slug": "craig-williams-player-page-headshot-cutout-2021", "url": "/db/PICTURES/CMS/329700/329764.png", "width": 600, "height": 436, "caption": "Craig Williams player page headshot cutout 2021", "longCaption": "Craig Williams player page headshot cutout 2021", "credit": null, "photographer": null, "peerUrls": {"FILM": null, "WIDE": null, "SQUARE": "/db/PICTURES/CMS/329700/329764.square.png"}}}, "runs": 11, "balls": 12, "fours": 1, "sixes": 0}, {"player": {"id": 61771, "objectId": 437927, "name": "SJ Baard", "longName": "Stephan Baard", "mobileName": "Baard", "indexName": "Baard, SJ", "battingName": "SJ Baard", "fieldingName": "Baard", "slug": "stephan-baard", "imageUrl": "/db/PICTURES/CMS/173100/173119.1.jpg", "headshotImageUrl": "/db/PICTURES/CMS/329700/329756.png", "dateOfBirth": {"year": 1992, "month": 4, "date": 29}, "dateOfDeath": null, "gender": "M", "battingStyles": ["rhb"], "bowlingStyles": ["rmf"], "longBattingStyles": ["right-hand bat"], "longBowlingStyles": ["right-arm medium-fast"], "image": {"id": 173119, "objectId": 694991, "slug": "stephan-baard", "url": "/db/PICTURES/CMS/173100/173119.1.jpg", "width": 160, "height": 192, "caption": "Stephan Baard", "longCaption": "Stephan Baard", "credit": "International Cricket Council", "photographer": null, "peerUrls": null}, "countryTeamId": 28, "playerRoleTypeIds": [8], "playingRoles": ["batter"], "headshotImage": {"id": 329756, "objectId": 1286755, "slug": "stephan-baard-player-page-headshot-cutout-2021", "url": "/db/PICTURES/CMS/329700/329756.png", "width": 600, "height": 436, "caption": "Stephan Baard player page headshot cutout 2021", "longCaption": "Stephan Baard player page headshot cutout 2021", "credit": null, "photographer": null, "peerUrls": {"FILM": null, "WIDE": null, "SQUARE": "/db/PICTURES/CMS/329700/329756.square.png"}}}, "runs": 19, "balls": 18, "fours": 3, "sixes": 0}], "overEndBowlers": [{"player": {"id": 47391, "objectId": 47850, "name": "RE van der Merwe", "longName": "Roelof van der Merwe", "mobileName": "van der Merwe", "indexName": "van der Merwe, RE", "battingName": "RE van der Merwe", "fieldingName": "van der Merwe", "slug": "roelof-van-der-merwe", "imageUrl": "/db/PICTURES/CMS/217400/217463.1.jpg", "headshotImageUrl": "/db/PICTURES/CMS/322500/322596.png", "dateOfBirth": {"year": 1984, "month": 12, "date": 31}, "dateOfDeath": null, "gender": "M", "battingStyles": ["rhb"], "bowlingStyles": ["sla"], "longBattingStyles": ["right-hand bat"], "longBowlingStyles": ["slow left-arm orthodox"], "image": {"id": 217463, "objectId": 897489, "slug": "roelof-van-der-merwe", "url": "/db/PICTURES/CMS/217400/217463.1.jpg", "width": 160, "height": 191, "caption": "Roelof van der Merwe", "longCaption": "Roelof van der Merwe", "credit": "KNCB", "photographer": null, "peerUrls": null}, "countryTeamId": 15, "playerRoleTypeIds": [11], "playingRoles": ["bowling allrounder"], "headshotImage": {"id": 322596, "objectId": 1265452, "slug": "roelof-van-der-merwe-player-page-headshot-cutout-2021", "url": "/db/PICTURES/CMS/322500/322596.png", "width": 600, "height": 436, "caption": "Roelof van Der Merwe player page headshot cutout, 2021", "longCaption": "Roelof van Der Merwe player page headshot cutout, 2021", "credit": null, "photographer": null, "peerUrls": {"FILM": null, "WIDE": null, "SQUARE": "/db/PICTURES/CMS/322500/322596.square.png"}}}, "overs": 1, "balls": 6, "maidens": 0, "conceded": 6, "wickets": 0, "currentType": 1}, {"player": {"id": 61845, "objectId": 440522, "name": "LV van Beek", "longName": "Logan van Beek", "mobileName": "van Beek", "indexName": "van Beek, LV", "battingName": "LV van Beek", "fieldingName": "van Beek", "slug": "logan-van-beek", "imageUrl": "/db/PICTURES/CMS/329300/329356.4.jpg", "headshotImageUrl": "/db/PICTURES/CMS/331100/331170.png", "dateOfBirth": {"year": 1990, "month": 9, "date": 7}, "dateOfDeath": null, "gender": "M", "battingStyles": ["rhb"], "bowlingStyles": ["rmf"], "longBattingStyles": ["right-hand bat"], "longBowlingStyles": ["right-arm medium-fast"], "image": {"id": 329356, "objectId": 1285455, "slug": "logan-van-beek-player-portrait", "url": "/db/PICTURES/CMS/329300/329356.4.jpg", "width": 160, "height": 258, "caption": "Logan van Beek, player portrait", "longCaption": "Logan van Beek, player portrait", "credit": "ICC/Getty Images", "photographer": "Matthew Lewis", "peerUrls": null}, "countryTeamId": 15, "playerRoleTypeIds": [4], "playingRoles": ["bowler"], "headshotImage": {"id": 331170, "objectId": 1291512, "slug": "logan-van-beek-player-page-headshot-cutout-2021", "url": "/db/PICTURES/CMS/331100/331170.png", "width": 600, "height": 436, "caption": "Logan van Beek player page headshot cutout 2021", "longCaption": "Logan van Beek player page headshot cutout 2021", "credit": null, "photographer": null, "peerUrls": {"FILM": null, "WIDE": null, "SQUARE": "/db/PICTURES/CMS/331100/331170.square.png"}}}, "overs": 2, "balls": 12, "maidens": 0, "conceded": 16, "wickets": 0, "currentType": 2}], "rollover": null}, "batsmanStatText": null, "bowlerStatText": null, "smartStats": []}]