[{"_uid": 35072649, "id": 35072649, "inningNumber": 1, "ballsActual": null, "ballsUnique": null, "oversUnique": 15.01, "oversActual": 15.1, "overNumber": 16, "ballNumber": 1, "totalRuns": 0, "batsmanRuns": 0, "isFour": false, "isSix": false, "isWicket": false, "dismissalType": null, "byes": 0, "legbyes": 0, "wides": 0, "noballs": 0, "penalties": 0, "wagonX": 188, "wagonY": 200, "wagonZone": 4, "pitchLine": "OUTSIDE_OFFSTUMP", "pitchLength": "SHORT_OF_A_GOOD_LENGTH", "shotType": "PUSH", "shotControl": 1, "timestamp": "2021-10-24T15:19:24.000Z", "modified": "2021-10-24T15:19:27.000Z", "batsmanPlayerId": 49752, "bowlerPlayerId": 72719, "outPlayerId": null, "totalInningRuns": 100, "totalInningWickets": 4, "predictions": {"score": 148, "winProbability": 36.46}, "title": "Hasan Ali to Kohli", "dismissalText": null, "commentPreTextItems": [{"type": "HTML", "html": "Chris: \"Ishan should be in there on form anyway. Rohit and Sky been poor all year. Ishan takes the pressure off Rahul\" -- A problem of plenty. No right or wrong answers."}, {"type": "HTML", "html": "Moiz: \"Haris Rauf is bowling with serious pace. Bowling consistently over 145 kph is not an easy job.\""}, {"type": "HTML", "html": "NAUMAN: \"Bowling that extra over of Shaheen was gutsy call by Babar, but it may hurt Pakistan at death. Haris can't be trusted for 2 overs in last 4-5.\""}], "commentTextItems": [{"type": "HTML", "html": "ooh, well bowled. Saw Kohli looking to step out, and hit the pitch hard on a shortish length outside off, got it to rise uncomfortably. Tries to use his wrists to play that to long-on, but it hits the high part of the bat and bounces feebly down in front of the bowler"}], "commentPostTextItems": null, "commentVideos": [], "commentImages": [], "events": [], "over": null, "batsmanStatText": null, "bowlerStatText": null, "smartStats": []}, {"_uid": 35072650, "id": 35072650, "inningNumber": 1, "ballsActual": null, "ballsUnique": null, "oversUnique": 15.02, "oversActual": 15.2, "overNumber": 16, "ballNumber": 2, "totalRuns": 4, "batsmanRuns": 4, "isFour": true, "isSix": false, "isWicket": false, "dismissalType": null, "byes": 0, "legbyes": 0, "wides": 0, "noballs": 0, "penalties": 0, "wagonX": 252, "wagonY": 15, "wagonZone": 1, "pitchLine": "ON_THE_STUMPS", "pitchLength": "SHORT_OF_A_GOOD_LENGTH", "shotType": "PULL", "shotControl": 1, "timestamp": "2021-10-24T15:20:08.000Z", "modified": "2021-10-24T15:20:11.000Z", "batsmanPlayerId": 49752, "bowlerPlayerId": 72719, "outPlayerId": null, "totalInningRuns": 104, "totalInningWickets": 4, "predictions": {"score": 149, "winProbability": 37.51}, "title": "Hasan Ali to Kohli", "dismissalText": null, "commentPreTextItems": null, "commentTextItems": [{"type": "HTML", "html": "poor ball. Shortish, angling down leg, and fine leg is inside the circle. Kohli turns his wrists over on top of the bounce and whips it to the left of the fielder"}], "commentPostTextItems": null, "commentVideos": [], "commentImages": [], "events": [], "over": null, "batsmanStatText": null, "bowlerStatText": null, "smartStats": []}, {"_uid": 35072651, "id": 35072651, "inningNumber": 1, "ballsActual": null, "ballsUnique": null, "oversUnique": 15.03, "oversActual": 15.3, "overNumber": 16, "ballNumber": 3, "totalRuns": 0, "batsmanRuns": 0, "isFour": false, "isSix": false, "isWicket": false, "dismissalType": null, "byes": 0, "legbyes": 0, "wides": 0, "noballs": 0, "penalties": 0, "wagonX": 0, "wagonY": 0, "wagonZone": 0, "pitchLine": "OUTSIDE_OFFSTUMP", "pitchLength": "SHORT_OF_A_GOOD_LENGTH", "shotType": "CUT_SHOT", "shotControl": 2, "timestamp": "2021-10-24T15:20:36.000Z", "modified": "2021-10-24T15:20:39.000Z", "batsmanPlayerId": 49752, "bowlerPlayerId": 72719, "outPlayerId": null, "totalInningRuns": 104, "totalInningWickets": 4, "predictions": {"score": 148, "winProbability": 36.46}, "title": "Hasan Ali to Kohli", "dismissalText": null, "commentPreTextItems": null, "commentTextItems": [{"type": "HTML", "html": "extra bounce outside off, beats Kohli's edge as he tries to run that down to deep third"}], "commentPostTextItems": null, "commentVideos": [], "commentImages": [], "events": [], "over": null, "batsmanStatText": null, "bowlerStatText": null, "smartStats": []}, {"_uid": 35072652, "id": 35072652, "inningNumber": 1, "ballsActual": null, "ballsUnique": null, "oversUnique": 15.04, "oversActual": 15.4, "overNumber": 16, "ballNumber": 4, "totalRuns": 4, "batsmanRuns": 4, "isFour": true, "isSix": false, "isWicket": false, "dismissalType": null, "byes": 0, "legbyes": 0, "wides": 0, "noballs": 0, "penalties": 0, "wagonX": 22, "wagonY": 284, "wagonZone": 6, "pitchLine": "OUTSIDE_OFFSTUMP", "pitchLength": "FULL", "shotType": "COVER_DRIVE", "shotControl": 1, "timestamp": "2021-10-24T15:21:29.000Z", "modified": "2021-10-24T15:21:33.000Z", "batsmanPlayerId": 49752, "bowlerPlayerId": 72719, "outPlayerId": null, "totalInningRuns": 108, "totalInningWickets": 4, "predictions": {"score": 150, "winProbability": 38.57}, "title": "Hasan Ali to Kohli", "dismissalText": null, "commentPreTextItems": null, "commentTextItems": [{"type": "HTML", "html": "full outside off, and Kohli threads his favourite gap. Strides forward and just jabs that drive to the right of the diving extra-cover fielder. Mid-off chases back, but he has no chance"}], "commentPostTextItems": null, "commentVideos": [], "commentImages": [], "events": [], "over": null, "batsmanStatText": null, "bowlerStatText": null, "smartStats": []}, {"_uid": 35072653, "id": 35072653, "inningNumber": 1, "ballsActual": null, "ballsUnique": null, "oversUnique": 15.05, "oversActual": 15.5, "overNumber": 16, "ballNumber": 5, "totalRuns": 1, "batsmanRuns": 1, "isFour": false, "isSix": false, "isWicket": false, "dismissalType": null, "byes": 0, "legbyes": 0, "wides": 0, "noballs": 0, "penalties": 0, "wagonX": 72, "wagonY": 232, "wagonZone": 6, "pitchLine": "OUTSIDE_OFFSTUMP", "pitchLength": "GOOD_LENGTH", "shotType": "COVER_DRIVE", "shotControl": 1, "timestamp": "2021-10-24T15:22:37.000Z", "modified": "2021-10-24T15:22:41.000Z", "batsmanPlayerId": 49752, "bowlerPlayerId": 72719, "outPlayerId": null, "totalInningRuns": 109, "totalInningWickets": 4, "predictions": {"score": 150, "winProbability": 38.57}, "title": "Hasan Ali to Kohli", "dismissalText": null, "commentPreTextItems": null, "commentTextItems": [{"type": "HTML", "html": "slower length ball outside off, punched to deep cover point"}], "commentPostTextItems": null, "commentVideos": [], "commentImages": [], "events": [], "over": null, "batsmanStatText": null, "bowlerStatText": null, "smartStats": []}, {"_uid": 35072654, "id": 35072654, "inningNumber": 1, "ballsActual": null, "ballsUnique": null, "oversUnique": 15.06, "oversActual": 15.6, "overNumber": 16, "ballNumber": 6, "totalRuns": 1, "batsmanRuns": 1, "isFour": false, "isSix": false, "isWicket": false, "dismissalType": null, "byes": 0, "legbyes": 0, "wides": 0, "noballs": 0, "penalties": 0, "wagonX": 292, "wagonY": 206, "wagonZone": 3, "pitchLine": "OUTSIDE_OFFSTUMP", "pitchLength": "GOOD_LENGTH", "shotType": "COVER_DRIVE", "shotControl": 1, "timestamp": "2021-10-24T15:22:46.000Z", "modified": "2021-10-24T15:22:49.000Z", "batsmanPlayerId": 49247, "bowlerPlayerId": 72719, "outPlayerId": null, "totalInningRuns": 110, "totalInningWickets": 4, "predictions": {"score": 149, "winProbability": 37.51}, "title": "Hasan Ali to Jadeja", "dismissalText": null, "commentPreTextItems": [{"type": "HTML", "html": "Around the wicket to Jadeja."}], "commentTextItems": [{"type": "HTML", "html": "shortish, gets it to climb steeply and cramp Jadeja for room over off stump. Hops to ride the bounce and dabs it square on the off side"}], "commentPostTextItems": null, "commentVideos": [], "commentImages": [], "events": [], "over": {"team": {"id": 6, "objectId": 6, "scribeId": 6, "slug": "india", "name": "India", "longName": "India", "abbreviation": "IND", "unofficialName": "", "imageUrl": "/db/PICTURES/CMS/313100/313128.logo.png", "isCountry": true, "primaryColor": "#050ceb", "image": {"id": 313128, "objectId": 1241587, "slug": "india-logo", "url": "/db/PICTURES/CMS/313100/313128.logo.png", "width": 500, "height": 500, "caption": "India logo", "longCaption": "India logo", "credit": null, "photographer": null, "peerUrls": null}, "country": {"id": 6, "objectId": 6, "name": "India", "shortName": "India", "abbreviation": "IND", "slug": "india"}}, "inningNumber": 1, "overNumber": 16, "overRuns": 10, "overWickets": 0, "totalRuns": 110, "totalWickets": 4, "target": 0, "overLimit": 20, "ballLimit": 120, "isMaiden": false, "isComplete": true, "isSuperOver": false, "overEndBatsmen": [{"player": {"id": 49247, "objectId": 234675, "name": "RA Jadeja", "longName": "Ravindra Jadeja", "mobileName": "Jadeja", "indexName": "Jadeja, RA", "battingName": "RA Jadeja", "fieldingName": "Jadeja", "slug": "ravindra-jadeja", "imageUrl": "/db/PICTURES/CMS/302300/302394.jpg", "headshotImageUrl": "/db/PICTURES/CMS/316600/316600.png", "dateOfBirth": {"year": 1988, "month": 12, "date": 6}, "dateOfDeath": null, "gender": "M", "battingStyles": ["lhb"], "bowlingStyles": ["sla"], "longBattingStyles": ["left-hand bat"], "longBowlingStyles": ["slow left-arm orthodox"], "image": {"id": 302394, "objectId": 1220591, "slug": "ravindra-jadeja-portrait", "url": "/db/PICTURES/CMS/302300/302394.jpg", "width": 160, "height": 200, "caption": "Ravindra Jadeja portrait", "longCaption": "Ravindra Jadeja portrait, April 2020", "credit": "Getty Images", "photographer": null, "peerUrls": null}, "countryTeamId": 6, "playerRoleTypeIds": [5], "playingRoles": ["allrounder"], "headshotImage": {"id": 316600, "objectId": 1251230, "slug": "ra-jadeja-headshot", "url": "/db/PICTURES/CMS/316600/316600.png", "width": 600, "height": 436, "caption": "RA Jadeja headshot", "longCaption": "RA Jadeja headshot", "credit": null, "photographer": null, "peerUrls": {"FILM": null, "WIDE": null, "SQUARE": null}}}, "runs": 7, "balls": 9, "fours": 0, "sixes": 0}, {"player": {"id": 49752, "objectId": 253802, "name": "V Kohli", "longName": "Virat Kohli", "mobileName": "Kohli", "indexName": "Kohli, V", "battingName": "V Kohli", "fieldingName": "Kohli", "slug": "virat-kohli", "imageUrl": "/db/PICTURES/CMS/289000/289002.1.jpg", "headshotImageUrl": "/db/PICTURES/CMS/316600/316605.png", "dateOfBirth": {"year": 1988, "month": 11, "date": 5}, "dateOfDeath": null, "gender": "M", "battingStyles": ["rhb"], "bowlingStyles": ["rm"], "longBattingStyles": ["right-hand bat"], "longBowlingStyles": ["right-arm medium"], "image": {"id": 289002, "objectId": 1183835, "slug": "virat-kohli-player-portrait", "url": "/db/PICTURES/CMS/289000/289002.1.jpg", "width": 160, "height": 210, "caption": "Virat Kohli player portrait", "longCaption": "Virat Kohli player portrait", "credit": "Getty Images", "photographer": null, "peerUrls": null}, "countryTeamId": 6, "playerRoleTypeIds": [2], "playingRoles": ["top-order batter"], "headshotImage": {"id": 316605, "objectId": 1251236, "slug": "v-kohli-headshot", "url": "/db/PICTURES/CMS/316600/316605.png", "width": 600, "height": 436, "caption": "V Kohli headshot", "longCaption": "V Kohli headshot", "credit": null, "photographer": null, "peerUrls": {"FILM": null, "WIDE": null, "SQUARE": null}}}, "runs": 46, "balls": 40, "fours": 4, "sixes": 1}], "overEndBowlers": [{"player": {"id": 72719, "objectId": 681305, "name": "Hasan Ali", "longName": "Hasan Ali", "mobileName": "Hasan Ali", "indexName": "Hasan Ali", "battingName": "Hasan Ali", "fieldingName": "Hasan Ali", "slug": "hasan-ali", "imageUrl": "/db/PICTURES/CMS/302700/302774.jpg", "headshotImageUrl": "/db/PICTURES/CMS/320400/320450.png", "dateOfBirth": {"year": 1994, "month": 7, "date": 2}, "dateOfDeath": null, "gender": "M", "battingStyles": ["rhb"], "bowlingStyles": ["rmf"], "longBattingStyles": ["right-hand bat"], "longBowlingStyles": ["right-arm medium-fast"], "image": {"id": 302774, "objectId": 1221116, "slug": "hasan-ali-portrait", "url": "/db/PICTURES/CMS/302700/302774.jpg", "width": 160, "height": 201, "caption": "Hasan Ali portrait", "longCaption": "Hasan Ali portrait, April, 2020", "credit": "Getty Images", "photographer": null, "peerUrls": null}, "countryTeamId": 7, "playerRoleTypeIds": [4], "playingRoles": ["bowler"], "headshotImage": {"id": 320450, "objectId": 1261288, "slug": "hasan-ali-player-page-headshot-cutout-2021", "url": "/db/PICTURES/CMS/320400/320450.png", "width": 600, "height": 436, "caption": "Hasan Ali player page headshot cutout, 2021", "longCaption": "Hasan Ali player page headshot cutout, 2021", "credit": null, "photographer": null, "peerUrls": {"FILM": null, "WIDE": null, "SQUARE": "/db/PICTURES/CMS/320400/320450.square.png"}}}, "overs": 3, "balls": 18, "maidens": 0, "conceded": 31, "wickets": 1, "currentType": 1}, {"player": {"id": 84937, "objectId": 922943, "name": "Shadab Khan", "longName": "Shadab Khan", "mobileName": "Shadab", "indexName": "Shadab Khan", "battingName": "Shadab Khan", "fieldingName": "Shadab Khan", "slug": "shadab-khan", "imageUrl": "/db/PICTURES/CMS/302800/302825.jpg", "headshotImageUrl": "/db/PICTURES/CMS/320400/320467.png", "dateOfBirth": {"year": 1998, "month": 10, "date": 4}, "dateOfDeath": null, "gender": "M", "battingStyles": ["rhb"], "bowlingStyles": ["lb"], "longBattingStyles": ["right-hand bat"], "longBowlingStyles": ["legbreak"], "image": {"id": 302825, "objectId": 1221178, "slug": "shadab-khan-portrait", "url": "/db/PICTURES/CMS/302800/302825.jpg", "width": 160, "height": 201, "caption": "Shadab Khan portrait", "longCaption": "Shadab Khan portrait, April 2020", "credit": "Getty Images", "photographer": null, "peerUrls": null}, "countryTeamId": 7, "playerRoleTypeIds": [5], "playingRoles": ["allrounder"], "headshotImage": {"id": 320467, "objectId": 1261306, "slug": "shadab-khan-player-page-headshot-cutout-2021", "url": "/db/PICTURES/CMS/320400/320467.png", "width": 600, "height": 436, "caption": "Shadab Khan player page headshot cutout, 2021", "longCaption": "Shadab Khan player page headshot cutout, 2021", "credit": null, "photographer": null, "peerUrls": {"FILM": null, "WIDE": null, "SQUARE": "/db/PICTURES/CMS/320400/320467.square.png"}}}, "overs": 4, "balls": 24, "maidens": 0, "conceded": 22, "wickets": 1, "currentType": 2}], "rollover": null}, "batsmanStatText": null, "bowlerStatText": null, "smartStats": []}, {"_uid": 35072655, "id": 35072655, "inningNumber": 1, "ballsActual": null, "ballsUnique": null, "oversUnique": 16.01, "oversActual": 16.1, "overNumber": 17, "ballNumber": 1, "totalRuns": 1, "batsmanRuns": 1, "isFour": false, "isSix": false, "isWicket": false, "dismissalType": null, "byes": 0, "legbyes": 0, "wides": 0, "noballs": 0, "penalties": 0, "wagonX": 210, "wagonY": 261, "wagonZone": 4, "pitchLine": "OUTSIDE_OFFSTUMP", "pitchLength": "FULL", "shotType": "ON_DRIVE", "shotControl": 1, "timestamp": "2021-10-24T15:23:51.000Z", "modified": "2021-10-24T15:23:54.000Z", "batsmanPlayerId": 49247, "bowlerPlayerId": 103878, "outPlayerId": null, "totalInningRuns": 111, "totalInningWickets": 4, "predictions": {"score": 149, "winProbability": 37.51}, "title": "Haris Rauf to Jadeja", "dismissalText": null, "commentPreTextItems": [{"type": "HTML", "html": "Right. Into the death overs, with Hardik Pandya still waiting to come in. Can India get up to 150? Rauf continues, over the wicket to Jadeja."}], "commentTextItems": [{"type": "HTML", "html": "full, angling across to off stump. Looks to stay leg-side of the ball and drive to the right of mid-off, but hits it too close to him to get anything more than a single"}], "commentPostTextItems": null, "commentVideos": [], "commentImages": [], "events": [], "over": null, "batsmanStatText": null, "bowlerStatText": null, "smartStats": []}, {"_uid": 35072656, "id": 35072656, "inningNumber": 1, "ballsActual": null, "ballsUnique": null, "oversUnique": 16.02, "oversActual": 16.2, "overNumber": 17, "ballNumber": 2, "totalRuns": 1, "batsmanRuns": 1, "isFour": false, "isSix": false, "isWicket": false, "dismissalType": null, "byes": 0, "legbyes": 0, "wides": 0, "noballs": 0, "penalties": 0, "wagonX": 52, "wagonY": 205, "wagonZone": 6, "pitchLine": "ON_THE_STUMPS", "pitchLength": "GOOD_LENGTH", "shotType": "COVER_DRIVE", "shotControl": 1, "timestamp": "2021-10-24T15:24:38.000Z", "modified": "2021-10-24T15:24:41.000Z", "batsmanPlayerId": 49752, "bowlerPlayerId": 103878, "outPlayerId": null, "totalInningRuns": 112, "totalInningWickets": 4, "predictions": {"score": 148, "winProbability": 36.46}, "title": "Haris Rauf to Kohli", "dismissalText": null, "commentPreTextItems": null, "commentTextItems": [{"type": "HTML", "html": "good-looking shot, but just one. Full outside off, and Kohli ends up making more room than he needs. Wants to drive over extra-cover, but ends up hitting it squarer than he wants, on the bounce to sweeper cover"}], "commentPostTextItems": null, "commentVideos": [], "commentImages": [], "events": [], "over": null, "batsmanStatText": null, "bowlerStatText": null, "smartStats": []}, {"_uid": 35072657, "id": 35072657, "inningNumber": 1, "ballsActual": null, "ballsUnique": null, "oversUnique": 16.03, "oversActual": 16.3, "overNumber": 17, "ballNumber": 3, "totalRuns": 1, "batsmanRuns": 1, "isFour": false, "isSix": false, "isWicket": false, "dismissalType": null, "byes": 0, "legbyes": 0, "wides": 0, "noballs": 0, "penalties": 0, "wagonX": 206, "wagonY": 204, "wagonZone": 4, "pitchLine": "ON_THE_STUMPS", "pitchLength": "FULL", "shotType": "PUSH", "shotControl": 1, "timestamp": "2021-10-24T15:25:30.000Z", "modified": "2021-10-24T15:25:33.000Z", "batsmanPlayerId": 49247, "bowlerPlayerId": 103878, "outPlayerId": null, "totalInningRuns": 113, "totalInningWickets": 4, "predictions": {"score": 148, "winProbability": 36.46}, "title": "Haris Rauf to Jadeja", "dismissalText": null, "commentPreTextItems": null, "commentTextItems": [{"type": "HTML", "html": "nicely bowled. He knows Jadeja wants to make room, so he bowls a slower length ball at his legs. No room or pace to work with, so he just pushes into the covers and takes the single"}], "commentPostTextItems": null, "commentVideos": [], "commentImages": [], "events": [], "over": null, "batsmanStatText": null, "bowlerStatText": null, "smartStats": []}, {"_uid": 35072658, "id": 35072658, "inningNumber": 1, "ballsActual": null, "ballsUnique": null, "oversUnique": 16.04, "oversActual": 16.4, "overNumber": 17, "ballNumber": 4, "totalRuns": 0, "batsmanRuns": 0, "isFour": false, "isSix": false, "isWicket": false, "dismissalType": null, "byes": 0, "legbyes": 0, "wides": 0, "noballs": 0, "penalties": 0, "wagonX": 0, "wagonY": 0, "wagonZone": 0, "pitchLine": "OUTSIDE_OFFSTUMP", "pitchLength": "SHORT_OF_A_GOOD_LENGTH", "shotType": "CUT_SHOT", "shotControl": 2, "timestamp": "2021-10-24T15:25:53.000Z", "modified": "2021-10-24T15:25:57.000Z", "batsmanPlayerId": 49752, "bowlerPlayerId": 103878, "outPlayerId": null, "totalInningRuns": 113, "totalInningWickets": 4, "predictions": {"score": 146, "winProbability": 34.4}, "title": "Haris Rauf to Kohli", "dismissalText": null, "commentPreTextItems": null, "commentTextItems": [{"type": "HTML", "html": "slower length ball wide of off stump, and Kohli swings and misses, looking to carve it through the covers off the front foot"}], "commentPostTextItems": null, "commentVideos": [], "commentImages": [], "events": [], "over": null, "batsmanStatText": null, "bowlerStatText": null, "smartStats": []}, {"_uid": 35072659, "id": 35072659, "inningNumber": 1, "ballsActual": null, "ballsUnique": null, "oversUnique": 16.05, "oversActual": 16.5, "overNumber": 17, "ballNumber": 5, "totalRuns": 0, "batsmanRuns": 0, "isFour": false, "isSix": false, "isWicket": false, "dismissalType": null, "byes": 0, "legbyes": 0, "wides": 0, "noballs": 0, "penalties": 0, "wagonX": 121, "wagonY": 150, "wagonZone": 7, "pitchLine": "OUTSIDE_OFFSTUMP", "pitchLength": "GOOD_LENGTH", "shotType": "DEFENDED", "shotControl": 1, "timestamp": "2021-10-24T15:26:41.000Z", "modified": "2021-10-24T15:26:45.000Z", "batsmanPlayerId": 49752, "bowlerPlayerId": 103878, "outPlayerId": null, "totalInningRuns": 113, "totalInningWickets": 4, "predictions": {"score": 144, "winProbability": 32.39}, "title": "Haris Rauf to Kohli", "dismissalText": null, "commentPreTextItems": null, "commentTextItems": [{"type": "HTML", "html": "slower length ball again, this time he waits on the back foot and looks to force it past backward point, but ends up hitting it straight to the fielder"}], "commentPostTextItems": null, "commentVideos": [], "commentImages": [], "events": [], "over": null, "batsmanStatText": null, "bowlerStatText": null, "smartStats": []}, {"_uid": 35072660, "id": 35072660, "inningNumber": 1, "ballsActual": null, "ballsUnique": null, "oversUnique": 16.06, "oversActual": 16.6, "overNumber": 17, "ballNumber": 6, "totalRuns": 1, "batsmanRuns": 1, "isFour": false, "isSix": false, "isWicket": false, "dismissalType": null, "byes": 0, "legbyes": 0, "wides": 0, "noballs": 0, "penalties": 0, "wagonX": 291, "wagonY": 102, "wagonZone": 2, "pitchLine": "ON_THE_STUMPS", "pitchLength": "GOOD_LENGTH", "shotType": "FLICK", "shotControl": 1, "timestamp": "2021-10-24T15:27:37.000Z", "modified": "2021-10-24T15:27:41.000Z", "batsmanPlayerId": 49752, "bowlerPlayerId": 103878, "outPlayerId": null, "totalInningRuns": 114, "totalInningWickets": 4, "predictions": {"score": 144, "winProbability": 32.39}, "title": "Haris Rauf to Kohli", "dismissalText": null, "commentPreTextItems": null, "commentTextItems": [{"type": "HTML", "html": "full, angling into middle and leg, and deep square leg is well behind square, Kohli can only clip it to him for one"}], "commentPostTextItems": null, "commentVideos": [], "commentImages": [], "events": [], "over": {"team": {"id": 6, "objectId": 6, "scribeId": 6, "slug": "india", "name": "India", "longName": "India", "abbreviation": "IND", "unofficialName": "", "imageUrl": "/db/PICTURES/CMS/313100/313128.logo.png", "isCountry": true, "primaryColor": "#050ceb", "image": {"id": 313128, "objectId": 1241587, "slug": "india-logo", "url": "/db/PICTURES/CMS/313100/313128.logo.png", "width": 500, "height": 500, "caption": "India logo", "longCaption": "India logo", "credit": null, "photographer": null, "peerUrls": null}, "country": {"id": 6, "objectId": 6, "name": "India", "shortName": "India", "abbreviation": "IND", "slug": "india"}}, "inningNumber": 1, "overNumber": 17, "overRuns": 4, "overWickets": 0, "totalRuns": 114, "totalWickets": 4, "target": 0, "overLimit": 20, "ballLimit": 120, "isMaiden": false, "isComplete": true, "isSuperOver": false, "overEndBatsmen": [{"player": {"id": 49752, "objectId": 253802, "name": "V Kohli", "longName": "Virat Kohli", "mobileName": "Kohli", "indexName": "Kohli, V", "battingName": "V Kohli", "fieldingName": "Kohli", "slug": "virat-kohli", "imageUrl": "/db/PICTURES/CMS/289000/289002.1.jpg", "headshotImageUrl": "/db/PICTURES/CMS/316600/316605.png", "dateOfBirth": {"year": 1988, "month": 11, "date": 5}, "dateOfDeath": null, "gender": "M", "battingStyles": ["rhb"], "bowlingStyles": ["rm"], "longBattingStyles": ["right-hand bat"], "longBowlingStyles": ["right-arm medium"], "image": {"id": 289002, "objectId": 1183835, "slug": "virat-kohli-player-portrait", "url": "/db/PICTURES/CMS/289000/289002.1.jpg", "width": 160, "height": 210, "caption": "Virat Kohli player portrait", "longCaption": "Virat Kohli player portrait", "credit": "Getty Images", "photographer": null, "peerUrls": null}, "countryTeamId": 6, "playerRoleTypeIds": [2], "playingRoles": ["top-order batter"], "headshotImage": {"id": 316605, "objectId": 1251236, "slug": "v-kohli-headshot", "url": "/db/PICTURES/CMS/316600/316605.png", "width": 600, "height": 436, "caption": "V Kohli headshot", "longCaption": "V Kohli headshot", "credit": null, "photographer": null, "peerUrls": {"FILM": null, "WIDE": null, "SQUARE": null}}}, "runs": 48, "balls": 44, "fours": 4, "sixes": 1}, {"player": {"id": 49247, "objectId": 234675, "name": "RA Jadeja", "longName": "Ravindra Jadeja", "mobileName": "Jadeja", "indexName": "Jadeja, RA", "battingName": "RA Jadeja", "fieldingName": "Jadeja", "slug": "ravindra-jadeja", "imageUrl": "/db/PICTURES/CMS/302300/302394.jpg", "headshotImageUrl": "/db/PICTURES/CMS/316600/316600.png", "dateOfBirth": {"year": 1988, "month": 12, "date": 6}, "dateOfDeath": null, "gender": "M", "battingStyles": ["lhb"], "bowlingStyles": ["sla"], "longBattingStyles": ["left-hand bat"], "longBowlingStyles": ["slow left-arm orthodox"], "image": {"id": 302394, "objectId": 1220591, "slug": "ravindra-jadeja-portrait", "url": "/db/PICTURES/CMS/302300/302394.jpg", "width": 160, "height": 200, "caption": "Ravindra Jadeja portrait", "longCaption": "Ravindra Jadeja portrait, April 2020", "credit": "Getty Images", "photographer": null, "peerUrls": null}, "countryTeamId": 6, "playerRoleTypeIds": [5], "playingRoles": ["allrounder"], "headshotImage": {"id": 316600, "objectId": 1251230, "slug": "ra-jadeja-headshot", "url": "/db/PICTURES/CMS/316600/316600.png", "width": 600, "height": 436, "caption": "RA Jadeja headshot", "longCaption": "RA Jadeja headshot", "credit": null, "photographer": null, "peerUrls": {"FILM": null, "WIDE": null, "SQUARE": null}}}, "runs": 9, "balls": 11, "fours": 0, "sixes": 0}], "overEndBowlers": [{"player": {"id": 103878, "objectId": 1161606, "name": "Haris Rauf", "longName": "Haris Rauf", "mobileName": "Haris Rauf", "indexName": "Haris Rauf", "battingName": "Haris Rauf", "fieldingName": "Haris Rauf", "slug": "haris-rauf", "imageUrl": "/db/PICTURES/CMS/312100/312183.png", "headshotImageUrl": "/db/PICTURES/CMS/322200/322202.png", "dateOfBirth": {"year": 1993, "month": 11, "date": 7}, "dateOfDeath": null, "gender": "M", "battingStyles": ["rhb"], "bowlingStyles": ["rf"], "longBattingStyles": ["right-hand bat"], "longBowlingStyles": ["right-arm fast"], "image": {"id": 312183, "objectId": 1239249, "slug": "haris-rauf-portrait", "url": "/db/PICTURES/CMS/312100/312183.png", "width": 160, "height": 200, "caption": "Haris Rauf portrait", "longCaption": "Haris Rauf portrait, November 2020", "credit": "Getty Images", "photographer": null, "peerUrls": null}, "countryTeamId": 7, "playerRoleTypeIds": [4], "playingRoles": ["bowler"], "headshotImage": {"id": 322202, "objectId": 1264678, "slug": "haris-rauf-player-page-headshot-cutout-2021", "url": "/db/PICTURES/CMS/322200/322202.png", "width": 600, "height": 436, "caption": "Haris Rauf player page headshot cutout, 2021", "longCaption": "Haris Rauf player page headshot cutout, 2021", "credit": null, "photographer": null, "peerUrls": {"FILM": null, "WIDE": null, "SQUARE": "/db/PICTURES/CMS/322200/322202.square.png"}}}, "overs": 3, "balls": 18, "maidens": 0, "conceded": 19, "wickets": 0, "currentType": 1}, {"player": {"id": 72719, "objectId": 681305, "name": "Hasan Ali", "longName": "Hasan Ali", "mobileName": "Hasan Ali", "indexName": "Hasan Ali", "battingName": "Hasan Ali", "fieldingName": "Hasan Ali", "slug": "hasan-ali", "imageUrl": "/db/PICTURES/CMS/302700/302774.jpg", "headshotImageUrl": "/db/PICTURES/CMS/320400/320450.png", "dateOfBirth": {"year": 1994, "month": 7, "date": 2}, "dateOfDeath": null, "gender": "M", "battingStyles": ["rhb"], "bowlingStyles": ["rmf"], "longBattingStyles": ["right-hand bat"], "longBowlingStyles": ["right-arm medium-fast"], "image": {"id": 302774, "objectId": 1221116, "slug": "hasan-ali-portrait", "url": "/db/PICTURES/CMS/302700/302774.jpg", "width": 160, "height": 201, "caption": "Hasan Ali portrait", "longCaption": "Hasan Ali portrait, April, 2020", "credit": "Getty Images", "photographer": null, "peerUrls": null}, "countryTeamId": 7, "playerRoleTypeIds": [4], "playingRoles": ["bowler"], "headshotImage": {"id": 320450, "objectId": 1261288, "slug": "hasan-ali-player-page-headshot-cutout-2021", "url": "/db/PICTURES/CMS/320400/320450.png", "width": 600, "height": 436, "caption": "Hasan Ali player page headshot cutout, 2021", "longCaption": "Hasan Ali player page headshot cutout, 2021", "credit": null, "photographer": null, "peerUrls": {"FILM": null, "WIDE": null, "SQUARE": "/db/PICTURES/CMS/320400/320450.square.png"}}}, "overs": 3, "balls": 18, "maidens": 0, "conceded": 31, "wickets": 1, "currentType": 2}], "rollover": null}, "batsmanStatText": null, "bowlerStatText": null, "smartStats": []}]