[{"_uid": 35065286, "id": 35065286, "inningNumber": 2, "ballsActual": null, "ballsUnique": null, "oversUnique": 15.01, "oversActual": 15.1, "overNumber": 16, "ballNumber": 1, "totalRuns": 0, "batsmanRuns": 0, "isFour": false, "isSix": false, "isWicket": false, "dismissalType": null, "byes": 0, "legbyes": 0, "wides": 0, "noballs": 0, "penalties": 0, "wagonX": 177, "wagonY": 203, "wagonZone": 5, "pitchLine": "ON_THE_STUMPS", "pitchLength": "GOOD_LENGTH", "shotType": "SLOG_SHOT", "shotControl": 1, "timestamp": "2021-10-23T13:03:14.000Z", "modified": "2021-10-23T13:03:18.000Z", "batsmanPlayerId": 54222, "bowlerPlayerId": 58408, "outPlayerId": null, "totalInningRuns": 81, "totalInningWickets": 4, "predictions": {"score": 127, "winProbability": 83.32}, "title": "Shamsi to Maxwell", "dismissalText": null, "commentPreTextItems": [{"type": "HTML", "html": "Dezz: \"Contrary to opinion, surely in low scoring matches the teams with the biggest hitters will be best, because every extra 10-15 runs count for so much? Batting down to 9/10 will be important too.\""}], "commentTextItems": [{"type": "HTML", "html": "good length and turning in from off stump, clattered back at the bowler who sticks out a boot. This is Shamsi's boot, mind you, it's doubled up as a phone in the past. Now a shield, apparently..."}], "commentPostTextItems": null, "commentVideos": [], "commentImages": [], "events": [], "over": null, "batsmanStatText": null, "bowlerStatText": null, "smartStats": []}, {"_uid": 35065303, "id": 35065303, "inningNumber": 2, "ballsActual": null, "ballsUnique": null, "oversUnique": 15.02, "oversActual": 15.2, "overNumber": 16, "ballNumber": 2, "totalRuns": 0, "batsmanRuns": 0, "isFour": false, "isSix": false, "isWicket": true, "dismissalType": 2, "byes": 0, "legbyes": 0, "wides": 0, "noballs": 0, "penalties": 0, "wagonX": 0, "wagonY": 0, "wagonZone": 0, "pitchLine": "ON_THE_STUMPS", "pitchLength": "GOOD_LENGTH", "shotType": null, "shotControl": 2, "timestamp": "2021-10-23T13:03:51.000Z", "modified": "2021-10-23T13:03:54.000Z", "batsmanPlayerId": 54222, "bowlerPlayerId": 58408, "outPlayerId": 54222, "totalInningRuns": 81, "totalInningWickets": 5, "predictions": {"score": 126, "winProbability": 76.95}, "title": "Shamsi to Maxwell", "dismissalText": {"short": "bowled", "long": " b Shamsi", "commentary": "Glenn Maxwell b Shamsi 18 (21b 1x4 0x6 35m) SR: 85.71"}, "commentPreTextItems": null, "commentTextItems": [{"type": "HTML", "html": "<b>Shamsi takes off!</b> Maxwell's success with the reverse sweep is over for the day.  This one a switch hit, actually. This is full, pushed through at middle stump, and he's ended up outside its line at off stump. Swings furiously at it but he was playing catch up, that slid through and split the stumps. 50th T20I wicket for him"}], "commentPostTextItems": null, "commentVideos": [], "commentImages": [], "events": [], "over": null, "batsmanStatText": null, "bowlerStatText": null, "smartStats": []}, {"_uid": 35065381, "id": 35065381, "inningNumber": 2, "ballsActual": null, "ballsUnique": null, "oversUnique": 15.03, "oversActual": 15.3, "overNumber": 16, "ballNumber": 3, "totalRuns": 1, "batsmanRuns": 1, "isFour": false, "isSix": false, "isWicket": false, "dismissalType": null, "byes": 0, "legbyes": 0, "wides": 0, "noballs": 0, "penalties": 0, "wagonX": 92, "wagonY": 218, "wagonZone": 6, "pitchLine": "ON_THE_STUMPS", "pitchLength": "FULL", "shotType": "FLICK", "shotControl": 1, "timestamp": "2021-10-23T13:05:43.000Z", "modified": "2021-10-23T13:05:46.000Z", "batsmanPlayerId": 49024, "bowlerPlayerId": 58408, "outPlayerId": null, "totalInningRuns": 82, "totalInningWickets": 5, "predictions": {"score": 125, "winProbability": 75.95}, "title": "Shamsi to Wade", "dismissalText": null, "commentPreTextItems": [{"type": "HTML", "html": "Jiten Chandaran: \"Shamsi must have a slip for Wade!\" --- And he does. Here we go."}], "commentTextItems": [{"type": "HTML", "html": "full at middle stump, leans in and flicks to deep midwicket"}], "commentPostTextItems": null, "commentVideos": [], "commentImages": [], "events": [], "over": null, "batsmanStatText": null, "bowlerStatText": null, "smartStats": []}, {"_uid": 35065384, "id": 35065384, "inningNumber": 2, "ballsActual": null, "ballsUnique": null, "oversUnique": 15.04, "oversActual": 15.4, "overNumber": 16, "ballNumber": 4, "totalRuns": 0, "batsmanRuns": 0, "isFour": false, "isSix": false, "isWicket": false, "dismissalType": null, "byes": 0, "legbyes": 0, "wides": 0, "noballs": 0, "penalties": 0, "wagonX": 150, "wagonY": 123, "wagonZone": 8, "pitchLine": "ON_THE_STUMPS", "pitchLength": "FULL", "shotType": "REVERSE_SWEEP", "shotControl": 1, "timestamp": "2021-10-23T13:06:39.000Z", "modified": "2021-10-23T13:06:43.000Z", "batsmanPlayerId": 54212, "bowlerPlayerId": 58408, "outPlayerId": null, "totalInningRuns": 82, "totalInningWickets": 5, "predictions": {"score": 124, "winProbability": 73.29}, "title": "Shamsi to Stoinis", "dismissalText": null, "commentPreTextItems": null, "commentTextItems": [{"type": "HTML", "html": "tossed up at leg stump, gets on a knee and plays the reverse paddle, straight to short third"}], "commentPostTextItems": null, "commentVideos": [], "commentImages": [], "events": [], "over": null, "batsmanStatText": null, "bowlerStatText": null, "smartStats": []}, {"_uid": 35065387, "id": 35065387, "inningNumber": 2, "ballsActual": null, "ballsUnique": null, "oversUnique": 15.05, "oversActual": 15.5, "overNumber": 16, "ballNumber": 5, "totalRuns": 0, "batsmanRuns": 0, "isFour": false, "isSix": false, "isWicket": false, "dismissalType": null, "byes": 0, "legbyes": 0, "wides": 0, "noballs": 0, "penalties": 0, "wagonX": 210, "wagonY": 197, "wagonZone": 4, "pitchLine": "ON_THE_STUMPS", "pitchLength": "GOOD_LENGTH", "shotType": "DEFENDED", "shotControl": 1, "timestamp": "2021-10-23T13:07:04.000Z", "modified": "2021-10-23T13:07:08.000Z", "batsmanPlayerId": 54212, "bowlerPlayerId": 58408, "outPlayerId": null, "totalInningRuns": 82, "totalInningWickets": 5, "predictions": {"score": 122, "winProbability": 67.88}, "title": "Shamsi to Stoinis", "dismissalText": null, "commentPreTextItems": null, "commentTextItems": [{"type": "HTML", "html": "<b>oooh tight.</b> Tight. Stoinis saved by the slowness of the surface. He's pinned deep in the crease trying to push this incoming ball through square leg. But it's not quick enough to trouble him and he manages an inside edge"}], "commentPostTextItems": null, "commentVideos": [], "commentImages": [], "events": [], "over": null, "batsmanStatText": null, "bowlerStatText": null, "smartStats": []}, {"_uid": 35065390, "id": 35065390, "inningNumber": 2, "ballsActual": null, "ballsUnique": null, "oversUnique": 15.06, "oversActual": 15.6, "overNumber": 16, "ballNumber": 6, "totalRuns": 1, "batsmanRuns": 1, "isFour": false, "isSix": false, "isWicket": false, "dismissalType": null, "byes": 0, "legbyes": 0, "wides": 0, "noballs": 0, "penalties": 0, "wagonX": 263, "wagonY": 102, "wagonZone": 2, "pitchLine": "ON_THE_STUMPS", "pitchLength": "GOOD_LENGTH", "shotType": "DEFENDED", "shotControl": 2, "timestamp": "2021-10-23T13:07:42.000Z", "modified": "2021-10-23T13:07:45.000Z", "batsmanPlayerId": 54212, "bowlerPlayerId": 58408, "outPlayerId": null, "totalInningRuns": 83, "totalInningWickets": 5, "predictions": {"score": 121, "winProbability": 66.81}, "title": "Shamsi to Stoinis", "dismissalText": null, "commentPreTextItems": null, "commentTextItems": [{"type": "HTML", "html": "full at leg stump, gets forward and flicks to deep square"}], "commentPostTextItems": [{"type": "HTML", "html": "Vivaan : \"2 new Australia batters, a charged up SA team, this ought to be interesting\"<br>Hunter: \"SA could've had the best spin attack if they had selected Imran Tahir.\"<br>"}], "commentVideos": [], "commentImages": [], "events": [], "over": {"team": {"id": 2, "objectId": 2, "scribeId": 2, "slug": "australia", "name": "Australia", "longName": "Australia", "abbreviation": "AUS", "unofficialName": "", "imageUrl": "/db/PICTURES/CMS/340400/340493.png", "isCountry": true, "primaryColor": "#f3f702", "image": {"id": 340493, "objectId": 1318684, "slug": "australia-team-flag-latest", "url": "/db/PICTURES/CMS/340400/340493.png", "width": 500, "height": 500, "caption": "Australia team flag-latest", "longCaption": "Australia team flag-latest", "credit": "Getty Images", "photographer": null, "peerUrls": null}, "country": {"id": 2, "objectId": 2, "name": "Australia", "shortName": "Australia", "abbreviation": "AUS", "slug": "australia"}}, "inningNumber": 2, "overNumber": 16, "overRuns": 2, "overWickets": 1, "totalRuns": 83, "totalWickets": 5, "target": 119, "overLimit": 20, "ballLimit": 120, "isMaiden": false, "isComplete": true, "isSuperOver": false, "overEndBatsmen": [{"player": {"id": 54212, "objectId": 325012, "name": "MP Stoinis", "longName": "Marcus Stoinis", "mobileName": "Stoinis", "indexName": "Stoinis, MP", "battingName": "MP Stoinis", "fieldingName": "Stoinis", "slug": "marcus-stoinis", "imageUrl": "/db/PICTURES/CMS/309100/309100.jpg", "headshotImageUrl": "/db/PICTURES/CMS/321500/321596.png", "dateOfBirth": {"year": 1989, "month": 8, "date": 16}, "dateOfDeath": null, "gender": "M", "battingStyles": ["rhb"], "bowlingStyles": ["rm"], "longBattingStyles": ["right-hand bat"], "longBowlingStyles": ["right-arm medium"], "image": {"id": 309100, "objectId": 1232617, "slug": "marcus-stoinis-portrait", "url": "/db/PICTURES/CMS/309100/309100.jpg", "width": 160, "height": 200, "caption": "Marcus Stoinis portrait", "longCaption": "Marcus Stoinis portrait, September 2020", "credit": "Getty Images", "photographer": null, "peerUrls": null}, "countryTeamId": 2, "playerRoleTypeIds": [10], "playingRoles": ["batting allrounder"], "headshotImage": {"id": 321596, "objectId": 1263530, "slug": "marcus-stoinis-player-page-headshot-cutout-2021", "url": "/db/PICTURES/CMS/321500/321596.png", "width": 600, "height": 436, "caption": "Marcus Stoinis player page headshot cutout, 2021", "longCaption": "Marcus Stoinis player page headshot cutout, 2021", "credit": null, "photographer": null, "peerUrls": {"FILM": null, "WIDE": null, "SQUARE": "/db/PICTURES/CMS/321500/321596.square.png"}}}, "runs": 1, "balls": 3, "fours": 0, "sixes": 0}, {"player": {"id": 49024, "objectId": 230193, "name": "MS Wade", "longName": "Matthew Wade", "mobileName": "Wade", "indexName": "Wade, MS", "battingName": "MS Wade", "fieldingName": "Wade", "slug": "matthew-wade", "imageUrl": "/db/PICTURES/CMS/263500/263523.1.jpg", "headshotImageUrl": "/db/PICTURES/CMS/316500/316594.png", "dateOfBirth": {"year": 1987, "month": 12, "date": 26}, "dateOfDeath": null, "gender": "M", "battingStyles": ["lhb"], "bowlingStyles": ["rm"], "longBattingStyles": ["left-hand bat"], "longBowlingStyles": ["right-arm medium"], "image": {"id": 263523, "objectId": 1099501, "slug": "matthew-wade", "url": "/db/PICTURES/CMS/263500/263523.1.jpg", "width": 160, "height": 200, "caption": "Matthew Wade", "longCaption": "Matthew Wade", "credit": "Getty Images", "photographer": null, "peerUrls": null}, "countryTeamId": 2, "playerRoleTypeIds": [7], "playingRoles": ["wicketkeeper batter"], "headshotImage": {"id": 316594, "objectId": 1251223, "slug": "ms-wade-headshot", "url": "/db/PICTURES/CMS/316500/316594.png", "width": 600, "height": 436, "caption": "MS Wade headshot", "longCaption": "MS Wade headshot", "credit": null, "photographer": null, "peerUrls": {"FILM": null, "WIDE": null, "SQUARE": null}}}, "runs": 1, "balls": 1, "fours": 0, "sixes": 0}], "overEndBowlers": [{"player": {"id": 58408, "objectId": 379145, "name": "T Shamsi", "longName": "Tabraiz Shamsi", "mobileName": "Shamsi", "indexName": "Shamsi, T", "battingName": "T Shamsi", "fieldingName": "Shamsi", "slug": "tabraiz-shamsi", "imageUrl": "/db/PICTURES/CMS/317900/317943.jpg", "headshotImageUrl": "/db/PICTURES/CMS/322000/322068.png", "dateOfBirth": {"year": 1990, "month": 2, "date": 18}, "dateOfDeath": null, "gender": "M", "battingStyles": ["rhb"], "bowlingStyles": ["lws"], "longBattingStyles": ["right-hand bat"], "longBowlingStyles": ["left-arm wrist-spin"], "image": {"id": 317943, "objectId": 1254909, "slug": "tabraiz-shamsi-portrait", "url": "/db/PICTURES/CMS/317900/317943.jpg", "width": 160, "height": 200, "caption": "Tabraiz Shamsi portrait", "longCaption": "Tabraiz Shamsi portrait, November 19, 2020", "credit": "Cricket South Africa", "photographer": null, "peerUrls": null}, "countryTeamId": 3, "playerRoleTypeIds": [4], "playingRoles": ["bowler"], "headshotImage": {"id": 322068, "objectId": 1264437, "slug": "tabraiz-shamsi-player-page-headshot-cutout-2021", "url": "/db/PICTURES/CMS/322000/322068.png", "width": 600, "height": 436, "caption": "Tabraiz Shamsi player page headshot cutout, 2021", "longCaption": "Tabraiz Shamsi player page headshot cutout, 2021", "credit": null, "photographer": null, "peerUrls": {"FILM": null, "WIDE": null, "SQUARE": "/db/PICTURES/CMS/322000/322068.square.png"}}}, "overs": 4, "balls": 24, "maidens": 0, "conceded": 22, "wickets": 1, "currentType": 1}, {"player": {"id": 63651, "objectId": 481979, "name": "A Nortje", "longName": "Anrich Nortje", "mobileName": "Nortje", "indexName": "Nortje, A", "battingName": "A Nortje", "fieldingName": "Nortje", "slug": "anrich-nortje", "imageUrl": "/db/PICTURES/CMS/317900/317968.jpg", "headshotImageUrl": "/db/PICTURES/CMS/322000/322080.png", "dateOfBirth": {"year": 1993, "month": 11, "date": 16}, "dateOfDeath": null, "gender": "M", "battingStyles": ["rhb"], "bowlingStyles": ["rf"], "longBattingStyles": ["right-hand bat"], "longBowlingStyles": ["right-arm fast"], "image": {"id": 317968, "objectId": 1254936, "slug": "anrich-nortje-portrait", "url": "/db/PICTURES/CMS/317900/317968.jpg", "width": 160, "height": 200, "caption": "Anrich Nortje portrait", "longCaption": "Anrich Nortje portrait, November 19, 2020", "credit": "Cricket South Africa", "photographer": null, "peerUrls": null}, "countryTeamId": 3, "playerRoleTypeIds": [4], "playingRoles": ["bowler"], "headshotImage": {"id": 322080, "objectId": 1264454, "slug": "anrich-nortje-player-page-headshot-cutout-2021", "url": "/db/PICTURES/CMS/322000/322080.png", "width": 600, "height": 436, "caption": "Anrich Nortje player page headshot cutout, 2021", "longCaption": "Anrich Nortje player page headshot cutout, 2021", "credit": null, "photographer": null, "peerUrls": {"FILM": null, "WIDE": null, "SQUARE": "/db/PICTURES/CMS/322000/322080.square.png"}}}, "overs": 3, "balls": 18, "maidens": 0, "conceded": 11, "wickets": 2, "currentType": 2}], "rollover": null}, "batsmanStatText": null, "bowlerStatText": null, "smartStats": []}, {"_uid": 35065393, "id": 35065393, "inningNumber": 2, "ballsActual": null, "ballsUnique": null, "oversUnique": 16.01, "oversActual": 16.1, "overNumber": 17, "ballNumber": 1, "totalRuns": 1, "batsmanRuns": 1, "isFour": false, "isSix": false, "isWicket": false, "dismissalType": null, "byes": 0, "legbyes": 0, "wides": 0, "noballs": 0, "penalties": 0, "wagonX": 253, "wagonY": 277, "wagonZone": 4, "pitchLine": "ON_THE_STUMPS", "pitchLength": "FULL_TOSS", "shotType": "FLICK", "shotControl": 1, "timestamp": "2021-10-23T13:09:23.000Z", "modified": "2021-10-23T13:09:26.000Z", "batsmanPlayerId": 54212, "bowlerPlayerId": 67296, "outPlayerId": null, "totalInningRuns": 84, "totalInningWickets": 5, "predictions": {"score": 121, "winProbability": 67.07}, "title": "Rabada to Stoinis", "dismissalText": null, "commentPreTextItems": [{"type": "HTML", "html": "Rabada back for his last over. Nortje has one left. Pretorius will bowl two here presumably."}], "commentTextItems": [{"type": "HTML", "html": "low full toss at leg stump, punched out to long-on's right"}], "commentPostTextItems": null, "commentVideos": [], "commentImages": [], "events": [], "over": null, "batsmanStatText": null, "bowlerStatText": null, "smartStats": []}, {"_uid": 35065395, "id": 35065395, "inningNumber": 2, "ballsActual": null, "ballsUnique": null, "oversUnique": 16.02, "oversActual": 16.2, "overNumber": 17, "ballNumber": 2, "totalRuns": 1, "batsmanRuns": 1, "isFour": false, "isSix": false, "isWicket": false, "dismissalType": null, "byes": 0, "legbyes": 0, "wides": 0, "noballs": 0, "penalties": 0, "wagonX": 312, "wagonY": 93, "wagonZone": 2, "pitchLine": "OUTSIDE_OFFSTUMP", "pitchLength": "YORKER", "shotType": "STEERED", "shotControl": 1, "timestamp": "2021-10-23T13:10:23.000Z", "modified": "2021-10-23T13:10:27.000Z", "batsmanPlayerId": 49024, "bowlerPlayerId": 67296, "outPlayerId": null, "totalInningRuns": 85, "totalInningWickets": 5, "predictions": {"score": 120, "winProbability": 64.24}, "title": "Rabada to Wade", "dismissalText": null, "commentPreTextItems": [{"type": "HTML", "html": "TansTheMan: \"What is the win probability on this page based on? Is it simply a formula based on NRR etc or does it take into account form of batters and bowlers and the matchups \" --- The latter. Also past performances in this phase."}], "commentTextItems": [{"type": "HTML", "html": "yorker across off stump, gets low and chops it to third man's left"}], "commentPostTextItems": null, "commentVideos": [], "commentImages": [], "events": [], "over": null, "batsmanStatText": null, "bowlerStatText": null, "smartStats": []}, {"_uid": 35065421, "id": 35065421, "inningNumber": 2, "ballsActual": null, "ballsUnique": null, "oversUnique": 16.03, "oversActual": 16.3, "overNumber": 17, "ballNumber": 3, "totalRuns": 1, "batsmanRuns": 1, "isFour": false, "isSix": false, "isWicket": false, "dismissalType": null, "byes": 0, "legbyes": 0, "wides": 0, "noballs": 0, "penalties": 0, "wagonX": 303, "wagonY": 244, "wagonZone": 3, "pitchLine": "ON_THE_STUMPS", "pitchLength": "FULL", "shotType": "FLICK", "shotControl": 1, "timestamp": "2021-10-23T13:11:06.000Z", "modified": "2021-10-23T13:11:10.000Z", "batsmanPlayerId": 54212, "bowlerPlayerId": 67296, "outPlayerId": null, "totalInningRuns": 86, "totalInningWickets": 5, "predictions": {"score": 119, "winProbability": 60.88}, "title": "Rabada to Stoinis", "dismissalText": null, "commentPreTextItems": null, "commentTextItems": [{"type": "HTML", "html": "full and into leg stump, flicked out to deep midwicket"}], "commentPostTextItems": [{"type": "HTML", "html": "Salman: \"Great change of bowling from Bavuma. Did not wait to use 1 remaining over for his strike bowler, Rabada, in the 20th over. \""}], "commentVideos": [], "commentImages": [], "events": [], "over": null, "batsmanStatText": null, "bowlerStatText": null, "smartStats": []}, {"_uid": 35065456, "id": 35065456, "inningNumber": 2, "ballsActual": null, "ballsUnique": null, "oversUnique": 16.04, "oversActual": 16.4, "overNumber": 17, "ballNumber": 4, "totalRuns": 4, "batsmanRuns": 4, "isFour": true, "isSix": false, "isWicket": false, "dismissalType": null, "byes": 0, "legbyes": 0, "wides": 0, "noballs": 0, "penalties": 0, "wagonX": 281, "wagonY": 318, "wagonZone": 4, "pitchLine": "OUTSIDE_OFFSTUMP", "pitchLength": "FULL", "shotType": "ON_DRIVE", "shotControl": 2, "timestamp": "2021-10-23T13:12:04.000Z", "modified": "2021-10-23T13:12:07.000Z", "batsmanPlayerId": 49024, "bowlerPlayerId": 67296, "outPlayerId": null, "totalInningRuns": 90, "totalInningWickets": 5, "predictions": {"score": 122, "winProbability": 75.74}, "title": "Rabada to Wade", "dismissalText": null, "commentPreTextItems": null, "commentTextItems": [{"type": "HTML", "html": "<b>past mid-off and into the boundary!</b> Not to be this time for Markram. Offcutter at a length just outside off, drives on the up and loses control. But it's to Markram's right and dipping in front of him. He looks for the catch, as is probably right at this stage, but he can't get under that and it bounces away from under him"}], "commentPostTextItems": null, "commentVideos": [], "commentImages": [], "events": [], "over": null, "batsmanStatText": null, "bowlerStatText": null, "smartStats": []}, {"_uid": 35065473, "id": 35065473, "inningNumber": 2, "ballsActual": null, "ballsUnique": null, "oversUnique": 16.05, "oversActual": 16.5, "overNumber": 17, "ballNumber": 5, "totalRuns": 0, "batsmanRuns": 0, "isFour": false, "isSix": false, "isWicket": false, "dismissalType": null, "byes": 0, "legbyes": 0, "wides": 0, "noballs": 0, "penalties": 0, "wagonX": 200, "wagonY": 170, "wagonZone": 3, "pitchLine": "ON_THE_STUMPS", "pitchLength": "YORKER", "shotType": "DEFENDED", "shotControl": 1, "timestamp": "2021-10-23T13:12:21.000Z", "modified": "2021-10-23T13:12:24.000Z", "batsmanPlayerId": 49024, "bowlerPlayerId": 67296, "outPlayerId": null, "totalInningRuns": 90, "totalInningWickets": 5, "predictions": {"score": 121, "winProbability": 71.44}, "title": "Rabada to Wade", "dismissalText": null, "commentPreTextItems": null, "commentTextItems": [{"type": "HTML", "html": "yorker at off stump, squeezed hurriedly into the covers"}], "commentPostTextItems": null, "commentVideos": [], "commentImages": [], "events": [], "over": null, "batsmanStatText": null, "bowlerStatText": null, "smartStats": []}, {"_uid": 35065497, "id": 35065497, "inningNumber": 2, "ballsActual": null, "ballsUnique": null, "oversUnique": 16.06, "oversActual": 16.6, "overNumber": 17, "ballNumber": 6, "totalRuns": 4, "batsmanRuns": 4, "isFour": true, "isSix": false, "isWicket": false, "dismissalType": null, "byes": 0, "legbyes": 0, "wides": 0, "noballs": 0, "penalties": 0, "wagonX": 54, "wagonY": 64, "wagonZone": 7, "pitchLine": "ON_THE_STUMPS", "pitchLength": "SHORT_OF_A_GOOD_LENGTH", "shotType": "RAMP", "shotControl": 1, "timestamp": "2021-10-23T13:13:10.000Z", "modified": "2021-10-23T13:13:14.000Z", "batsmanPlayerId": 49024, "bowlerPlayerId": 67296, "outPlayerId": null, "totalInningRuns": 94, "totalInningWickets": 5, "predictions": {"score": 123, "winProbability": 81.91}, "title": "Rabada to Wade", "dismissalText": null, "commentPreTextItems": null, "commentTextItems": [{"type": "HTML", "html": "<b>superbly done.</b> Expert limited-overs batting from Wade that. Short of a length and across him outside off. He shuffles a long way into the off side but doesn't lose balance or his eyes on the ball. Manages to ramp it wide of short fine"}], "commentPostTextItems": [{"type": "HTML", "html": "Pretorius it is. They're taking their time with the field. Short third, point, square leg and short fine the four men inside. <br><br>MikeJM: \"Salman, you wrote too soon - Rabada had 2 fours scored off him in the last 3 balls!\"<br><br>"}], "commentVideos": [], "commentImages": [], "events": [], "over": {"team": {"id": 2, "objectId": 2, "scribeId": 2, "slug": "australia", "name": "Australia", "longName": "Australia", "abbreviation": "AUS", "unofficialName": "", "imageUrl": "/db/PICTURES/CMS/340400/340493.png", "isCountry": true, "primaryColor": "#f3f702", "image": {"id": 340493, "objectId": 1318684, "slug": "australia-team-flag-latest", "url": "/db/PICTURES/CMS/340400/340493.png", "width": 500, "height": 500, "caption": "Australia team flag-latest", "longCaption": "Australia team flag-latest", "credit": "Getty Images", "photographer": null, "peerUrls": null}, "country": {"id": 2, "objectId": 2, "name": "Australia", "shortName": "Australia", "abbreviation": "AUS", "slug": "australia"}}, "inningNumber": 2, "overNumber": 17, "overRuns": 11, "overWickets": 0, "totalRuns": 94, "totalWickets": 5, "target": 119, "overLimit": 20, "ballLimit": 120, "isMaiden": false, "isComplete": true, "isSuperOver": false, "overEndBatsmen": [{"player": {"id": 49024, "objectId": 230193, "name": "MS Wade", "longName": "Matthew Wade", "mobileName": "Wade", "indexName": "Wade, MS", "battingName": "MS Wade", "fieldingName": "Wade", "slug": "matthew-wade", "imageUrl": "/db/PICTURES/CMS/263500/263523.1.jpg", "headshotImageUrl": "/db/PICTURES/CMS/316500/316594.png", "dateOfBirth": {"year": 1987, "month": 12, "date": 26}, "dateOfDeath": null, "gender": "M", "battingStyles": ["lhb"], "bowlingStyles": ["rm"], "longBattingStyles": ["left-hand bat"], "longBowlingStyles": ["right-arm medium"], "image": {"id": 263523, "objectId": 1099501, "slug": "matthew-wade", "url": "/db/PICTURES/CMS/263500/263523.1.jpg", "width": 160, "height": 200, "caption": "Matthew Wade", "longCaption": "Matthew Wade", "credit": "Getty Images", "photographer": null, "peerUrls": null}, "countryTeamId": 2, "playerRoleTypeIds": [7], "playingRoles": ["wicketkeeper batter"], "headshotImage": {"id": 316594, "objectId": 1251223, "slug": "ms-wade-headshot", "url": "/db/PICTURES/CMS/316500/316594.png", "width": 600, "height": 436, "caption": "MS Wade headshot", "longCaption": "MS Wade headshot", "credit": null, "photographer": null, "peerUrls": {"FILM": null, "WIDE": null, "SQUARE": null}}}, "runs": 10, "balls": 5, "fours": 2, "sixes": 0}, {"player": {"id": 54212, "objectId": 325012, "name": "MP Stoinis", "longName": "Marcus Stoinis", "mobileName": "Stoinis", "indexName": "Stoinis, MP", "battingName": "MP Stoinis", "fieldingName": "Stoinis", "slug": "marcus-stoinis", "imageUrl": "/db/PICTURES/CMS/309100/309100.jpg", "headshotImageUrl": "/db/PICTURES/CMS/321500/321596.png", "dateOfBirth": {"year": 1989, "month": 8, "date": 16}, "dateOfDeath": null, "gender": "M", "battingStyles": ["rhb"], "bowlingStyles": ["rm"], "longBattingStyles": ["right-hand bat"], "longBowlingStyles": ["right-arm medium"], "image": {"id": 309100, "objectId": 1232617, "slug": "marcus-stoinis-portrait", "url": "/db/PICTURES/CMS/309100/309100.jpg", "width": 160, "height": 200, "caption": "Marcus Stoinis portrait", "longCaption": "Marcus Stoinis portrait, September 2020", "credit": "Getty Images", "photographer": null, "peerUrls": null}, "countryTeamId": 2, "playerRoleTypeIds": [10], "playingRoles": ["batting allrounder"], "headshotImage": {"id": 321596, "objectId": 1263530, "slug": "marcus-stoinis-player-page-headshot-cutout-2021", "url": "/db/PICTURES/CMS/321500/321596.png", "width": 600, "height": 436, "caption": "Marcus Stoinis player page headshot cutout, 2021", "longCaption": "Marcus Stoinis player page headshot cutout, 2021", "credit": null, "photographer": null, "peerUrls": {"FILM": null, "WIDE": null, "SQUARE": "/db/PICTURES/CMS/321500/321596.square.png"}}}, "runs": 3, "balls": 5, "fours": 0, "sixes": 0}], "overEndBowlers": [{"player": {"id": 67296, "objectId": 550215, "name": "K Rabada", "longName": "Kagiso Rabada", "mobileName": "Rabada", "indexName": "Rabada, K", "battingName": "K Rabada", "fieldingName": "Rabada", "slug": "kagiso-rabada", "imageUrl": "/db/PICTURES/CMS/317900/317954.jpg", "headshotImageUrl": "/db/PICTURES/CMS/320300/320376.png", "dateOfBirth": {"year": 1995, "month": 5, "date": 25}, "dateOfDeath": null, "gender": "M", "battingStyles": ["lhb"], "bowlingStyles": ["rf"], "longBattingStyles": ["left-hand bat"], "longBowlingStyles": ["right-arm fast"], "image": {"id": 317954, "objectId": 1254922, "slug": "kagiso-rabada-portrait", "url": "/db/PICTURES/CMS/317900/317954.jpg", "width": 160, "height": 200, "caption": "Kagiso Rabada portrait", "longCaption": "Kagiso Rabada portrait, November 19, 2020", "credit": "Cricket South Africa", "photographer": null, "peerUrls": null}, "countryTeamId": 3, "playerRoleTypeIds": [4], "playingRoles": ["bowler"], "headshotImage": {"id": 320376, "objectId": 1261170, "slug": "kagiso-rabada-player-page-headshot-cutout-2021", "url": "/db/PICTURES/CMS/320300/320376.png", "width": 600, "height": 436, "caption": "Kagiso Rabada player page headshot cutout, 2021", "longCaption": "Kagiso Rabada player page headshot cutout, 2021", "credit": null, "photographer": null, "peerUrls": {"FILM": null, "WIDE": null, "SQUARE": "/db/PICTURES/CMS/320300/320376.square.png"}}}, "overs": 4, "balls": 24, "maidens": 0, "conceded": 28, "wickets": 1, "currentType": 1}, {"player": {"id": 58408, "objectId": 379145, "name": "T Shamsi", "longName": "Tabraiz Shamsi", "mobileName": "Shamsi", "indexName": "Shamsi, T", "battingName": "T Shamsi", "fieldingName": "Shamsi", "slug": "tabraiz-shamsi", "imageUrl": "/db/PICTURES/CMS/317900/317943.jpg", "headshotImageUrl": "/db/PICTURES/CMS/322000/322068.png", "dateOfBirth": {"year": 1990, "month": 2, "date": 18}, "dateOfDeath": null, "gender": "M", "battingStyles": ["rhb"], "bowlingStyles": ["lws"], "longBattingStyles": ["right-hand bat"], "longBowlingStyles": ["left-arm wrist-spin"], "image": {"id": 317943, "objectId": 1254909, "slug": "tabraiz-shamsi-portrait", "url": "/db/PICTURES/CMS/317900/317943.jpg", "width": 160, "height": 200, "caption": "Tabraiz Shamsi portrait", "longCaption": "Tabraiz Shamsi portrait, November 19, 2020", "credit": "Cricket South Africa", "photographer": null, "peerUrls": null}, "countryTeamId": 3, "playerRoleTypeIds": [4], "playingRoles": ["bowler"], "headshotImage": {"id": 322068, "objectId": 1264437, "slug": "tabraiz-shamsi-player-page-headshot-cutout-2021", "url": "/db/PICTURES/CMS/322000/322068.png", "width": 600, "height": 436, "caption": "Tabraiz Shamsi player page headshot cutout, 2021", "longCaption": "Tabraiz Shamsi player page headshot cutout, 2021", "credit": null, "photographer": null, "peerUrls": {"FILM": null, "WIDE": null, "SQUARE": "/db/PICTURES/CMS/322000/322068.square.png"}}}, "overs": 4, "balls": 24, "maidens": 0, "conceded": 22, "wickets": 1, "currentType": 2}], "rollover": null}, "batsmanStatText": null, "bowlerStatText": null, "smartStats": []}]