[{"_uid": 35078658, "id": 35078658, "inningNumber": 1, "ballsActual": null, "ballsUnique": null, "oversUnique": 15.01, "oversActual": 15.1, "overNumber": 16, "ballNumber": 1, "totalRuns": 0, "batsmanRuns": 0, "isFour": false, "isSix": false, "isWicket": false, "dismissalType": null, "byes": 0, "legbyes": 0, "wides": 0, "noballs": 0, "penalties": 0, "wagonX": 242, "wagonY": 200, "wagonZone": 3, "pitchLine": "DOWN_LEG", "pitchLength": "SHORT_OF_A_GOOD_LENGTH", "shotType": "FLICK", "shotControl": 1, "timestamp": "2021-10-26T11:09:06.000Z", "modified": "2021-10-26T11:09:10.000Z", "batsmanPlayerId": 49040, "bowlerPlayerId": 58408, "outPlayerId": null, "totalInningRuns": 95, "totalInningWickets": 3, "predictions": {"score": 141, "winProbability": 28.41}, "title": "Shamsi to Pollard", "dismissalText": null, "commentPreTextItems": null, "commentTextItems": [{"type": "HTML", "html": "good length ball on the legs, goes back and flicks straight to midwicket."}], "commentPostTextItems": null, "commentVideos": [], "commentImages": [], "events": [], "over": null, "batsmanStatText": null, "bowlerStatText": null, "smartStats": []}, {"_uid": 35078659, "id": 35078659, "inningNumber": 1, "ballsActual": null, "ballsUnique": null, "oversUnique": 15.02, "oversActual": 15.2, "overNumber": 16, "ballNumber": 2, "totalRuns": 6, "batsmanRuns": 6, "isFour": false, "isSix": true, "isWicket": false, "dismissalType": null, "byes": 0, "legbyes": 0, "wides": 0, "noballs": 0, "penalties": 0, "wagonX": 326, "wagonY": 288, "wagonZone": 3, "pitchLine": "DOWN_LEG", "pitchLength": "GOOD_LENGTH", "shotType": "SLOG_SWEEP", "shotControl": 1, "timestamp": "2021-10-26T11:09:28.000Z", "modified": "2021-10-26T11:09:32.000Z", "batsmanPlayerId": 49040, "bowlerPlayerId": 58408, "outPlayerId": null, "totalInningRuns": 101, "totalInningWickets": 3, "predictions": {"score": 144, "winProbability": 31.24}, "title": "Shamsi to Pollard", "dismissalText": null, "commentPreTextItems": null, "commentTextItems": [{"type": "HTML", "html": "backs away three feet from leg stump to create room to heave this full ball floated up on leg stump and unleashes an almighty slog sweep high over wide long-on, deep into the stands."}], "commentPostTextItems": null, "commentVideos": [], "commentImages": [], "events": [], "over": null, "batsmanStatText": null, "bowlerStatText": null, "smartStats": []}, {"_uid": 35078663, "id": 35078663, "inningNumber": 1, "ballsActual": null, "ballsUnique": null, "oversUnique": 15.03, "oversActual": 15.3, "overNumber": 16, "ballNumber": 3, "totalRuns": 1, "batsmanRuns": 1, "isFour": false, "isSix": false, "isWicket": false, "dismissalType": null, "byes": 0, "legbyes": 0, "wides": 0, "noballs": 0, "penalties": 0, "wagonX": 268, "wagonY": 309, "wagonZone": 4, "pitchLine": "DOWN_LEG", "pitchLength": "SHORT_OF_A_GOOD_LENGTH", "shotType": "ON_DRIVE", "shotControl": 1, "timestamp": "2021-10-26T11:10:23.000Z", "modified": "2021-10-26T11:10:26.000Z", "batsmanPlayerId": 49040, "bowlerPlayerId": 58408, "outPlayerId": null, "totalInningRuns": 102, "totalInningWickets": 3, "predictions": {"score": 146, "winProbability": 33.22}, "title": "Shamsi to Pollard", "dismissalText": null, "commentPreTextItems": null, "commentTextItems": [{"type": "HTML", "html": "googly lands on leg stump on a good length, Pollard goes back to punch through mid-on."}], "commentPostTextItems": null, "commentVideos": [], "commentImages": [], "events": [], "over": null, "batsmanStatText": null, "bowlerStatText": null, "smartStats": []}, {"_uid": 35078664, "id": 35078664, "inningNumber": 1, "ballsActual": null, "ballsUnique": null, "oversUnique": 15.04, "oversActual": 15.4, "overNumber": 16, "ballNumber": 4, "totalRuns": 6, "batsmanRuns": 6, "isFour": false, "isSix": true, "isWicket": false, "dismissalType": null, "byes": 0, "legbyes": 0, "wides": 0, "noballs": 0, "penalties": 0, "wagonX": 189, "wagonY": 360, "wagonZone": 4, "pitchLine": "OUTSIDE_OFFSTUMP", "pitchLength": "GOOD_LENGTH", "shotType": "STRAIGHT_DRIVE", "shotControl": 1, "timestamp": "2021-10-26T11:10:53.000Z", "modified": "2021-10-26T11:10:56.000Z", "batsmanPlayerId": 7568, "bowlerPlayerId": 58408, "outPlayerId": null, "totalInningRuns": 108, "totalInningWickets": 3, "predictions": {"score": 150, "winProbability": 37.33}, "title": "Shamsi to Gayle", "dismissalText": null, "commentPreTextItems": null, "commentTextItems": [{"type": "HTML", "html": "flighted too full on fifth stump, Gayle joins the party smoking this high and deep over long-on."}], "commentPostTextItems": null, "commentVideos": [], "commentImages": [], "events": [], "over": null, "batsmanStatText": null, "bowlerStatText": null, "smartStats": []}, {"_uid": 35078665, "id": 35078665, "inningNumber": 1, "ballsActual": null, "ballsUnique": null, "oversUnique": 15.05, "oversActual": 15.5, "overNumber": 16, "ballNumber": 5, "totalRuns": 1, "batsmanRuns": 0, "isFour": false, "isSix": false, "isWicket": false, "dismissalType": null, "byes": 0, "legbyes": 0, "wides": 1, "noballs": 0, "penalties": 0, "wagonX": 0, "wagonY": 0, "wagonZone": 0, "pitchLine": "OUTSIDE_OFFSTUMP", "pitchLength": "SHORT_OF_A_GOOD_LENGTH", "shotType": "LEFT_ALONE", "shotControl": null, "timestamp": "2021-10-26T11:11:27.000Z", "modified": "2021-10-26T11:11:31.000Z", "batsmanPlayerId": 7568, "bowlerPlayerId": 58408, "outPlayerId": null, "totalInningRuns": 109, "totalInningWickets": 3, "predictions": {"score": 153, "winProbability": 40.55}, "title": "Shamsi to Gayle", "dismissalText": null, "commentPreTextItems": null, "commentTextItems": [{"type": "HTML", "html": "stock delivery lands on a good length on sixth stump and spins sharply outside the guidelines."}], "commentPostTextItems": null, "commentVideos": [], "commentImages": [], "events": [], "over": null, "batsmanStatText": null, "bowlerStatText": null, "smartStats": []}, {"_uid": 35078667, "id": 35078667, "inningNumber": 1, "ballsActual": null, "ballsUnique": null, "oversUnique": 15.06, "oversActual": 15.5, "overNumber": 16, "ballNumber": 6, "totalRuns": 1, "batsmanRuns": 1, "isFour": false, "isSix": false, "isWicket": false, "dismissalType": null, "byes": 0, "legbyes": 0, "wides": 0, "noballs": 0, "penalties": 0, "wagonX": 268, "wagonY": 309, "wagonZone": 4, "pitchLine": "OUTSIDE_OFFSTUMP", "pitchLength": "SHORT_OF_A_GOOD_LENGTH", "shotType": "ON_DRIVE", "shotControl": 1, "timestamp": "2021-10-26T11:11:51.000Z", "modified": "2021-10-26T11:11:55.000Z", "batsmanPlayerId": 7568, "bowlerPlayerId": 58408, "outPlayerId": null, "totalInningRuns": 110, "totalInningWickets": 3, "predictions": {"score": 153, "winProbability": 40.55}, "title": "Shamsi to Gayle", "dismissalText": null, "commentPreTextItems": null, "commentTextItems": [{"type": "HTML", "html": "full on off, driven to long-off."}], "commentPostTextItems": null, "commentVideos": [], "commentImages": [], "events": [], "over": null, "batsmanStatText": null, "bowlerStatText": null, "smartStats": []}, {"_uid": 35078669, "id": 35078669, "inningNumber": 1, "ballsActual": null, "ballsUnique": null, "oversUnique": 15.07, "oversActual": 15.6, "overNumber": 16, "ballNumber": 7, "totalRuns": 1, "batsmanRuns": 1, "isFour": false, "isSix": false, "isWicket": false, "dismissalType": null, "byes": 0, "legbyes": 0, "wides": 0, "noballs": 0, "penalties": 0, "wagonX": 299, "wagonY": 228, "wagonZone": 3, "pitchLine": "DOWN_LEG", "pitchLength": "GOOD_LENGTH", "shotType": "FLICK", "shotControl": 1, "timestamp": "2021-10-26T11:12:21.000Z", "modified": "2021-10-26T11:12:24.000Z", "batsmanPlayerId": 49040, "bowlerPlayerId": 58408, "outPlayerId": null, "totalInningRuns": 111, "totalInningWickets": 3, "predictions": {"score": 152, "winProbability": 39.47}, "title": "Shamsi to Pollard", "dismissalText": null, "commentPreTextItems": null, "commentTextItems": [{"type": "HTML", "html": "full outside leg, flicked gently for one through midwicket."}], "commentPostTextItems": [{"type": "HTML", "html": "According to our stats men: <b>Lendl Simmons' innings is the joint-longest in terms of balls without a boundary in men's T20 World Cup. In terms of strike rate, only two players had a lower strike rate in a men's T20 World Cup innings after facing 30 or more balls. </b>"}], "commentVideos": [], "commentImages": [], "events": [], "over": {"team": {"id": 4, "objectId": 4, "scribeId": 4, "slug": "west-indies", "name": "West Indies", "longName": "West Indies", "abbreviation": "WI", "unofficialName": "", "imageUrl": "/db/PICTURES/CMS/317600/317615.png", "isCountry": true, "primaryColor": "#790d1a", "image": {"id": 317615, "objectId": 1254181, "slug": "west-indies-team-logo", "url": "/db/PICTURES/CMS/317600/317615.png", "width": 500, "height": 500, "caption": "West Indies team logo", "longCaption": "West Indies team logo", "credit": "West Indies Cricket", "photographer": null, "peerUrls": null}, "country": {"id": 4, "objectId": 4, "name": "West Indies", "shortName": "West Indies", "abbreviation": "WI", "slug": "west-indies"}}, "inningNumber": 1, "overNumber": 16, "overRuns": 16, "overWickets": 0, "totalRuns": 111, "totalWickets": 3, "target": 0, "overLimit": 20, "ballLimit": 120, "isMaiden": false, "isComplete": true, "isSuperOver": false, "overEndBatsmen": [{"player": {"id": 49040, "objectId": 230559, "name": "KA Pollard", "longName": "Kieron Pollard", "mobileName": "Pollard", "indexName": "Pollard, KA", "battingName": "KA Pollard", "fieldingName": "Pollard", "slug": "kieron-pollard", "imageUrl": "/db/PICTURES/CMS/203300/203305.1.jpg", "headshotImageUrl": "/db/PICTURES/CMS/320100/320107.png", "dateOfBirth": {"year": 1987, "month": 5, "date": 12}, "dateOfDeath": null, "gender": "M", "battingStyles": ["rhb"], "bowlingStyles": ["rm"], "longBattingStyles": ["right-hand bat"], "longBowlingStyles": ["right-arm medium"], "image": {"id": 203305, "objectId": 818707, "slug": "kieron-pollard", "url": "/db/PICTURES/CMS/203300/203305.1.jpg", "width": 160, "height": 192, "caption": "Kieron Pollard", "longCaption": "Kieron Pollard", "credit": "Getty Images", "photographer": null, "peerUrls": null}, "countryTeamId": 4, "playerRoleTypeIds": [10], "playingRoles": ["batting allrounder"], "headshotImage": {"id": 320107, "objectId": 1260562, "slug": "kieron-pollard-player-page-headshot-cutout-2021", "url": "/db/PICTURES/CMS/320100/320107.png", "width": 600, "height": 436, "caption": "Kieron Pollard player page headshot cutout, 2021", "longCaption": "Kieron Pollard player page headshot cutout, 2021", "credit": null, "photographer": null, "peerUrls": {"FILM": null, "WIDE": null, "SQUARE": "/db/PICTURES/CMS/320100/320107.square.png"}}}, "runs": 12, "balls": 10, "fours": 0, "sixes": 1}, {"player": {"id": 7568, "objectId": 51880, "name": "CH Gayle", "longName": "Chris Gayle", "mobileName": "Gayle", "indexName": "Gayle, CH", "battingName": "CH Gayle", "fieldingName": "Gayle", "slug": "chris-gayle", "imageUrl": "/db/PICTURES/CMS/309000/309058.png", "headshotImageUrl": "/db/PICTURES/CMS/316400/316494.png", "dateOfBirth": {"year": 1979, "month": 9, "date": 21}, "dateOfDeath": null, "gender": "M", "battingStyles": ["lhb"], "bowlingStyles": ["ob"], "longBattingStyles": ["left-hand bat"], "longBowlingStyles": ["right-arm offbreak"], "image": {"id": 309058, "objectId": 1232572, "slug": "chris-gayle-portrait", "url": "/db/PICTURES/CMS/309000/309058.png", "width": 160, "height": 200, "caption": "Chris Gayle portrait", "longCaption": "Chris Gayle portrait, September 2020", "credit": "Getty Images", "photographer": null, "peerUrls": null}, "countryTeamId": 4, "playerRoleTypeIds": [5], "playingRoles": ["allrounder"], "headshotImage": {"id": 316494, "objectId": 1251123, "slug": "ch-gayle-headshot", "url": "/db/PICTURES/CMS/316400/316494.png", "width": 600, "height": 436, "caption": "CH Gayle headshot", "longCaption": "CH Gayle headshot", "credit": null, "photographer": null, "peerUrls": {"FILM": null, "WIDE": null, "SQUARE": null}}}, "runs": 10, "balls": 9, "fours": 0, "sixes": 1}], "overEndBowlers": [{"player": {"id": 58408, "objectId": 379145, "name": "T Shamsi", "longName": "Tabraiz Shamsi", "mobileName": "Shamsi", "indexName": "Shamsi, T", "battingName": "T Shamsi", "fieldingName": "Shamsi", "slug": "tabraiz-shamsi", "imageUrl": "/db/PICTURES/CMS/317900/317943.jpg", "headshotImageUrl": "/db/PICTURES/CMS/322000/322068.png", "dateOfBirth": {"year": 1990, "month": 2, "date": 18}, "dateOfDeath": null, "gender": "M", "battingStyles": ["rhb"], "bowlingStyles": ["lws"], "longBattingStyles": ["right-hand bat"], "longBowlingStyles": ["left-arm wrist-spin"], "image": {"id": 317943, "objectId": 1254909, "slug": "tabraiz-shamsi-portrait", "url": "/db/PICTURES/CMS/317900/317943.jpg", "width": 160, "height": 200, "caption": "Tabraiz Shamsi portrait", "longCaption": "Tabraiz Shamsi portrait, November 19, 2020", "credit": "Cricket South Africa", "photographer": null, "peerUrls": null}, "countryTeamId": 3, "playerRoleTypeIds": [4], "playingRoles": ["bowler"], "headshotImage": {"id": 322068, "objectId": 1264437, "slug": "tabraiz-shamsi-player-page-headshot-cutout-2021", "url": "/db/PICTURES/CMS/322000/322068.png", "width": 600, "height": 436, "caption": "Tabraiz Shamsi player page headshot cutout, 2021", "longCaption": "Tabraiz Shamsi player page headshot cutout, 2021", "credit": null, "photographer": null, "peerUrls": {"FILM": null, "WIDE": null, "SQUARE": "/db/PICTURES/CMS/322000/322068.square.png"}}}, "overs": 3, "balls": 18, "maidens": 0, "conceded": 37, "wickets": 0, "currentType": 1}, {"player": {"id": 63651, "objectId": 481979, "name": "A Nortje", "longName": "Anrich Nortje", "mobileName": "Nortje", "indexName": "Nortje, A", "battingName": "A Nortje", "fieldingName": "Nortje", "slug": "anrich-nortje", "imageUrl": "/db/PICTURES/CMS/317900/317968.jpg", "headshotImageUrl": "/db/PICTURES/CMS/322000/322080.png", "dateOfBirth": {"year": 1993, "month": 11, "date": 16}, "dateOfDeath": null, "gender": "M", "battingStyles": ["rhb"], "bowlingStyles": ["rf"], "longBattingStyles": ["right-hand bat"], "longBowlingStyles": ["right-arm fast"], "image": {"id": 317968, "objectId": 1254936, "slug": "anrich-nortje-portrait", "url": "/db/PICTURES/CMS/317900/317968.jpg", "width": 160, "height": 200, "caption": "Anrich Nortje portrait", "longCaption": "Anrich Nortje portrait, November 19, 2020", "credit": "Cricket South Africa", "photographer": null, "peerUrls": null}, "countryTeamId": 3, "playerRoleTypeIds": [4], "playingRoles": ["bowler"], "headshotImage": {"id": 322080, "objectId": 1264454, "slug": "anrich-nortje-player-page-headshot-cutout-2021", "url": "/db/PICTURES/CMS/322000/322080.png", "width": 600, "height": 436, "caption": "Anrich Nortje player page headshot cutout, 2021", "longCaption": "Anrich Nortje player page headshot cutout, 2021", "credit": null, "photographer": null, "peerUrls": {"FILM": null, "WIDE": null, "SQUARE": "/db/PICTURES/CMS/322000/322080.square.png"}}}, "overs": 3, "balls": 18, "maidens": 0, "conceded": 9, "wickets": 0, "currentType": 2}], "rollover": null}, "batsmanStatText": null, "bowlerStatText": null, "smartStats": []}, {"_uid": 35078673, "id": 35078673, "inningNumber": 1, "ballsActual": null, "ballsUnique": null, "oversUnique": 16.01, "oversActual": 16.1, "overNumber": 17, "ballNumber": 1, "totalRuns": 1, "batsmanRuns": 0, "isFour": false, "isSix": false, "isWicket": false, "dismissalType": null, "byes": 0, "legbyes": 0, "wides": 0, "noballs": 1, "penalties": 0, "wagonX": 187, "wagonY": 198, "wagonZone": 4, "pitchLine": "OUTSIDE_OFFSTUMP", "pitchLength": "FULL", "shotType": "STRAIGHT_DRIVE", "shotControl": 2, "timestamp": "2021-10-26T11:13:45.000Z", "modified": "2021-10-26T11:14:18.000Z", "batsmanPlayerId": 49040, "bowlerPlayerId": 67296, "outPlayerId": null, "totalInningRuns": 112, "totalInningWickets": 3, "predictions": {"score": 150, "winProbability": 37.33}, "title": "Rabada to Pollard", "dismissalText": null, "commentPreTextItems": null, "commentTextItems": [{"type": "HTML", "html": "full on sixth stump, driven back to Rabada. The third umpire has radio'd down that Rabada has overstepped. Free hit coming up."}], "commentPostTextItems": null, "commentVideos": [], "commentImages": [], "events": [], "over": null, "batsmanStatText": null, "bowlerStatText": null, "smartStats": []}, {"_uid": 35078675, "id": 35078675, "inningNumber": 1, "ballsActual": null, "ballsUnique": null, "oversUnique": 16.02, "oversActual": 16.1, "overNumber": 17, "ballNumber": 2, "totalRuns": 4, "batsmanRuns": 4, "isFour": true, "isSix": false, "isWicket": false, "dismissalType": null, "byes": 0, "legbyes": 0, "wides": 0, "noballs": 0, "penalties": 0, "wagonX": 328, "wagonY": 290, "wagonZone": 3, "pitchLine": "OUTSIDE_OFFSTUMP", "pitchLength": "GOOD_LENGTH", "shotType": "SLOG_SHOT", "shotControl": 2, "timestamp": "2021-10-26T11:14:32.000Z", "modified": "2021-10-26T11:14:36.000Z", "batsmanPlayerId": 49040, "bowlerPlayerId": 67296, "outPlayerId": null, "totalInningRuns": 116, "totalInningWickets": 3, "predictions": {"score": 154, "winProbability": 41.64}, "title": "Rabada to Pollard", "dismissalText": null, "commentPreTextItems": null, "commentTextItems": [{"type": "HTML", "html": "attempted wide yorker, but instead a low full toss whipped away through midwicket, didn't middle this at all but has enough muscle on it to get it to the rope."}], "commentPostTextItems": null, "commentVideos": [], "commentImages": [], "events": [], "over": null, "batsmanStatText": null, "bowlerStatText": null, "smartStats": []}, {"_uid": 35078676, "id": 35078676, "inningNumber": 1, "ballsActual": null, "ballsUnique": null, "oversUnique": 16.03, "oversActual": 16.2, "overNumber": 17, "ballNumber": 3, "totalRuns": 1, "batsmanRuns": 1, "isFour": false, "isSix": false, "isWicket": false, "dismissalType": null, "byes": 0, "legbyes": 0, "wides": 0, "noballs": 0, "penalties": 0, "wagonX": 321, "wagonY": 127, "wagonZone": 2, "pitchLine": "OUTSIDE_OFFSTUMP", "pitchLength": "FULL_TOSS", "shotType": "SLOG_SHOT", "shotControl": 2, "timestamp": "2021-10-26T11:15:24.000Z", "modified": "2021-10-26T11:15:27.000Z", "batsmanPlayerId": 49040, "bowlerPlayerId": 67296, "outPlayerId": null, "totalInningRuns": 117, "totalInningWickets": 3, "predictions": {"score": 154, "winProbability": 41.64}, "title": "Rabada to Pollard", "dismissalText": null, "commentPreTextItems": null, "commentTextItems": [{"type": "HTML", "html": "knee high full toss on sixth stump, heaves this into the leg side again and fielded at deep square leg for one."}], "commentPostTextItems": null, "commentVideos": [], "commentImages": [], "events": [], "over": null, "batsmanStatText": null, "bowlerStatText": null, "smartStats": []}, {"_uid": 35078677, "id": 35078677, "inningNumber": 1, "ballsActual": null, "ballsUnique": null, "oversUnique": 16.04, "oversActual": 16.3, "overNumber": 17, "ballNumber": 4, "totalRuns": 1, "batsmanRuns": 1, "isFour": false, "isSix": false, "isWicket": false, "dismissalType": null, "byes": 0, "legbyes": 0, "wides": 0, "noballs": 0, "penalties": 0, "wagonX": 66, "wagonY": 258, "wagonZone": 6, "pitchLine": "DOWN_LEG", "pitchLength": "SHORT", "shotType": "PULL", "shotControl": 2, "timestamp": "2021-10-26T11:16:11.000Z", "modified": "2021-10-26T11:16:15.000Z", "batsmanPlayerId": 7568, "bowlerPlayerId": 67296, "outPlayerId": null, "totalInningRuns": 118, "totalInningWickets": 3, "predictions": {"score": 154, "winProbability": 41.64}, "title": "Rabada to Gayle", "dismissalText": null, "commentPreTextItems": null, "commentTextItems": [{"type": "HTML", "html": "short on the stumps, slaps this flat through the leg side for one."}], "commentPostTextItems": null, "commentVideos": [], "commentImages": [], "events": [], "over": null, "batsmanStatText": null, "bowlerStatText": null, "smartStats": []}, {"_uid": 35078680, "id": 35078680, "inningNumber": 1, "ballsActual": null, "ballsUnique": null, "oversUnique": 16.05, "oversActual": 16.4, "overNumber": 17, "ballNumber": 5, "totalRuns": 1, "batsmanRuns": 1, "isFour": false, "isSix": false, "isWicket": false, "dismissalType": null, "byes": 0, "legbyes": 0, "wides": 0, "noballs": 0, "penalties": 0, "wagonX": 317, "wagonY": 143, "wagonZone": 2, "pitchLine": "OUTSIDE_OFFSTUMP", "pitchLength": "SHORT_OF_A_GOOD_LENGTH", "shotType": "FLICK", "shotControl": 1, "timestamp": "2021-10-26T11:16:56.000Z", "modified": "2021-10-26T11:17:00.000Z", "batsmanPlayerId": 49040, "bowlerPlayerId": 67296, "outPlayerId": null, "totalInningRuns": 119, "totalInningWickets": 3, "predictions": {"score": 153, "winProbability": 40.55}, "title": "Rabada to Pollard", "dismissalText": null, "commentPreTextItems": null, "commentTextItems": [{"type": "HTML", "html": "back of a length on the stumps, flicks this into the leg side for one."}], "commentPostTextItems": null, "commentVideos": [], "commentImages": [], "events": [], "over": null, "batsmanStatText": null, "bowlerStatText": null, "smartStats": []}, {"_uid": 35078682, "id": 35078682, "inningNumber": 1, "ballsActual": null, "ballsUnique": null, "oversUnique": 16.06, "oversActual": 16.5, "overNumber": 17, "ballNumber": 6, "totalRuns": 1, "batsmanRuns": 0, "isFour": false, "isSix": false, "isWicket": false, "dismissalType": null, "byes": 0, "legbyes": 0, "wides": 1, "noballs": 0, "penalties": 0, "wagonX": 0, "wagonY": 0, "wagonZone": 0, "pitchLine": "WIDE_OUTSIDE_OFFSTUMP", "pitchLength": "GOOD_LENGTH", "shotType": "LEFT_ALONE", "shotControl": null, "timestamp": "2021-10-26T11:17:27.000Z", "modified": "2021-10-26T11:17:30.000Z", "batsmanPlayerId": 7568, "bowlerPlayerId": 67296, "outPlayerId": null, "totalInningRuns": 120, "totalInningWickets": 3, "predictions": {"score": 153, "winProbability": 40.55}, "title": "Rabada to Gayle", "dismissalText": null, "commentPreTextItems": null, "commentTextItems": [{"type": "HTML", "html": "good length ball wide outside off, too wide to play at."}], "commentPostTextItems": null, "commentVideos": [], "commentImages": [], "events": [], "over": null, "batsmanStatText": null, "bowlerStatText": null, "smartStats": []}, {"_uid": 35078683, "id": 35078683, "inningNumber": 1, "ballsActual": null, "ballsUnique": null, "oversUnique": 16.07, "oversActual": 16.5, "overNumber": 17, "ballNumber": 7, "totalRuns": 1, "batsmanRuns": 1, "isFour": false, "isSix": false, "isWicket": false, "dismissalType": null, "byes": 0, "legbyes": 0, "wides": 0, "noballs": 0, "penalties": 0, "wagonX": 53, "wagonY": 137, "wagonZone": 7, "pitchLine": "DOWN_LEG", "pitchLength": "SHORT", "shotType": "PULL", "shotControl": 1, "timestamp": "2021-10-26T11:17:59.000Z", "modified": "2021-10-26T11:18:02.000Z", "batsmanPlayerId": 7568, "bowlerPlayerId": 67296, "outPlayerId": null, "totalInningRuns": 121, "totalInningWickets": 3, "predictions": {"score": 153, "winProbability": 40.55}, "title": "Rabada to Gayle", "dismissalText": null, "commentPreTextItems": null, "commentTextItems": [{"type": "HTML", "html": "slower bouncer on fifth stump, slapped into the leg side for one."}], "commentPostTextItems": null, "commentVideos": [], "commentImages": [], "events": [], "over": null, "batsmanStatText": null, "bowlerStatText": null, "smartStats": []}, {"_uid": 35078685, "id": 35078685, "inningNumber": 1, "ballsActual": null, "ballsUnique": null, "oversUnique": 16.08, "oversActual": 16.6, "overNumber": 17, "ballNumber": 8, "totalRuns": 0, "batsmanRuns": 0, "isFour": false, "isSix": false, "isWicket": false, "dismissalType": null, "byes": 0, "legbyes": 0, "wides": 0, "noballs": 0, "penalties": 0, "wagonX": 120, "wagonY": 130, "wagonZone": 7, "pitchLine": "WIDE_OUTSIDE_OFFSTUMP", "pitchLength": "FULL", "shotType": "STEERED", "shotControl": 1, "timestamp": "2021-10-26T11:18:43.000Z", "modified": "2021-10-26T11:18:46.000Z", "batsmanPlayerId": 49040, "bowlerPlayerId": 67296, "outPlayerId": null, "totalInningRuns": 121, "totalInningWickets": 3, "predictions": {"score": 151, "winProbability": 38.39}, "title": "Rabada to Pollard", "dismissalText": null, "commentPreTextItems": null, "commentTextItems": [{"type": "HTML", "html": "full and wide yorker, stabbed out to backward point."}], "commentPostTextItems": [{"type": "HTML", "html": "Chin: \"Somewhere, Chris Tavare must be watching with a smile. He's no longer going to be the first one in future discussions when it comes to snail paced innings\". True cricket aficionados know that in spite of Tavare's Test reputation, he was an attacking batter in limited overs cricket on the County scene. He is unfairly maligned for adjusting his game to suit the needs of a weak England lineup of the era."}], "commentVideos": [], "commentImages": [], "events": [], "over": {"team": {"id": 4, "objectId": 4, "scribeId": 4, "slug": "west-indies", "name": "West Indies", "longName": "West Indies", "abbreviation": "WI", "unofficialName": "", "imageUrl": "/db/PICTURES/CMS/317600/317615.png", "isCountry": true, "primaryColor": "#790d1a", "image": {"id": 317615, "objectId": 1254181, "slug": "west-indies-team-logo", "url": "/db/PICTURES/CMS/317600/317615.png", "width": 500, "height": 500, "caption": "West Indies team logo", "longCaption": "West Indies team logo", "credit": "West Indies Cricket", "photographer": null, "peerUrls": null}, "country": {"id": 4, "objectId": 4, "name": "West Indies", "shortName": "West Indies", "abbreviation": "WI", "slug": "west-indies"}}, "inningNumber": 1, "overNumber": 17, "overRuns": 10, "overWickets": 0, "totalRuns": 121, "totalWickets": 3, "target": 0, "overLimit": 20, "ballLimit": 120, "isMaiden": false, "isComplete": true, "isSuperOver": false, "overEndBatsmen": [{"player": {"id": 49040, "objectId": 230559, "name": "KA Pollard", "longName": "Kieron Pollard", "mobileName": "Pollard", "indexName": "Pollard, KA", "battingName": "KA Pollard", "fieldingName": "Pollard", "slug": "kieron-pollard", "imageUrl": "/db/PICTURES/CMS/203300/203305.1.jpg", "headshotImageUrl": "/db/PICTURES/CMS/320100/320107.png", "dateOfBirth": {"year": 1987, "month": 5, "date": 12}, "dateOfDeath": null, "gender": "M", "battingStyles": ["rhb"], "bowlingStyles": ["rm"], "longBattingStyles": ["right-hand bat"], "longBowlingStyles": ["right-arm medium"], "image": {"id": 203305, "objectId": 818707, "slug": "kieron-pollard", "url": "/db/PICTURES/CMS/203300/203305.1.jpg", "width": 160, "height": 192, "caption": "Kieron Pollard", "longCaption": "Kieron Pollard", "credit": "Getty Images", "photographer": null, "peerUrls": null}, "countryTeamId": 4, "playerRoleTypeIds": [10], "playingRoles": ["batting allrounder"], "headshotImage": {"id": 320107, "objectId": 1260562, "slug": "kieron-pollard-player-page-headshot-cutout-2021", "url": "/db/PICTURES/CMS/320100/320107.png", "width": 600, "height": 436, "caption": "Kieron Pollard player page headshot cutout, 2021", "longCaption": "Kieron Pollard player page headshot cutout, 2021", "credit": null, "photographer": null, "peerUrls": {"FILM": null, "WIDE": null, "SQUARE": "/db/PICTURES/CMS/320100/320107.square.png"}}}, "runs": 18, "balls": 15, "fours": 1, "sixes": 1}, {"player": {"id": 7568, "objectId": 51880, "name": "CH Gayle", "longName": "Chris Gayle", "mobileName": "Gayle", "indexName": "Gayle, CH", "battingName": "CH Gayle", "fieldingName": "Gayle", "slug": "chris-gayle", "imageUrl": "/db/PICTURES/CMS/309000/309058.png", "headshotImageUrl": "/db/PICTURES/CMS/316400/316494.png", "dateOfBirth": {"year": 1979, "month": 9, "date": 21}, "dateOfDeath": null, "gender": "M", "battingStyles": ["lhb"], "bowlingStyles": ["ob"], "longBattingStyles": ["left-hand bat"], "longBowlingStyles": ["right-arm offbreak"], "image": {"id": 309058, "objectId": 1232572, "slug": "chris-gayle-portrait", "url": "/db/PICTURES/CMS/309000/309058.png", "width": 160, "height": 200, "caption": "Chris Gayle portrait", "longCaption": "Chris Gayle portrait, September 2020", "credit": "Getty Images", "photographer": null, "peerUrls": null}, "countryTeamId": 4, "playerRoleTypeIds": [5], "playingRoles": ["allrounder"], "headshotImage": {"id": 316494, "objectId": 1251123, "slug": "ch-gayle-headshot", "url": "/db/PICTURES/CMS/316400/316494.png", "width": 600, "height": 436, "caption": "CH Gayle headshot", "longCaption": "CH Gayle headshot", "credit": null, "photographer": null, "peerUrls": {"FILM": null, "WIDE": null, "SQUARE": null}}}, "runs": 12, "balls": 11, "fours": 0, "sixes": 1}], "overEndBowlers": [{"player": {"id": 67296, "objectId": 550215, "name": "K Rabada", "longName": "Kagiso Rabada", "mobileName": "Rabada", "indexName": "Rabada, K", "battingName": "K Rabada", "fieldingName": "Rabada", "slug": "kagiso-rabada", "imageUrl": "/db/PICTURES/CMS/317900/317954.jpg", "headshotImageUrl": "/db/PICTURES/CMS/320300/320376.png", "dateOfBirth": {"year": 1995, "month": 5, "date": 25}, "dateOfDeath": null, "gender": "M", "battingStyles": ["lhb"], "bowlingStyles": ["rf"], "longBattingStyles": ["left-hand bat"], "longBowlingStyles": ["right-arm fast"], "image": {"id": 317954, "objectId": 1254922, "slug": "kagiso-rabada-portrait", "url": "/db/PICTURES/CMS/317900/317954.jpg", "width": 160, "height": 200, "caption": "Kagiso Rabada portrait", "longCaption": "Kagiso Rabada portrait, November 19, 2020", "credit": "Cricket South Africa", "photographer": null, "peerUrls": null}, "countryTeamId": 3, "playerRoleTypeIds": [4], "playingRoles": ["bowler"], "headshotImage": {"id": 320376, "objectId": 1261170, "slug": "kagiso-rabada-player-page-headshot-cutout-2021", "url": "/db/PICTURES/CMS/320300/320376.png", "width": 600, "height": 436, "caption": "Kagiso Rabada player page headshot cutout, 2021", "longCaption": "Kagiso Rabada player page headshot cutout, 2021", "credit": null, "photographer": null, "peerUrls": {"FILM": null, "WIDE": null, "SQUARE": "/db/PICTURES/CMS/320300/320376.square.png"}}}, "overs": 4, "balls": 24, "maidens": 0, "conceded": 27, "wickets": 1, "currentType": 1}, {"player": {"id": 58408, "objectId": 379145, "name": "T Shamsi", "longName": "Tabraiz Shamsi", "mobileName": "Shamsi", "indexName": "Shamsi, T", "battingName": "T Shamsi", "fieldingName": "Shamsi", "slug": "tabraiz-shamsi", "imageUrl": "/db/PICTURES/CMS/317900/317943.jpg", "headshotImageUrl": "/db/PICTURES/CMS/322000/322068.png", "dateOfBirth": {"year": 1990, "month": 2, "date": 18}, "dateOfDeath": null, "gender": "M", "battingStyles": ["rhb"], "bowlingStyles": ["lws"], "longBattingStyles": ["right-hand bat"], "longBowlingStyles": ["left-arm wrist-spin"], "image": {"id": 317943, "objectId": 1254909, "slug": "tabraiz-shamsi-portrait", "url": "/db/PICTURES/CMS/317900/317943.jpg", "width": 160, "height": 200, "caption": "Tabraiz Shamsi portrait", "longCaption": "Tabraiz Shamsi portrait, November 19, 2020", "credit": "Cricket South Africa", "photographer": null, "peerUrls": null}, "countryTeamId": 3, "playerRoleTypeIds": [4], "playingRoles": ["bowler"], "headshotImage": {"id": 322068, "objectId": 1264437, "slug": "tabraiz-shamsi-player-page-headshot-cutout-2021", "url": "/db/PICTURES/CMS/322000/322068.png", "width": 600, "height": 436, "caption": "Tabraiz Shamsi player page headshot cutout, 2021", "longCaption": "Tabraiz Shamsi player page headshot cutout, 2021", "credit": null, "photographer": null, "peerUrls": {"FILM": null, "WIDE": null, "SQUARE": "/db/PICTURES/CMS/322000/322068.square.png"}}}, "overs": 3, "balls": 18, "maidens": 0, "conceded": 37, "wickets": 0, "currentType": 2}], "rollover": null}, "batsmanStatText": null, "bowlerStatText": null, "smartStats": []}]