[{"_uid": 35116167, "id": 35116167, "inningNumber": 1, "ballsActual": null, "ballsUnique": null, "oversUnique": 7.01, "oversActual": 7.1, "overNumber": 8, "ballNumber": 1, "totalRuns": 1, "batsmanRuns": 0, "isFour": false, "isSix": false, "isWicket": false, "dismissalType": null, "byes": 0, "legbyes": 1, "wides": 0, "noballs": 0, "penalties": 0, "wagonX": 0, "wagonY": 0, "wagonZone": 0, "pitchLine": "ON_THE_STUMPS", "pitchLength": "GOOD_LENGTH", "shotType": "FLICK", "shotControl": 2, "timestamp": "2021-10-29T10:40:16.000Z", "modified": "2021-10-29T10:40:20.000Z", "batsmanPlayerId": 59349, "bowlerPlayerId": 66808, "outPlayerId": null, "totalInningRuns": 34, "totalInningWickets": 3, "predictions": {"score": 138, "winProbability": 32.32}, "title": "Taskin to Chase", "dismissalText": null, "commentPreTextItems": [{"type": "HTML", "html": "Taskin returns"}], "commentTextItems": [{"type": "HTML", "html": "wants to flick in the air on the leg side, gets a leg bye off the front pad on the leg side"}], "commentPostTextItems": null, "commentVideos": [], "commentImages": [], "events": [], "over": null, "batsmanStatText": null, "bowlerStatText": null, "smartStats": []}, {"_uid": 35116170, "id": 35116170, "inningNumber": 1, "ballsActual": null, "ballsUnique": null, "oversUnique": 7.02, "oversActual": 7.2, "overNumber": 8, "ballNumber": 2, "totalRuns": 0, "batsmanRuns": 0, "isFour": false, "isSix": false, "isWicket": false, "dismissalType": null, "byes": 0, "legbyes": 0, "wides": 0, "noballs": 0, "penalties": 0, "wagonX": 155, "wagonY": 197, "wagonZone": 5, "pitchLine": "OUTSIDE_OFFSTUMP", "pitchLength": "SHORT_OF_A_GOOD_LENGTH", "shotType": "DEFENDED", "shotControl": 1, "timestamp": "2021-10-29T10:41:05.000Z", "modified": "2021-10-29T10:41:09.000Z", "batsmanPlayerId": 49040, "bowlerPlayerId": 66808, "outPlayerId": null, "totalInningRuns": 34, "totalInningWickets": 3, "predictions": {"score": 137, "winProbability": 31.36}, "title": "Taskin to Pollard", "dismissalText": null, "commentPreTextItems": [{"type": "HTML", "html": "Pollard first his first ball. Three men in the deep on the leg side"}], "commentTextItems": [{"type": "HTML", "html": "starts by walking down the pitch and defends this one bowled into the pitch outside off"}], "commentPostTextItems": null, "commentVideos": [], "commentImages": [], "events": [], "over": null, "batsmanStatText": null, "bowlerStatText": null, "smartStats": []}, {"_uid": 35116171, "id": 35116171, "inningNumber": 1, "ballsActual": null, "ballsUnique": null, "oversUnique": 7.03, "oversActual": 7.3, "overNumber": 8, "ballNumber": 3, "totalRuns": 1, "batsmanRuns": 0, "isFour": false, "isSix": false, "isWicket": false, "dismissalType": null, "byes": 1, "legbyes": 0, "wides": 0, "noballs": 0, "penalties": 0, "wagonX": 0, "wagonY": 0, "wagonZone": 0, "pitchLine": "OUTSIDE_OFFSTUMP", "pitchLength": "SHORT_OF_A_GOOD_LENGTH", "shotType": "DEFENDED", "shotControl": 2, "timestamp": "2021-10-29T10:42:09.000Z", "modified": "2021-10-29T10:50:34.000Z", "batsmanPlayerId": 49040, "bowlerPlayerId": 66808, "outPlayerId": null, "totalInningRuns": 35, "totalInningWickets": 3, "predictions": {"score": 136, "winProbability": 30.4}, "title": "Taskin to Pollard", "dismissalText": null, "commentPreTextItems": null, "commentTextItems": [{"type": "HTML", "html": "<strong>was that an edge</strong>, doesn't reach the keeper! Squares up Pollard a bit as the ball straightens after pitching on short of length on off, a feather of an outside edge and it lands just in front of the keeper. Given as byes though"}], "commentPostTextItems": null, "commentVideos": [], "commentImages": [], "events": [], "over": null, "batsmanStatText": null, "bowlerStatText": null, "smartStats": []}, {"_uid": 35116180, "id": 35116180, "inningNumber": 1, "ballsActual": null, "ballsUnique": null, "oversUnique": 7.04, "oversActual": 7.4, "overNumber": 8, "ballNumber": 4, "totalRuns": 2, "batsmanRuns": 2, "isFour": false, "isSix": false, "isWicket": false, "dismissalType": null, "byes": 0, "legbyes": 0, "wides": 0, "noballs": 0, "penalties": 0, "wagonX": 313, "wagonY": 228, "wagonZone": 3, "pitchLine": "OUTSIDE_OFFSTUMP", "pitchLength": "SHORT_OF_A_GOOD_LENGTH", "shotType": "PULL", "shotControl": 1, "timestamp": "2021-10-29T10:42:45.000Z", "modified": "2021-10-29T10:42:48.000Z", "batsmanPlayerId": 59349, "bowlerPlayerId": 66808, "outPlayerId": null, "totalInningRuns": 37, "totalInningWickets": 3, "predictions": {"score": 136, "winProbability": 30.4}, "title": "Taskin to Chase", "dismissalText": null, "commentPreTextItems": null, "commentTextItems": [{"type": "HTML", "html": "short ball, pulled away to deep midwicket for two"}], "commentPostTextItems": null, "commentVideos": [], "commentImages": [], "events": [], "over": null, "batsmanStatText": null, "bowlerStatText": null, "smartStats": []}, {"_uid": 35116185, "id": 35116185, "inningNumber": 1, "ballsActual": null, "ballsUnique": null, "oversUnique": 7.05, "oversActual": 7.5, "overNumber": 8, "ballNumber": 5, "totalRuns": 1, "batsmanRuns": 1, "isFour": false, "isSix": false, "isWicket": false, "dismissalType": null, "byes": 0, "legbyes": 0, "wides": 0, "noballs": 0, "penalties": 0, "wagonX": 219, "wagonY": 226, "wagonZone": 4, "pitchLine": "OUTSIDE_OFFSTUMP", "pitchLength": "GOOD_LENGTH", "shotType": "ON_DRIVE", "shotControl": 2, "timestamp": "2021-10-29T10:43:27.000Z", "modified": "2021-10-29T10:43:30.000Z", "batsmanPlayerId": 59349, "bowlerPlayerId": 66808, "outPlayerId": null, "totalInningRuns": 38, "totalInningWickets": 3, "predictions": {"score": 138, "winProbability": 32.32}, "title": "Taskin to Chase", "dismissalText": null, "commentPreTextItems": null, "commentTextItems": [{"type": "HTML", "html": "on good length and pushed into the covers for one"}], "commentPostTextItems": null, "commentVideos": [], "commentImages": [], "events": [], "over": null, "batsmanStatText": null, "bowlerStatText": null, "smartStats": []}, {"_uid": 35116191, "id": 35116191, "inningNumber": 1, "ballsActual": null, "ballsUnique": null, "oversUnique": 7.06, "oversActual": 7.6, "overNumber": 8, "ballNumber": 6, "totalRuns": 1, "batsmanRuns": 1, "isFour": false, "isSix": false, "isWicket": false, "dismissalType": null, "byes": 0, "legbyes": 0, "wides": 0, "noballs": 0, "penalties": 0, "wagonX": 316, "wagonY": 209, "wagonZone": 3, "pitchLine": "ON_THE_STUMPS", "pitchLength": "GOOD_LENGTH", "shotType": "FLICK", "shotControl": 1, "timestamp": "2021-10-29T10:44:18.000Z", "modified": "2021-10-29T10:44:22.000Z", "batsmanPlayerId": 49040, "bowlerPlayerId": 66808, "outPlayerId": null, "totalInningRuns": 39, "totalInningWickets": 3, "predictions": {"score": 138, "winProbability": 32.32}, "title": "Taskin to Pollard", "dismissalText": null, "commentPreTextItems": null, "commentTextItems": [{"type": "HTML", "html": "angling in a bit too much towards the stumps, Pollard helps it to deep square leg and keeps strike"}], "commentPostTextItems": null, "commentVideos": [], "commentImages": [], "events": [], "over": {"team": {"id": 4, "objectId": 4, "scribeId": 4, "slug": "west-indies", "name": "West Indies", "longName": "West Indies", "abbreviation": "WI", "unofficialName": "", "imageUrl": "/db/PICTURES/CMS/317600/317615.png", "isCountry": true, "primaryColor": "#790d1a", "image": {"id": 317615, "objectId": 1254181, "slug": "west-indies-team-logo", "url": "/db/PICTURES/CMS/317600/317615.png", "width": 500, "height": 500, "caption": "West Indies team logo", "longCaption": "West Indies team logo", "credit": "West Indies Cricket", "photographer": null, "peerUrls": null}, "country": {"id": 4, "objectId": 4, "name": "West Indies", "shortName": "West Indies", "abbreviation": "WI", "slug": "west-indies"}}, "inningNumber": 1, "overNumber": 8, "overRuns": 6, "overWickets": 0, "totalRuns": 39, "totalWickets": 3, "target": 0, "overLimit": 20, "ballLimit": 120, "isMaiden": false, "isComplete": true, "isSuperOver": false, "overEndBatsmen": [{"player": {"id": 49040, "objectId": 230559, "name": "KA Pollard", "longName": "Kieron Pollard", "mobileName": "Pollard", "indexName": "Pollard, KA", "battingName": "KA Pollard", "fieldingName": "Pollard", "slug": "kieron-pollard", "imageUrl": "/db/PICTURES/CMS/203300/203305.1.jpg", "headshotImageUrl": "/db/PICTURES/CMS/320100/320107.png", "dateOfBirth": {"year": 1987, "month": 5, "date": 12}, "dateOfDeath": null, "gender": "M", "battingStyles": ["rhb"], "bowlingStyles": ["rm"], "longBattingStyles": ["right-hand bat"], "longBowlingStyles": ["right-arm medium"], "image": {"id": 203305, "objectId": 818707, "slug": "kieron-pollard", "url": "/db/PICTURES/CMS/203300/203305.1.jpg", "width": 160, "height": 192, "caption": "Kieron Pollard", "longCaption": "Kieron Pollard", "credit": "Getty Images", "photographer": null, "peerUrls": null}, "countryTeamId": 4, "playerRoleTypeIds": [10], "playingRoles": ["batting allrounder"], "headshotImage": {"id": 320107, "objectId": 1260562, "slug": "kieron-pollard-player-page-headshot-cutout-2021", "url": "/db/PICTURES/CMS/320100/320107.png", "width": 600, "height": 436, "caption": "Kieron Pollard player page headshot cutout, 2021", "longCaption": "Kieron Pollard player page headshot cutout, 2021", "credit": null, "photographer": null, "peerUrls": {"FILM": null, "WIDE": null, "SQUARE": "/db/PICTURES/CMS/320100/320107.square.png"}}}, "runs": 1, "balls": 3, "fours": 0, "sixes": 0}, {"player": {"id": 59349, "objectId": 391832, "name": "RL Chase", "longName": "Roston Chase", "mobileName": "Chase", "indexName": "Chase, RL", "battingName": "RL Chase", "fieldingName": "Chase", "slug": "roston-chase", "imageUrl": "/db/PICTURES/CMS/305900/305909.1.jpg", "headshotImageUrl": "/db/PICTURES/CMS/322000/322039.png", "dateOfBirth": {"year": 1992, "month": 3, "date": 22}, "dateOfDeath": null, "gender": "M", "battingStyles": ["rhb"], "bowlingStyles": ["ob"], "longBattingStyles": ["right-hand bat"], "longBowlingStyles": ["right-arm offbreak"], "image": {"id": 305909, "objectId": 1225941, "slug": "roston-chase-player-portrait", "url": "/db/PICTURES/CMS/305900/305909.1.jpg", "width": 160, "height": 200, "caption": "Roston Chase player portrait", "longCaption": "Roston Chase player portrait, West Indies media day", "credit": "Getty Images", "photographer": null, "peerUrls": null}, "countryTeamId": 4, "playerRoleTypeIds": [5], "playingRoles": ["allrounder"], "headshotImage": {"id": 322039, "objectId": 1264386, "slug": "roston-chase-player-page-headshot-cutout-2021", "url": "/db/PICTURES/CMS/322000/322039.png", "width": 600, "height": 436, "caption": "Roston Chase player page headshot cutout, 2021", "longCaption": "Roston Chase player page headshot cutout, 2021", "credit": null, "photographer": null, "peerUrls": {"FILM": null, "WIDE": null, "SQUARE": "/db/PICTURES/CMS/322000/322039.square.png"}}}, "runs": 14, "balls": 19, "fours": 0, "sixes": 0}], "overEndBowlers": [{"player": {"id": 66808, "objectId": 538506, "name": "Taskin Ahmed", "longName": "Taskin Ahmed", "mobileName": "Taskin", "indexName": "Taskin Ahmed", "battingName": "Taskin Ahmed", "fieldingName": "Taskin Ahmed", "slug": "taskin-ahmed", "imageUrl": "/db/PICTURES/CMS/303100/303169.jpg", "headshotImageUrl": "/db/PICTURES/CMS/316700/316703.png", "dateOfBirth": {"year": 1995, "month": 4, "date": 3}, "dateOfDeath": null, "gender": "M", "battingStyles": ["lhb"], "bowlingStyles": ["rf"], "longBattingStyles": ["left-hand bat"], "longBowlingStyles": ["right-arm fast"], "image": {"id": 303169, "objectId": 1221603, "slug": "taskin-ahmed-portrait", "url": "/db/PICTURES/CMS/303100/303169.jpg", "width": 160, "height": 203, "caption": "Taskin Ahmed portrait", "longCaption": "Taskin Ahmed portrait, April 2020", "credit": "Getty Images", "photographer": null, "peerUrls": null}, "countryTeamId": 25, "playerRoleTypeIds": [4], "playingRoles": ["bowler"], "headshotImage": {"id": 316703, "objectId": 1251336, "slug": "taskin-ahmed-headshot", "url": "/db/PICTURES/CMS/316700/316703.png", "width": 600, "height": 436, "caption": "Taskin Ahmed headshot", "longCaption": "Taskin Ahmed headshot", "credit": null, "photographer": null, "peerUrls": {"FILM": null, "WIDE": null, "SQUARE": null}}}, "overs": 3, "balls": 18, "maidens": 0, "conceded": 14, "wickets": 0, "currentType": 1}, {"player": {"id": 80875, "objectId": 833087, "name": "Mahedi Hasan", "longName": "Mahedi Hasan", "mobileName": "Mahedi Hasan", "indexName": "Mahedi Hasan", "battingName": "Mahedi Hasan", "fieldingName": "Mahedi Hasan", "slug": "mahedi-hasan", "imageUrl": "/db/PICTURES/CMS/377500/377581.4.jpg", "headshotImageUrl": "/db/PICTURES/CMS/380200/380237.png", "dateOfBirth": {"year": 1994, "month": 12, "date": 12}, "dateOfDeath": null, "gender": "M", "battingStyles": ["rhb"], "bowlingStyles": ["ob"], "longBattingStyles": ["right-hand bat"], "longBowlingStyles": ["right-arm offbreak"], "image": {"id": 377581, "objectId": 1424432, "slug": "mahedi-hasan-player-portrait", "url": "/db/PICTURES/CMS/377500/377581.4.jpg", "width": 160, "height": 265, "caption": "Mahedi Hasan, player portrait", "longCaption": "Mahedi Hasan, player portrait", "credit": "Bangladesh Cricket Board", "photographer": null, "peerUrls": null}, "countryTeamId": 25, "playerRoleTypeIds": [5], "playingRoles": ["allrounder"], "headshotImage": {"id": 380237, "objectId": 1432041, "slug": "mahedi-hasan-player-page-headshot-cutout-2024", "url": "/db/PICTURES/CMS/380200/380237.png", "width": 600, "height": 436, "caption": "Mahedi Hasan, player page headshot cutout, 2024", "longCaption": "Mahedi Hasan, player page headshot cutout, 2024", "credit": null, "photographer": null, "peerUrls": {"FILM": null, "WIDE": null, "SQUARE": "/db/PICTURES/CMS/380200/380237.square.png"}}}, "overs": 3, "balls": 18, "maidens": 0, "conceded": 11, "wickets": 2, "currentType": 2}], "rollover": null}, "batsmanStatText": null, "bowlerStatText": null, "smartStats": []}, {"_uid": 35116202, "id": 35116202, "inningNumber": 1, "ballsActual": null, "ballsUnique": null, "oversUnique": 8.01, "oversActual": 8.1, "overNumber": 9, "ballNumber": 1, "totalRuns": 1, "batsmanRuns": 1, "isFour": false, "isSix": false, "isWicket": false, "dismissalType": null, "byes": 0, "legbyes": 0, "wides": 0, "noballs": 0, "penalties": 0, "wagonX": 149, "wagonY": 111, "wagonZone": 8, "pitchLine": "ON_THE_STUMPS", "pitchLength": "GOOD_LENGTH", "shotType": "DAB", "shotControl": 1, "timestamp": "2021-10-29T10:45:44.000Z", "modified": "2021-10-29T10:45:48.000Z", "batsmanPlayerId": 49040, "bowlerPlayerId": 91235, "outPlayerId": null, "totalInningRuns": 40, "totalInningWickets": 3, "predictions": {"score": 137, "winProbability": 31.36}, "title": "Shoriful Islam to Pollard", "dismissalText": null, "commentPreTextItems": [{"type": "HTML", "html": "Mahedi taken off with two right-handers on the pitch. Shoriful changes ends"}], "commentTextItems": [{"type": "HTML", "html": "outside off, Pollard gets a thick edge tricking fine on the off side and short third man dives to his left to keep it to one"}], "commentPostTextItems": null, "commentVideos": [], "commentImages": [], "events": [], "over": null, "batsmanStatText": null, "bowlerStatText": null, "smartStats": []}, {"_uid": 35116209, "id": 35116209, "inningNumber": 1, "ballsActual": null, "ballsUnique": null, "oversUnique": 8.02, "oversActual": 8.2, "overNumber": 9, "ballNumber": 2, "totalRuns": 2, "batsmanRuns": 2, "isFour": false, "isSix": false, "isWicket": false, "dismissalType": null, "byes": 0, "legbyes": 0, "wides": 0, "noballs": 0, "penalties": 0, "wagonX": 319, "wagonY": 92, "wagonZone": 2, "pitchLine": "DOWN_LEG", "pitchLength": "SHORT_OF_A_GOOD_LENGTH", "shotType": "PULL", "shotControl": 1, "timestamp": "2021-10-29T10:46:26.000Z", "modified": "2021-10-29T10:46:30.000Z", "batsmanPlayerId": 59349, "bowlerPlayerId": 91235, "outPlayerId": null, "totalInningRuns": 42, "totalInningWickets": 3, "predictions": {"score": 139, "winProbability": 33.3}, "title": "Shoriful Islam to Chase", "dismissalText": null, "commentPreTextItems": null, "commentTextItems": [{"type": "HTML", "html": "short of length on middle and leg, pulled behind square by Chase and he gets two to long leg"}], "commentPostTextItems": null, "commentVideos": [], "commentImages": [], "events": [], "over": null, "batsmanStatText": null, "bowlerStatText": null, "smartStats": []}, {"_uid": 35116214, "id": 35116214, "inningNumber": 1, "ballsActual": null, "ballsUnique": null, "oversUnique": 8.03, "oversActual": 8.3, "overNumber": 9, "ballNumber": 3, "totalRuns": 0, "batsmanRuns": 0, "isFour": false, "isSix": false, "isWicket": false, "dismissalType": null, "byes": 0, "legbyes": 0, "wides": 0, "noballs": 0, "penalties": 0, "wagonX": 0, "wagonY": 0, "wagonZone": 0, "pitchLine": "ON_THE_STUMPS", "pitchLength": "SHORT_OF_A_GOOD_LENGTH", "shotType": "CUT_SHOT", "shotControl": 2, "timestamp": "2021-10-29T10:47:01.000Z", "modified": "2021-10-29T10:47:05.000Z", "batsmanPlayerId": 59349, "bowlerPlayerId": 91235, "outPlayerId": null, "totalInningRuns": 42, "totalInningWickets": 3, "predictions": {"score": 138, "winProbability": 32.32}, "title": "Shoriful Islam to Chase", "dismissalText": null, "commentPreTextItems": null, "commentTextItems": [{"type": "HTML", "html": "makes room and goes for the big shot on the off side, beaten by a back of length delivery and the angle on off"}], "commentPostTextItems": null, "commentVideos": [], "commentImages": [], "events": [], "over": null, "batsmanStatText": null, "bowlerStatText": null, "smartStats": []}, {"_uid": 35116220, "id": 35116220, "inningNumber": 1, "ballsActual": null, "ballsUnique": null, "oversUnique": 8.04, "oversActual": 8.4, "overNumber": 9, "ballNumber": 4, "totalRuns": 0, "batsmanRuns": 0, "isFour": false, "isSix": false, "isWicket": false, "dismissalType": null, "byes": 0, "legbyes": 0, "wides": 0, "noballs": 0, "penalties": 0, "wagonX": 122, "wagonY": 142, "wagonZone": 7, "pitchLine": "ON_THE_STUMPS", "pitchLength": "GOOD_LENGTH", "shotType": "CUT_SHOT", "shotControl": 1, "timestamp": "2021-10-29T10:47:43.000Z", "modified": "2021-10-29T10:47:46.000Z", "batsmanPlayerId": 59349, "bowlerPlayerId": 91235, "outPlayerId": null, "totalInningRuns": 42, "totalInningWickets": 3, "predictions": {"score": 136, "winProbability": 30.4}, "title": "Shoriful Islam to Chase", "dismissalText": null, "commentPreTextItems": null, "commentTextItems": [{"type": "HTML", "html": "not much room, bit of angle on length, and Chase taps it to point"}], "commentPostTextItems": null, "commentVideos": [], "commentImages": [], "events": [], "over": null, "batsmanStatText": null, "bowlerStatText": null, "smartStats": []}, {"_uid": 35116226, "id": 35116226, "inningNumber": 1, "ballsActual": null, "ballsUnique": null, "oversUnique": 8.05, "oversActual": 8.5, "overNumber": 9, "ballNumber": 5, "totalRuns": 1, "batsmanRuns": 1, "isFour": false, "isSix": false, "isWicket": false, "dismissalType": null, "byes": 0, "legbyes": 0, "wides": 0, "noballs": 0, "penalties": 0, "wagonX": 127, "wagonY": 307, "wagonZone": 5, "pitchLine": "OUTSIDE_OFFSTUMP", "pitchLength": "GOOD_LENGTH", "shotType": "ON_DRIVE", "shotControl": 1, "timestamp": "2021-10-29T10:48:30.000Z", "modified": "2021-10-29T10:48:34.000Z", "batsmanPlayerId": 59349, "bowlerPlayerId": 91235, "outPlayerId": null, "totalInningRuns": 43, "totalInningWickets": 3, "predictions": {"score": 136, "winProbability": 30.4}, "title": "Shoriful Islam to Chase", "dismissalText": null, "commentPreTextItems": [{"type": "HTML", "html": "Switches to over the wicket"}], "commentTextItems": [{"type": "HTML", "html": "angles it in from wide of the crease and Chase pushes towards long-off"}], "commentPostTextItems": null, "commentVideos": [], "commentImages": [], "events": [], "over": null, "batsmanStatText": null, "bowlerStatText": null, "smartStats": []}, {"_uid": 35116239, "id": 35116239, "inningNumber": 1, "ballsActual": null, "ballsUnique": null, "oversUnique": 8.06, "oversActual": 8.6, "overNumber": 9, "ballNumber": 6, "totalRuns": 1, "batsmanRuns": 0, "isFour": false, "isSix": false, "isWicket": false, "dismissalType": null, "byes": 0, "legbyes": 0, "wides": 1, "noballs": 0, "penalties": 0, "wagonX": 0, "wagonY": 0, "wagonZone": 0, "pitchLine": "ON_THE_STUMPS", "pitchLength": "SHORT", "shotType": "LEFT_ALONE", "shotControl": 1, "timestamp": "2021-10-29T10:49:02.000Z", "modified": "2021-10-29T10:49:06.000Z", "batsmanPlayerId": 49040, "bowlerPlayerId": 91235, "outPlayerId": null, "totalInningRuns": 44, "totalInningWickets": 3, "predictions": {"score": 137, "winProbability": 31.36}, "title": "Shoriful Islam to Pollard", "dismissalText": null, "commentPreTextItems": null, "commentTextItems": [{"type": "HTML", "html": "a slower ball gone wrong down the leg side for a wide"}], "commentPostTextItems": null, "commentVideos": [], "commentImages": [], "events": [], "over": null, "batsmanStatText": null, "bowlerStatText": null, "smartStats": []}, {"_uid": 35116241, "id": 35116241, "inningNumber": 1, "ballsActual": null, "ballsUnique": null, "oversUnique": 8.07, "oversActual": 8.6, "overNumber": 9, "ballNumber": 7, "totalRuns": 0, "batsmanRuns": 0, "isFour": false, "isSix": false, "isWicket": false, "dismissalType": null, "byes": 0, "legbyes": 0, "wides": 0, "noballs": 0, "penalties": 0, "wagonX": 0, "wagonY": 0, "wagonZone": 0, "pitchLine": "OUTSIDE_OFFSTUMP", "pitchLength": "SHORT", "shotType": "LEFT_ALONE", "shotControl": 1, "timestamp": "2021-10-29T10:49:31.000Z", "modified": "2021-10-29T10:49:35.000Z", "batsmanPlayerId": 49040, "bowlerPlayerId": 91235, "outPlayerId": null, "totalInningRuns": 44, "totalInningWickets": 3, "predictions": {"score": 136, "winProbability": 30.4}, "title": "Shoriful Islam to Pollard", "dismissalText": null, "commentPreTextItems": null, "commentTextItems": [{"type": "HTML", "html": "bangs it in short with the angle, Pollard drops his arms and watches it go to the keeper"}], "commentPostTextItems": null, "commentVideos": [], "commentImages": [], "events": [], "over": {"team": {"id": 4, "objectId": 4, "scribeId": 4, "slug": "west-indies", "name": "West Indies", "longName": "West Indies", "abbreviation": "WI", "unofficialName": "", "imageUrl": "/db/PICTURES/CMS/317600/317615.png", "isCountry": true, "primaryColor": "#790d1a", "image": {"id": 317615, "objectId": 1254181, "slug": "west-indies-team-logo", "url": "/db/PICTURES/CMS/317600/317615.png", "width": 500, "height": 500, "caption": "West Indies team logo", "longCaption": "West Indies team logo", "credit": "West Indies Cricket", "photographer": null, "peerUrls": null}, "country": {"id": 4, "objectId": 4, "name": "West Indies", "shortName": "West Indies", "abbreviation": "WI", "slug": "west-indies"}}, "inningNumber": 1, "overNumber": 9, "overRuns": 5, "overWickets": 0, "totalRuns": 44, "totalWickets": 3, "target": 0, "overLimit": 20, "ballLimit": 120, "isMaiden": false, "isComplete": true, "isSuperOver": false, "overEndBatsmen": [{"player": {"id": 49040, "objectId": 230559, "name": "KA Pollard", "longName": "Kieron Pollard", "mobileName": "Pollard", "indexName": "Pollard, KA", "battingName": "KA Pollard", "fieldingName": "Pollard", "slug": "kieron-pollard", "imageUrl": "/db/PICTURES/CMS/203300/203305.1.jpg", "headshotImageUrl": "/db/PICTURES/CMS/320100/320107.png", "dateOfBirth": {"year": 1987, "month": 5, "date": 12}, "dateOfDeath": null, "gender": "M", "battingStyles": ["rhb"], "bowlingStyles": ["rm"], "longBattingStyles": ["right-hand bat"], "longBowlingStyles": ["right-arm medium"], "image": {"id": 203305, "objectId": 818707, "slug": "kieron-pollard", "url": "/db/PICTURES/CMS/203300/203305.1.jpg", "width": 160, "height": 192, "caption": "Kieron Pollard", "longCaption": "Kieron Pollard", "credit": "Getty Images", "photographer": null, "peerUrls": null}, "countryTeamId": 4, "playerRoleTypeIds": [10], "playingRoles": ["batting allrounder"], "headshotImage": {"id": 320107, "objectId": 1260562, "slug": "kieron-pollard-player-page-headshot-cutout-2021", "url": "/db/PICTURES/CMS/320100/320107.png", "width": 600, "height": 436, "caption": "Kieron Pollard player page headshot cutout, 2021", "longCaption": "Kieron Pollard player page headshot cutout, 2021", "credit": null, "photographer": null, "peerUrls": {"FILM": null, "WIDE": null, "SQUARE": "/db/PICTURES/CMS/320100/320107.square.png"}}}, "runs": 2, "balls": 5, "fours": 0, "sixes": 0}, {"player": {"id": 59349, "objectId": 391832, "name": "RL Chase", "longName": "Roston Chase", "mobileName": "Chase", "indexName": "Chase, RL", "battingName": "RL Chase", "fieldingName": "Chase", "slug": "roston-chase", "imageUrl": "/db/PICTURES/CMS/305900/305909.1.jpg", "headshotImageUrl": "/db/PICTURES/CMS/322000/322039.png", "dateOfBirth": {"year": 1992, "month": 3, "date": 22}, "dateOfDeath": null, "gender": "M", "battingStyles": ["rhb"], "bowlingStyles": ["ob"], "longBattingStyles": ["right-hand bat"], "longBowlingStyles": ["right-arm offbreak"], "image": {"id": 305909, "objectId": 1225941, "slug": "roston-chase-player-portrait", "url": "/db/PICTURES/CMS/305900/305909.1.jpg", "width": 160, "height": 200, "caption": "Roston Chase player portrait", "longCaption": "Roston Chase player portrait, West Indies media day", "credit": "Getty Images", "photographer": null, "peerUrls": null}, "countryTeamId": 4, "playerRoleTypeIds": [5], "playingRoles": ["allrounder"], "headshotImage": {"id": 322039, "objectId": 1264386, "slug": "roston-chase-player-page-headshot-cutout-2021", "url": "/db/PICTURES/CMS/322000/322039.png", "width": 600, "height": 436, "caption": "Roston Chase player page headshot cutout, 2021", "longCaption": "Roston Chase player page headshot cutout, 2021", "credit": null, "photographer": null, "peerUrls": {"FILM": null, "WIDE": null, "SQUARE": "/db/PICTURES/CMS/322000/322039.square.png"}}}, "runs": 17, "balls": 23, "fours": 0, "sixes": 0}], "overEndBowlers": [{"player": {"id": 91235, "objectId": 990039, "name": "Shoriful Islam", "longName": "Shoriful Islam", "mobileName": "", "indexName": "Shoriful Islam", "battingName": "Shoriful Islam", "fieldingName": "Shoriful Islam", "slug": "shoriful-islam", "imageUrl": "/db/PICTURES/CMS/286900/286908.1.jpg", "headshotImageUrl": "/db/PICTURES/CMS/323100/323175.png", "dateOfBirth": {"year": 2001, "month": 6, "date": 3}, "dateOfDeath": null, "gender": "M", "battingStyles": ["lhb"], "bowlingStyles": ["lmf"], "longBattingStyles": ["left-hand bat"], "longBowlingStyles": ["left-arm medium-fast"], "image": {"id": 286908, "objectId": 1178636, "slug": "shoriful-islam-player-portrait", "url": "/db/PICTURES/CMS/286900/286908.1.jpg", "width": 160, "height": 198, "caption": "Shoriful Islam player portrait", "longCaption": "Shoriful Islam player portrait", "credit": "Dalim", "photographer": null, "peerUrls": null}, "countryTeamId": 25, "playerRoleTypeIds": [4], "playingRoles": ["bowler"], "headshotImage": {"id": 323175, "objectId": 1266423, "slug": "shoriful-islam-player-page-headshot-cutout-2021", "url": "/db/PICTURES/CMS/323100/323175.png", "width": 600, "height": 436, "caption": "Shoriful Islam player page headshot cutout, 2021", "longCaption": "Shoriful Islam player page headshot cutout, 2021", "credit": null, "photographer": null, "peerUrls": {"FILM": null, "WIDE": null, "SQUARE": "/db/PICTURES/CMS/323100/323175.square.png"}}}, "overs": 2, "balls": 12, "maidens": 0, "conceded": 13, "wickets": 0, "currentType": 1}, {"player": {"id": 66808, "objectId": 538506, "name": "Taskin Ahmed", "longName": "Taskin Ahmed", "mobileName": "Taskin", "indexName": "Taskin Ahmed", "battingName": "Taskin Ahmed", "fieldingName": "Taskin Ahmed", "slug": "taskin-ahmed", "imageUrl": "/db/PICTURES/CMS/303100/303169.jpg", "headshotImageUrl": "/db/PICTURES/CMS/316700/316703.png", "dateOfBirth": {"year": 1995, "month": 4, "date": 3}, "dateOfDeath": null, "gender": "M", "battingStyles": ["lhb"], "bowlingStyles": ["rf"], "longBattingStyles": ["left-hand bat"], "longBowlingStyles": ["right-arm fast"], "image": {"id": 303169, "objectId": 1221603, "slug": "taskin-ahmed-portrait", "url": "/db/PICTURES/CMS/303100/303169.jpg", "width": 160, "height": 203, "caption": "Taskin Ahmed portrait", "longCaption": "Taskin Ahmed portrait, April 2020", "credit": "Getty Images", "photographer": null, "peerUrls": null}, "countryTeamId": 25, "playerRoleTypeIds": [4], "playingRoles": ["bowler"], "headshotImage": {"id": 316703, "objectId": 1251336, "slug": "taskin-ahmed-headshot", "url": "/db/PICTURES/CMS/316700/316703.png", "width": 600, "height": 436, "caption": "Taskin Ahmed headshot", "longCaption": "Taskin Ahmed headshot", "credit": null, "photographer": null, "peerUrls": {"FILM": null, "WIDE": null, "SQUARE": null}}}, "overs": 3, "balls": 18, "maidens": 0, "conceded": 14, "wickets": 0, "currentType": 2}], "rollover": null}, "batsmanStatText": null, "bowlerStatText": null, "smartStats": []}]