[{"_uid": 35050443, "id": 35050443, "inningNumber": 2, "ballsActual": null, "ballsUnique": null, "oversUnique": 1.01, "oversActual": 1.1, "overNumber": 2, "ballNumber": 1, "totalRuns": 4, "batsmanRuns": 4, "isFour": true, "isSix": false, "isWicket": false, "dismissalType": null, "byes": 0, "legbyes": 0, "wides": 0, "noballs": 0, "penalties": 0, "wagonX": 23, "wagonY": 107, "wagonZone": 7, "pitchLine": "OUTSIDE_OFFSTUMP", "pitchLength": "FULL", "shotType": "SWEEP_SHOT", "shotControl": 1, "timestamp": "2021-10-20T11:52:02.000Z", "modified": "2021-10-20T11:52:06.000Z", "batsmanPlayerId": 70085, "bowlerPlayerId": 58464, "outPlayerId": null, "totalInningRuns": 7, "totalInningWickets": 0, "predictions": {"score": 154, "winProbability": 45.28}, "title": "Ackermann to Green", "dismissalText": null, "commentPreTextItems": [{"type": "HTML", "html": "Colin Ackermann to bowl offspin with the new ball. Around the stumps to the lefty Green. No slip."}], "commentTextItems": [{"type": "HTML", "html": "flighted full on fifth stump, goes for a hammer sweep and sends it in the air over square leg, very safe to the rope."}], "commentPostTextItems": null, "commentVideos": [], "commentImages": [], "events": [], "over": null, "batsmanStatText": null, "bowlerStatText": null, "smartStats": []}, {"_uid": 35050445, "id": 35050445, "inningNumber": 2, "ballsActual": null, "ballsUnique": null, "oversUnique": 1.02, "oversActual": 1.2, "overNumber": 2, "ballNumber": 2, "totalRuns": 4, "batsmanRuns": 4, "isFour": true, "isSix": false, "isWicket": false, "dismissalType": null, "byes": 0, "legbyes": 0, "wides": 0, "noballs": 0, "penalties": 0, "wagonX": 296, "wagonY": 38, "wagonZone": 1, "pitchLine": "OUTSIDE_OFFSTUMP", "pitchLength": "GOOD_LENGTH", "shotType": "REVERSE_SWEEP", "shotControl": 1, "timestamp": "2021-10-20T11:52:27.000Z", "modified": "2021-10-20T11:52:31.000Z", "batsmanPlayerId": 70085, "bowlerPlayerId": 58464, "outPlayerId": null, "totalInningRuns": 11, "totalInningWickets": 0, "predictions": {"score": 157, "winProbability": 48.82}, "title": "Ackermann to Green", "dismissalText": null, "commentPreTextItems": null, "commentTextItems": [{"type": "HTML", "html": "how good is this! Now Green goes for the reverse sweep to a full ball on fifth stump again, same line and length but pierces the gap between backward point and short third man."}], "commentPostTextItems": null, "commentVideos": [], "commentImages": [], "events": [], "over": null, "batsmanStatText": null, "bowlerStatText": null, "smartStats": []}, {"_uid": 35050447, "id": 35050447, "inningNumber": 2, "ballsActual": null, "ballsUnique": null, "oversUnique": 1.03, "oversActual": 1.3, "overNumber": 2, "ballNumber": 3, "totalRuns": 0, "batsmanRuns": 0, "isFour": false, "isSix": false, "isWicket": false, "dismissalType": null, "byes": 0, "legbyes": 0, "wides": 0, "noballs": 0, "penalties": 0, "wagonX": 181, "wagonY": 184, "wagonZone": 4, "pitchLine": "ON_THE_STUMPS", "pitchLength": "GOOD_LENGTH", "shotType": "DEFENDED", "shotControl": 1, "timestamp": "2021-10-20T11:52:55.000Z", "modified": "2021-10-20T11:52:59.000Z", "batsmanPlayerId": 70085, "bowlerPlayerId": 58464, "outPlayerId": null, "totalInningRuns": 11, "totalInningWickets": 0, "predictions": {"score": 156, "winProbability": 47.78}, "title": "Ackermann to Green", "dismissalText": null, "commentPreTextItems": null, "commentTextItems": [{"type": "HTML", "html": "good length ball on middle, defended."}], "commentPostTextItems": null, "commentVideos": [], "commentImages": [], "events": [], "over": null, "batsmanStatText": null, "bowlerStatText": null, "smartStats": []}, {"_uid": 35050449, "id": 35050449, "inningNumber": 2, "ballsActual": null, "ballsUnique": null, "oversUnique": 1.04, "oversActual": 1.4, "overNumber": 2, "ballNumber": 4, "totalRuns": 0, "batsmanRuns": 0, "isFour": false, "isSix": false, "isWicket": false, "dismissalType": null, "byes": 0, "legbyes": 0, "wides": 0, "noballs": 0, "penalties": 0, "wagonX": 0, "wagonY": 0, "wagonZone": 0, "pitchLine": "ON_THE_STUMPS", "pitchLength": "GOOD_LENGTH", "shotType": "REVERSE_SWEEP", "shotControl": 2, "timestamp": "2021-10-20T11:53:21.000Z", "modified": "2021-10-20T11:53:26.000Z", "batsmanPlayerId": 70085, "bowlerPlayerId": 58464, "outPlayerId": null, "totalInningRuns": 11, "totalInningWickets": 0, "predictions": {"score": 155, "winProbability": 46.72}, "title": "Ackermann to Green", "dismissalText": null, "commentPreTextItems": null, "commentTextItems": [{"type": "HTML", "html": "goes to reverse sweep again to a ball darted into the legs, can't get this away."}], "commentPostTextItems": null, "commentVideos": [], "commentImages": [], "events": [], "over": null, "batsmanStatText": null, "bowlerStatText": null, "smartStats": []}, {"_uid": 35050451, "id": 35050451, "inningNumber": 2, "ballsActual": null, "ballsUnique": null, "oversUnique": 1.05, "oversActual": 1.5, "overNumber": 2, "ballNumber": 5, "totalRuns": 0, "batsmanRuns": 0, "isFour": false, "isSix": false, "isWicket": false, "dismissalType": null, "byes": 0, "legbyes": 0, "wides": 0, "noballs": 0, "penalties": 0, "wagonX": 149, "wagonY": 244, "wagonZone": 5, "pitchLine": "ON_THE_STUMPS", "pitchLength": "FULL", "shotType": "ON_DRIVE", "shotControl": 1, "timestamp": "2021-10-20T11:53:45.000Z", "modified": "2021-10-20T11:53:49.000Z", "batsmanPlayerId": 70085, "bowlerPlayerId": 58464, "outPlayerId": null, "totalInningRuns": 11, "totalInningWickets": 0, "predictions": {"score": 153, "winProbability": 45.01}, "title": "Ackermann to Green", "dismissalText": null, "commentPreTextItems": null, "commentTextItems": [{"type": "HTML", "html": "full on middle, driven to mid-on."}], "commentPostTextItems": null, "commentVideos": [], "commentImages": [], "events": [], "over": null, "batsmanStatText": null, "bowlerStatText": null, "smartStats": []}, {"_uid": 35050454, "id": 35050454, "inningNumber": 2, "ballsActual": null, "ballsUnique": null, "oversUnique": 1.06, "oversActual": 1.6, "overNumber": 2, "ballNumber": 6, "totalRuns": 2, "batsmanRuns": 2, "isFour": false, "isSix": false, "isWicket": false, "dismissalType": null, "byes": 0, "legbyes": 0, "wides": 0, "noballs": 0, "penalties": 0, "wagonX": 145, "wagonY": 47, "wagonZone": 8, "pitchLine": "ON_THE_STUMPS", "pitchLength": "FULL", "shotType": "SWEEP_SHOT", "shotControl": 2, "timestamp": "2021-10-20T11:54:10.000Z", "modified": "2021-10-20T11:54:14.000Z", "batsmanPlayerId": 70085, "bowlerPlayerId": 58464, "outPlayerId": null, "totalInningRuns": 13, "totalInningWickets": 0, "predictions": {"score": 154, "winProbability": 46.1}, "title": "Ackermann to Green", "dismissalText": null, "commentPreTextItems": null, "commentTextItems": [{"type": "HTML", "html": "full on the legs again, sweeps this off the gloves over the keeper and goes through fine leg for a pair."}], "commentPostTextItems": null, "commentVideos": [], "commentImages": [], "events": [], "over": {"team": {"id": 28, "objectId": 28, "scribeId": 28, "slug": "namibia", "name": "Namibia", "longName": "Namibia", "abbreviation": "NAM", "unofficialName": null, "imageUrl": "/db/PICTURES/CMS/313100/313148.logo.png", "isCountry": true, "primaryColor": null, "image": {"id": 313148, "objectId": 1241607, "slug": "namibia-logo", "url": "/db/PICTURES/CMS/313100/313148.logo.png", "width": 500, "height": 500, "caption": "Namibia logo", "longCaption": "Namibia logo", "credit": null, "photographer": null, "peerUrls": null}, "country": {"id": 28, "objectId": 28, "name": "Namibia", "shortName": "Namibia", "abbreviation": "NAM", "slug": "namibia"}}, "inningNumber": 2, "overNumber": 2, "overRuns": 10, "overWickets": 0, "totalRuns": 13, "totalWickets": 0, "target": 165, "overLimit": 20, "ballLimit": 120, "isMaiden": false, "isComplete": true, "isSuperOver": false, "overEndBatsmen": [{"player": {"id": 70085, "objectId": 596664, "name": "ZE Green", "longName": "Zane Green", "mobileName": "Green", "indexName": "Green, ZE", "battingName": "ZE Green", "fieldingName": "Green", "slug": "zane-green", "imageUrl": "/db/PICTURES/CMS/347800/347850.4.jpg", "headshotImageUrl": "/db/PICTURES/CMS/350300/350307.png", "dateOfBirth": {"year": 1996, "month": 10, "date": 11}, "dateOfDeath": null, "gender": "M", "battingStyles": ["lhb"], "bowlingStyles": [], "longBattingStyles": ["left-hand bat"], "longBowlingStyles": [], "image": {"id": 347850, "objectId": 1340690, "slug": "zane-green-player-portrait", "url": "/db/PICTURES/CMS/347800/347850.4.jpg", "width": 160, "height": 206, "caption": "Zane Green, player portrait", "longCaption": "Zane Green, player portrait", "credit": "ICC/Getty Images", "photographer": "Mark Metcalfe", "peerUrls": null}, "countryTeamId": 28, "playerRoleTypeIds": [7], "playingRoles": ["wicketkeeper batter"], "headshotImage": {"id": 350307, "objectId": 1348252, "slug": "zane-green-player-page-headshot-cutout-2022", "url": "/db/PICTURES/CMS/350300/350307.png", "width": 600, "height": 436, "caption": "Zane Green, player page headshot cutout 2022", "longCaption": "Zane Green, player page headshot cutout 2022", "credit": null, "photographer": null, "peerUrls": {"FILM": null, "WIDE": null, "SQUARE": "/db/PICTURES/CMS/350300/350307.square.png"}}}, "runs": 10, "balls": 7, "fours": 2, "sixes": 0}, {"player": {"id": 61771, "objectId": 437927, "name": "SJ Baard", "longName": "Stephan Baard", "mobileName": "Baard", "indexName": "Baard, SJ", "battingName": "SJ Baard", "fieldingName": "Baard", "slug": "stephan-baard", "imageUrl": "/db/PICTURES/CMS/173100/173119.1.jpg", "headshotImageUrl": "/db/PICTURES/CMS/329700/329756.png", "dateOfBirth": {"year": 1992, "month": 4, "date": 29}, "dateOfDeath": null, "gender": "M", "battingStyles": ["rhb"], "bowlingStyles": ["rmf"], "longBattingStyles": ["right-hand bat"], "longBowlingStyles": ["right-arm medium-fast"], "image": {"id": 173119, "objectId": 694991, "slug": "stephan-baard", "url": "/db/PICTURES/CMS/173100/173119.1.jpg", "width": 160, "height": 192, "caption": "Stephan Baard", "longCaption": "Stephan Baard", "credit": "International Cricket Council", "photographer": null, "peerUrls": null}, "countryTeamId": 28, "playerRoleTypeIds": [8], "playingRoles": ["batter"], "headshotImage": {"id": 329756, "objectId": 1286755, "slug": "stephan-baard-player-page-headshot-cutout-2021", "url": "/db/PICTURES/CMS/329700/329756.png", "width": 600, "height": 436, "caption": "Stephan Baard player page headshot cutout 2021", "longCaption": "Stephan Baard player page headshot cutout 2021", "credit": null, "photographer": null, "peerUrls": {"FILM": null, "WIDE": null, "SQUARE": "/db/PICTURES/CMS/329700/329756.square.png"}}}, "runs": 1, "balls": 5, "fours": 0, "sixes": 0}], "overEndBowlers": [{"player": {"id": 58464, "objectId": 379774, "name": "CN Ackermann", "longName": "Colin Ackermann", "mobileName": "Ackermann", "indexName": "Ackermann, CN", "battingName": "CN Ackermann", "fieldingName": "Ackermann", "slug": "colin-ackermann", "imageUrl": "/db/PICTURES/CMS/313100/313123.1.jpg", "headshotImageUrl": "/db/PICTURES/CMS/322600/322638.png", "dateOfBirth": {"year": 1991, "month": 4, "date": 4}, "dateOfDeath": null, "gender": "M", "battingStyles": ["rhb"], "bowlingStyles": ["ob"], "longBattingStyles": ["right-hand bat"], "longBowlingStyles": ["right-arm offbreak"], "image": {"id": 313123, "objectId": 1241580, "slug": "colin-ackermann-portrait", "url": "/db/PICTURES/CMS/313100/313123.1.jpg", "width": 160, "height": 200, "caption": "Colin Ackermann portrait", "longCaption": "Colin Ackermann portrait, Leicester, April 3, 2019", "credit": "Getty Images", "photographer": null, "peerUrls": null}, "countryTeamId": 15, "playerRoleTypeIds": [10], "playingRoles": ["batting allrounder"], "headshotImage": {"id": 322638, "objectId": 1265522, "slug": "colin-ackermann-player-page-headshot-cutout-2021", "url": "/db/PICTURES/CMS/322600/322638.png", "width": 600, "height": 436, "caption": "Colin Ackermann player page headshot cutout, 2021", "longCaption": "Colin Ackermann player page headshot cutout, 2021", "credit": null, "photographer": null, "peerUrls": {"FILM": null, "WIDE": null, "SQUARE": "/db/PICTURES/CMS/322600/322638.square.png"}}}, "overs": 1, "balls": 6, "maidens": 0, "conceded": 10, "wickets": 0, "currentType": 1}, {"player": {"id": 97878, "objectId": 1104703, "name": "FJ Klaassen", "longName": "Fred Klaassen", "mobileName": "Klaassen", "indexName": "Klaassen, FJ", "battingName": "FJ Klaassen", "fieldingName": "Klaassen", "slug": "fred-klaassen", "imageUrl": "/db/PICTURES/CMS/279800/279855.1.jpg", "headshotImageUrl": "/db/PICTURES/CMS/324200/324241.png", "dateOfBirth": {"year": 1992, "month": 11, "date": 13}, "dateOfDeath": null, "gender": "M", "battingStyles": ["rhb"], "bowlingStyles": ["lfm"], "longBattingStyles": ["right-hand bat"], "longBowlingStyles": ["left-arm fast-medium"], "image": {"id": 279855, "objectId": 1158288, "slug": "fred-klaasen-player-portrait", "url": "/db/PICTURES/CMS/279800/279855.1.jpg", "width": 160, "height": 221, "caption": "Fred Klaasen player portrait", "longCaption": "Fred Klaasen player portrait", "credit": "Fred Klaasen", "photographer": null, "peerUrls": null}, "countryTeamId": 15, "playerRoleTypeIds": [4], "playingRoles": ["bowler"], "headshotImage": {"id": 324241, "objectId": 1269047, "slug": "fred-klaassen-player-page-headshot-cutout-2021", "url": "/db/PICTURES/CMS/324200/324241.png", "width": 600, "height": 436, "caption": "Fred Klaassen player page headshot cutout, 2021", "longCaption": "Fred Klaassen player page headshot cutout, 2021", "credit": null, "photographer": null, "peerUrls": {"FILM": null, "WIDE": null, "SQUARE": "/db/PICTURES/CMS/324200/324241.square.png"}}}, "overs": 1, "balls": 6, "maidens": 0, "conceded": 2, "wickets": 0, "currentType": 2}], "rollover": null}, "batsmanStatText": null, "bowlerStatText": null, "smartStats": []}, {"_uid": 35050459, "id": 35050459, "inningNumber": 2, "ballsActual": null, "ballsUnique": null, "oversUnique": 2.01, "oversActual": 2.1, "overNumber": 3, "ballNumber": 1, "totalRuns": 0, "batsmanRuns": 0, "isFour": false, "isSix": false, "isWicket": false, "dismissalType": null, "byes": 0, "legbyes": 0, "wides": 0, "noballs": 0, "penalties": 0, "wagonX": 196, "wagonY": 191, "wagonZone": 4, "pitchLine": "OUTSIDE_OFFSTUMP", "pitchLength": "SHORT_OF_A_GOOD_LENGTH", "shotType": "DEFENDED", "shotControl": 1, "timestamp": "2021-10-20T11:55:46.000Z", "modified": "2021-10-20T11:55:49.000Z", "batsmanPlayerId": 61771, "bowlerPlayerId": 61845, "outPlayerId": null, "totalInningRuns": 13, "totalInningWickets": 0, "predictions": {"score": 153, "winProbability": 44.94}, "title": "van Beek to Baard", "dismissalText": null, "commentPreTextItems": [{"type": "HTML", "html": "Logan van Beek replaces Klaassen. Slip in place."}], "commentTextItems": [{"type": "HTML", "html": "full on the stumps, defended."}], "commentPostTextItems": null, "commentVideos": [], "commentImages": [], "events": [], "over": null, "batsmanStatText": null, "bowlerStatText": null, "smartStats": []}, {"_uid": 35050462, "id": 35050462, "inningNumber": 2, "ballsActual": null, "ballsUnique": null, "oversUnique": 2.02, "oversActual": 2.2, "overNumber": 3, "ballNumber": 2, "totalRuns": 4, "batsmanRuns": 4, "isFour": true, "isSix": false, "isWicket": false, "dismissalType": null, "byes": 0, "legbyes": 0, "wides": 0, "noballs": 0, "penalties": 0, "wagonX": 282, "wagonY": 28, "wagonZone": 1, "pitchLine": "OUTSIDE_OFFSTUMP", "pitchLength": "SHORT_OF_A_GOOD_LENGTH", "shotType": "FLICK", "shotControl": 1, "timestamp": "2021-10-20T11:56:23.000Z", "modified": "2021-10-20T11:56:26.000Z", "batsmanPlayerId": 61771, "bowlerPlayerId": 61845, "outPlayerId": null, "totalInningRuns": 17, "totalInningWickets": 0, "predictions": {"score": 155, "winProbability": 47.87}, "title": "van Beek to Baard", "dismissalText": null, "commentPreTextItems": null, "commentTextItems": [{"type": "HTML", "html": "good length ball on fifth stump, shuffles across to flick a pull over square leg, finds the rope with ease."}], "commentPostTextItems": null, "commentVideos": [], "commentImages": [], "events": [], "over": null, "batsmanStatText": null, "bowlerStatText": null, "smartStats": []}, {"_uid": 35050466, "id": 35050466, "inningNumber": 2, "ballsActual": null, "ballsUnique": null, "oversUnique": 2.03, "oversActual": 2.3, "overNumber": 3, "ballNumber": 3, "totalRuns": 2, "batsmanRuns": 2, "isFour": false, "isSix": false, "isWicket": false, "dismissalType": null, "byes": 0, "legbyes": 0, "wides": 0, "noballs": 0, "penalties": 0, "wagonX": 305, "wagonY": 221, "wagonZone": 3, "pitchLine": "OUTSIDE_OFFSTUMP", "pitchLength": "GOOD_LENGTH", "shotType": "FLICK", "shotControl": 1, "timestamp": "2021-10-20T11:57:02.000Z", "modified": "2021-10-20T11:57:05.000Z", "batsmanPlayerId": 61771, "bowlerPlayerId": 61845, "outPlayerId": null, "totalInningRuns": 19, "totalInningWickets": 0, "predictions": {"score": 156, "winProbability": 48.57}, "title": "van Beek to Baard", "dismissalText": null, "commentPreTextItems": null, "commentTextItems": [{"type": "HTML", "html": "back of a length on the hips, flicked through midwicket for a well run pair."}], "commentPostTextItems": null, "commentVideos": [], "commentImages": [], "events": [], "over": null, "batsmanStatText": null, "bowlerStatText": null, "smartStats": []}, {"_uid": 35050470, "id": 35050470, "inningNumber": 2, "ballsActual": null, "ballsUnique": null, "oversUnique": 2.04, "oversActual": 2.4, "overNumber": 3, "ballNumber": 4, "totalRuns": 0, "batsmanRuns": 0, "isFour": false, "isSix": false, "isWicket": false, "dismissalType": null, "byes": 0, "legbyes": 0, "wides": 0, "noballs": 0, "penalties": 0, "wagonX": 119, "wagonY": 197, "wagonZone": 6, "pitchLine": "OUTSIDE_OFFSTUMP", "pitchLength": "FULL", "shotType": "COVER_DRIVE", "shotControl": 1, "timestamp": "2021-10-20T11:57:35.000Z", "modified": "2021-10-20T11:57:38.000Z", "batsmanPlayerId": 61771, "bowlerPlayerId": 61845, "outPlayerId": null, "totalInningRuns": 19, "totalInningWickets": 0, "predictions": {"score": 156, "winProbability": 48.6}, "title": "van Beek to Baard", "dismissalText": null, "commentPreTextItems": null, "commentTextItems": [{"type": "HTML", "html": "full on fourth stump, driven to cover."}], "commentPostTextItems": null, "commentVideos": [], "commentImages": [], "events": [], "over": null, "batsmanStatText": null, "bowlerStatText": null, "smartStats": []}, {"_uid": 35050473, "id": 35050473, "inningNumber": 2, "ballsActual": null, "ballsUnique": null, "oversUnique": 2.05, "oversActual": 2.5, "overNumber": 3, "ballNumber": 5, "totalRuns": 0, "batsmanRuns": 0, "isFour": false, "isSix": false, "isWicket": false, "dismissalType": null, "byes": 0, "legbyes": 0, "wides": 0, "noballs": 0, "penalties": 0, "wagonX": 117, "wagonY": 191, "wagonZone": 6, "pitchLine": "OUTSIDE_OFFSTUMP", "pitchLength": "GOOD_LENGTH", "shotType": "PUSH", "shotControl": 1, "timestamp": "2021-10-20T11:58:22.000Z", "modified": "2021-10-20T11:58:26.000Z", "batsmanPlayerId": 61771, "bowlerPlayerId": 61845, "outPlayerId": null, "totalInningRuns": 19, "totalInningWickets": 0, "predictions": {"score": 155, "winProbability": 47.38}, "title": "van Beek to Baard", "dismissalText": null, "commentPreTextItems": null, "commentTextItems": [{"type": "HTML", "html": "<b>missed runout!</b> Good length ball punched into cover, they set off for a suicide run into cover. The throw from van der Merwe misses with Baard 10 yards out. If he had waited a second longer, he could have relayed to Edwards over the stumps but really rushed the throw unnecessarily. However, Edwards was also very slow getting to the stumps and was still several yards away when the throw was unleashed."}], "commentPostTextItems": null, "commentVideos": [], "commentImages": [], "events": [{"type": "RUN_OUT_CHANCE", "inningNumber": 2, "oversUnique": 2.05, "batsman": null, "fielders": [{"id": 49218, "objectId": 233712, "name": "SJ Myburgh", "longName": "Stephan Myburgh", "mobileName": "Myburgh", "indexName": "Myburgh, SJ", "battingName": "SJ Myburgh", "fieldingName": "Myburgh", "slug": "stephan-myburgh", "imageUrl": "/db/PICTURES/CMS/141500/141516.1.jpg", "headshotImageUrl": "/db/PICTURES/CMS/322500/322584.png"}]}], "over": null, "batsmanStatText": null, "bowlerStatText": null, "smartStats": []}, {"_uid": 35050477, "id": 35050477, "inningNumber": 2, "ballsActual": null, "ballsUnique": null, "oversUnique": 2.06, "oversActual": 2.6, "overNumber": 3, "ballNumber": 6, "totalRuns": 4, "batsmanRuns": 4, "isFour": true, "isSix": false, "isWicket": false, "dismissalType": null, "byes": 0, "legbyes": 0, "wides": 0, "noballs": 0, "penalties": 0, "wagonX": 354, "wagonY": 211, "wagonZone": 3, "pitchLine": "OUTSIDE_OFFSTUMP", "pitchLength": "GOOD_LENGTH", "shotType": "FLICK", "shotControl": 1, "timestamp": "2021-10-20T11:58:50.000Z", "modified": "2021-10-20T11:58:53.000Z", "batsmanPlayerId": 61771, "bowlerPlayerId": 61845, "outPlayerId": null, "totalInningRuns": 23, "totalInningWickets": 0, "predictions": {"score": 157, "winProbability": 51.37}, "title": "van Beek to Baard", "dismissalText": null, "commentPreTextItems": null, "commentTextItems": [{"type": "HTML", "html": "Baard makes the Dutch pay next ball by powering this through the ring and all the way to the rope."}], "commentPostTextItems": null, "commentVideos": [], "commentImages": [], "events": [], "over": {"team": {"id": 28, "objectId": 28, "scribeId": 28, "slug": "namibia", "name": "Namibia", "longName": "Namibia", "abbreviation": "NAM", "unofficialName": null, "imageUrl": "/db/PICTURES/CMS/313100/313148.logo.png", "isCountry": true, "primaryColor": null, "image": {"id": 313148, "objectId": 1241607, "slug": "namibia-logo", "url": "/db/PICTURES/CMS/313100/313148.logo.png", "width": 500, "height": 500, "caption": "Namibia logo", "longCaption": "Namibia logo", "credit": null, "photographer": null, "peerUrls": null}, "country": {"id": 28, "objectId": 28, "name": "Namibia", "shortName": "Namibia", "abbreviation": "NAM", "slug": "namibia"}}, "inningNumber": 2, "overNumber": 3, "overRuns": 10, "overWickets": 0, "totalRuns": 23, "totalWickets": 0, "target": 165, "overLimit": 20, "ballLimit": 120, "isMaiden": false, "isComplete": true, "isSuperOver": false, "overEndBatsmen": [{"player": {"id": 61771, "objectId": 437927, "name": "SJ Baard", "longName": "Stephan Baard", "mobileName": "Baard", "indexName": "Baard, SJ", "battingName": "SJ Baard", "fieldingName": "Baard", "slug": "stephan-baard", "imageUrl": "/db/PICTURES/CMS/173100/173119.1.jpg", "headshotImageUrl": "/db/PICTURES/CMS/329700/329756.png", "dateOfBirth": {"year": 1992, "month": 4, "date": 29}, "dateOfDeath": null, "gender": "M", "battingStyles": ["rhb"], "bowlingStyles": ["rmf"], "longBattingStyles": ["right-hand bat"], "longBowlingStyles": ["right-arm medium-fast"], "image": {"id": 173119, "objectId": 694991, "slug": "stephan-baard", "url": "/db/PICTURES/CMS/173100/173119.1.jpg", "width": 160, "height": 192, "caption": "Stephan Baard", "longCaption": "Stephan Baard", "credit": "International Cricket Council", "photographer": null, "peerUrls": null}, "countryTeamId": 28, "playerRoleTypeIds": [8], "playingRoles": ["batter"], "headshotImage": {"id": 329756, "objectId": 1286755, "slug": "stephan-baard-player-page-headshot-cutout-2021", "url": "/db/PICTURES/CMS/329700/329756.png", "width": 600, "height": 436, "caption": "Stephan Baard player page headshot cutout 2021", "longCaption": "Stephan Baard player page headshot cutout 2021", "credit": null, "photographer": null, "peerUrls": {"FILM": null, "WIDE": null, "SQUARE": "/db/PICTURES/CMS/329700/329756.square.png"}}}, "runs": 11, "balls": 11, "fours": 2, "sixes": 0}, {"player": {"id": 70085, "objectId": 596664, "name": "ZE Green", "longName": "Zane Green", "mobileName": "Green", "indexName": "Green, ZE", "battingName": "ZE Green", "fieldingName": "Green", "slug": "zane-green", "imageUrl": "/db/PICTURES/CMS/347800/347850.4.jpg", "headshotImageUrl": "/db/PICTURES/CMS/350300/350307.png", "dateOfBirth": {"year": 1996, "month": 10, "date": 11}, "dateOfDeath": null, "gender": "M", "battingStyles": ["lhb"], "bowlingStyles": [], "longBattingStyles": ["left-hand bat"], "longBowlingStyles": [], "image": {"id": 347850, "objectId": 1340690, "slug": "zane-green-player-portrait", "url": "/db/PICTURES/CMS/347800/347850.4.jpg", "width": 160, "height": 206, "caption": "Zane Green, player portrait", "longCaption": "Zane Green, player portrait", "credit": "ICC/Getty Images", "photographer": "Mark Metcalfe", "peerUrls": null}, "countryTeamId": 28, "playerRoleTypeIds": [7], "playingRoles": ["wicketkeeper batter"], "headshotImage": {"id": 350307, "objectId": 1348252, "slug": "zane-green-player-page-headshot-cutout-2022", "url": "/db/PICTURES/CMS/350300/350307.png", "width": 600, "height": 436, "caption": "Zane Green, player page headshot cutout 2022", "longCaption": "Zane Green, player page headshot cutout 2022", "credit": null, "photographer": null, "peerUrls": {"FILM": null, "WIDE": null, "SQUARE": "/db/PICTURES/CMS/350300/350307.square.png"}}}, "runs": 10, "balls": 7, "fours": 2, "sixes": 0}], "overEndBowlers": [{"player": {"id": 61845, "objectId": 440522, "name": "LV van Beek", "longName": "Logan van Beek", "mobileName": "van Beek", "indexName": "van Beek, LV", "battingName": "LV van Beek", "fieldingName": "van Beek", "slug": "logan-van-beek", "imageUrl": "/db/PICTURES/CMS/329300/329356.4.jpg", "headshotImageUrl": "/db/PICTURES/CMS/331100/331170.png", "dateOfBirth": {"year": 1990, "month": 9, "date": 7}, "dateOfDeath": null, "gender": "M", "battingStyles": ["rhb"], "bowlingStyles": ["rmf"], "longBattingStyles": ["right-hand bat"], "longBowlingStyles": ["right-arm medium-fast"], "image": {"id": 329356, "objectId": 1285455, "slug": "logan-van-beek-player-portrait", "url": "/db/PICTURES/CMS/329300/329356.4.jpg", "width": 160, "height": 258, "caption": "Logan van Beek, player portrait", "longCaption": "Logan van Beek, player portrait", "credit": "ICC/Getty Images", "photographer": "Matthew Lewis", "peerUrls": null}, "countryTeamId": 15, "playerRoleTypeIds": [4], "playingRoles": ["bowler"], "headshotImage": {"id": 331170, "objectId": 1291512, "slug": "logan-van-beek-player-page-headshot-cutout-2021", "url": "/db/PICTURES/CMS/331100/331170.png", "width": 600, "height": 436, "caption": "Logan van Beek player page headshot cutout 2021", "longCaption": "Logan van Beek player page headshot cutout 2021", "credit": null, "photographer": null, "peerUrls": {"FILM": null, "WIDE": null, "SQUARE": "/db/PICTURES/CMS/331100/331170.square.png"}}}, "overs": 1, "balls": 6, "maidens": 0, "conceded": 10, "wickets": 0, "currentType": 1}, {"player": {"id": 58464, "objectId": 379774, "name": "CN Ackermann", "longName": "Colin Ackermann", "mobileName": "Ackermann", "indexName": "Ackermann, CN", "battingName": "CN Ackermann", "fieldingName": "Ackermann", "slug": "colin-ackermann", "imageUrl": "/db/PICTURES/CMS/313100/313123.1.jpg", "headshotImageUrl": "/db/PICTURES/CMS/322600/322638.png", "dateOfBirth": {"year": 1991, "month": 4, "date": 4}, "dateOfDeath": null, "gender": "M", "battingStyles": ["rhb"], "bowlingStyles": ["ob"], "longBattingStyles": ["right-hand bat"], "longBowlingStyles": ["right-arm offbreak"], "image": {"id": 313123, "objectId": 1241580, "slug": "colin-ackermann-portrait", "url": "/db/PICTURES/CMS/313100/313123.1.jpg", "width": 160, "height": 200, "caption": "Colin Ackermann portrait", "longCaption": "Colin Ackermann portrait, Leicester, April 3, 2019", "credit": "Getty Images", "photographer": null, "peerUrls": null}, "countryTeamId": 15, "playerRoleTypeIds": [10], "playingRoles": ["batting allrounder"], "headshotImage": {"id": 322638, "objectId": 1265522, "slug": "colin-ackermann-player-page-headshot-cutout-2021", "url": "/db/PICTURES/CMS/322600/322638.png", "width": 600, "height": 436, "caption": "Colin Ackermann player page headshot cutout, 2021", "longCaption": "Colin Ackermann player page headshot cutout, 2021", "credit": null, "photographer": null, "peerUrls": {"FILM": null, "WIDE": null, "SQUARE": "/db/PICTURES/CMS/322600/322638.square.png"}}}, "overs": 1, "balls": 6, "maidens": 0, "conceded": 10, "wickets": 0, "currentType": 2}], "rollover": null}, "batsmanStatText": null, "bowlerStatText": null, "smartStats": []}]