[{"_uid": 35054943, "id": 35054943, "inningNumber": 2, "ballsActual": null, "ballsUnique": null, "oversUnique": 7.01, "oversActual": 7.1, "overNumber": 8, "ballNumber": 1, "totalRuns": 0, "batsmanRuns": 0, "isFour": false, "isSix": false, "isWicket": false, "dismissalType": null, "byes": 0, "legbyes": 0, "wides": 0, "noballs": 0, "penalties": 0, "wagonX": 92, "wagonY": 206, "wagonZone": 6, "pitchLine": "OUTSIDE_OFFSTUMP", "pitchLength": "GOOD_LENGTH", "shotType": "SLOG_SHOT", "shotControl": 1, "timestamp": "2021-10-21T12:35:45.000Z", "modified": "2021-10-21T12:35:49.000Z", "batsmanPlayerId": 60468, "bowlerPlayerId": 80875, "outPlayerId": null, "totalInningRuns": 21, "totalInningWickets": 4, "predictions": {"score": 112, "winProbability": 1.19}, "title": "Mahedi Hasan to Bau", "dismissalText": null, "commentPreTextItems": [{"type": "HTML", "html": "Mabedi Hasan enters around the wicket."}], "commentTextItems": [{"type": "HTML", "html": "short on off, punched into cover."}], "commentPostTextItems": null, "commentVideos": [], "commentImages": [], "events": [], "over": null, "batsmanStatText": null, "bowlerStatText": null, "smartStats": []}, {"_uid": 35054945, "id": 35054945, "inningNumber": 2, "ballsActual": null, "ballsUnique": null, "oversUnique": 7.02, "oversActual": 7.2, "overNumber": 8, "ballNumber": 2, "totalRuns": 1, "batsmanRuns": 1, "isFour": false, "isSix": false, "isWicket": false, "dismissalType": null, "byes": 0, "legbyes": 0, "wides": 0, "noballs": 0, "penalties": 0, "wagonX": 85, "wagonY": 190, "wagonZone": 6, "pitchLine": "ON_THE_STUMPS", "pitchLength": "GOOD_LENGTH", "shotType": "SLOG_SHOT", "shotControl": 1, "timestamp": "2021-10-21T12:35:59.000Z", "modified": "2021-10-21T12:36:02.000Z", "batsmanPlayerId": 60468, "bowlerPlayerId": 80875, "outPlayerId": null, "totalInningRuns": 22, "totalInningWickets": 4, "predictions": {"score": 113, "winProbability": 1.11}, "title": "Mahedi Hasan to Bau", "dismissalText": null, "commentPreTextItems": null, "commentTextItems": [{"type": "HTML", "html": "flighted full on off, slogs this into the ground in the leg side."}], "commentPostTextItems": null, "commentVideos": [], "commentImages": [], "events": [], "over": null, "batsmanStatText": null, "bowlerStatText": null, "smartStats": []}, {"_uid": 35054947, "id": 35054947, "inningNumber": 2, "ballsActual": null, "ballsUnique": null, "oversUnique": 7.03, "oversActual": 7.3, "overNumber": 8, "ballNumber": 3, "totalRuns": 0, "batsmanRuns": 0, "isFour": false, "isSix": false, "isWicket": false, "dismissalType": null, "byes": 0, "legbyes": 0, "wides": 0, "noballs": 0, "penalties": 0, "wagonX": 248, "wagonY": 199, "wagonZone": 3, "pitchLine": "ON_THE_STUMPS", "pitchLength": "GOOD_LENGTH", "shotType": "DEFENDED", "shotControl": 1, "timestamp": "2021-10-21T12:35:41.000Z", "modified": "2021-10-21T12:36:19.000Z", "batsmanPlayerId": 71461, "bowlerPlayerId": 80875, "outPlayerId": null, "totalInningRuns": 22, "totalInningWickets": 4, "predictions": {"score": 110, "winProbability": 0.92}, "title": "Mahedi Hasan to Hiri", "dismissalText": null, "commentPreTextItems": null, "commentTextItems": [{"type": "HTML", "html": "good length ball on off, defended."}], "commentPostTextItems": null, "commentVideos": [], "commentImages": [], "events": [], "over": null, "batsmanStatText": null, "bowlerStatText": null, "smartStats": []}, {"_uid": 35054950, "id": 35054950, "inningNumber": 2, "ballsActual": null, "ballsUnique": null, "oversUnique": 7.04, "oversActual": 7.4, "overNumber": 8, "ballNumber": 4, "totalRuns": 1, "batsmanRuns": 1, "isFour": false, "isSix": false, "isWicket": false, "dismissalType": null, "byes": 0, "legbyes": 0, "wides": 0, "noballs": 0, "penalties": 0, "wagonX": 314, "wagonY": 122, "wagonZone": 2, "pitchLine": "ON_THE_STUMPS", "pitchLength": "GOOD_LENGTH", "shotType": "FLICK", "shotControl": 1, "timestamp": "2021-10-21T12:36:23.000Z", "modified": "2021-10-21T12:36:27.000Z", "batsmanPlayerId": 71461, "bowlerPlayerId": 80875, "outPlayerId": null, "totalInningRuns": 23, "totalInningWickets": 4, "predictions": {"score": 112, "winProbability": 0.96}, "title": "Mahedi Hasan to Hiri", "dismissalText": null, "commentPreTextItems": null, "commentTextItems": [{"type": "HTML", "html": "flighted full on the stumps, slog sweeps this to deep square leg."}], "commentPostTextItems": null, "commentVideos": [], "commentImages": [], "events": [], "over": null, "batsmanStatText": null, "bowlerStatText": null, "smartStats": []}, {"_uid": 35054952, "id": 35054952, "inningNumber": 2, "ballsActual": null, "ballsUnique": null, "oversUnique": 7.05, "oversActual": 7.5, "overNumber": 8, "ballNumber": 5, "totalRuns": 0, "batsmanRuns": 0, "isFour": false, "isSix": false, "isWicket": false, "dismissalType": null, "byes": 0, "legbyes": 0, "wides": 0, "noballs": 0, "penalties": 0, "wagonX": 219, "wagonY": 191, "wagonZone": 3, "pitchLine": "OUTSIDE_OFFSTUMP", "pitchLength": "GOOD_LENGTH", "shotType": "DEFENDED", "shotControl": 1, "timestamp": "2021-10-21T12:36:30.000Z", "modified": "2021-10-21T12:36:33.000Z", "batsmanPlayerId": 60468, "bowlerPlayerId": 80875, "outPlayerId": null, "totalInningRuns": 23, "totalInningWickets": 4, "predictions": {"score": 112, "winProbability": 0.87}, "title": "Mahedi Hasan to Bau", "dismissalText": null, "commentPreTextItems": null, "commentTextItems": [{"type": "HTML", "html": "flighted full and very wide outside off, can't connect on the sweep."}], "commentPostTextItems": null, "commentVideos": [], "commentImages": [], "events": [], "over": null, "batsmanStatText": null, "bowlerStatText": null, "smartStats": []}, {"_uid": 35054953, "id": 35054953, "inningNumber": 2, "ballsActual": null, "ballsUnique": null, "oversUnique": 7.06, "oversActual": 7.6, "overNumber": 8, "ballNumber": 6, "totalRuns": 0, "batsmanRuns": 0, "isFour": false, "isSix": false, "isWicket": false, "dismissalType": null, "byes": 0, "legbyes": 0, "wides": 0, "noballs": 0, "penalties": 0, "wagonX": 223, "wagonY": 198, "wagonZone": 3, "pitchLine": "OUTSIDE_OFFSTUMP", "pitchLength": "GOOD_LENGTH", "shotType": "DEFENDED", "shotControl": 1, "timestamp": "2021-10-21T12:36:38.000Z", "modified": "2021-10-21T12:36:41.000Z", "batsmanPlayerId": 60468, "bowlerPlayerId": 80875, "outPlayerId": null, "totalInningRuns": 23, "totalInningWickets": 4, "predictions": {"score": 112, "winProbability": 0.9}, "title": "Mahedi Hasan to Bau", "dismissalText": null, "commentPreTextItems": null, "commentTextItems": [{"type": "HTML", "html": "good length ball on off, defended to extra cover."}], "commentPostTextItems": null, "commentVideos": [], "commentImages": [], "events": [], "over": {"team": {"id": 20, "objectId": 20, "scribeId": 20, "slug": "papua-new-guinea", "name": "P.N.G.", "longName": "Papua New Guinea", "abbreviation": "PNG", "unofficialName": null, "imageUrl": "/db/PICTURES/CMS/346100/346147.png", "isCountry": true, "primaryColor": null, "image": {"id": 346147, "objectId": 1335335, "slug": "png-team-flag", "url": "/db/PICTURES/CMS/346100/346147.png", "width": 500, "height": 500, "caption": "PNG Team flag", "longCaption": "PNG Team flag", "credit": "Getty Images", "photographer": null, "peerUrls": null}, "country": {"id": 20, "objectId": 20, "name": "Papua New Guinea", "shortName": "P.N.G.", "abbreviation": "PNG", "slug": "papua-new-guinea"}}, "inningNumber": 2, "overNumber": 8, "overRuns": 2, "overWickets": 0, "totalRuns": 23, "totalWickets": 4, "target": 182, "overLimit": 20, "ballLimit": 120, "isMaiden": false, "isComplete": true, "isSuperOver": false, "overEndBatsmen": [{"player": {"id": 60468, "objectId": 420427, "name": "S Bau", "longName": "Sese Bau", "mobileName": "Bau", "indexName": "Bau, S", "battingName": "S Bau", "fieldingName": "Bau", "slug": "sese-bau", "imageUrl": "/db/PICTURES/CMS/148200/148237.jpg", "headshotImageUrl": "/db/PICTURES/CMS/321100/321159.png", "dateOfBirth": {"year": 1992, "month": 6, "date": 23}, "dateOfDeath": null, "gender": "M", "battingStyles": ["lhb"], "bowlingStyles": ["ob"], "longBattingStyles": ["left-hand bat"], "longBowlingStyles": ["right-arm offbreak"], "image": {"id": 148237, "objectId": 575926, "slug": "sese-bau", "url": "/db/PICTURES/CMS/148200/148237.jpg", "width": 160, "height": 193, "caption": "Sese Bau", "longCaption": "Sese Bau, player portrait, August 6, 2012", "credit": "Getty Images", "photographer": null, "peerUrls": null}, "countryTeamId": 20, "playerRoleTypeIds": [3], "playingRoles": ["middle-order batter"], "headshotImage": {"id": 321159, "objectId": 1262691, "slug": "sese-bau-player-page-headshot-cutout-2021", "url": "/db/PICTURES/CMS/321100/321159.png", "width": 600, "height": 436, "caption": "Sese Bau player page headshot cutout, 2021", "longCaption": "Sese Bau player page headshot cutout, 2021", "credit": null, "photographer": null, "peerUrls": {"FILM": null, "WIDE": null, "SQUARE": "/db/PICTURES/CMS/321100/321159.square.png"}}}, "runs": 7, "balls": 20, "fours": 0, "sixes": 0}, {"player": {"id": 71461, "objectId": 646175, "name": "H Hiri", "longName": "Hiri Hiri", "mobileName": "Hiri", "indexName": "Hiri, H", "battingName": "H Hiri", "fieldingName": "Hiri", "slug": "hiri-hiri", "imageUrl": "/db/PICTURES/CMS/179800/179889.1.jpg", "headshotImageUrl": "/db/PICTURES/CMS/321100/321144.png", "dateOfBirth": {"year": 1995, "month": 5, "date": 1}, "dateOfDeath": null, "gender": "M", "battingStyles": ["rhb"], "bowlingStyles": ["ob"], "longBattingStyles": ["right-hand bat"], "longBowlingStyles": ["right-arm offbreak"], "image": {"id": 179889, "objectId": 721959, "slug": "hiri-hiri", "url": "/db/PICTURES/CMS/179800/179889.1.jpg", "width": 160, "height": 192, "caption": "Hiri Hiri", "longCaption": "Hiri Hiri", "credit": "International Cricket Council", "photographer": null, "peerUrls": null}, "countryTeamId": 20, "playerRoleTypeIds": [3], "playingRoles": ["middle-order batter"], "headshotImage": {"id": 321144, "objectId": 1262672, "slug": "hiri-hiri-player-page-headshot-cutout-2021", "url": "/db/PICTURES/CMS/321100/321144.png", "width": 600, "height": 436, "caption": "Hiri Hiri player page headshot cutout, 2021", "longCaption": "Hiri Hiri player page headshot cutout, 2021", "credit": null, "photographer": null, "peerUrls": {"FILM": null, "WIDE": null, "SQUARE": "/db/PICTURES/CMS/321100/321144.square.png"}}}, "runs": 3, "balls": 5, "fours": 0, "sixes": 0}], "overEndBowlers": [{"player": {"id": 80875, "objectId": 833087, "name": "Mahedi Hasan", "longName": "Mahedi Hasan", "mobileName": "Mahedi Hasan", "indexName": "Mahedi Hasan", "battingName": "Mahedi Hasan", "fieldingName": "Mahedi Hasan", "slug": "mahedi-hasan", "imageUrl": "/db/PICTURES/CMS/377500/377581.4.jpg", "headshotImageUrl": "/db/PICTURES/CMS/380200/380237.png", "dateOfBirth": {"year": 1994, "month": 12, "date": 12}, "dateOfDeath": null, "gender": "M", "battingStyles": ["rhb"], "bowlingStyles": ["ob"], "longBattingStyles": ["right-hand bat"], "longBowlingStyles": ["right-arm offbreak"], "image": {"id": 377581, "objectId": 1424432, "slug": "mahedi-hasan-player-portrait", "url": "/db/PICTURES/CMS/377500/377581.4.jpg", "width": 160, "height": 265, "caption": "Mahedi Hasan, player portrait", "longCaption": "Mahedi Hasan, player portrait", "credit": "Bangladesh Cricket Board", "photographer": null, "peerUrls": null}, "countryTeamId": 25, "playerRoleTypeIds": [5], "playingRoles": ["allrounder"], "headshotImage": {"id": 380237, "objectId": 1432041, "slug": "mahedi-hasan-player-page-headshot-cutout-2024", "url": "/db/PICTURES/CMS/380200/380237.png", "width": 600, "height": 436, "caption": "Mahedi Hasan, player page headshot cutout, 2024", "longCaption": "Mahedi Hasan, player page headshot cutout, 2024", "credit": null, "photographer": null, "peerUrls": {"FILM": null, "WIDE": null, "SQUARE": "/db/PICTURES/CMS/380200/380237.square.png"}}}, "overs": 1, "balls": 6, "maidens": 0, "conceded": 2, "wickets": 0, "currentType": 1}, {"player": {"id": 48277, "objectId": 56143, "name": "Shakib Al Hasan", "longName": "Shakib Al Hasan", "mobileName": "Shakib", "indexName": "Shakib Al Hasan", "battingName": "Shakib Al Hasan", "fieldingName": "Shakib Al Hasan", "slug": "shakib-al-hasan", "imageUrl": "/db/PICTURES/CMS/303100/303157.jpg", "headshotImageUrl": "/db/PICTURES/CMS/316500/316581.png", "dateOfBirth": {"year": 1987, "month": 3, "date": 24}, "dateOfDeath": null, "gender": "M", "battingStyles": ["lhb"], "bowlingStyles": ["sla"], "longBattingStyles": ["left-hand bat"], "longBowlingStyles": ["slow left-arm orthodox"], "image": {"id": 303157, "objectId": 1221590, "slug": "shakib-al-hasan-portrait", "url": "/db/PICTURES/CMS/303100/303157.jpg", "width": 160, "height": 202, "caption": "Shakib Al Hasan portrait", "longCaption": "Shakib Al Hasan portrait, April 2020", "credit": "Getty Images", "photographer": null, "peerUrls": null}, "countryTeamId": 25, "playerRoleTypeIds": [5], "playingRoles": ["allrounder"], "headshotImage": {"id": 316581, "objectId": 1251210, "slug": "shakib-al-hasan-headshot", "url": "/db/PICTURES/CMS/316500/316581.png", "width": 600, "height": 436, "caption": "Shakib Al Hasan headshot", "longCaption": "Shakib Al Hasan headshot", "credit": null, "photographer": null, "peerUrls": {"FILM": null, "WIDE": null, "SQUARE": null}}}, "overs": 2, "balls": 12, "maidens": 0, "conceded": 6, "wickets": 2, "currentType": 2}], "rollover": null}, "batsmanStatText": null, "bowlerStatText": null, "smartStats": []}, {"_uid": 35054955, "id": 35054955, "inningNumber": 2, "ballsActual": null, "ballsUnique": null, "oversUnique": 8.01, "oversActual": 8.1, "overNumber": 9, "ballNumber": 1, "totalRuns": 0, "batsmanRuns": 0, "isFour": false, "isSix": false, "isWicket": false, "dismissalType": null, "byes": 0, "legbyes": 0, "wides": 0, "noballs": 0, "penalties": 0, "wagonX": 0, "wagonY": 0, "wagonZone": 0, "pitchLine": "ON_THE_STUMPS", "pitchLength": "GOOD_LENGTH", "shotType": "SLOG_SHOT", "shotControl": 2, "timestamp": "2021-10-21T12:37:07.000Z", "modified": "2021-10-21T12:37:11.000Z", "batsmanPlayerId": 71461, "bowlerPlayerId": 48277, "outPlayerId": null, "totalInningRuns": 23, "totalInningWickets": 4, "predictions": {"score": 111, "winProbability": 0.81}, "title": "Shakib to Hiri", "dismissalText": null, "commentPreTextItems": null, "commentTextItems": [{"type": "HTML", "html": "flighted full and wide outside off, goes to slog sweep and is beaten."}], "commentPostTextItems": null, "commentVideos": [], "commentImages": [], "events": [], "over": null, "batsmanStatText": null, "bowlerStatText": null, "smartStats": []}, {"_uid": 35054957, "id": 35054957, "inningNumber": 2, "ballsActual": null, "ballsUnique": null, "oversUnique": 8.02, "oversActual": 8.2, "overNumber": 9, "ballNumber": 2, "totalRuns": 0, "batsmanRuns": 0, "isFour": false, "isSix": false, "isWicket": false, "dismissalType": null, "byes": 0, "legbyes": 0, "wides": 0, "noballs": 0, "penalties": 0, "wagonX": 125, "wagonY": 189, "wagonZone": 6, "pitchLine": "OUTSIDE_OFFSTUMP", "pitchLength": "GOOD_LENGTH", "shotType": "DEFENDED", "shotControl": 1, "timestamp": "2021-10-21T12:37:19.000Z", "modified": "2021-10-21T12:37:23.000Z", "batsmanPlayerId": 71461, "bowlerPlayerId": 48277, "outPlayerId": null, "totalInningRuns": 23, "totalInningWickets": 4, "predictions": {"score": 111, "winProbability": 0.73}, "title": "Shakib to Hiri", "dismissalText": null, "commentPreTextItems": null, "commentTextItems": [{"type": "HTML", "html": "good length ball defended."}], "commentPostTextItems": null, "commentVideos": [], "commentImages": [], "events": [], "over": null, "batsmanStatText": null, "bowlerStatText": null, "smartStats": []}, {"_uid": 35054960, "id": 35054960, "inningNumber": 2, "ballsActual": null, "ballsUnique": null, "oversUnique": 8.03, "oversActual": 8.3, "overNumber": 9, "ballNumber": 3, "totalRuns": 0, "batsmanRuns": 0, "isFour": false, "isSix": false, "isWicket": false, "dismissalType": null, "byes": 0, "legbyes": 0, "wides": 0, "noballs": 0, "penalties": 0, "wagonX": 0, "wagonY": 0, "wagonZone": 0, "pitchLine": "OUTSIDE_OFFSTUMP", "pitchLength": "GOOD_LENGTH", "shotType": "SLOG_SHOT", "shotControl": 2, "timestamp": "2021-10-21T12:37:28.000Z", "modified": "2021-10-21T12:37:31.000Z", "batsmanPlayerId": 71461, "bowlerPlayerId": 48277, "outPlayerId": null, "totalInningRuns": 23, "totalInningWickets": 4, "predictions": {"score": 109, "winProbability": 0.64}, "title": "Shakib to Hiri", "dismissalText": null, "commentPreTextItems": null, "commentTextItems": [{"type": "HTML", "html": "another flighted full delivery on fifth stump, wild slog sweep misses again."}], "commentPostTextItems": null, "commentVideos": [], "commentImages": [], "events": [], "over": null, "batsmanStatText": null, "bowlerStatText": null, "smartStats": []}, {"_uid": 35054963, "id": 35054963, "inningNumber": 2, "ballsActual": null, "ballsUnique": null, "oversUnique": 8.04, "oversActual": 8.4, "overNumber": 9, "ballNumber": 4, "totalRuns": 1, "batsmanRuns": 1, "isFour": false, "isSix": false, "isWicket": false, "dismissalType": null, "byes": 0, "legbyes": 0, "wides": 0, "noballs": 0, "penalties": 0, "wagonX": 294, "wagonY": 195, "wagonZone": 3, "pitchLine": "OUTSIDE_OFFSTUMP", "pitchLength": "GOOD_LENGTH", "shotType": "FLICK", "shotControl": 1, "timestamp": "2021-10-21T12:37:42.000Z", "modified": "2021-10-21T12:37:45.000Z", "batsmanPlayerId": 71461, "bowlerPlayerId": 48277, "outPlayerId": null, "totalInningRuns": 24, "totalInningWickets": 4, "predictions": {"score": 109, "winProbability": 0.61}, "title": "Shakib to Hiri", "dismissalText": null, "commentPreTextItems": null, "commentTextItems": [{"type": "HTML", "html": "good length ball on middle, flicked to midwicket for one."}], "commentPostTextItems": null, "commentVideos": [], "commentImages": [], "events": [], "over": null, "batsmanStatText": null, "bowlerStatText": null, "smartStats": []}, {"_uid": 35054965, "id": 35054965, "inningNumber": 2, "ballsActual": null, "ballsUnique": null, "oversUnique": 8.05, "oversActual": 8.5, "overNumber": 9, "ballNumber": 5, "totalRuns": 0, "batsmanRuns": 0, "isFour": false, "isSix": false, "isWicket": true, "dismissalType": 1, "byes": 0, "legbyes": 0, "wides": 0, "noballs": 0, "penalties": 0, "wagonX": 113, "wagonY": 328, "wagonZone": 5, "pitchLine": "ON_THE_STUMPS", "pitchLength": "GOOD_LENGTH", "shotType": "ON_DRIVE", "shotControl": 2, "timestamp": "2021-10-21T12:38:36.000Z", "modified": "2021-10-21T12:38:39.000Z", "batsmanPlayerId": 60468, "bowlerPlayerId": 48277, "outPlayerId": 60468, "totalInningRuns": 24, "totalInningWickets": 5, "predictions": {"score": 90, "winProbability": 0.3}, "title": "Shakib to Bau", "dismissalText": {"short": "caught", "long": "c Mohammad Naim b Shakib Al Hasan", "commentary": "Sese Bau c Mohammad Naim b Shakib Al Hasan 7 (21b 0x4 0x6 21m) SR: 33.33"}, "commentPreTextItems": null, "commentTextItems": [{"type": "HTML", "html": "flighted full on fifth stump, charges Shakib and skies this high to long-on. This time a far less adventurous effort from Naim. He reaches above his head three yards inside the rope and takes a simple catch."}], "commentPostTextItems": null, "commentVideos": [], "commentImages": [], "events": [], "over": null, "batsmanStatText": null, "bowlerStatText": null, "smartStats": []}, {"_uid": 35054982, "id": 35054982, "inningNumber": 2, "ballsActual": null, "ballsUnique": null, "oversUnique": 8.06, "oversActual": 8.6, "overNumber": 9, "ballNumber": 6, "totalRuns": 0, "batsmanRuns": 0, "isFour": false, "isSix": false, "isWicket": false, "dismissalType": null, "byes": 0, "legbyes": 0, "wides": 0, "noballs": 0, "penalties": 0, "wagonX": 165, "wagonY": 143, "wagonZone": 8, "pitchLine": "OUTSIDE_OFFSTUMP", "pitchLength": "GOOD_LENGTH", "shotType": "DEFENDED", "shotControl": 1, "timestamp": "2021-10-21T12:40:26.000Z", "modified": "2021-10-21T12:40:29.000Z", "batsmanPlayerId": 71461, "bowlerPlayerId": 48277, "outPlayerId": null, "totalInningRuns": 24, "totalInningWickets": 5, "predictions": {"score": 89, "winProbability": 0.32}, "title": "Shakib to Hiri", "dismissalText": null, "commentPreTextItems": [{"type": "HTML", "html": "Vanua enters off strike."}], "commentTextItems": [{"type": "HTML", "html": "flighted on a good length on fifth stump, defends and an edge goes through vacant slip (at 25 for 5....) to short third man."}], "commentPostTextItems": null, "commentVideos": [], "commentImages": [], "events": [], "over": {"team": {"id": 20, "objectId": 20, "scribeId": 20, "slug": "papua-new-guinea", "name": "P.N.G.", "longName": "Papua New Guinea", "abbreviation": "PNG", "unofficialName": null, "imageUrl": "/db/PICTURES/CMS/346100/346147.png", "isCountry": true, "primaryColor": null, "image": {"id": 346147, "objectId": 1335335, "slug": "png-team-flag", "url": "/db/PICTURES/CMS/346100/346147.png", "width": 500, "height": 500, "caption": "PNG Team flag", "longCaption": "PNG Team flag", "credit": "Getty Images", "photographer": null, "peerUrls": null}, "country": {"id": 20, "objectId": 20, "name": "Papua New Guinea", "shortName": "P.N.G.", "abbreviation": "PNG", "slug": "papua-new-guinea"}}, "inningNumber": 2, "overNumber": 9, "overRuns": 1, "overWickets": 1, "totalRuns": 24, "totalWickets": 5, "target": 182, "overLimit": 20, "ballLimit": 120, "isMaiden": false, "isComplete": true, "isSuperOver": false, "overEndBatsmen": [{"player": {"id": 71461, "objectId": 646175, "name": "H Hiri", "longName": "Hiri Hiri", "mobileName": "Hiri", "indexName": "Hiri, H", "battingName": "H Hiri", "fieldingName": "Hiri", "slug": "hiri-hiri", "imageUrl": "/db/PICTURES/CMS/179800/179889.1.jpg", "headshotImageUrl": "/db/PICTURES/CMS/321100/321144.png", "dateOfBirth": {"year": 1995, "month": 5, "date": 1}, "dateOfDeath": null, "gender": "M", "battingStyles": ["rhb"], "bowlingStyles": ["ob"], "longBattingStyles": ["right-hand bat"], "longBowlingStyles": ["right-arm offbreak"], "image": {"id": 179889, "objectId": 721959, "slug": "hiri-hiri", "url": "/db/PICTURES/CMS/179800/179889.1.jpg", "width": 160, "height": 192, "caption": "Hiri Hiri", "longCaption": "Hiri Hiri", "credit": "International Cricket Council", "photographer": null, "peerUrls": null}, "countryTeamId": 20, "playerRoleTypeIds": [3], "playingRoles": ["middle-order batter"], "headshotImage": {"id": 321144, "objectId": 1262672, "slug": "hiri-hiri-player-page-headshot-cutout-2021", "url": "/db/PICTURES/CMS/321100/321144.png", "width": 600, "height": 436, "caption": "Hiri Hiri player page headshot cutout, 2021", "longCaption": "Hiri Hiri player page headshot cutout, 2021", "credit": null, "photographer": null, "peerUrls": {"FILM": null, "WIDE": null, "SQUARE": "/db/PICTURES/CMS/321100/321144.square.png"}}}, "runs": 4, "balls": 10, "fours": 0, "sixes": 0}, {"player": {"id": 65887, "objectId": 524253, "name": "N Vanua", "longName": "Norman Vanua", "mobileName": "Vanua", "indexName": "Vanua, N", "battingName": "N Vanua", "fieldingName": "Vanua", "slug": "norman-vanua", "imageUrl": "/db/PICTURES/CMS/172800/172839.1.jpg", "headshotImageUrl": "/db/PICTURES/CMS/321100/321154.png", "dateOfBirth": {"year": 1993, "month": 12, "date": 2}, "dateOfDeath": null, "gender": "M", "battingStyles": ["rhb"], "bowlingStyles": ["rm"], "longBattingStyles": ["right-hand bat"], "longBowlingStyles": ["right-arm medium"], "image": {"id": 172839, "objectId": 694483, "slug": "norman-vanua", "url": "/db/PICTURES/CMS/172800/172839.1.jpg", "width": 160, "height": 192, "caption": "Norman Vanua", "longCaption": "Norman Vanua", "credit": "International Cricket Council", "photographer": null, "peerUrls": null}, "countryTeamId": 20, "playerRoleTypeIds": [4], "playingRoles": ["bowler"], "headshotImage": {"id": 321154, "objectId": 1262685, "slug": "norman-vanua-player-page-headshot-cutout-2021", "url": "/db/PICTURES/CMS/321100/321154.png", "width": 600, "height": 436, "caption": "Norman Vanua player page headshot cutout, 2021", "longCaption": "Norman Vanua player page headshot cutout, 2021", "credit": null, "photographer": null, "peerUrls": {"FILM": null, "WIDE": null, "SQUARE": "/db/PICTURES/CMS/321100/321154.square.png"}}}, "runs": 0, "balls": 0, "fours": 0, "sixes": 0}], "overEndBowlers": [{"player": {"id": 48277, "objectId": 56143, "name": "Shakib Al Hasan", "longName": "Shakib Al Hasan", "mobileName": "Shakib", "indexName": "Shakib Al Hasan", "battingName": "Shakib Al Hasan", "fieldingName": "Shakib Al Hasan", "slug": "shakib-al-hasan", "imageUrl": "/db/PICTURES/CMS/303100/303157.jpg", "headshotImageUrl": "/db/PICTURES/CMS/316500/316581.png", "dateOfBirth": {"year": 1987, "month": 3, "date": 24}, "dateOfDeath": null, "gender": "M", "battingStyles": ["lhb"], "bowlingStyles": ["sla"], "longBattingStyles": ["left-hand bat"], "longBowlingStyles": ["slow left-arm orthodox"], "image": {"id": 303157, "objectId": 1221590, "slug": "shakib-al-hasan-portrait", "url": "/db/PICTURES/CMS/303100/303157.jpg", "width": 160, "height": 202, "caption": "Shakib Al Hasan portrait", "longCaption": "Shakib Al Hasan portrait, April 2020", "credit": "Getty Images", "photographer": null, "peerUrls": null}, "countryTeamId": 25, "playerRoleTypeIds": [5], "playingRoles": ["allrounder"], "headshotImage": {"id": 316581, "objectId": 1251210, "slug": "shakib-al-hasan-headshot", "url": "/db/PICTURES/CMS/316500/316581.png", "width": 600, "height": 436, "caption": "Shakib Al Hasan headshot", "longCaption": "Shakib Al Hasan headshot", "credit": null, "photographer": null, "peerUrls": {"FILM": null, "WIDE": null, "SQUARE": null}}}, "overs": 3, "balls": 18, "maidens": 0, "conceded": 7, "wickets": 3, "currentType": 1}, {"player": {"id": 80875, "objectId": 833087, "name": "Mahedi Hasan", "longName": "Mahedi Hasan", "mobileName": "Mahedi Hasan", "indexName": "Mahedi Hasan", "battingName": "Mahedi Hasan", "fieldingName": "Mahedi Hasan", "slug": "mahedi-hasan", "imageUrl": "/db/PICTURES/CMS/377500/377581.4.jpg", "headshotImageUrl": "/db/PICTURES/CMS/380200/380237.png", "dateOfBirth": {"year": 1994, "month": 12, "date": 12}, "dateOfDeath": null, "gender": "M", "battingStyles": ["rhb"], "bowlingStyles": ["ob"], "longBattingStyles": ["right-hand bat"], "longBowlingStyles": ["right-arm offbreak"], "image": {"id": 377581, "objectId": 1424432, "slug": "mahedi-hasan-player-portrait", "url": "/db/PICTURES/CMS/377500/377581.4.jpg", "width": 160, "height": 265, "caption": "Mahedi Hasan, player portrait", "longCaption": "Mahedi Hasan, player portrait", "credit": "Bangladesh Cricket Board", "photographer": null, "peerUrls": null}, "countryTeamId": 25, "playerRoleTypeIds": [5], "playingRoles": ["allrounder"], "headshotImage": {"id": 380237, "objectId": 1432041, "slug": "mahedi-hasan-player-page-headshot-cutout-2024", "url": "/db/PICTURES/CMS/380200/380237.png", "width": 600, "height": 436, "caption": "Mahedi Hasan, player page headshot cutout, 2024", "longCaption": "Mahedi Hasan, player page headshot cutout, 2024", "credit": null, "photographer": null, "peerUrls": {"FILM": null, "WIDE": null, "SQUARE": "/db/PICTURES/CMS/380200/380237.square.png"}}}, "overs": 1, "balls": 6, "maidens": 0, "conceded": 2, "wickets": 0, "currentType": 2}], "rollover": null}, "batsmanStatText": null, "bowlerStatText": null, "smartStats": []}]